YEAR,MO,DY,HR,CLRSKY_SFC_SW_DWN,ALLSKY_SFC_SW_DWN,ALLSKY_SFC_SW_DNI,ALLSKY_SFC_SW_DIFF,ALLSKY_KT,SZA,T2M,T2MDEW,T2MWET,QV2M,RH2M,PRECTOTCORR,WS10M,WD10M,PS,timestamp,irradiance,temperature,humidity,solar_power_w,hour,day_of_week,month,day_of_year,lag_24h,lag_48h,is_daytime
2024,1,1,5,7.4,5.65,2.02,6.92,0.19,88.76,15.12,14.94,15.03,12.68,98.69,0.18,2.38,54.0,83.87,2024-01-01 05:00:00,5.65,15.12,98.69,565.0,5,0,1,1,78245.0,56247.0,True
2024,1,1,6,139.8,99.3,88.47,80.08,0.32,77.3,17.31,15.07,16.19,12.78,86.57,0.08,3.9,54.3,83.94,2024-01-01 06:00:00,99.3,17.31,86.57,9930.0,6,0,1,1,59429.99999999999,81595.0,True
2024,1,1,7,368.95,256.73,216.85,142.48,0.41,63.66,20.19,14.78,17.49,12.54,70.99,0.18,4.63,50.9,83.99,2024-01-01 07:00:00,256.73,20.19,70.99,25673.0,7,0,1,1,38577.0,92015.0,True
2024,1,1,8,604.45,457.5,273.7,272.28,0.51,50.35,22.91,14.37,18.64,12.2,58.48,0.27,4.3,43.1,83.98,2024-01-01 08:00:00,457.5,22.91,58.48,45750.0,8,0,1,1,17010.0,90597.0,True
2024,1,1,9,806.28,646.83,395.23,267.38,0.58,37.83,25.31,13.99,19.65,11.91,49.41,0.34,3.83,44.4,83.93,2024-01-01 09:00:00,646.83,25.31,49.41,64683.00000000001,9,0,1,1,1593.0,84142.0,True
2024,1,1,10,931.38,727.65,243.43,361.98,0.58,27.33,27.02,13.55,20.29,11.58,43.39,0.43,3.55,48.3,83.85,2024-01-01 10:00:00,727.65,27.02,43.39,72765.0,10,0,1,1,985.0,74772.0,True
2024,1,1,11,1004.6,797.67,454.68,298.4,0.61,22.0,28.03,13.24,20.64,11.36,40.09,0.71,3.67,52.4,83.75,2024-01-01 11:00:00,797.67,28.03,40.09,79767.0,11,0,1,1,14025.0,57785.0,True
2024,1,1,12,972.65,759.4,443.74,262.26,0.6,25.38,28.22,12.97,20.59,11.18,38.98,0.92,4.01,57.5,83.66,2024-01-01 12:00:00,759.4,28.22,38.98,75940.0,12,0,1,1,32927.0,36577.0,True
2024,1,1,13,867.9,659.97,550.88,222.71,0.57,35.02,27.79,12.81,20.3,11.07,39.54,0.88,4.43,62.9,83.58,2024-01-01 13:00:00,659.97,27.79,39.54,65997.0,13,0,1,1,52660.0,15993.0,True
2024,1,1,14,695.05,462.0,311.26,262.27,0.48,47.2,26.86,12.84,19.85,11.1,41.85,0.99,4.82,67.1,83.55,2024-01-01 14:00:00,462.0,26.86,41.85,46200.0,14,0,1,1,74690.0,1288.0,True
2024,1,1,15,474.02,303.45,297.59,165.31,0.44,60.38,25.68,13.18,19.43,11.34,45.85,0.96,5.06,70.1,83.58,2024-01-01 15:00:00,303.45,25.68,45.85,30345.0,15,0,1,1,92925.0,1302.0,True
2024,1,1,16,227.8,138.68,224.95,83.12,0.36,73.97,24.34,13.58,18.96,11.64,51.01,0.37,4.94,73.4,83.65,2024-01-01 16:00:00,138.68,24.34,51.01,13868.0,16,0,1,1,94620.0,17300.0,True
2024,1,1,17,24.9,15.52,36.94,16.83,0.21,86.95,22.0,14.69,18.35,12.5,63.12,0.12,3.31,76.7,83.71,2024-01-01 17:00:00,15.52,22.0,63.12,1552.0,17,0,1,1,92517.0,39250.0,True
2024,1,2,5,7.35,3.6,2.05,4.74,0.12,88.81,16.69,15.77,16.23,13.39,94.15,0.15,3.06,49.5,83.8,2024-01-02 05:00:00,3.6,16.69,94.15,360.0,5,1,1,2,76808.0,60979.99999999999,True
2024,1,2,6,148.9,58.45,20.05,45.93,0.19,77.41,17.71,15.95,16.83,13.54,89.29,0.09,4.17,45.9,83.84,2024-01-02 06:00:00,58.45,17.71,89.29,5845.0,6,1,1,2,59788.0,83565.0,True
2024,1,2,7,386.0,201.55,46.9,152.97,0.32,63.75,19.5,15.91,17.7,13.5,79.62,0.43,5.13,45.6,83.88,2024-01-02 07:00:00,201.55,19.5,79.62,20155.0,7,1,1,2,36862.0,95430.0,True
2024,1,2,8,619.58,364.65,43.17,247.92,0.41,50.42,21.31,15.68,18.49,13.3,70.15,1.02,4.74,42.8,83.88,2024-01-02 08:00:00,364.65,21.31,70.15,36465.0,8,1,1,2,16600.0,100362.0,True
2024,1,2,9,807.75,528.1,94.55,308.09,0.47,37.88,22.81,15.49,19.15,13.14,63.24,1.86,4.2,43.7,83.85,2024-01-02 09:00:00,528.1,22.81,63.24,52810.0,9,1,1,2,1630.0,95315.0,True
2024,1,2,10,930.97,682.17,157.75,369.11,0.55,27.33,23.96,15.28,19.62,12.97,58.21,2.65,3.96,45.4,83.81,2024-01-02 10:00:00,682.17,23.96,58.21,68217.0,10,1,1,2,865.0,82167.0,True
2024,1,2,11,1001.45,812.92,462.05,307.42,0.62,21.93,24.59,15.04,19.82,12.78,55.21,3.43,4.12,46.1,83.76,2024-01-02 11:00:00,812.92,24.59,55.21,81292.0,11,1,1,2,13102.000000000002,63741.99999999999,True
2024,1,2,12,971.88,746.65,505.61,256.52,0.59,25.25,24.85,14.79,19.82,12.58,53.46,4.02,4.43,46.8,83.68,2024-01-02 12:00:00,746.65,24.85,53.46,74665.0,12,1,1,2,31362.0,38905.0,True
2024,1,2,13,866.1,627.85,396.17,240.81,0.54,34.88,24.93,14.66,19.79,12.49,52.78,4.36,4.52,49.3,83.61,2024-01-02 13:00:00,627.85,24.93,52.78,62785.0,13,1,1,2,52188.0,17010.0,True
2024,1,2,14,693.83,445.27,351.82,186.74,0.46,47.07,24.94,14.65,19.8,12.49,52.72,4.11,4.39,51.9,83.55,2024-01-02 14:00:00,445.27,24.94,52.72,44527.0,14,1,1,2,62375.0,1273.0,True
2024,1,2,15,471.75,273.17,300.2,126.22,0.39,60.26,24.61,14.64,19.62,12.48,53.72,2.95,4.32,56.4,83.54,2024-01-02 15:00:00,273.17,24.61,53.72,27317.0,15,1,1,2,73745.0,1070.0,True
2024,1,2,16,225.2,128.15,157.05,85.06,0.33,73.86,23.66,14.93,19.29,12.71,57.93,1.66,4.4,63.8,83.58,2024-01-02 16:00:00,128.15,23.66,57.93,12815.0,16,1,1,2,84195.0,13082.0,True
2024,1,2,17,24.73,15.15,17.31,17.97,0.2,86.87,21.37,15.96,18.67,13.59,71.18,0.77,3.62,71.8,83.61,2024-01-02 17:00:00,15.15,21.37,71.18,1515.0,17,1,1,2,72488.0,30233.0,True
2024,1,3,5,7.0,4.2,1.73,5.89,0.15,88.85,15.8,14.78,15.29,12.56,93.46,0.06,4.0,45.7,83.75,2024-01-03 05:00:00,4.2,15.8,93.46,420.0,5,2,1,3,64103.0,46758.0,True
2024,1,3,6,140.12,85.9,57.8,71.22,0.28,77.51,16.83,14.41,15.62,12.26,85.52,0.03,4.93,45.9,83.82,2024-01-03 06:00:00,85.9,16.83,85.52,8590.0,6,2,1,3,54283.00000000001,65903.0,True
2024,1,3,7,369.15,234.85,287.74,119.81,0.38,63.84,18.88,13.82,16.35,11.79,72.35,0.01,5.93,41.9,83.88,2024-01-03 07:00:00,234.85,18.88,72.35,23485.0,7,2,1,3,33592.0,74292.0,True
2024,1,3,8,598.9,447.02,352.03,215.99,0.5,50.5,21.05,13.28,17.17,11.37,61.01,0.03,5.4,34.9,83.88,2024-01-03 08:00:00,447.02,21.05,61.01,44702.0,8,2,1,3,15635.0,73705.0,True
2024,1,3,9,794.9,617.25,373.66,249.58,0.56,37.93,22.8,12.72,17.76,10.97,52.88,0.05,4.32,26.4,83.83,2024-01-03 09:00:00,617.25,22.8,52.88,61725.0,9,2,1,3,1560.0,77362.0,True
2024,1,3,10,922.38,743.2,378.96,336.48,0.59,27.33,24.64,12.08,18.36,10.53,45.41,0.16,3.53,18.5,83.76,2024-01-03 10:00:00,743.2,24.64,45.41,74320.0,10,2,1,3,907.0,57340.0,True
2024,1,3,11,1004.5,814.92,389.94,340.72,0.62,21.85,26.79,11.49,19.14,10.13,38.42,0.24,3.27,20.6,83.65,2024-01-03 11:00:00,814.92,26.79,38.42,81492.0,11,2,1,3,14627.000000000002,43773.0,True
2024,1,3,12,975.85,865.65,487.9,330.97,0.68,25.12,27.82,10.99,19.4,9.82,35.02,0.46,3.56,34.6,83.54,2024-01-03 12:00:00,865.65,27.82,35.02,86565.0,12,2,1,3,34983.0,30164.999999999996,True
2024,1,3,13,872.45,687.97,394.66,290.97,0.59,34.74,27.39,10.71,19.05,9.64,35.23,0.56,4.35,48.1,83.47,2024-01-03 13:00:00,687.97,27.39,35.23,68797.0,13,2,1,3,55595.00000000001,13622.999999999998,True
2024,1,3,14,699.65,456.25,366.36,189.02,0.47,46.94,26.39,10.68,18.54,9.62,37.28,0.52,5.25,54.2,83.46,2024-01-03 14:00:00,456.25,26.39,37.28,45625.0,14,2,1,3,79660.0,1273.0,True
2024,1,3,15,474.62,250.82,277.45,127.6,0.36,60.13,25.53,10.89,18.21,9.75,39.78,0.48,5.78,56.4,83.51,2024-01-03 15:00:00,250.82,25.53,39.78,25082.0,15,2,1,3,95508.0,1207.0,True
2024,1,3,16,227.02,108.05,171.41,62.58,0.27,73.74,24.03,11.32,17.68,10.03,44.78,0.22,5.59,56.5,83.57,2024-01-03 16:00:00,108.05,24.03,44.78,10805.0,16,2,1,3,99567.0,16888.0,True
2024,1,3,17,25.65,11.3,20.42,13.89,0.14,86.8,21.63,12.68,17.15,10.97,56.65,0.02,4.07,59.1,83.63,2024-01-03 17:00:00,11.3,21.63,56.65,1130.0,17,2,1,3,93642.0,40242.0,True
2024,1,4,5,7.03,6.28,4.81,9.34,0.23,88.9,15.16,14.36,14.76,12.21,94.76,0.06,3.18,31.2,83.82,2024-01-04 05:00:00,6.28,15.16,94.76,628.0,5,3,1,4,82815.0,63047.0,True
2024,1,4,6,148.27,115.32,182.96,79.05,0.38,77.61,16.95,14.0,15.48,11.92,82.59,0.12,4.24,32.5,83.88,2024-01-04 06:00:00,115.32,16.95,82.59,11532.0,6,3,1,4,58783.00000000001,80135.0,True
2024,1,4,7,383.08,274.52,357.66,138.38,0.44,63.93,19.98,13.5,16.74,11.54,66.18,0.41,4.56,31.9,83.93,2024-01-04 07:00:00,274.52,19.98,66.18,27452.0,7,3,1,4,40012.0,89297.0,True
2024,1,4,8,616.85,481.9,389.67,230.36,0.54,50.57,22.74,13.29,18.01,11.37,55.05,0.48,3.93,21.7,83.91,2024-01-04 08:00:00,481.9,22.74,55.05,48190.0,8,3,1,4,17757.0,92053.0,True
2024,1,4,9,812.75,628.5,242.68,314.06,0.57,37.97,24.99,12.9,18.95,11.1,46.92,0.73,3.22,10.8,83.86,2024-01-04 09:00:00,628.5,24.99,46.92,62850.0,9,3,1,4,1802.0,84465.0,True
2024,1,4,10,938.7,773.22,329.31,356.24,0.62,27.33,26.79,12.57,19.68,10.87,41.27,1.7,2.64,10.5,83.79,2024-01-04 10:00:00,773.22,26.79,41.27,77322.0,10,3,1,4,948.0,74558.0,True
2024,1,4,11,1005.53,854.85,481.37,318.96,0.65,21.77,28.11,12.45,20.28,10.79,37.88,1.72,2.33,19.3,83.69,2024-01-04 11:00:00,854.85,28.11,37.88,85485.0,11,3,1,4,16144.999999999998,55112.0,True
2024,1,4,12,973.92,771.28,523.3,265.3,0.6,24.98,28.65,12.31,20.48,10.71,36.39,2.87,2.37,31.2,83.58,2024-01-04 12:00:00,771.28,28.65,36.39,77128.0,12,3,1,4,39912.0,34130.0,True
2024,1,4,13,869.9,694.75,473.41,284.98,0.6,34.6,27.47,12.16,19.81,10.61,38.59,2.59,2.53,48.4,83.5,2024-01-04 13:00:00,694.75,27.47,38.59,69475.0,13,3,1,4,64270.00000000001,15427.000000000002,True
2024,1,4,14,698.38,507.33,350.43,248.66,0.53,46.81,26.34,12.38,19.36,10.77,41.85,2.58,3.02,67.0,83.5,2024-01-04 14:00:00,507.33,26.34,41.85,50733.0,14,3,1,4,83225.0,1423.0,True
2024,1,4,15,476.15,284.08,206.55,132.45,0.4,60.01,25.18,12.71,18.95,11.0,45.81,2.13,3.41,74.3,83.55,2024-01-04 15:00:00,284.08,25.18,45.81,28408.0,15,3,1,4,94958.0,1232.0,True
2024,1,4,16,227.6,123.35,143.07,74.63,0.31,73.63,24.09,13.16,18.62,11.32,50.35,1.43,3.65,77.5,83.62,2024-01-04 16:00:00,123.35,24.09,50.35,12335.0,16,3,1,4,100680.0,17610.0,True
2024,1,4,17,25.9,13.98,14.05,15.33,0.17,86.73,21.67,14.86,18.26,12.66,65.21,1.3,2.61,79.4,83.7,2024-01-04 17:00:00,13.98,21.67,65.21,1398.0,17,3,1,4,95175.0,41127.0,True
2024,1,5,5,6.62,3.28,0.0,5.43,0.13,88.94,15.48,14.83,15.15,12.58,95.71,0.63,2.69,33.2,83.89,2024-01-05 05:00:00,3.28,15.48,95.71,328.0,5,4,1,5,83753.0,63254.99999999999,True
2024,1,5,6,144.77,67.88,50.96,61.33,0.23,77.7,16.49,15.01,15.75,12.72,90.8,0.68,3.13,36.0,83.97,2024-01-05 06:00:00,67.88,16.49,90.8,6788.0,6,4,1,5,64297.0,81455.0,True
2024,1,5,7,383.5,203.55,111.01,128.09,0.33,64.01,18.59,14.98,16.79,12.69,79.38,1.23,3.69,39.5,84.01,2024-01-05 07:00:00,203.55,18.59,79.38,20355.0,7,4,1,5,40173.0,88942.0,True
2024,1,5,8,624.03,343.88,194.11,197.97,0.38,50.63,21.13,14.42,17.77,12.24,65.41,1.4,3.58,29.1,83.99,2024-01-05 08:00:00,343.88,21.13,65.41,34388.0,8,4,1,5,17685.0,95242.0,True
2024,1,5,9,820.47,524.17,159.94,269.06,0.47,38.01,23.77,13.89,18.83,11.83,53.83,1.12,3.02,15.0,83.95,2024-01-05 09:00:00,524.17,23.77,53.83,52416.99999999999,9,4,1,5,1660.0000000000002,92103.0,True
2024,1,5,10,945.85,658.08,176.6,358.9,0.53,27.32,25.79,13.39,19.59,11.46,46.2,1.23,2.31,7.2,83.88,2024-01-05 10:00:00,658.08,25.79,46.2,65808.0,10,4,1,5,873.0,78165.0,True
2024,1,5,11,1004.05,702.4,264.05,346.88,0.54,21.67,27.14,13.01,20.08,11.18,41.58,1.4,1.62,5.3,83.79,2024-01-05 11:00:00,702.4,27.14,41.58,70240.0,11,4,1,5,13835.0,58795.00000000001,True
2024,1,5,12,977.47,737.6,311.79,338.93,0.58,24.84,27.81,12.73,20.27,11.0,39.29,1.76,1.07,2.1,83.68,2024-01-05 12:00:00,737.6,27.81,39.29,73760.0,12,4,1,5,33442.0,37623.0,True
2024,1,5,13,875.2,642.65,496.12,262.07,0.55,34.45,27.85,12.53,20.19,10.87,38.7,2.2,0.52,1.1,83.59,2024-01-05 13:00:00,642.65,27.85,38.7,64265.0,13,4,1,5,55183.00000000001,17243.0,True
2024,1,5,14,703.88,483.5,309.48,190.77,0.5,46.67,27.25,12.4,19.83,10.78,39.73,1.89,0.15,148.4,83.55,2024-01-05 14:00:00,483.5,27.25,39.73,48350.0,14,4,1,5,71380.0,1605.0,True
2024,1,5,15,479.17,274.77,175.72,163.84,0.39,59.89,26.27,12.48,19.38,10.84,42.33,1.42,0.86,169.3,83.57,2024-01-05 15:00:00,274.77,26.27,42.33,27477.0,15,4,1,5,86158.0,1120.0,True
2024,1,5,16,230.75,135.77,115.86,106.8,0.34,73.52,24.64,13.04,18.84,11.24,48.38,0.96,1.4,168.9,83.63,2024-01-05 16:00:00,135.77,24.64,48.38,13577.000000000002,16,4,1,5,88115.0,15393.0,True
2024,1,5,17,26.95,16.6,17.95,20.31,0.2,86.66,22.38,16.04,19.21,13.69,67.5,0.8,1.36,166.0,83.72,2024-01-05 17:00:00,16.6,22.38,67.5,1660.0000000000002,17,4,1,5,80683.0,35252.0,True
2024,1,6,5,6.45,3.42,0.0,4.66,0.14,88.98,16.16,15.45,15.8,13.1,95.39,2.87,3.31,58.7,83.89,2024-01-06 05:00:00,3.42,16.16,95.39,342.0,5,5,1,6,75820.0,56153.0,True
2024,1,6,6,144.93,31.8,0.0,29.15,0.11,77.8,16.69,15.55,16.12,13.18,92.85,3.17,3.85,58.0,83.95,2024-01-06 06:00:00,31.8,16.69,92.85,3180.0,6,5,1,6,57441.99999999999,76967.0,True
2024,1,6,7,387.38,160.5,4.54,135.24,0.26,64.09,17.58,15.41,16.49,13.06,87.0,3.05,4.24,57.5,83.98,2024-01-06 07:00:00,160.5,17.58,87.0,16050.0,7,5,1,6,36770.0,88603.0,True
2024,1,6,8,623.3,270.38,10.26,205.01,0.3,50.7,18.55,15.04,16.79,12.75,79.91,2.17,4.23,54.7,83.97,2024-01-06 08:00:00,270.38,18.55,79.91,27038.0,8,5,1,6,17040.0,98300.0,True
2024,1,6,9,814.1,535.08,40.72,394.76,0.48,38.05,19.56,14.72,17.14,12.49,73.48,2.38,3.93,52.3,83.94,2024-01-06 09:00:00,535.08,19.56,73.48,53508.00000000001,9,5,1,6,1825.0,90455.0,True
2024,1,6,10,938.88,713.38,203.46,360.22,0.57,27.3,20.91,14.48,17.69,12.3,66.55,2.73,3.54,49.7,83.9,2024-01-06 10:00:00,713.38,20.91,66.55,71338.0,10,5,1,6,747.0,83825.0,True
2024,1,6,11,1002.22,762.78,344.09,356.04,0.58,21.57,22.79,14.28,18.54,12.16,58.61,2.79,3.0,43.6,83.82,2024-01-06 11:00:00,762.78,22.79,58.61,76278.0,11,5,1,6,13052.000000000002,64683.00000000001,True
2024,1,6,12,976.58,763.8,470.38,278.48,0.6,24.69,25.13,14.06,19.6,12.0,50.19,3.38,2.4,36.9,83.71,2024-01-06 12:00:00,763.8,25.13,50.19,76380.0,12,5,1,6,32970.0,41310.0,True
2024,1,6,13,874.17,592.12,514.25,185.68,0.51,34.31,25.9,13.68,19.79,11.71,46.74,3.38,2.01,40.6,83.61,2024-01-06 13:00:00,592.12,25.9,46.74,59212.0,13,5,1,6,54262.0,18395.0,True
2024,1,6,14,705.97,387.8,262.56,187.96,0.4,46.54,25.07,13.46,19.27,11.55,48.42,3.82,1.98,59.9,83.58,2024-01-06 14:00:00,387.8,25.07,48.42,38780.0,14,5,1,6,77017.0,1602.0,True
2024,1,6,15,487.17,210.38,44.86,152.04,0.3,59.76,23.63,13.78,18.71,11.79,53.88,3.98,2.31,78.5,83.61,2024-01-06 15:00:00,210.38,23.63,53.88,21038.0,15,5,1,6,84410.0,975.0,True
2024,1,6,16,239.77,102.2,43.78,99.8,0.25,73.4,22.15,15.03,18.59,12.79,63.95,3.81,2.54,87.7,83.67,2024-01-06 16:00:00,102.2,22.15,63.95,10220.0,16,5,1,6,89995.0,12505.0,True
2024,1,6,17,29.85,10.88,0.0,13.23,0.13,86.58,20.37,16.09,18.23,13.69,76.37,3.97,2.68,90.6,83.75,2024-01-06 17:00:00,10.88,20.37,76.37,1088.0,17,5,1,6,85420.0,27973.0,True
2024,1,7,5,6.12,1.85,0.0,2.52,0.08,89.02,16.04,15.44,15.74,13.1,96.07,13.32,3.41,57.0,83.85,2024-01-07 05:00:00,1.85,16.04,96.07,185.0,5,6,1,7,67947.0,43070.0,True
2024,1,7,6,145.5,36.92,0.0,35.3,0.12,77.89,16.71,15.76,16.24,13.36,93.93,8.37,3.81,53.1,83.9,2024-01-07 06:00:00,36.92,16.71,93.93,3692.0,6,6,1,7,56158.00000000001,53883.00000000001,True
2024,1,7,7,387.15,126.3,4.9,106.34,0.21,64.17,17.92,16.03,16.98,13.6,88.59,4.07,4.69,54.1,83.93,2024-01-07 07:00:00,126.3,17.92,88.59,12630.0,7,6,1,7,35200.0,64328.0,True
2024,1,7,8,620.12,215.3,0.0,164.21,0.24,50.76,19.58,15.68,17.63,13.3,78.09,1.35,4.88,49.9,83.91,2024-01-07 08:00:00,215.3,19.58,78.09,21530.0,8,6,1,7,15780.000000000002,71817.0,True
2024,1,7,9,813.38,333.2,0.0,251.11,0.3,38.08,21.82,14.99,18.4,12.71,65.0,0.89,4.59,45.8,83.87,2024-01-07 09:00:00,333.2,21.82,65.0,33320.0,9,6,1,7,1598.0,76050.0,True
2024,1,7,10,938.72,424.5,6.61,314.04,0.34,27.27,23.85,14.46,19.15,12.3,55.59,0.87,4.21,44.7,83.8,2024-01-07 10:00:00,424.5,23.85,55.59,42450.0,10,6,1,7,622.0,67262.0,True
2024,1,7,11,1001.5,459.48,0.0,330.28,0.35,21.47,25.43,14.17,19.8,12.08,49.62,1.29,3.9,45.2,83.71,2024-01-07 11:00:00,459.48,25.43,49.62,45948.0,11,6,1,7,9493.0,52066.99999999999,True
2024,1,7,12,973.53,624.33,70.98,388.8,0.49,24.53,26.41,13.88,20.14,11.87,45.96,2.0,3.64,47.7,83.59,2024-01-07 12:00:00,624.33,26.41,45.96,62433.00000000001,12,6,1,7,25923.0,31692.0,True
2024,1,7,13,869.8,517.15,185.78,339.37,0.44,34.15,25.95,13.56,19.76,11.64,46.27,2.72,3.53,52.5,83.52,2024-01-07 13:00:00,517.15,25.95,46.27,51715.0,13,6,1,7,44530.0,14438.0,True
2024,1,7,14,700.25,450.85,139.51,329.95,0.46,46.4,25.31,13.56,19.43,11.64,48.05,2.94,3.66,58.9,83.5,2024-01-07 14:00:00,450.85,25.31,48.05,45085.0,14,6,1,7,62897.0,1418.0,True
2024,1,7,15,480.8,347.65,254.39,217.53,0.49,59.64,24.32,13.7,19.01,11.74,51.43,2.33,3.9,66.4,83.53,2024-01-07 15:00:00,347.65,24.32,51.43,34765.0,15,6,1,7,74262.0,948.0,True
2024,1,7,16,234.23,158.7,110.66,100.19,0.39,73.29,22.89,13.97,18.43,11.94,57.05,1.76,4.2,73.0,83.59,2024-01-07 16:00:00,158.7,22.89,57.05,15869.999999999998,16,6,1,7,80385.0,15569.999999999998,True
2024,1,7,17,28.35,19.92,23.37,23.8,0.23,86.51,20.58,14.97,17.77,12.75,70.19,1.3,3.36,80.1,83.67,2024-01-07 17:00:00,19.92,20.58,70.19,1992.0000000000002,17,6,1,7,79528.0,36995.0,True
2024,1,8,5,5.78,5.07,4.45,8.13,0.22,89.06,15.34,14.73,15.04,12.52,95.98,0.1,3.52,50.8,83.77,2024-01-08 05:00:00,5.07,15.34,95.98,507.0,5,0,1,8,56235.0,61903.0,True
2024,1,8,6,141.57,120.8,196.32,76.57,0.41,77.99,16.61,15.15,15.88,12.85,90.88,0.17,4.18,51.2,83.84,2024-01-08 06:00:00,120.8,16.61,90.88,12080.0,6,0,1,8,48927.0,82708.0,True
2024,1,8,7,381.67,313.67,393.23,149.05,0.51,64.25,18.64,14.98,16.81,12.71,79.12,0.49,4.84,52.0,83.87,2024-01-08 07:00:00,313.67,18.64,79.12,31367.0,7,0,1,8,29500.0,94417.0,True
2024,1,8,8,616.08,535.17,483.0,206.19,0.6,50.81,20.68,14.21,17.45,12.09,66.32,0.31,4.85,49.0,83.86,2024-01-08 08:00:00,535.17,20.68,66.32,53516.99999999999,8,0,1,8,13438.0,98217.0,True
2024,1,8,9,810.62,643.38,414.39,248.71,0.58,38.1,22.6,13.96,18.28,11.9,58.02,0.48,4.47,49.1,83.81,2024-01-08 09:00:00,643.38,22.6,58.02,64338.0,9,0,1,8,1670.0,91133.0,True
2024,1,8,10,938.35,712.95,308.65,345.34,0.57,27.24,24.51,13.94,19.23,11.9,51.66,0.96,4.28,52.6,83.72,2024-01-08 10:00:00,712.95,24.51,51.66,71295.0,10,0,1,8,565.0,78245.0,True
2024,1,8,11,1012.88,898.53,584.93,306.04,0.69,21.36,26.2,13.9,20.05,11.88,46.58,1.27,4.39,57.9,83.61,2024-01-08 11:00:00,898.53,26.2,46.58,89853.0,11,0,1,8,9930.0,59429.99999999999,True
2024,1,8,12,983.83,883.2,587.93,278.01,0.69,24.37,26.78,13.85,20.32,11.86,44.88,1.71,4.69,61.5,83.49,2024-01-08 12:00:00,883.2,26.78,44.88,88320.0,12,0,1,8,25673.0,38577.0,True
2024,1,8,13,878.67,767.75,598.11,259.04,0.66,34.0,26.63,13.82,20.23,11.85,45.19,2.1,4.99,64.5,83.4,2024-01-08 13:00:00,767.75,26.63,45.19,76775.0,13,0,1,8,45750.0,17010.0,True
2024,1,8,14,708.33,602.42,437.51,233.7,0.62,46.26,25.56,14.02,19.79,12.01,48.77,2.01,5.41,68.1,83.37,2024-01-08 14:00:00,602.42,25.56,48.77,60241.99999999999,14,0,1,8,64683.00000000001,1593.0,True
2024,1,8,15,485.55,383.25,398.33,174.74,0.54,59.51,24.33,14.37,19.35,12.29,53.71,1.62,6.13,71.7,83.4,2024-01-08 15:00:00,383.25,24.33,53.71,38325.0,15,0,1,8,72765.0,985.0,True
2024,1,8,16,237.35,182.77,378.81,80.52,0.45,73.18,22.58,14.66,18.62,12.51,60.81,0.92,6.59,73.7,83.48,2024-01-08 16:00:00,182.77,22.58,60.81,18277.0,16,0,1,8,79767.0,14025.0,True
2024,1,8,17,29.15,22.73,37.31,23.66,0.26,86.44,20.69,15.02,17.86,12.79,69.85,0.35,5.89,74.9,83.57,2024-01-08 17:00:00,22.73,20.69,69.85,2273.0,17,0,1,8,75940.0,32927.0,True
2024,1,9,5,5.53,4.75,4.05,8.24,0.21,89.09,14.37,13.64,14.01,11.67,95.25,0.01,4.04,47.8,83.74,2024-01-09 05:00:00,4.75,14.37,95.25,475.0,5,1,1,9,65997.0,52660.0,True
2024,1,9,6,140.95,118.85,204.5,77.99,0.41,78.08,16.1,13.32,14.71,11.42,83.48,0.0,5.46,49.8,83.81,2024-01-09 06:00:00,118.85,16.1,83.48,11885.0,6,1,1,9,46200.0,74690.0,True
2024,1,9,7,384.58,314.3,380.61,140.95,0.52,64.32,18.96,12.74,15.85,10.98,67.05,0.0,6.51,49.9,83.85,2024-01-09 07:00:00,314.3,18.96,67.05,31430.0,7,1,1,9,30345.0,92925.0,True
2024,1,9,8,623.97,552.88,471.18,245.16,0.62,50.87,21.62,12.52,17.07,10.82,56.06,0.0,5.92,47.9,83.84,2024-01-09 08:00:00,552.88,21.62,56.06,55288.0,8,1,1,9,13868.0,94620.0,True
2024,1,9,9,817.12,703.65,484.35,257.43,0.64,38.12,23.97,12.42,18.19,10.76,48.32,0.0,5.08,47.6,83.79,2024-01-09 09:00:00,703.65,23.97,48.32,70365.0,9,1,1,9,1552.0,92517.0,True
2024,1,9,10,944.67,775.12,565.1,248.38,0.62,27.21,26.08,12.24,19.16,10.65,42.13,0.0,4.49,51.1,83.7,2024-01-09 10:00:00,775.12,26.08,42.13,77512.0,10,1,1,9,360.0,76808.0,True
2024,1,9,11,1011.25,938.35,631.2,301.15,0.71,21.24,27.69,12.01,19.85,10.5,37.74,0.03,4.34,57.0,83.6,2024-01-09 11:00:00,938.35,27.69,37.74,93835.0,11,1,1,9,5845.0,59788.0,True
2024,1,9,12,984.3,875.58,575.94,291.2,0.68,24.21,28.49,11.77,20.13,10.35,35.47,0.15,4.51,62.0,83.49,2024-01-09 12:00:00,875.58,28.49,35.47,87558.0,12,1,1,9,20155.0,36862.0,True
2024,1,9,13,880.7,784.03,590.16,239.54,0.67,33.85,28.25,11.61,19.93,10.25,35.59,0.26,4.81,65.0,83.4,2024-01-09 13:00:00,784.03,28.25,35.59,78403.0,13,1,1,9,36465.0,16600.0,True
2024,1,9,14,706.53,615.92,518.11,211.97,0.63,46.12,27.31,11.57,19.44,10.22,37.46,0.29,5.13,67.7,83.36,2024-01-09 14:00:00,615.92,27.31,37.46,61591.99999999999,14,1,1,9,52810.0,1630.0,True
2024,1,9,15,482.77,398.25,414.86,192.06,0.56,59.39,25.67,11.62,18.64,10.25,41.4,0.18,5.45,70.0,83.4,2024-01-09 15:00:00,398.25,25.67,41.4,39825.0,15,1,1,9,68217.0,865.0,True
2024,1,9,16,235.0,192.5,273.41,109.7,0.47,73.07,24.05,11.89,17.97,10.43,46.45,0.08,5.57,73.4,83.48,2024-01-09 16:00:00,192.5,24.05,46.45,19250.0,16,1,1,9,81292.0,13102.000000000002,True
2024,1,9,17,29.1,22.75,33.81,20.9,0.26,86.37,21.96,12.76,17.36,11.04,55.83,0.07,4.72,76.9,83.57,2024-01-09 17:00:00,22.75,21.96,55.83,2275.0,17,1,1,9,74665.0,31362.0,True
2024,1,10,5,5.12,3.97,0.0,6.65,0.19,89.13,14.27,13.44,13.86,11.51,94.52,0.01,4.84,48.2,83.7,2024-01-10 05:00:00,3.97,14.27,94.52,397.0,5,2,1,10,62785.0,52188.0,True
2024,1,10,6,134.25,68.93,62.56,50.33,0.24,78.16,15.67,13.28,14.48,11.39,85.53,0.01,5.67,47.6,83.75,2024-01-10 06:00:00,68.93,15.67,85.53,6893.000000000001,6,2,1,10,44527.0,62375.0,True
2024,1,10,7,378.48,200.1,103.0,137.51,0.33,64.39,18.1,12.53,15.32,10.84,69.82,0.0,6.85,47.9,83.79,2024-01-10 07:00:00,200.1,18.1,69.82,20010.0,7,2,1,10,27317.0,73745.0,True
2024,1,10,8,616.0,348.7,78.35,256.83,0.39,50.92,20.86,12.33,16.6,10.69,58.0,0.0,6.34,44.4,83.79,2024-01-10 08:00:00,348.7,20.86,58.0,34870.0,8,2,1,10,12815.0,84195.0,True
2024,1,10,9,809.7,488.95,58.22,356.36,0.44,38.14,22.94,12.45,17.7,10.79,51.54,0.0,5.58,43.3,83.76,2024-01-10 09:00:00,488.95,22.94,51.54,48895.0,9,2,1,10,1515.0,72488.0,True
2024,1,10,10,937.22,654.67,71.04,414.65,0.52,27.17,24.15,12.55,18.35,10.87,48.23,0.01,5.12,46.4,83.7,2024-01-10 10:00:00,654.67,24.15,48.23,65466.99999999999,10,2,1,10,420.0,64103.0,True
2024,1,10,11,972.38,672.45,135.41,382.63,0.51,21.11,25.06,12.64,18.85,10.93,45.89,0.03,4.98,51.5,83.62,2024-01-10 11:00:00,672.45,25.06,45.89,67245.0,11,2,1,10,8590.0,54283.00000000001,True
2024,1,10,12,946.8,626.8,181.54,336.23,0.49,24.04,25.74,12.71,19.23,11.0,44.3,0.14,4.97,56.4,83.53,2024-01-10 12:00:00,626.8,25.74,44.3,62679.99999999999,12,2,1,10,23485.0,33592.0,True
2024,1,10,13,844.12,561.35,71.43,335.21,0.48,33.69,25.8,12.74,19.27,11.03,44.22,0.41,4.89,59.8,83.44,2024-01-10 13:00:00,561.35,25.8,44.22,56135.0,13,2,1,10,44702.0,15635.0,True
2024,1,10,14,668.03,413.92,158.27,235.66,0.42,45.98,25.15,12.78,18.97,11.07,46.1,0.58,4.97,62.2,83.41,2024-01-10 14:00:00,413.92,25.15,46.1,41392.0,14,2,1,10,61725.0,1560.0,True
2024,1,10,15,447.73,224.7,91.19,135.63,0.31,59.27,24.08,12.88,18.48,11.14,49.48,0.67,5.21,65.2,83.44,2024-01-10 15:00:00,224.7,24.08,49.48,22470.0,15,2,1,10,74320.0,907.0,True
2024,1,10,16,202.95,103.78,23.5,80.88,0.25,72.96,22.58,13.01,17.8,11.23,54.65,0.57,5.36,68.1,83.51,2024-01-10 16:00:00,103.78,22.58,54.65,10378.0,16,2,1,10,81492.0,14627.000000000002,True
2024,1,10,17,25.6,16.35,1.41,18.3,0.18,86.3,20.6,13.48,17.04,11.57,63.6,0.38,4.43,71.2,83.6,2024-01-10 17:00:00,16.35,20.6,63.6,1635.0000000000002,17,2,1,10,86565.0,34983.0,True
2024,1,11,5,5.0,3.05,0.0,4.15,0.15,89.16,15.07,13.25,14.16,11.38,88.81,0.98,2.29,29.8,83.75,2024-01-11 05:00:00,3.05,15.07,88.81,305.0,5,3,1,11,68797.0,55595.00000000001,True
2024,1,11,6,134.52,61.42,0.0,58.73,0.21,78.25,15.87,13.02,14.45,11.19,83.03,0.53,3.19,29.9,83.82,2024-01-11 06:00:00,61.42,15.87,83.03,6142.0,6,3,1,11,45625.0,79660.0,True
2024,1,11,7,378.12,189.32,13.44,159.05,0.31,64.46,17.57,12.28,14.93,10.66,71.05,0.27,4.12,43.1,83.86,2024-01-11 07:00:00,189.32,17.57,71.05,18932.0,7,3,1,11,25082.0,95508.0,True
2024,1,11,8,615.42,325.0,7.84,264.75,0.37,50.96,19.97,11.39,15.68,10.05,57.66,0.19,4.2,42.0,83.84,2024-01-11 08:00:00,325.0,19.97,57.66,32500.0,8,3,1,11,10805.0,99567.0,True
2024,1,11,9,808.17,396.02,3.8,297.67,0.36,38.15,22.25,11.35,16.8,10.03,49.98,0.13,3.57,31.2,83.76,2024-01-11 09:00:00,396.02,22.25,49.98,39602.0,9,3,1,11,1130.0,93642.0,True
2024,1,11,10,937.25,516.97,8.83,377.52,0.41,27.12,24.17,11.44,17.8,10.1,44.76,0.09,3.12,26.1,83.66,2024-01-11 10:00:00,516.97,24.17,44.76,51697.0,10,3,1,11,628.0,82815.0,True
2024,1,11,11,973.25,533.78,144.0,354.88,0.41,20.98,25.72,11.51,18.61,10.15,40.96,0.09,2.8,31.9,83.56,2024-01-11 11:00:00,533.78,25.72,40.96,53378.0,11,3,1,11,11532.0,58783.00000000001,True
2024,1,11,12,949.75,540.67,1.0,388.62,0.42,23.87,26.29,11.53,18.91,10.18,39.67,0.16,2.68,47.6,83.46,2024-01-11 12:00:00,540.67,26.29,39.67,54066.99999999999,12,3,1,11,27452.0,40012.0,True
2024,1,11,13,848.15,582.75,19.34,430.03,0.5,33.53,25.69,11.67,18.68,10.29,41.51,0.32,2.96,65.0,83.39,2024-01-11 13:00:00,582.75,25.69,41.51,58275.0,13,3,1,11,48190.0,17757.0,True
2024,1,11,14,677.7,442.73,126.44,269.77,0.45,45.84,24.75,11.97,18.36,10.5,44.79,0.65,3.5,74.8,83.39,2024-01-11 14:00:00,442.73,24.75,44.79,44273.0,14,3,1,11,62850.0,1802.0,True
2024,1,11,15,455.6,304.08,167.48,176.77,0.42,59.15,23.53,12.37,17.95,10.77,49.46,1.34,4.03,78.4,83.44,2024-01-11 15:00:00,304.08,23.53,49.46,30408.0,15,3,1,11,77322.0,948.0,True
2024,1,11,16,211.95,129.7,34.88,96.15,0.31,72.86,21.84,12.9,17.37,11.15,56.77,1.67,4.44,80.9,83.52,2024-01-11 16:00:00,129.7,21.84,56.77,12969.999999999998,16,3,1,11,85485.0,16144.999999999998,True
2024,1,11,17,26.02,19.45,3.04,21.38,0.21,86.23,19.81,13.79,16.8,11.8,68.11,0.77,4.26,81.9,83.6,2024-01-11 17:00:00,19.45,19.81,68.11,1945.0,17,3,1,11,77128.0,39912.0,True
2024,1,12,5,4.47,2.62,0.0,3.57,0.13,89.19,15.84,15.12,15.48,12.85,95.32,3.75,2.22,38.4,83.72,2024-01-12 05:00:00,2.62,15.84,95.32,262.0,5,4,1,12,69475.0,64270.00000000001,True
2024,1,12,6,120.3,56.5,1.17,53.99,0.2,78.33,16.57,15.14,15.86,12.87,91.19,3.64,2.83,34.5,83.78,2024-01-12 06:00:00,56.5,16.57,91.19,5650.0,6,4,1,12,50733.0,83225.0,True
2024,1,12,7,359.62,188.7,20.11,152.85,0.31,64.53,18.13,15.12,16.62,12.84,82.48,2.8,2.93,30.8,83.82,2024-01-12 07:00:00,188.7,18.13,82.48,18870.0,7,4,1,12,28408.0,94958.0,True
2024,1,12,8,593.35,325.85,26.16,263.32,0.37,51.0,20.25,14.77,17.51,12.54,70.59,1.8,2.51,28.1,83.82,2024-01-12 08:00:00,325.85,20.25,70.59,32585.000000000004,8,4,1,12,12335.0,100680.0,True
2024,1,12,9,786.9,385.55,14.29,287.59,0.35,38.16,22.37,14.3,18.33,12.17,60.13,1.88,1.85,27.0,83.77,2024-01-12 09:00:00,385.55,22.37,60.13,38555.0,9,4,1,12,1398.0,95175.0,True
2024,1,12,10,913.7,458.45,10.55,334.14,0.37,27.07,24.24,14.01,19.12,11.96,52.74,1.62,1.39,26.9,83.69,2024-01-12 10:00:00,458.45,24.24,52.74,45845.0,10,4,1,12,328.0,83753.0,True
2024,1,12,11,985.97,524.75,210.34,296.59,0.4,20.84,25.59,13.76,19.68,11.78,47.88,2.36,1.16,22.4,83.59,2024-01-12 11:00:00,524.75,25.59,47.88,52475.0,11,4,1,12,6788.0,64297.0,True
2024,1,12,12,962.22,552.17,125.15,337.65,0.43,23.69,25.92,13.51,19.71,11.6,46.18,4.37,1.11,10.9,83.48,2024-01-12 12:00:00,552.17,25.92,46.18,55216.99999999999,12,4,1,12,20355.0,40173.0,True
2024,1,12,13,858.25,615.92,286.87,318.32,0.52,33.36,25.74,13.48,19.61,11.59,46.59,6.75,0.96,4.8,83.4,2024-01-12 13:00:00,615.92,25.74,46.59,61591.99999999999,13,4,1,12,34388.0,17685.0,True
2024,1,12,14,687.25,539.58,308.52,245.83,0.55,45.7,25.41,13.6,19.5,11.69,47.9,7.08,0.74,4.6,83.38,2024-01-12 14:00:00,539.58,25.41,47.9,53958.00000000001,14,4,1,12,52416.99999999999,1660.0000000000002,True
2024,1,12,15,463.88,342.45,283.47,182.88,0.47,59.02,24.53,13.84,19.19,11.87,51.27,5.96,0.64,25.0,83.4,2024-01-12 15:00:00,342.45,24.53,51.27,34245.0,15,4,1,12,65808.0,873.0,True
2024,1,12,16,220.55,162.5,101.1,116.37,0.39,72.75,23.24,14.76,19.0,12.61,58.87,5.17,0.76,62.4,83.45,2024-01-12 16:00:00,162.5,23.24,58.87,16250.0,16,4,1,12,70240.0,13835.0,True
2024,1,12,17,27.8,21.9,6.86,26.94,0.23,86.16,21.55,16.81,19.18,14.4,74.48,6.66,1.15,87.0,83.52,2024-01-12 17:00:00,21.9,21.55,74.48,2190.0,17,4,1,12,73760.0,33442.0,True
2024,1,13,5,4.38,2.2,0.0,2.99,0.12,89.22,17.3,16.89,17.1,14.41,97.24,34.98,0.71,156.7,83.65,2024-01-13 05:00:00,2.2,17.3,97.24,220.00000000000003,5,5,1,13,64265.0,55183.00000000001,True
2024,1,13,6,120.35,24.98,0.0,23.88,0.09,78.41,17.91,16.87,17.39,14.38,93.45,37.6,1.04,157.9,83.72,2024-01-13 06:00:00,24.98,17.91,93.45,2498.0,6,5,1,13,48350.0,71380.0,True
2024,1,13,7,355.67,84.55,16.17,66.6,0.14,64.59,18.65,16.8,17.73,14.32,88.89,35.89,0.95,150.5,83.77,2024-01-13 07:00:00,84.55,18.65,88.89,8455.0,7,5,1,13,27477.0,86158.0,True
2024,1,13,8,592.88,133.75,17.46,107.29,0.15,51.04,19.51,16.66,18.08,14.19,83.49,32.74,0.78,131.9,83.76,2024-01-13 08:00:00,133.75,19.51,83.49,13375.0,8,5,1,13,13577.000000000002,88115.0,True
2024,1,13,9,782.83,326.17,32.23,198.3,0.29,38.16,20.38,16.47,18.42,14.02,78.12,30.86,0.89,102.3,83.72,2024-01-13 09:00:00,326.17,20.38,78.12,32617.0,9,5,1,13,1660.0000000000002,80683.0,True
2024,1,13,10,910.97,416.98,35.45,265.66,0.33,27.02,21.19,16.35,18.77,13.92,73.74,28.04,1.41,83.9,83.66,2024-01-13 10:00:00,416.98,21.19,73.74,41698.0,10,5,1,13,342.0,75820.0,True
2024,1,13,11,966.88,434.83,30.07,279.26,0.33,20.69,21.88,16.21,19.05,13.81,70.08,23.49,2.05,71.2,83.59,2024-01-13 11:00:00,434.83,21.88,70.08,43483.0,11,5,1,13,3180.0,57441.99999999999,True
2024,1,13,12,946.3,434.25,194.59,241.29,0.34,23.5,22.36,16.14,19.25,13.76,67.75,20.25,2.44,66.8,83.51,2024-01-13 12:00:00,434.25,22.36,67.75,43425.0,12,5,1,13,16050.0,36770.0,True
2024,1,13,13,846.3,446.15,186.71,287.96,0.38,33.2,22.62,16.1,19.36,13.73,66.49,16.61,2.54,67.3,83.44,2024-01-13 13:00:00,446.15,22.62,66.49,44615.0,13,5,1,13,27038.0,17040.0,True
2024,1,13,14,677.6,392.23,180.76,217.12,0.4,45.56,22.5,16.09,19.3,13.73,66.96,10.97,2.55,67.9,83.42,2024-01-13 14:00:00,392.23,22.5,66.96,39223.0,14,5,1,13,53508.00000000001,1825.0,True
2024,1,13,15,458.45,290.33,138.05,183.51,0.4,58.9,22.17,16.14,19.15,13.77,68.53,8.35,2.62,70.6,83.44,2024-01-13 15:00:00,290.33,22.17,68.53,29033.0,15,5,1,13,71338.0,747.0,True
2024,1,13,16,218.2,134.1,63.02,104.75,0.32,72.65,21.31,16.4,18.86,14.0,73.47,7.57,2.67,75.7,83.49,2024-01-13 16:00:00,134.1,21.31,73.47,13410.0,16,5,1,13,76278.0,13052.000000000002,True
2024,1,13,17,29.2,21.45,9.34,23.85,0.22,86.1,19.59,17.2,18.4,14.72,85.93,4.83,2.05,81.0,83.55,2024-01-13 17:00:00,21.45,19.59,85.93,2145.0,17,5,1,13,76380.0,32970.0,True
2024,1,14,5,4.55,2.95,0.0,4.57,0.16,89.25,16.27,15.92,16.1,13.52,97.61,2.53,1.25,18.1,83.78,2024-01-14 05:00:00,2.95,16.27,97.61,295.0,5,6,1,14,59212.0,54262.0,True
2024,1,14,6,137.5,78.5,46.64,64.61,0.28,78.49,16.91,15.97,16.44,13.56,94.06,1.51,1.99,356.5,83.84,2024-01-14 06:00:00,78.5,16.91,94.06,7850.0,6,6,1,14,38780.0,77017.0,True
2024,1,14,7,382.25,229.88,89.46,134.35,0.38,64.65,18.01,15.98,16.99,13.56,87.78,1.53,2.42,354.3,83.88,2024-01-14 07:00:00,229.88,18.01,87.78,22988.0,7,6,1,14,21038.0,84410.0,True
2024,1,14,8,618.6,412.25,193.1,217.48,0.47,51.08,19.74,15.38,17.56,13.05,75.84,1.58,3.24,3.9,83.87,2024-01-14 08:00:00,412.25,19.74,75.84,41225.0,8,6,1,14,10220.0,89995.0,True
2024,1,14,9,811.9,562.15,176.83,291.96,0.51,38.16,21.89,14.59,18.24,12.4,63.12,1.98,3.72,3.9,83.82,2024-01-14 09:00:00,562.15,21.89,63.12,56215.0,9,6,1,14,1088.0,85420.0,True
2024,1,14,10,941.65,733.03,124.45,431.39,0.58,26.95,23.57,14.25,18.91,12.14,55.77,2.5,3.71,358.9,83.75,2024-01-14 10:00:00,733.03,23.57,55.77,73303.0,10,6,1,14,185.0,67947.0,True
2024,1,14,11,999.83,761.9,214.1,416.6,0.58,20.54,24.57,14.11,19.34,12.04,52.05,3.4,3.52,358.5,83.68,2024-01-14 11:00:00,761.9,24.57,52.05,76190.0,11,6,1,14,3692.0,56158.00000000001,True
2024,1,14,12,975.12,803.28,436.55,338.37,0.62,23.32,25.04,14.04,19.54,12.0,50.4,3.48,3.21,6.6,83.61,2024-01-14 12:00:00,803.28,25.04,50.4,80328.0,12,6,1,14,12630.0,35200.0,True
2024,1,14,13,874.6,695.3,388.77,326.76,0.59,33.03,24.7,13.97,19.33,11.95,51.18,2.92,2.96,22.4,83.56,2024-01-14 13:00:00,695.3,24.7,51.18,69530.0,13,6,1,14,21530.0,15780.000000000002,True
2024,1,14,14,704.2,460.62,242.97,227.26,0.47,45.42,24.28,13.93,19.11,11.92,52.35,2.25,3.07,41.6,83.54,2024-01-14 14:00:00,460.62,24.28,52.35,46062.0,14,6,1,14,33320.0,1598.0,True
2024,1,14,15,486.35,235.93,51.29,179.17,0.32,58.78,23.46,13.94,18.7,11.92,55.02,1.11,3.26,52.4,83.58,2024-01-14 15:00:00,235.93,23.46,55.02,23593.0,15,6,1,14,42450.0,622.0,True
2024,1,14,16,238.35,105.7,11.04,105.11,0.25,72.54,22.48,14.1,18.29,12.04,59.0,0.53,3.16,59.0,83.62,2024-01-14 16:00:00,105.7,22.48,59.0,10570.0,16,6,1,14,45948.0,9493.0,True
2024,1,14,17,32.33,18.08,0.0,22.08,0.19,86.03,20.33,15.67,18.0,13.33,74.51,0.42,2.18,65.7,83.68,2024-01-14 17:00:00,18.08,20.33,74.51,1807.9999999999998,17,6,1,14,62433.00000000001,25923.0,True
2024,1,15,5,4.35,3.83,0.0,5.36,0.22,89.28,16.36,15.83,16.1,13.43,96.47,0.01,2.83,51.9,83.83,2024-01-15 05:00:00,3.83,16.36,96.47,383.0,5,0,1,15,51715.0,44530.0,True
2024,1,15,6,132.6,93.25,57.54,75.6,0.33,78.57,17.23,16.06,16.64,13.63,92.69,0.05,3.84,51.3,83.89,2024-01-15 06:00:00,93.25,17.23,92.69,9325.0,6,0,1,15,45085.0,62897.0,True
2024,1,15,7,375.9,261.55,166.68,172.7,0.43,64.71,18.79,16.15,17.47,13.7,84.5,0.31,4.84,54.9,83.94,2024-01-15 07:00:00,261.55,18.79,84.5,26155.0,7,0,1,15,34765.0,74262.0,True
2024,1,15,8,614.62,428.58,182.78,255.19,0.48,51.11,20.65,15.71,18.18,13.32,73.21,1.83,5.59,53.7,83.93,2024-01-15 08:00:00,428.58,20.65,73.21,42858.0,8,0,1,15,15869.999999999998,80385.0,True
2024,1,15,9,809.17,628.9,294.41,297.8,0.57,38.16,22.86,15.4,19.13,13.06,62.68,1.53,5.62,45.4,83.87,2024-01-15 09:00:00,628.9,22.86,62.68,62890.0,9,0,1,15,1992.0000000000002,79528.0,True
2024,1,15,10,940.92,838.9,518.58,309.73,0.67,26.89,25.24,15.24,20.24,12.95,53.82,1.44,5.24,41.6,83.78,2024-01-15 10:00:00,838.9,25.24,53.82,83890.0,10,0,1,15,507.0,56235.0,True
2024,1,15,11,1006.3,911.67,579.05,328.08,0.69,20.38,26.78,14.99,20.89,12.75,48.33,1.47,4.87,43.1,83.68,2024-01-15 11:00:00,911.67,26.78,48.33,91167.0,11,0,1,15,12080.0,48927.0,True
2024,1,15,12,983.75,906.65,649.25,259.97,0.7,23.12,27.41,14.78,21.1,12.59,45.94,1.35,4.71,48.5,83.59,2024-01-15 12:00:00,906.65,27.41,45.94,90665.0,12,0,1,15,31367.0,29500.0,True
2024,1,15,13,885.62,788.62,549.8,333.04,0.67,32.87,27.38,14.67,21.02,12.51,45.69,1.48,4.78,53.4,83.52,2024-01-15 13:00:00,788.62,27.38,45.69,78862.0,13,0,1,15,53516.99999999999,13438.0,True
2024,1,15,14,716.72,531.2,215.67,287.82,0.54,45.28,26.31,14.53,20.42,12.4,48.23,1.22,5.07,58.8,83.51,2024-01-15 14:00:00,531.2,26.31,48.23,53120.00000000001,14,0,1,15,64338.0,1670.0,True
2024,1,15,15,495.75,350.4,183.34,201.75,0.48,58.67,24.93,14.41,19.67,12.3,51.95,0.7,5.29,61.4,83.55,2024-01-15 15:00:00,350.4,24.93,51.95,35040.0,15,0,1,15,71295.0,565.0,True
2024,1,15,16,246.23,162.43,111.08,126.1,0.38,72.44,23.37,14.56,18.96,12.41,57.59,0.32,5.08,63.3,83.61,2024-01-15 16:00:00,162.43,23.37,57.59,16243.0,16,0,1,15,89853.0,9930.0,True
2024,1,15,17,33.62,26.23,25.31,30.85,0.26,85.97,20.97,15.44,18.2,13.13,70.55,0.25,3.51,66.9,83.67,2024-01-15 17:00:00,26.23,20.97,70.55,2623.0,17,0,1,15,88320.0,25673.0,True
2024,1,16,5,4.32,3.92,5.26,6.59,0.23,89.31,16.17,15.74,15.95,13.35,97.09,4.77,4.01,53.7,83.85,2024-01-16 05:00:00,3.92,16.17,97.09,392.0,5,1,1,16,76775.0,45750.0,True
2024,1,16,6,141.18,118.5,196.63,71.78,0.43,78.64,17.26,16.22,16.74,13.77,93.5,4.28,4.45,52.3,83.92,2024-01-16 06:00:00,118.5,17.26,93.5,11850.0,6,1,1,16,60241.99999999999,64683.00000000001,True
2024,1,16,7,389.77,314.2,452.01,124.65,0.52,64.76,19.04,16.57,17.8,14.07,85.45,4.78,5.2,53.5,83.97,2024-01-16 07:00:00,314.2,19.04,85.45,31420.0,7,1,1,16,38325.0,72765.0,True
2024,1,16,8,629.47,545.65,519.05,203.24,0.62,51.14,21.32,16.21,18.77,13.75,72.53,5.77,5.49,50.8,83.96,2024-01-16 08:00:00,545.65,21.32,72.53,54565.0,8,1,1,16,18277.0,79767.0,True
2024,1,16,9,824.88,732.12,615.67,223.29,0.66,38.15,23.33,15.8,19.57,13.4,62.53,5.43,5.11,47.4,83.92,2024-01-16 09:00:00,732.12,23.33,62.53,73212.0,9,1,1,16,2273.0,75940.0,True
2024,1,16,10,956.4,874.75,658.96,221.92,0.7,26.81,24.93,15.45,20.19,13.11,55.54,2.95,4.6,44.7,83.85,2024-01-16 10:00:00,874.75,24.93,55.54,87475.0,10,1,1,16,475.0,65997.0,True
2024,1,16,11,1017.83,938.8,644.98,288.52,0.71,20.22,25.94,15.14,20.54,12.86,51.26,1.65,4.2,42.2,83.76,2024-01-16 11:00:00,938.8,25.94,51.26,93880.0,11,1,1,16,11885.0,46200.0,True
2024,1,16,12,995.35,877.55,571.42,285.62,0.68,22.93,26.28,14.9,20.59,12.69,49.53,1.02,3.93,41.3,83.66,2024-01-16 12:00:00,877.55,26.28,49.53,87755.0,12,1,1,16,31430.0,30345.0,True
2024,1,16,13,895.65,749.38,609.43,212.78,0.63,32.7,26.37,14.65,20.51,12.49,48.45,0.66,3.65,41.7,83.58,2024-01-16 13:00:00,749.38,26.37,48.45,74938.0,13,1,1,16,55288.0,13868.0,True
2024,1,16,14,726.33,557.62,453.06,210.08,0.56,45.14,26.08,14.55,20.32,12.4,48.92,0.45,3.43,44.9,83.56,2024-01-16 14:00:00,557.62,26.08,48.92,55762.0,14,1,1,16,70365.0,1552.0,True
2024,1,16,15,502.7,341.67,358.58,145.35,0.47,58.55,25.35,14.54,19.94,12.4,51.09,0.17,3.17,49.9,83.56,2024-01-16 15:00:00,341.67,25.35,51.09,34167.0,15,1,1,16,77512.0,360.0,True
2024,1,16,16,250.25,159.25,173.13,92.72,0.37,72.35,24.04,14.83,19.43,12.64,56.33,0.09,2.89,59.2,83.6,2024-01-16 16:00:00,159.25,24.04,56.33,15925.0,16,1,1,16,93835.0,5845.0,True
2024,1,16,17,34.78,23.95,27.88,28.69,0.24,85.9,21.71,16.68,19.2,14.24,73.05,0.05,2.02,71.2,83.64,2024-01-16 17:00:00,23.95,21.71,73.05,2395.0,17,1,1,16,87558.0,20155.0,True
2024,1,17,5,4.12,3.7,2.08,5.94,0.23,89.34,15.02,14.12,14.57,12.03,94.24,0.35,2.65,22.4,83.84,2024-01-17 05:00:00,3.7,15.02,94.24,370.0,5,2,1,17,78403.0,36465.0,True
2024,1,17,6,134.93,95.47,63.37,75.51,0.35,78.71,16.61,14.17,15.39,12.06,85.38,0.15,3.88,18.8,83.89,2024-01-17 06:00:00,95.47,16.61,85.38,9547.0,6,2,1,17,61591.99999999999,52810.0,True
2024,1,17,7,384.38,265.75,95.5,175.17,0.44,64.81,18.41,14.42,16.41,12.25,77.43,0.38,4.23,24.0,83.92,2024-01-17 07:00:00,265.75,18.41,77.43,26575.0,7,2,1,17,39825.0,68217.0,True
2024,1,17,8,627.75,457.9,159.55,255.82,0.52,51.16,20.86,14.4,17.63,12.23,66.39,1.15,5.05,33.7,83.91,2024-01-17 08:00:00,457.9,20.86,66.39,45790.0,8,2,1,17,19250.0,81292.0,True
2024,1,17,9,826.25,552.9,55.03,343.88,0.5,38.13,22.86,13.55,18.2,11.58,55.65,1.21,4.73,36.9,83.9,2024-01-17 09:00:00,552.9,22.86,55.65,55290.0,9,2,1,17,2275.0,74665.0,True
2024,1,17,10,959.58,633.2,18.08,460.74,0.5,26.74,24.54,12.55,18.54,10.85,47.13,0.93,4.21,39.5,83.88,2024-01-17 10:00:00,633.2,24.54,47.13,63320.00000000001,10,2,1,17,397.0,62785.0,True
2024,1,17,11,961.35,618.08,50.18,434.19,0.47,20.05,25.47,11.7,18.58,10.26,42.15,0.45,4.05,38.7,83.82,2024-01-17 11:00:00,618.08,25.47,42.15,61808.00000000001,11,2,1,17,6893.000000000001,44527.0,True
2024,1,17,12,937.83,586.4,36.51,417.2,0.45,22.72,25.86,11.31,18.58,10.01,40.15,0.23,4.27,40.1,83.73,2024-01-17 12:00:00,586.4,25.86,40.15,58640.0,12,2,1,17,20010.0,27317.0,True
2024,1,17,13,834.8,560.17,55.48,406.12,0.47,32.53,25.8,11.39,18.6,10.06,40.45,0.07,4.56,43.2,83.66,2024-01-17 13:00:00,560.17,25.8,40.45,56016.99999999999,13,2,1,17,34870.0,12815.0,True
2024,1,17,14,661.2,449.6,40.21,301.03,0.45,45.0,25.21,11.79,18.5,10.33,43.0,0.02,4.72,46.0,83.63,2024-01-17 14:00:00,449.6,25.21,43.0,44960.0,14,2,1,17,48895.0,1515.0,True
2024,1,17,15,439.48,233.35,18.66,177.14,0.32,58.43,24.17,12.28,18.23,10.68,47.31,0.01,4.78,49.8,83.65,2024-01-17 15:00:00,233.35,24.17,47.31,23335.0,15,2,1,17,65466.99999999999,420.0,True
2024,1,17,16,190.35,108.07,6.24,94.91,0.25,72.25,22.74,12.99,17.86,11.19,54.05,0.02,4.57,57.4,83.7,2024-01-17 16:00:00,108.07,22.74,54.05,10807.0,16,2,1,17,67245.0,8590.0,True
2024,1,17,17,26.1,17.98,1.52,20.82,0.18,85.84,20.41,14.28,17.35,12.17,67.8,0.03,3.26,68.0,83.76,2024-01-17 17:00:00,17.98,20.41,67.8,1798.0,17,2,1,17,62679.99999999999,23485.0,True
2024,1,18,5,3.3,2.12,0.0,2.89,0.13,89.36,15.69,15.0,15.35,12.72,95.49,0.0,1.8,35.3,83.9,2024-01-18 05:00:00,2.12,15.69,95.49,212.0,5,3,1,18,56135.0,44702.0,True
2024,1,18,6,101.82,35.47,0.0,34.72,0.13,78.78,17.81,15.25,16.53,12.92,84.82,0.0,2.59,32.5,83.96,2024-01-18 06:00:00,35.47,17.81,84.82,3547.0,6,3,1,18,41392.0,61725.0,True
2024,1,18,7,318.35,131.8,0.0,113.2,0.22,64.86,20.33,15.28,17.81,12.94,72.62,0.09,2.44,35.0,84.0,2024-01-18 07:00:00,131.8,20.33,72.62,13180.000000000002,7,3,1,18,22470.0,74320.0,True
2024,1,18,8,558.17,245.7,0.0,200.85,0.28,51.18,22.37,14.84,18.61,12.58,62.3,0.27,2.32,22.3,83.98,2024-01-18 08:00:00,245.7,22.37,62.3,24570.0,8,3,1,18,10378.0,81492.0,True
2024,1,18,9,766.47,389.25,1.27,293.11,0.35,38.12,24.06,14.15,19.11,12.04,53.81,0.13,2.25,12.6,83.91,2024-01-18 09:00:00,389.25,24.06,53.81,38925.0,9,3,1,18,1635.0000000000002,86565.0,True
2024,1,18,10,918.03,393.62,0.16,288.89,0.31,26.65,25.54,13.5,19.52,11.55,47.23,0.09,2.09,14.1,83.84,2024-01-18 10:00:00,393.62,25.54,47.23,39362.0,10,3,1,18,305.0,68797.0,True
2024,1,18,11,988.72,480.4,0.56,340.55,0.36,19.87,26.61,13.03,19.82,11.2,42.96,0.23,1.88,21.5,83.75,2024-01-18 11:00:00,480.4,26.61,42.96,48040.0,11,3,1,18,6142.0,45625.0,True
2024,1,18,12,969.97,698.85,66.41,492.34,0.54,22.52,26.87,12.56,19.71,10.88,41.06,0.75,1.66,34.2,83.66,2024-01-18 12:00:00,698.85,26.87,41.06,69885.0,12,3,1,18,18932.0,25082.0,True
2024,1,18,13,876.47,493.55,3.09,368.03,0.42,32.36,26.41,12.24,19.32,10.66,41.31,1.24,1.61,51.1,83.6,2024-01-18 13:00:00,493.55,26.41,41.31,49355.0,13,3,1,18,32500.0,10805.0,True
2024,1,18,14,710.62,340.45,0.46,263.78,0.34,44.86,25.85,12.16,19.0,10.61,42.48,1.39,1.64,64.4,83.57,2024-01-18 14:00:00,340.45,25.85,42.48,34045.0,14,3,1,18,39602.0,1130.0,True
2024,1,18,15,485.85,229.7,17.42,193.38,0.31,58.32,25.06,12.25,18.65,10.67,44.78,1.2,1.74,76.7,83.59,2024-01-18 15:00:00,229.7,25.06,44.78,22970.0,15,3,1,18,51697.0,628.0,True
2024,1,18,16,241.77,103.6,0.0,102.95,0.24,72.16,23.83,13.56,18.7,11.63,52.54,0.89,1.69,84.2,83.63,2024-01-18 16:00:00,103.6,23.83,52.54,10360.0,16,3,1,18,53378.0,11532.0,True
2024,1,18,17,34.35,17.95,7.52,22.19,0.17,85.78,21.55,16.16,18.85,13.76,71.33,0.55,1.71,85.3,83.68,2024-01-18 17:00:00,17.95,21.55,71.33,1795.0,17,3,1,18,54066.99999999999,27452.0,True
2024,1,19,5,3.65,3.28,2.86,6.38,0.22,89.38,16.35,15.6,15.97,13.25,95.17,0.79,1.68,288.8,83.76,2024-01-19 05:00:00,3.28,16.35,95.17,328.0,5,4,1,19,58275.0,48190.0,True
2024,1,19,6,120.05,113.95,104.0,95.46,0.42,78.84,18.27,15.78,17.03,13.39,85.24,1.14,2.46,277.2,83.84,2024-01-19 06:00:00,113.95,18.27,85.24,11395.0,6,4,1,19,44273.0,62850.0,True
2024,1,19,7,351.45,316.35,223.19,215.94,0.53,64.9,20.51,15.75,18.13,13.36,74.03,3.65,2.67,265.7,83.89,2024-01-19 07:00:00,316.35,20.51,74.03,31635.000000000004,7,4,1,19,30408.0,77322.0,True
2024,1,19,8,586.97,550.9,414.58,266.22,0.62,51.2,22.38,15.68,19.03,13.3,65.71,5.62,2.54,265.7,83.87,2024-01-19 08:00:00,550.9,22.38,65.71,55090.0,8,4,1,19,12969.999999999998,85485.0,True
2024,1,19,9,788.2,787.05,644.1,266.45,0.71,38.1,23.7,15.33,19.52,13.01,59.32,5.8,2.27,268.2,83.82,2024-01-19 09:00:00,787.05,23.7,59.32,78705.0,9,4,1,19,1945.0,77128.0,True
2024,1,19,10,925.42,913.22,702.19,269.58,0.73,26.57,24.7,14.88,19.79,12.66,54.32,5.78,1.98,268.0,83.75,2024-01-19 10:00:00,913.22,24.7,54.32,91322.0,10,4,1,19,262.0,69475.0,True
2024,1,19,11,1026.05,984.65,801.41,203.29,0.74,19.69,25.47,14.49,19.98,12.35,50.58,4.7,1.64,266.9,83.66,2024-01-19 11:00:00,984.65,25.47,50.58,98465.0,11,4,1,19,5650.0,50733.0,True
2024,1,19,12,1004.67,905.45,665.97,239.5,0.7,22.31,25.97,14.12,20.04,12.07,47.94,3.57,1.36,263.2,83.57,2024-01-19 12:00:00,905.45,25.97,47.94,90545.0,12,4,1,19,18870.0,28408.0,True
2024,1,19,13,905.9,772.42,644.21,237.96,0.65,32.18,26.07,13.77,19.92,11.81,46.6,2.21,1.18,255.7,83.49,2024-01-19 13:00:00,772.42,26.07,46.6,77242.0,13,4,1,19,32585.000000000004,12335.0,True
2024,1,19,14,739.25,596.5,526.29,206.56,0.6,44.72,25.77,13.57,19.67,11.66,46.82,1.38,0.85,247.9,83.47,2024-01-19 14:00:00,596.5,25.77,46.82,59650.0,14,4,1,19,38555.0,1398.0,True
2024,1,19,15,520.92,352.95,463.15,125.73,0.48,58.21,24.9,13.65,19.28,11.71,49.54,0.47,0.28,178.0,83.5,2024-01-19 15:00:00,352.95,24.9,49.54,35295.0,15,4,1,19,45845.0,328.0,True
2024,1,19,16,270.5,164.15,215.74,86.43,0.38,72.06,23.71,14.32,19.02,12.23,55.58,0.39,0.87,105.9,83.56,2024-01-19 16:00:00,164.15,23.71,55.58,16415.0,16,4,1,19,52475.0,6788.0,True
2024,1,19,17,42.08,23.1,63.4,24.66,0.22,85.72,21.86,16.93,19.39,14.49,73.61,0.78,1.29,100.3,83.61,2024-01-19 17:00:00,23.1,21.86,73.61,2310.0,17,4,1,19,55216.99999999999,20355.0,True
2024,1,20,5,3.62,1.7,0.0,2.31,0.12,89.4,16.71,16.42,16.57,13.97,98.01,7.82,2.4,23.9,83.75,2024-01-20 05:00:00,1.7,16.71,98.01,170.0,5,5,1,20,61591.99999999999,34388.0,True
2024,1,20,6,130.82,48.17,14.92,46.91,0.18,78.91,17.97,16.9,17.43,14.39,93.28,6.3,3.64,18.7,83.82,2024-01-20 06:00:00,48.17,17.97,93.28,4817.0,6,5,1,20,53958.00000000001,52416.99999999999,True
2024,1,20,7,375.48,152.12,78.91,126.68,0.26,64.94,19.18,16.58,17.88,14.1,84.79,5.98,4.23,17.9,83.86,2024-01-20 07:00:00,152.12,19.18,84.79,15212.0,7,5,1,20,34245.0,65808.0,True
2024,1,20,8,612.92,226.23,101.62,173.08,0.26,51.21,20.35,15.57,17.96,13.21,73.91,6.79,4.65,11.8,83.86,2024-01-20 08:00:00,226.23,20.35,73.91,22623.0,8,5,1,20,16250.0,70240.0,True
2024,1,20,9,809.65,461.83,41.6,288.1,0.42,38.07,21.32,15.11,18.21,12.83,67.61,8.08,4.13,3.6,83.82,2024-01-20 09:00:00,461.83,21.32,67.61,46183.0,9,5,1,20,2190.0,73760.0,True
2024,1,20,10,940.6,718.47,258.39,384.63,0.57,26.48,21.82,14.83,18.33,12.6,64.38,8.52,3.39,355.9,83.79,2024-01-20 10:00:00,718.47,21.82,64.38,71847.0,10,5,1,20,220.00000000000003,64265.0,True
2024,1,20,11,1001.4,842.38,492.52,318.54,0.64,19.5,22.05,14.7,18.38,12.51,62.99,6.71,2.58,352.2,83.74,2024-01-20 11:00:00,842.38,22.05,62.99,84238.0,11,5,1,20,2498.0,48350.0,True
2024,1,20,12,978.45,776.6,365.99,352.56,0.6,22.1,22.23,14.58,18.4,12.42,61.8,4.32,1.62,350.8,83.65,2024-01-20 12:00:00,776.6,22.23,61.8,77660.0,12,5,1,20,8455.0,27477.0,True
2024,1,20,13,877.17,668.83,394.17,262.49,0.56,32.01,22.4,14.43,18.42,12.31,60.56,3.06,0.88,14.5,83.56,2024-01-20 13:00:00,668.83,22.4,60.56,66883.0,13,5,1,20,13375.0,13577.000000000002,True
2024,1,20,14,705.05,489.35,361.29,197.68,0.49,44.59,22.46,14.35,18.4,12.25,60.01,2.18,1.29,61.9,83.51,2024-01-20 14:00:00,489.35,22.46,60.01,48935.0,14,5,1,20,32617.0,1660.0000000000002,True
2024,1,20,15,479.33,284.1,228.03,153.93,0.38,58.09,22.37,14.51,18.44,12.39,61.03,2.01,2.18,66.1,83.51,2024-01-20 15:00:00,284.1,22.37,61.03,28410.000000000004,15,5,1,20,41698.0,342.0,True
2024,1,20,16,230.32,130.1,75.14,104.35,0.3,71.97,21.74,15.15,18.45,12.9,66.04,2.27,2.75,65.8,83.56,2024-01-20 16:00:00,130.1,21.74,66.04,13010.0,16,5,1,20,43483.0,3180.0,True
2024,1,20,17,32.4,20.0,10.11,23.46,0.19,85.67,19.73,16.68,18.2,14.23,82.45,3.92,2.14,67.5,83.62,2024-01-20 17:00:00,20.0,19.73,82.45,2000.0,17,5,1,20,43425.0,16050.0,True
2024,1,21,5,3.2,1.4,0.0,1.9,0.1,89.43,15.2,13.71,14.46,11.71,90.71,6.38,4.33,0.0,83.85,2024-01-21 05:00:00,1.4,15.2,90.71,140.0,5,6,1,21,44615.0,27038.0,True
2024,1,21,6,114.1,28.12,0.0,27.53,0.1,78.97,15.83,13.84,14.84,11.8,87.84,3.48,4.46,9.0,83.91,2024-01-21 06:00:00,28.12,15.83,87.84,2812.0,6,6,1,21,39223.0,53508.00000000001,True
2024,1,21,7,349.17,138.77,19.35,110.05,0.23,64.98,17.33,14.29,15.81,12.15,82.24,2.22,5.04,26.2,83.95,2024-01-21 07:00:00,138.77,17.33,82.24,13877.000000000002,7,6,1,21,29033.0,71338.0,True
2024,1,21,8,588.05,228.25,34.53,152.0,0.26,51.22,19.02,14.16,16.59,12.04,73.28,1.54,6.26,36.8,83.93,2024-01-21 08:00:00,228.25,19.02,73.28,22825.0,8,6,1,21,13410.0,76278.0,True
2024,1,21,9,792.03,361.85,27.16,226.81,0.33,38.04,20.46,13.64,17.05,11.65,64.82,0.95,6.36,39.0,83.88,2024-01-21 09:00:00,361.85,20.46,64.82,36185.0,9,6,1,21,2145.0,76380.0,True
2024,1,21,10,930.35,507.55,10.9,370.11,0.4,26.38,21.99,13.38,17.68,11.46,58.01,0.33,5.86,39.3,83.81,2024-01-21 10:00:00,507.55,21.99,58.01,50755.0,10,6,1,21,295.0,59212.0,True
2024,1,21,11,1002.67,523.3,148.44,338.01,0.39,19.31,24.11,13.34,18.73,11.44,50.89,0.31,5.53,38.9,83.74,2024-01-21 11:00:00,523.3,24.11,50.89,52329.99999999999,11,6,1,21,7850.0,38780.0,True
2024,1,21,12,982.95,595.42,198.77,389.19,0.46,21.88,25.48,13.44,19.46,11.53,47.21,0.93,5.31,39.0,83.66,2024-01-21 12:00:00,595.42,25.48,47.21,59541.99999999999,12,6,1,21,22988.0,21038.0,True
2024,1,21,13,886.1,695.47,116.15,378.21,0.58,31.84,25.65,13.52,19.59,11.6,46.98,1.67,5.01,39.8,83.59,2024-01-21 13:00:00,695.47,25.65,46.98,69547.0,13,6,1,21,41225.0,10220.0,True
2024,1,21,14,717.17,482.65,231.44,247.09,0.48,44.45,25.02,13.54,19.28,11.62,48.85,2.04,4.72,42.3,83.57,2024-01-21 14:00:00,482.65,25.02,48.85,48265.0,14,6,1,21,56215.0,1088.0,True
2024,1,21,15,495.5,263.0,213.95,144.43,0.35,57.98,23.89,13.53,18.71,11.61,52.25,1.36,4.58,46.8,83.61,2024-01-21 15:00:00,263.0,23.89,52.25,26300.0,15,6,1,21,73303.0,185.0,True
2024,1,21,16,247.75,123.25,78.94,85.87,0.28,71.89,22.39,13.68,18.04,11.72,57.78,1.18,4.23,51.5,83.67,2024-01-21 16:00:00,123.25,22.39,57.78,12325.0,16,6,1,21,76190.0,3692.0,True
2024,1,21,17,35.42,20.2,17.26,25.64,0.19,85.61,20.06,15.0,17.53,12.75,72.53,1.72,2.68,55.8,83.73,2024-01-21 17:00:00,20.2,20.06,72.53,2020.0,17,6,1,21,80328.0,12630.0,True
2024,1,22,6,128.95,102.57,66.3,76.18,0.36,78.46,16.04,13.3,14.67,11.38,83.64,0.01,4.03,23.7,83.94,2024-01-22 06:00:00,102.57,16.04,83.64,10257.0,6,0,1,22,69530.0,21530.0,True
2024,1,22,7,365.73,289.23,119.41,187.77,0.49,65.02,18.77,13.4,16.09,11.45,70.86,0.01,5.21,41.2,83.99,2024-01-22 07:00:00,289.23,18.77,70.86,28923.0,7,0,1,22,46062.0,33320.0,True
2024,1,22,8,613.62,495.55,316.98,274.37,0.56,51.23,21.6,12.95,17.27,11.11,57.73,0.01,5.97,44.5,84.0,2024-01-22 08:00:00,495.55,21.6,57.73,49555.0,8,0,1,22,23593.0,42450.0,True
2024,1,22,9,813.92,650.92,362.42,306.2,0.59,38.01,23.73,12.74,18.23,10.97,50.07,0.01,5.89,42.4,83.95,2024-01-22 09:00:00,650.92,23.73,50.07,65091.99999999999,9,0,1,22,10570.0,45948.0,True
2024,1,22,10,951.17,862.22,604.61,251.77,0.68,26.28,25.28,12.77,19.03,11.0,45.72,0.02,5.72,40.0,83.88,2024-01-22 10:00:00,862.22,25.28,45.72,86222.0,10,0,1,22,1807.9999999999998,62433.00000000001,True
2024,1,22,11,1028.53,914.6,637.92,260.5,0.69,19.11,26.29,12.94,19.61,11.14,43.57,0.04,5.68,39.1,83.81,2024-01-22 11:00:00,914.6,26.29,43.57,91460.0,11,0,1,22,383.0,51715.0,True
2024,1,22,12,1007.5,837.95,520.24,298.09,0.64,21.66,26.72,13.29,20.0,11.41,43.47,0.03,5.67,40.6,83.74,2024-01-22 12:00:00,837.95,26.72,43.47,83795.0,12,0,1,22,9325.0,45085.0,True
2024,1,22,13,906.42,660.47,368.25,280.18,0.55,31.66,26.52,13.57,20.05,11.63,44.79,0.04,5.65,43.8,83.68,2024-01-22 13:00:00,660.47,26.52,44.79,66047.0,13,0,1,22,26155.0,34765.0,True
2024,1,22,14,735.58,504.52,434.78,172.76,0.5,44.31,26.14,13.54,19.84,11.6,45.68,0.09,5.6,47.3,83.66,2024-01-22 14:00:00,504.52,26.14,45.68,50452.0,14,0,1,22,42858.0,15869.999999999998,True
2024,1,22,15,511.92,286.75,293.11,145.16,0.38,57.88,25.23,13.53,19.38,11.6,48.23,0.12,5.59,51.0,83.69,2024-01-22 15:00:00,286.75,25.23,48.23,28675.0,15,0,1,22,62890.0,1992.0000000000002,True
2024,1,22,16,258.23,134.4,148.37,86.03,0.31,71.8,23.72,13.61,18.66,11.65,53.05,0.06,5.44,55.6,83.74,2024-01-22 16:00:00,134.4,23.72,53.05,13440.0,16,0,1,22,83890.0,507.0,True
2024,1,22,17,38.25,21.75,24.99,24.74,0.2,85.56,20.87,14.32,17.6,12.2,66.1,0.02,3.92,60.5,83.8,2024-01-22 17:00:00,21.75,20.87,66.1,2175.0,17,0,1,22,91167.0,12080.0,True
2024,1,23,6,144.57,140.3,296.12,87.48,0.5,78.53,16.27,13.95,15.11,11.87,86.05,0.0,4.46,42.9,84.04,2024-01-23 06:00:00,140.3,16.27,86.05,14030.000000000002,6,1,1,23,90665.0,31367.0,True
2024,1,23,7,390.0,371.42,521.87,141.98,0.63,65.05,18.51,13.93,16.22,11.84,74.54,0.0,5.51,52.7,84.08,2024-01-23 07:00:00,371.42,18.51,74.54,37142.0,7,1,1,23,78862.0,53516.99999999999,True
2024,1,23,8,637.75,614.62,615.78,207.14,0.7,51.24,20.23,13.65,16.94,11.63,65.79,0.0,6.54,53.4,84.08,2024-01-23 08:00:00,614.62,20.23,65.79,61462.0,8,1,1,23,53120.00000000001,64338.0,True
2024,1,23,9,839.03,783.22,674.16,218.53,0.71,37.97,22.08,13.49,17.79,11.51,58.09,0.0,6.62,51.2,84.04,2024-01-23 09:00:00,783.22,22.08,58.09,78322.0,9,1,1,23,35040.0,71295.0,True
2024,1,23,10,974.88,918.95,656.86,281.04,0.73,26.17,24.55,13.24,18.89,11.34,49.26,0.01,6.43,45.5,83.96,2024-01-23 10:00:00,918.95,24.55,49.26,91895.0,10,1,1,23,16243.0,89853.0,True
2024,1,23,11,1042.12,984.3,734.1,271.35,0.74,18.9,26.06,12.83,19.45,11.05,43.84,0.03,6.1,40.9,83.87,2024-01-23 11:00:00,984.3,26.06,43.84,98430.0,11,1,1,23,2623.0,88320.0,True
2024,1,23,12,1023.03,873.58,707.14,177.44,0.67,21.44,26.02,12.46,19.24,10.79,42.88,0.01,5.64,40.8,83.79,2024-01-23 12:00:00,873.58,26.02,42.88,87358.0,12,1,1,23,392.0,76775.0,True
2024,1,23,13,924.85,750.85,471.98,285.87,0.63,31.49,25.49,12.32,18.9,10.71,43.89,0.01,5.23,44.6,83.74,2024-01-23 13:00:00,750.85,25.49,43.89,75085.0,13,1,1,23,11850.0,60241.99999999999,True
2024,1,23,14,755.78,615.53,466.95,258.32,0.61,44.18,25.36,12.45,18.9,10.8,44.59,0.01,5.05,48.8,83.72,2024-01-23 14:00:00,615.53,25.36,44.59,61553.0,14,1,1,23,31420.0,38325.0,True
2024,1,23,15,531.0,413.8,498.71,142.6,0.55,57.77,24.18,12.5,18.34,10.84,48.03,0.01,4.78,53.7,83.74,2024-01-23 15:00:00,413.8,24.18,48.03,41380.0,15,1,1,23,54565.0,18277.0,True
2024,1,23,16,273.5,193.4,453.86,93.4,0.44,71.72,23.25,12.85,18.05,11.08,51.95,0.01,4.47,59.5,83.79,2024-01-23 16:00:00,193.4,23.25,51.95,19340.0,16,1,1,23,73212.0,2273.0,True
2024,1,23,17,42.05,30.45,62.6,29.79,0.28,85.51,20.5,14.19,17.35,12.09,67.04,0.0,2.9,65.3,83.83,2024-01-23 17:00:00,30.45,20.5,67.04,3045.0,17,1,1,23,87475.0,475.0,True
2024,1,24,6,148.57,136.98,326.48,75.86,0.49,78.6,16.52,12.53,14.53,10.82,77.19,0.0,3.2,24.3,83.99,2024-01-24 06:00:00,136.98,16.52,77.19,13697.999999999998,6,2,1,24,93880.0,11885.0,True
2024,1,24,7,397.25,337.92,439.45,178.19,0.57,65.08,19.1,11.81,15.45,10.31,62.58,0.0,3.95,36.3,84.03,2024-01-24 07:00:00,337.92,19.1,62.58,33792.0,7,2,1,24,87755.0,31430.0,True
2024,1,24,8,645.62,542.2,396.2,251.3,0.62,51.24,21.25,11.1,16.17,9.83,52.26,0.0,4.73,44.2,84.05,2024-01-24 08:00:00,542.2,21.25,52.26,54220.00000000001,8,2,1,24,74938.0,55288.0,True
2024,1,24,9,848.17,759.78,618.41,243.4,0.69,37.93,22.3,10.62,16.46,9.52,47.45,0.0,4.69,41.7,84.02,2024-01-24 09:00:00,759.78,22.3,47.45,75978.0,9,2,1,24,55762.0,70365.0,True
2024,1,24,10,985.53,903.47,599.87,333.49,0.72,26.06,23.23,10.2,16.71,9.26,43.6,0.0,4.68,39.4,83.95,2024-01-24 10:00:00,903.47,23.23,43.6,90347.0,10,2,1,24,34167.0,77512.0,True
2024,1,24,11,1054.12,999.95,719.56,293.51,0.75,18.69,25.19,9.83,17.51,9.04,37.82,0.0,4.65,37.9,83.88,2024-01-24 11:00:00,999.95,25.19,37.82,99995.0,11,2,1,24,15925.0,93835.0,True
2024,1,24,12,1035.03,1014.85,843.32,175.86,0.77,21.21,26.85,9.49,18.17,8.85,33.52,0.0,4.5,37.3,83.78,2024-01-24 12:00:00,1014.85,26.85,33.52,101485.0,12,2,1,24,2395.0,87558.0,True
2024,1,24,13,936.85,886.58,663.95,253.37,0.74,31.32,27.51,9.24,18.38,8.71,31.71,0.0,4.55,41.3,83.69,2024-01-24 13:00:00,886.58,27.51,31.71,88658.0,13,2,1,24,370.0,78403.0,True
2024,1,24,14,767.5,712.0,723.9,193.19,0.7,44.05,26.8,9.08,17.94,8.62,32.7,0.0,4.89,48.1,83.64,2024-01-24 14:00:00,712.0,26.8,32.7,71200.0,14,2,1,24,9547.0,61591.99999999999,True
2024,1,24,15,540.75,454.98,535.96,222.51,0.61,57.67,24.92,9.29,17.1,8.75,37.11,0.0,5.32,56.3,83.66,2024-01-24 15:00:00,454.98,24.92,37.11,45498.0,15,2,1,24,26575.0,39825.0,True
2024,1,24,16,280.8,224.8,405.21,148.92,0.51,71.64,22.71,10.61,16.66,9.56,46.32,0.0,5.22,64.5,83.73,2024-01-24 16:00:00,224.8,22.71,46.32,22480.0,16,2,1,24,45790.0,19250.0,True
2024,1,24,17,44.15,36.17,93.81,33.82,0.33,85.46,20.18,11.8,15.99,10.34,58.52,0.0,4.68,70.1,83.8,2024-01-24 17:00:00,36.17,20.18,58.52,3617.0,17,2,1,24,55290.0,2275.0,True
2024,1,25,6,138.38,131.82,234.18,71.92,0.48,78.66,16.54,12.76,14.65,10.98,78.22,0.0,3.0,19.3,83.97,2024-01-25 06:00:00,131.82,16.54,78.22,13182.0,6,3,1,25,63320.00000000001,397.0,True
2024,1,25,7,381.15,350.65,431.47,172.66,0.59,65.1,19.14,12.52,15.83,10.8,65.35,0.0,3.56,28.7,84.02,2024-01-25 07:00:00,350.65,19.14,65.35,35065.0,7,3,1,25,61808.00000000001,6893.000000000001,True
2024,1,25,8,627.2,578.45,550.92,206.7,0.66,51.23,21.48,12.5,16.99,10.79,56.5,0.0,3.77,35.2,84.01,2024-01-25 08:00:00,578.45,21.48,56.5,57845.00000000001,8,3,1,25,58640.0,20010.0,True
2024,1,25,9,829.3,799.33,684.24,217.22,0.72,37.88,23.22,12.28,17.75,10.64,50.11,0.03,3.35,34.4,83.99,2024-01-25 09:00:00,799.33,23.22,50.11,79933.0,9,3,1,25,56016.99999999999,34870.0,True
2024,1,25,10,965.58,933.83,679.13,281.21,0.74,25.95,24.67,12.01,18.34,10.45,45.09,0.11,3.03,33.0,83.94,2024-01-25 10:00:00,933.83,24.67,45.09,93383.0,10,3,1,25,44960.0,48895.0,True
2024,1,25,11,1037.38,928.58,679.77,247.86,0.7,18.47,25.75,11.72,18.73,10.26,41.48,0.17,3.21,33.0,83.87,2024-01-25 11:00:00,928.58,25.75,41.48,92858.0,11,3,1,25,23335.0,65466.99999999999,True
2024,1,25,12,1018.35,915.5,678.42,248.14,0.7,20.98,26.32,11.47,18.89,10.11,39.48,0.27,3.6,35.6,83.79,2024-01-25 12:00:00,915.5,26.32,39.48,91550.0,12,3,1,25,10807.0,67245.0,True
2024,1,25,13,921.97,768.4,482.06,279.49,0.64,31.14,26.32,11.42,18.87,10.08,39.33,0.4,3.86,39.0,83.71,2024-01-25 13:00:00,768.4,26.32,39.33,76840.0,13,3,1,25,1798.0,62679.99999999999,True
2024,1,25,14,753.75,588.83,486.12,228.42,0.58,43.92,25.78,11.47,18.62,10.12,40.75,0.43,3.91,43.2,83.68,2024-01-25 14:00:00,588.83,25.78,40.75,58883.00000000001,14,3,1,25,212.0,56135.0,True
2024,1,25,15,527.95,366.15,451.84,143.42,0.49,57.57,24.71,11.61,18.16,10.21,43.82,0.3,3.91,50.8,83.68,2024-01-25 15:00:00,366.15,24.71,43.82,36615.0,15,3,1,25,3547.0,41392.0,True
2024,1,25,16,270.6,170.9,270.27,88.8,0.38,71.56,23.17,13.02,18.1,11.21,52.77,0.11,3.27,61.9,83.73,2024-01-25 16:00:00,170.9,23.17,52.77,17090.0,16,3,1,25,13180.000000000002,22470.0,True
2024,1,25,17,42.2,27.08,33.11,26.16,0.24,85.42,20.56,14.7,17.63,12.5,69.01,0.16,2.74,74.3,83.79,2024-01-25 17:00:00,27.08,20.56,69.01,2708.0,17,3,1,25,24570.0,10378.0,True
2024,1,26,6,136.8,107.75,124.36,77.02,0.39,78.73,17.27,16.01,16.64,13.57,92.15,0.13,2.69,59.4,83.98,2024-01-26 06:00:00,107.75,17.27,92.15,10775.0,6,4,1,26,38925.0,1635.0000000000002,True
2024,1,26,7,377.35,282.77,234.06,202.99,0.48,65.12,19.48,16.1,17.79,13.64,80.7,0.15,3.63,59.6,84.04,2024-01-26 07:00:00,282.77,19.48,80.7,28277.0,7,4,1,26,39362.0,305.0,True
2024,1,26,8,622.62,485.45,264.51,272.09,0.55,51.22,21.58,15.47,18.52,13.1,68.11,0.22,4.19,48.7,84.05,2024-01-26 08:00:00,485.45,21.58,68.11,48545.0,8,4,1,26,48040.0,6142.0,True
2024,1,26,9,826.25,680.0,341.16,361.98,0.61,37.83,22.94,15.02,18.98,12.72,60.88,0.08,4.51,42.6,84.03,2024-01-26 09:00:00,680.0,22.94,60.88,68000.0,9,4,1,26,69885.0,18932.0,True
2024,1,26,10,963.17,871.22,552.02,323.69,0.69,25.83,23.93,14.57,19.25,12.37,55.76,0.02,4.76,39.8,83.99,2024-01-26 10:00:00,871.22,23.93,55.76,87122.0,10,4,1,26,49355.0,32500.0,True
2024,1,26,11,1032.0,949.58,575.69,323.01,0.71,18.25,24.71,14.1,19.4,12.0,51.59,0.01,4.93,39.6,83.92,2024-01-26 11:00:00,949.58,24.71,51.59,94958.0,11,4,1,26,34045.0,39602.0,True
2024,1,26,12,1011.92,922.92,676.09,272.06,0.7,20.75,25.21,13.67,19.44,11.68,48.7,0.01,5.0,41.8,83.83,2024-01-26 12:00:00,922.92,25.21,48.7,92292.0,12,4,1,26,22970.0,51697.0,True
2024,1,26,13,915.85,806.88,681.41,202.52,0.67,30.97,25.31,13.37,19.34,11.46,47.46,0.01,5.06,45.4,83.75,2024-01-26 13:00:00,806.88,25.31,47.46,80688.0,13,4,1,26,10360.0,53378.0,True
2024,1,26,14,747.47,650.15,416.2,306.79,0.64,43.79,24.9,13.32,19.11,11.43,48.48,0.0,5.08,49.8,83.71,2024-01-26 14:00:00,650.15,24.9,48.48,65015.0,14,4,1,26,1795.0,54066.99999999999,True
2024,1,26,15,523.42,422.65,556.42,136.61,0.56,57.47,24.07,13.46,18.77,11.54,51.43,0.0,4.96,53.9,83.7,2024-01-26 15:00:00,422.65,24.07,51.43,42265.0,15,4,1,26,328.0,58275.0,True
2024,1,26,16,267.05,199.85,222.7,118.11,0.45,71.49,22.85,13.99,18.42,11.95,57.33,0.0,4.3,59.3,83.73,2024-01-26 16:00:00,199.85,22.85,57.33,19985.0,16,4,1,26,11395.0,44273.0,True
2024,1,26,17,41.7,30.65,52.23,32.08,0.27,85.37,20.41,15.22,17.81,12.93,72.01,0.0,2.86,67.6,83.77,2024-01-26 17:00:00,30.65,20.41,72.01,3065.0,17,4,1,26,31635.000000000004,30408.0,True
2024,1,27,6,134.75,121.12,265.48,71.7,0.44,78.78,17.59,16.74,17.17,14.23,94.6,0.67,4.01,58.4,83.92,2024-01-27 06:00:00,121.12,17.59,94.6,12112.0,6,5,1,27,55090.0,12969.999999999998,True
2024,1,27,7,376.27,329.65,398.58,150.27,0.56,65.14,19.24,17.31,18.27,14.75,88.45,0.52,4.48,59.3,83.98,2024-01-27 07:00:00,329.65,19.24,88.45,32965.0,7,5,1,27,78705.0,1945.0,True
2024,1,27,8,626.9,588.0,590.78,195.97,0.67,51.21,21.45,16.81,19.13,14.29,74.79,0.24,4.94,56.5,83.99,2024-01-27 08:00:00,588.0,21.45,74.79,58800.0,8,5,1,27,91322.0,262.0,True
2024,1,27,9,834.2,792.1,630.16,246.94,0.71,37.78,23.46,15.92,19.69,13.5,62.54,0.1,4.84,52.1,83.97,2024-01-27 09:00:00,792.1,23.46,62.54,79210.0,9,5,1,27,98465.0,5650.0,True
2024,1,27,10,974.12,951.83,726.94,246.19,0.75,25.7,25.46,15.23,20.35,12.92,53.08,0.07,4.66,50.9,83.91,2024-01-27 10:00:00,951.83,25.46,53.08,95183.0,10,5,1,27,90545.0,18870.0,True
2024,1,27,11,1046.15,1032.8,808.13,187.18,0.77,18.03,27.17,14.63,20.9,12.43,46.13,0.04,4.58,51.4,83.82,2024-01-27 11:00:00,1032.8,27.17,46.13,103280.0,11,5,1,27,77242.0,32585.000000000004,True
2024,1,27,12,1027.03,1012.97,830.57,207.07,0.77,20.52,27.95,14.17,21.06,12.08,42.8,0.02,4.83,54.7,83.73,2024-01-27 12:00:00,1012.97,27.95,42.8,101297.0,12,5,1,27,59650.0,38555.0,True
2024,1,27,13,929.62,885.3,781.58,189.76,0.73,30.8,27.79,13.89,20.84,11.88,42.45,0.02,5.27,59.2,83.66,2024-01-27 13:00:00,885.3,27.79,42.45,88530.0,13,5,1,27,35295.0,45845.0,True
2024,1,27,14,759.0,700.75,633.29,198.46,0.69,43.66,26.51,13.75,20.13,11.76,45.29,0.01,5.67,62.9,83.63,2024-01-27 14:00:00,700.75,26.51,45.29,70075.0,14,5,1,27,16415.0,52475.0,True
2024,1,27,15,531.58,448.2,460.6,191.75,0.59,57.37,25.21,13.83,19.52,11.82,49.17,0.0,5.97,64.6,83.65,2024-01-27 15:00:00,448.2,25.21,49.17,44820.0,15,5,1,27,2310.0,55216.99999999999,True
2024,1,27,16,274.35,216.82,372.53,93.79,0.48,71.42,23.59,14.1,18.85,12.03,55.17,0.0,5.82,64.7,83.7,2024-01-27 16:00:00,216.82,23.59,55.17,21682.0,16,5,1,27,170.0,61591.99999999999,True
2024,1,27,17,44.35,35.1,96.89,30.44,0.31,85.33,21.55,14.75,18.15,12.55,65.17,0.01,4.8,65.9,83.76,2024-01-27 17:00:00,35.1,21.55,65.17,3510.0,17,5,1,27,4817.0,53958.00000000001,True
2024,1,28,6,151.43,141.93,346.83,55.8,0.52,78.84,17.53,16.31,16.92,13.85,92.38,0.7,5.04,42.7,83.87,2024-01-28 06:00:00,141.93,17.53,92.38,14193.0,6,6,1,28,15212.0,34245.0,True
2024,1,28,7,404.38,369.6,607.68,112.04,0.63,65.16,19.78,16.05,17.92,13.62,78.97,0.25,6.16,42.8,83.91,2024-01-28 07:00:00,369.6,19.78,78.97,36960.0,7,6,1,28,22623.0,16250.0,True
2024,1,28,8,654.22,596.62,708.68,165.03,0.68,51.2,22.54,15.03,18.79,12.74,62.39,0.11,6.71,45.9,83.91,2024-01-28 08:00:00,596.62,22.54,62.39,59662.0,8,6,1,28,46183.0,2190.0,True
2024,1,28,9,859.8,820.05,680.44,244.72,0.74,37.73,24.75,14.32,19.54,12.18,52.21,0.05,6.79,49.3,83.88,2024-01-28 09:00:00,820.05,24.75,52.21,82005.0,9,6,1,28,71847.0,220.00000000000003,True
2024,1,28,10,997.1,968.88,814.93,205.01,0.76,25.58,26.33,13.67,20.0,11.69,45.61,0.03,6.73,49.9,83.83,2024-01-28 10:00:00,968.88,26.33,45.61,96888.0,10,6,1,28,84238.0,2498.0,True
2024,1,28,11,1056.35,1037.85,808.79,195.33,0.78,17.79,27.37,13.22,20.29,11.35,41.62,0.02,6.71,50.3,83.75,2024-01-28 11:00:00,1037.85,27.37,41.62,103784.99999999999,11,6,1,28,77660.0,8455.0,True
2024,1,28,12,1037.4,1025.62,830.79,192.21,0.78,20.28,27.81,13.0,20.4,11.2,39.99,0.02,6.65,51.5,83.66,2024-01-28 12:00:00,1025.62,27.81,39.99,102561.99999999999,12,6,1,28,66883.0,13375.0,True
2024,1,28,13,939.28,919.15,775.08,195.37,0.76,30.62,27.58,13.18,20.38,11.34,41.01,0.05,6.54,52.7,83.6,2024-01-28 13:00:00,919.15,27.58,41.01,91915.0,13,6,1,28,48935.0,32617.0,True
2024,1,28,14,770.03,745.17,754.22,172.5,0.73,43.54,26.95,13.49,20.22,11.58,43.43,0.11,6.39,53.0,83.57,2024-01-28 14:00:00,745.17,26.95,43.43,74517.0,14,6,1,28,28410.000000000004,41698.0,True
2024,1,28,15,546.42,512.12,609.34,156.66,0.67,57.28,25.81,13.61,19.71,11.67,46.81,0.17,6.25,53.1,83.58,2024-01-28 15:00:00,512.12,25.81,46.81,51212.0,15,6,1,28,13010.0,43483.0,True
2024,1,28,16,288.42,259.35,448.84,101.1,0.58,71.35,24.19,13.69,18.94,11.72,51.8,0.32,5.99,54.5,83.62,2024-01-28 16:00:00,259.35,24.19,51.8,25935.000000000004,16,6,1,28,2000.0,43425.0,True
2024,1,28,17,48.53,44.42,165.92,31.02,0.39,85.29,21.86,14.29,18.07,12.18,62.01,0.16,4.41,58.4,83.68,2024-01-28 17:00:00,44.42,21.86,62.01,4442.0,17,6,1,28,140.0,44615.0,True
2024,1,29,6,151.93,137.8,383.32,57.03,0.51,78.88,17.18,15.66,16.42,13.28,90.59,0.24,5.04,49.8,83.86,2024-01-29 06:00:00,137.8,17.18,90.59,13780.000000000002,6,0,1,29,2812.0,39223.0,True
2024,1,29,7,404.73,347.88,576.25,107.94,0.59,65.17,19.7,15.39,17.55,13.05,76.08,0.24,6.16,46.4,83.92,2024-01-29 07:00:00,347.88,19.7,76.08,34788.0,7,0,1,29,13877.000000000002,29033.0,True
2024,1,29,8,652.5,555.88,665.23,147.1,0.63,51.18,22.3,14.9,18.6,12.64,62.83,0.12,6.51,43.9,83.93,2024-01-29 08:00:00,555.88,22.3,62.83,55588.0,8,0,1,29,22825.0,13410.0,True
2024,1,29,9,854.65,761.42,551.45,306.71,0.68,37.67,24.6,14.6,19.6,12.41,53.67,0.05,6.44,44.2,83.89,2024-01-29 09:00:00,761.42,24.6,53.67,76142.0,9,0,1,29,36185.0,2145.0,True
2024,1,29,10,991.1,904.62,615.85,320.97,0.71,25.45,26.41,14.36,20.38,12.22,47.43,0.01,6.18,45.1,83.82,2024-01-29 10:00:00,904.62,26.41,47.43,90462.0,10,0,1,29,50755.0,295.0,True
2024,1,29,11,1048.35,969.5,638.4,317.8,0.72,17.56,27.74,14.22,20.98,12.12,43.47,0.01,5.95,45.7,83.74,2024-01-29 11:00:00,969.5,27.74,43.47,96950.0,11,0,1,29,52329.99999999999,7850.0,True
2024,1,29,12,1027.97,986.2,716.73,252.87,0.75,20.04,28.5,14.09,21.3,12.03,41.24,0.0,5.84,46.1,83.65,2024-01-29 12:00:00,986.2,28.5,41.24,98620.0,12,0,1,29,59541.99999999999,22988.0,True
2024,1,29,13,929.1,854.62,646.78,234.79,0.71,30.45,28.6,14.09,21.35,12.04,41.0,0.05,5.78,47.7,83.58,2024-01-29 13:00:00,854.62,28.6,41.0,85462.0,13,0,1,29,69547.0,41225.0,True
2024,1,29,14,758.9,698.95,663.83,187.31,0.69,43.41,27.91,14.2,21.05,12.13,42.98,0.28,5.71,49.9,83.56,2024-01-29 14:00:00,698.95,27.91,42.98,69895.0,14,0,1,29,48265.0,56215.0,True
2024,1,29,15,533.88,469.05,576.12,170.69,0.62,57.19,26.7,14.33,20.52,12.22,46.49,0.81,5.73,52.1,83.58,2024-01-29 15:00:00,469.05,26.7,46.49,46905.0,15,0,1,29,26300.0,73303.0,True
2024,1,29,16,275.8,230.5,395.35,109.67,0.51,71.28,24.86,14.54,19.7,12.39,52.6,1.29,5.72,55.0,83.63,2024-01-29 16:00:00,230.5,24.86,52.6,23050.0,16,0,1,29,12325.0,76190.0,True
2024,1,29,17,43.8,35.67,83.93,29.31,0.31,85.25,22.5,15.22,18.86,12.94,63.35,1.2,4.75,59.2,83.7,2024-01-29 17:00:00,35.67,22.5,63.35,3567.0,17,0,1,29,2020.0,80328.0,True
2024,1,30,6,132.23,113.12,86.74,85.17,0.42,78.93,17.21,15.49,16.35,13.14,89.49,0.24,4.63,46.2,83.88,2024-01-30 06:00:00,113.12,17.21,89.49,11312.0,6,1,1,30,10257.0,69530.0,True
2024,1,30,7,375.12,318.98,337.16,182.75,0.54,65.18,20.23,15.51,17.87,13.14,74.14,0.59,5.9,47.2,83.94,2024-01-30 07:00:00,318.98,20.23,74.14,31898.0,7,1,1,30,28923.0,46062.0,True
2024,1,30,8,621.33,545.4,394.45,279.91,0.62,51.16,23.0,15.16,19.08,12.85,61.21,0.96,6.17,42.4,83.94,2024-01-30 08:00:00,545.4,23.0,61.21,54540.0,8,1,1,30,49555.0,23593.0,True
2024,1,30,9,824.78,758.58,571.75,276.91,0.68,37.6,25.27,14.89,20.08,12.63,52.49,1.01,5.86,39.2,83.9,2024-01-30 09:00:00,758.58,25.27,52.49,75858.0,9,1,1,30,65091.99999999999,10570.0,True
2024,1,30,10,963.33,872.92,583.52,279.86,0.69,25.31,26.89,14.75,20.82,12.53,47.28,1.43,5.45,37.7,83.84,2024-01-30 10:00:00,872.92,26.89,47.28,87292.0,10,1,1,30,86222.0,1807.9999999999998,True
2024,1,30,11,1032.03,911.75,609.53,287.54,0.68,17.31,27.79,14.72,21.25,12.51,44.74,2.13,5.19,39.5,83.75,2024-01-30 11:00:00,911.75,27.79,44.74,91175.0,11,1,1,30,91460.0,383.0,True
2024,1,30,12,1015.17,831.08,893.52,303.67,0.63,19.8,28.05,14.58,21.32,12.42,43.71,2.83,5.06,44.4,83.67,2024-01-30 12:00:00,831.08,28.05,43.71,83108.0,12,1,1,30,83795.0,9325.0,True
2024,1,30,13,917.38,757.85,536.42,260.17,0.63,30.29,27.74,14.5,21.12,12.36,44.26,3.44,5.04,49.7,83.61,2024-01-30 13:00:00,757.85,27.74,44.26,75785.0,13,1,1,30,66047.0,26155.0,True
2024,1,30,14,748.5,641.95,478.77,256.79,0.63,43.29,26.88,14.52,20.7,12.38,46.6,3.43,5.05,54.0,83.58,2024-01-30 14:00:00,641.95,26.88,46.6,64195.00000000001,14,1,1,30,50452.0,42858.0,True
2024,1,30,15,523.83,436.45,409.12,187.05,0.57,57.1,25.62,14.64,20.13,12.48,50.61,2.74,5.03,57.4,83.59,2024-01-30 15:00:00,436.45,25.62,50.61,43645.0,15,1,1,30,28675.0,62890.0,True
2024,1,30,16,267.7,205.07,219.55,111.08,0.45,71.22,24.11,15.13,19.62,12.88,57.18,2.39,4.88,62.5,83.65,2024-01-30 16:00:00,205.07,24.11,57.18,20507.0,16,1,1,30,13440.0,83890.0,True
2024,1,30,17,42.12,32.8,24.18,30.93,0.28,85.22,21.81,16.37,19.09,13.94,71.14,2.61,3.83,70.3,83.71,2024-01-30 17:00:00,32.8,21.81,71.14,3279.9999999999995,17,1,1,30,2175.0,91167.0,True
2024,1,31,6,136.68,112.15,234.88,75.71,0.42,78.97,17.78,16.63,17.21,14.14,92.84,0.51,5.16,77.1,83.88,2024-01-31 06:00:00,112.15,17.78,92.84,11215.0,6,2,1,31,14030.000000000002,90665.0,True
2024,1,31,7,384.05,326.67,484.25,126.16,0.55,65.19,19.91,16.32,18.11,13.86,79.72,0.35,5.94,71.2,83.93,2024-01-31 07:00:00,326.67,19.91,79.72,32667.0,7,2,1,31,37142.0,78862.0,True
2024,1,31,8,632.62,573.92,634.32,152.78,0.65,51.14,22.69,15.23,18.96,12.91,62.67,0.2,6.18,61.3,83.95,2024-01-31 08:00:00,573.92,22.69,62.67,57391.99999999999,8,2,1,31,61462.0,53120.00000000001,True
2024,1,31,9,836.55,768.7,695.31,211.15,0.69,37.54,24.85,14.76,19.8,12.52,53.37,0.11,6.11,55.1,83.93,2024-01-31 09:00:00,768.7,24.85,53.37,76870.0,9,2,1,31,78322.0,35040.0,True
2024,1,31,10,976.03,911.45,598.67,273.37,0.72,25.18,26.59,14.54,20.57,12.35,47.47,0.13,6.07,52.8,83.89,2024-01-31 10:00:00,911.45,26.59,47.47,91145.0,10,2,1,31,91895.0,16243.0,True
2024,1,31,11,1043.82,954.95,661.31,262.84,0.71,17.07,27.8,14.24,21.02,12.12,43.36,0.1,6.31,52.7,83.82,2024-01-31 11:00:00,954.95,27.8,43.36,95495.0,11,2,1,31,98430.0,2623.0,True
2024,1,31,12,1027.15,947.78,665.72,266.65,0.72,19.56,28.47,13.77,21.12,11.77,40.47,0.12,6.69,52.5,83.74,2024-01-31 12:00:00,947.78,28.47,40.47,94778.0,12,2,1,31,87358.0,392.0,True
2024,1,31,13,930.95,801.65,616.93,264.43,0.66,30.12,28.51,13.33,20.92,11.44,39.23,0.1,7.0,53.4,83.69,2024-01-31 13:00:00,801.65,28.51,39.23,80165.0,13,2,1,31,75085.0,11850.0,True
2024,1,31,14,763.2,638.8,510.34,188.52,0.62,43.18,27.87,12.97,20.42,11.17,39.75,0.07,7.16,54.8,83.66,2024-01-31 14:00:00,638.8,27.87,39.75,63879.99999999999,14,2,1,31,61553.0,31420.0,True
2024,1,31,15,539.1,425.73,480.71,154.24,0.56,57.02,26.64,12.65,19.65,10.94,41.85,0.04,7.13,56.3,83.68,2024-01-31 15:00:00,425.73,26.64,41.85,42573.0,15,2,1,31,41380.0,54565.0,True
2024,1,31,16,280.4,213.98,341.67,101.52,0.47,71.16,24.82,12.56,18.69,10.87,46.35,0.01,6.81,58.0,83.73,2024-01-31 16:00:00,213.98,24.82,46.35,21398.0,16,2,1,31,19340.0,73212.0,True
2024,1,31,17,45.4,34.85,65.94,35.85,0.3,85.19,21.95,13.19,17.57,11.32,57.42,0.01,5.0,61.2,83.78,2024-01-31 17:00:00,34.85,21.95,57.42,3485.0,17,2,1,31,3045.0,87475.0,True
2024,2,1,6,124.25,112.75,147.74,85.85,0.42,79.01,16.86,15.32,16.09,12.98,90.52,0.24,4.34,63.0,84.0,2024-02-01 06:00:00,112.75,16.86,90.52,11275.0,6,3,2,32,13697.999999999998,93880.0,True
2024,2,1,7,365.5,326.83,423.22,143.96,0.56,65.19,19.92,15.18,17.55,12.85,74.01,0.1,5.24,65.4,84.04,2024-02-01 07:00:00,326.83,19.92,74.01,32683.0,7,3,2,32,33792.0,87755.0,True
2024,2,1,8,616.25,570.0,547.71,204.64,0.65,51.11,22.72,14.3,18.51,12.13,58.87,0.04,5.31,64.2,84.05,2024-02-01 08:00:00,570.0,22.72,58.87,57000.0,8,3,2,32,54220.00000000001,74938.0,True
2024,2,1,9,824.1,750.45,505.7,300.23,0.67,37.47,25.02,13.67,19.35,11.65,49.23,0.05,4.97,65.5,84.01,2024-02-01 09:00:00,750.45,25.02,49.23,75045.0,9,3,2,32,75978.0,55762.0,True
2024,2,1,10,966.17,895.08,513.08,345.83,0.7,25.03,26.9,13.13,20.02,11.26,42.55,0.04,4.61,67.4,83.94,2024-02-01 10:00:00,895.08,26.9,42.55,89508.0,10,3,2,32,90347.0,34167.0,True
2024,2,1,11,1054.28,977.92,622.51,326.79,0.73,16.82,28.31,12.61,20.46,10.89,37.87,0.04,4.51,68.7,83.86,2024-02-01 11:00:00,977.92,28.31,37.87,97792.0,11,3,2,32,99995.0,15925.0,True
2024,2,1,12,1035.35,935.62,648.11,305.4,0.71,19.31,29.15,12.11,20.63,10.54,34.88,0.05,4.69,68.9,83.76,2024-02-01 12:00:00,935.62,29.15,34.88,93562.0,12,3,2,32,101485.0,2395.0,True
2024,2,1,13,936.45,849.17,494.09,345.19,0.7,29.95,29.28,11.64,20.46,10.23,33.57,0.09,5.01,68.7,83.69,2024-02-01 13:00:00,849.17,29.28,33.57,84917.0,13,3,2,32,88658.0,370.0,True
2024,2,1,14,765.4,654.17,482.31,288.63,0.64,43.06,28.75,11.34,20.05,10.03,33.93,0.21,5.32,69.3,83.65,2024-02-01 14:00:00,654.17,28.75,33.93,65416.99999999999,14,3,2,32,71200.0,9547.0,True
2024,2,1,15,536.58,457.12,440.81,244.1,0.6,56.94,27.52,11.2,19.36,9.94,36.13,0.34,5.54,69.2,83.66,2024-02-01 15:00:00,457.12,27.52,36.13,45712.0,15,3,2,32,45498.0,26575.0,True
2024,2,1,16,275.1,226.82,308.85,116.62,0.5,71.11,25.48,11.6,18.54,10.2,41.83,0.4,5.53,69.6,83.71,2024-02-01 16:00:00,226.82,25.48,41.83,22682.0,16,3,2,32,22480.0,45790.0,True
2024,2,1,17,43.33,37.28,50.34,36.53,0.31,85.16,22.29,13.02,17.65,11.2,55.64,0.39,4.29,73.2,83.77,2024-02-01 17:00:00,37.28,22.29,55.64,3728.0,17,3,2,32,3617.0,55290.0,True
2024,2,2,6,114.32,97.78,44.48,81.63,0.37,79.04,17.8,15.92,16.86,13.5,88.63,0.01,3.31,55.2,83.95,2024-02-02 06:00:00,97.78,17.8,88.63,9778.0,6,4,2,33,13182.0,63320.00000000001,True
2024,2,2,7,345.65,295.9,219.78,189.67,0.5,65.19,20.36,15.43,17.89,13.07,73.21,0.0,3.65,53.6,84.01,2024-02-02 07:00:00,295.9,20.36,73.21,29589.999999999996,7,4,2,33,35065.0,61808.00000000001,True
2024,2,2,8,590.97,494.2,347.72,243.24,0.56,51.09,22.67,14.9,18.79,12.62,61.38,0.0,3.45,53.6,84.0,2024-02-02 08:00:00,494.2,22.67,61.38,49420.0,8,4,2,33,57845.00000000001,58640.0,True
2024,2,2,9,804.97,650.95,287.98,319.15,0.58,37.4,24.72,14.25,19.48,12.12,52.09,0.0,3.28,60.4,83.95,2024-02-02 09:00:00,650.95,24.72,52.09,65095.00000000001,9,4,2,33,79933.0,56016.99999999999,True
2024,2,2,10,948.12,737.75,290.83,346.77,0.58,24.89,26.28,13.43,19.86,11.49,44.99,0.0,3.35,68.5,83.88,2024-02-02 10:00:00,737.75,26.28,44.99,73775.0,10,4,2,33,93383.0,44960.0,True
2024,2,2,11,1037.22,796.62,245.34,396.43,0.59,16.56,27.26,12.83,20.05,11.05,40.81,0.0,3.63,73.2,83.79,2024-02-02 11:00:00,796.62,27.26,40.81,79662.0,11,4,2,33,92858.0,23335.0,True
2024,2,2,12,1019.85,749.3,194.3,393.63,0.57,19.07,27.76,12.5,20.13,10.83,38.81,0.0,3.94,74.7,83.69,2024-02-02 12:00:00,749.3,27.76,38.81,74930.0,12,4,2,33,91550.0,10807.0,True
2024,2,2,13,921.6,693.08,232.14,339.66,0.57,29.79,27.66,12.41,20.03,10.78,38.82,0.0,4.32,74.8,83.62,2024-02-02 13:00:00,693.08,27.66,38.82,69308.0,13,4,2,33,76840.0,1798.0,True
2024,2,2,14,751.95,525.2,94.91,356.69,0.51,42.95,26.99,12.52,19.76,10.86,40.65,0.0,4.66,74.4,83.57,2024-02-02 14:00:00,525.2,26.99,40.65,52520.00000000001,14,4,2,33,58883.00000000001,212.0,True
2024,2,2,15,526.72,355.15,57.85,249.41,0.46,56.86,25.88,12.75,19.32,11.02,44.03,0.0,4.84,74.5,83.57,2024-02-02 15:00:00,355.15,25.88,44.03,35515.0,15,4,2,33,36615.0,3547.0,True
2024,2,2,16,270.55,183.95,37.26,142.34,0.4,71.06,24.24,13.17,18.7,11.33,49.93,0.0,4.88,75.9,83.61,2024-02-02 16:00:00,183.95,24.24,49.93,18395.0,16,4,2,33,17090.0,13180.000000000002,True
2024,2,2,17,42.62,34.12,12.94,37.69,0.29,85.13,22.17,14.12,18.14,12.05,60.19,0.0,4.23,77.9,83.66,2024-02-02 17:00:00,34.12,22.17,60.19,3411.9999999999995,17,4,2,33,2708.0,24570.0,True
2024,2,3,6,124.82,117.78,233.35,71.0,0.44,79.07,17.64,15.59,16.62,13.23,87.63,0.0,3.62,55.7,83.83,2024-02-03 06:00:00,117.78,17.64,87.63,11778.0,6,5,2,34,10775.0,38925.0,True
2024,2,3,7,367.0,352.92,472.7,137.87,0.6,65.19,20.06,15.39,17.73,13.06,74.41,0.0,4.19,48.7,83.87,2024-02-03 07:00:00,352.92,20.06,74.41,35292.0,7,5,2,34,28277.0,39362.0,True
2024,2,3,8,614.67,613.0,746.6,138.17,0.7,51.05,23.45,14.75,19.1,12.53,58.05,0.0,4.07,45.8,83.87,2024-02-03 08:00:00,613.0,23.45,58.05,61300.0,8,5,2,34,48545.0,48040.0,True
2024,2,3,9,820.45,818.8,788.07,173.17,0.73,37.32,26.25,13.94,20.1,11.89,46.59,0.0,3.87,51.6,83.82,2024-02-03 09:00:00,818.8,26.25,46.59,81880.0,9,5,2,34,68000.0,69885.0,True
2024,2,3,10,962.8,958.33,729.66,259.39,0.75,24.74,28.19,13.09,20.64,11.26,39.36,0.0,4.1,61.1,83.74,2024-02-03 10:00:00,958.33,28.19,39.36,95833.0,10,5,2,34,87122.0,49355.0,True
2024,2,3,11,1048.93,1032.82,804.2,203.48,0.77,16.3,29.52,12.26,20.89,10.67,34.51,0.0,4.7,68.1,83.65,2024-02-03 11:00:00,1032.82,29.52,34.51,103282.0,11,5,2,34,94958.0,34045.0,True
2024,2,3,12,1031.93,955.25,766.54,202.88,0.72,18.82,30.16,11.82,20.99,10.36,32.27,0.0,5.24,71.8,83.56,2024-02-03 12:00:00,955.25,30.16,32.27,95525.0,12,5,2,34,92292.0,22970.0,True
2024,2,3,13,934.53,863.42,658.62,266.27,0.71,29.63,30.1,11.63,20.86,10.25,32.02,0.0,5.69,73.9,83.5,2024-02-03 13:00:00,863.42,30.1,32.02,86342.0,13,5,2,34,80688.0,10360.0,True
2024,2,3,14,765.62,708.5,611.22,246.8,0.69,42.84,29.38,11.65,20.52,10.26,33.39,0.0,6.04,74.4,83.47,2024-02-03 14:00:00,708.5,29.38,33.39,70850.0,14,5,2,34,65015.0,1795.0,True
2024,2,3,15,537.72,510.73,658.86,144.45,0.67,56.78,28.19,11.81,20.0,10.37,36.16,0.0,6.3,75.7,83.49,2024-02-03 15:00:00,510.73,28.19,36.16,51073.0,15,5,2,34,42265.0,328.0,True
2024,2,3,16,278.65,258.85,468.98,105.75,0.57,71.01,26.27,12.3,19.29,10.7,41.78,0.0,6.46,78.1,83.55,2024-02-03 16:00:00,258.85,26.27,41.78,25885.000000000004,16,5,2,34,19985.0,11395.0,True
2024,2,3,17,45.47,42.97,108.5,34.88,0.36,85.11,23.61,13.43,18.52,11.53,52.78,0.0,5.76,81.0,83.63,2024-02-03 17:00:00,42.97,23.61,52.78,4297.0,17,5,2,34,3065.0,31635.000000000004,True
2024,2,4,6,141.7,137.65,295.7,67.16,0.52,79.1,17.49,15.52,16.51,13.16,88.07,0.09,4.87,55.4,83.9,2024-02-04 06:00:00,137.65,17.49,88.07,13765.0,6,6,2,35,12112.0,55090.0,True
2024,2,4,7,397.12,376.05,632.01,122.09,0.64,65.18,20.75,15.51,18.13,13.14,71.8,0.05,6.38,54.6,83.95,2024-02-04 07:00:00,376.05,20.75,71.8,37605.0,7,6,2,35,32965.0,78705.0,True
2024,2,4,8,650.17,611.17,681.9,178.89,0.69,51.02,23.73,14.69,19.21,12.47,56.87,0.01,6.81,55.8,83.96,2024-02-04 08:00:00,611.17,23.73,56.87,61116.99999999999,8,6,2,35,58800.0,91322.0,True
2024,2,4,9,854.95,820.45,678.93,240.57,0.74,37.25,26.15,14.07,20.11,11.97,47.25,0.0,6.85,58.5,83.93,2024-02-04 09:00:00,820.45,26.15,47.25,82045.0,9,6,2,35,79210.0,98465.0,True
2024,2,4,10,993.4,955.58,679.09,261.32,0.75,24.59,27.97,13.68,20.82,11.68,41.41,0.0,6.84,61.5,83.86,2024-02-04 10:00:00,955.58,27.97,41.41,95558.0,10,6,2,35,95183.0,90545.0,True
2024,2,4,11,1055.75,989.28,763.49,266.29,0.73,16.03,29.27,13.39,21.33,11.48,37.71,0.0,6.86,63.8,83.79,2024-02-04 11:00:00,989.28,29.27,37.71,98928.0,11,6,2,35,103280.0,77242.0,True
2024,2,4,12,1037.28,996.38,637.73,314.18,0.75,18.57,30.03,13.2,21.62,11.34,35.63,0.0,6.93,65.1,83.7,2024-02-04 12:00:00,996.38,30.03,35.63,99638.0,12,6,2,35,101297.0,59650.0,True
2024,2,4,13,938.97,881.6,718.62,217.25,0.72,29.47,29.97,13.03,21.5,11.22,35.34,0.0,7.03,66.3,83.63,2024-02-04 13:00:00,881.6,29.97,35.34,88160.0,13,6,2,35,88530.0,35295.0,True
2024,2,4,14,771.12,677.7,560.66,215.06,0.66,42.73,29.14,12.89,21.02,11.12,36.72,0.02,7.18,67.9,83.58,2024-02-04 14:00:00,677.7,29.14,36.72,67770.0,14,6,2,35,70075.0,16415.0,True
2024,2,4,15,546.58,463.02,477.63,185.74,0.6,56.71,27.66,12.95,20.3,11.17,40.2,0.01,7.22,70.0,83.58,2024-02-04 15:00:00,463.02,27.66,40.2,46302.0,15,6,2,35,44820.0,2310.0,True
2024,2,4,16,289.02,236.32,508.6,82.46,0.52,70.96,25.81,13.26,19.54,11.39,45.72,0.0,6.99,71.6,83.63,2024-02-04 16:00:00,236.32,25.81,45.72,23632.0,16,6,2,35,21682.0,170.0,True
2024,2,4,17,49.25,42.58,128.99,32.66,0.35,85.09,23.58,13.99,18.79,11.94,54.78,0.0,5.66,72.3,83.69,2024-02-04 17:00:00,42.58,23.58,54.78,4258.0,17,6,2,35,3510.0,4817.0,True
2024,2,5,6,137.07,115.2,163.57,73.8,0.44,79.12,17.51,15.26,16.39,12.94,86.47,0.17,4.78,56.9,83.87,2024-02-05 06:00:00,115.2,17.51,86.47,11520.0,6,0,2,36,14193.0,15212.0,True
2024,2,5,7,386.17,327.9,404.6,169.53,0.56,65.17,20.27,15.33,17.8,12.99,73.1,0.64,5.66,58.0,83.93,2024-02-05 07:00:00,327.9,20.27,73.1,32790.0,7,0,2,36,36960.0,22623.0,True
2024,2,5,8,633.47,554.55,587.83,255.8,0.63,50.98,23.23,15.05,19.14,12.76,59.95,1.14,5.91,60.7,83.95,2024-02-05 08:00:00,554.55,23.23,59.95,55454.99999999999,8,0,2,36,59662.0,46183.0,True
2024,2,5,9,836.75,723.35,525.61,294.56,0.65,37.17,25.58,15.19,20.39,12.88,52.56,1.13,6.08,63.9,83.93,2024-02-05 09:00:00,723.35,25.58,52.56,72335.0,9,0,2,36,82005.0,71847.0,True
2024,2,5,10,975.35,886.45,563.52,348.46,0.69,24.44,27.28,15.06,21.17,12.78,47.15,0.59,6.46,66.1,83.88,2024-02-05 10:00:00,886.45,27.28,47.15,88645.0,10,0,2,36,96888.0,84238.0,True
2024,2,5,11,1038.3,943.25,742.29,340.34,0.7,15.76,28.22,14.42,21.32,12.27,42.82,0.38,6.79,66.9,83.8,2024-02-05 11:00:00,943.25,28.22,42.82,94325.0,11,0,2,36,103784.99999999999,77660.0,True
2024,2,5,12,1021.28,956.88,664.4,274.58,0.72,18.33,28.79,14.01,21.4,11.96,40.35,0.32,7.07,67.0,83.72,2024-02-05 12:00:00,956.88,28.79,40.35,95688.0,12,0,2,36,102561.99999999999,66883.0,True
2024,2,5,13,924.7,821.58,600.27,239.62,0.67,29.31,28.4,13.76,21.08,11.77,40.6,0.32,7.21,66.9,83.67,2024-02-05 13:00:00,821.58,28.4,40.6,82158.0,13,0,2,36,91915.0,48935.0,True
2024,2,5,14,753.9,662.58,551.02,217.57,0.64,42.63,27.67,13.43,20.55,11.52,41.46,0.35,7.22,66.7,83.65,2024-02-05 14:00:00,662.58,27.67,41.46,66258.0,14,0,2,36,74517.0,28410.000000000004,True
2024,2,5,15,528.9,463.88,499.11,177.07,0.6,56.64,26.28,13.35,19.82,11.45,44.73,0.4,7.33,66.0,83.68,2024-02-05 15:00:00,463.88,26.28,44.73,46388.0,15,0,2,36,51212.0,13010.0,True
2024,2,5,16,272.33,227.6,400.42,106.92,0.5,70.92,24.05,13.79,18.92,11.78,52.59,0.21,7.3,65.8,83.76,2024-02-05 16:00:00,227.6,24.05,52.59,22760.0,16,0,2,36,25935.000000000004,2000.0,True
2024,2,5,17,43.97,37.67,64.64,42.42,0.31,85.07,22.1,14.46,18.28,12.29,61.78,0.03,6.29,66.0,83.84,2024-02-05 17:00:00,37.67,22.1,61.78,3767.0,17,0,2,36,4442.0,140.0,True
2024,2,6,6,125.22,105.12,104.57,87.44,0.4,79.14,17.33,15.56,16.45,13.19,89.22,0.85,3.98,55.4,83.95,2024-02-06 06:00:00,105.12,17.33,89.22,10512.0,6,1,2,37,13780.000000000002,2812.0,True
2024,2,6,7,369.9,299.77,246.25,168.41,0.51,65.16,19.66,16.1,17.88,13.64,79.78,1.1,4.53,61.8,84.02,2024-02-06 07:00:00,299.77,19.66,79.78,29977.0,7,1,2,37,34788.0,13877.000000000002,True
2024,2,6,8,618.35,515.53,408.82,259.78,0.58,50.94,21.87,15.94,18.9,13.49,68.89,1.52,4.1,60.3,84.05,2024-02-06 08:00:00,515.53,21.87,68.89,51553.0,8,1,2,37,55588.0,22825.0,True
2024,2,6,9,824.92,781.47,573.23,284.0,0.7,37.08,22.83,15.29,19.06,12.95,62.38,0.94,4.22,56.1,84.01,2024-02-06 09:00:00,781.47,22.83,62.38,78147.0,9,1,2,37,76142.0,36185.0,True
2024,2,6,10,967.12,956.45,752.84,247.14,0.75,24.28,23.23,15.04,19.13,12.75,59.92,0.46,6.0,53.8,83.97,2024-02-06 10:00:00,956.45,23.23,59.92,95645.0,10,1,2,37,90462.0,50755.0,True
2024,2,6,11,1049.85,1039.18,859.21,145.13,0.77,15.49,23.39,14.16,18.77,12.05,56.09,0.2,7.17,53.3,83.94,2024-02-06 11:00:00,1039.18,23.39,56.09,103918.0,11,1,2,37,96950.0,52329.99999999999,True
2024,2,6,12,1032.57,991.92,759.43,218.43,0.74,18.08,25.11,12.47,18.79,10.8,45.35,0.11,6.49,52.3,83.88,2024-02-06 12:00:00,991.92,25.11,45.35,99192.0,12,1,2,37,98620.0,59541.99999999999,True
2024,2,6,13,937.03,821.28,786.02,118.84,0.67,29.16,27.02,11.13,19.08,9.88,37.03,0.06,6.29,52.6,83.79,2024-02-06 13:00:00,821.28,27.02,37.03,82128.0,13,1,2,37,85462.0,69547.0,True
2024,2,6,14,768.92,681.33,651.68,182.97,0.66,42.53,27.06,10.71,18.89,9.61,35.92,0.04,6.78,54.7,83.74,2024-02-06 14:00:00,681.33,27.06,35.92,68133.0,14,1,2,37,69895.0,48265.0,True
2024,2,6,15,543.72,415.05,413.79,180.03,0.54,56.58,26.11,10.7,18.4,9.61,37.99,0.01,6.99,56.7,83.74,2024-02-06 15:00:00,415.05,26.11,37.99,41505.0,15,1,2,37,46905.0,26300.0,True
2024,2,6,16,284.0,196.02,351.07,98.95,0.43,70.88,24.64,10.82,17.73,9.67,41.74,0.0,6.54,59.1,83.79,2024-02-06 16:00:00,196.02,24.64,41.74,19602.0,16,1,2,37,23050.0,12325.0,True
2024,2,6,17,46.78,33.33,68.58,30.28,0.28,85.05,21.54,11.92,16.73,10.4,54.17,0.0,4.35,62.6,83.86,2024-02-06 17:00:00,33.33,21.54,54.17,3333.0,17,1,2,37,3567.0,2020.0,True
2024,2,7,6,133.07,115.4,319.7,59.53,0.44,79.15,17.41,13.7,15.55,11.67,78.68,0.0,4.28,51.1,84.02,2024-02-07 06:00:00,115.4,17.41,78.68,11540.0,6,2,2,38,11312.0,10257.0,True
2024,2,7,7,382.15,339.88,560.01,121.08,0.58,65.15,20.58,13.03,16.81,11.16,61.8,0.0,4.72,54.7,84.09,2024-02-07 07:00:00,339.88,20.58,61.8,33988.0,7,2,2,38,31898.0,28923.0,True
2024,2,7,8,629.88,579.42,581.94,158.88,0.66,50.9,23.68,12.24,17.96,10.59,48.58,0.0,4.88,56.4,84.1,2024-02-07 08:00:00,579.42,23.68,48.58,57941.99999999999,8,2,2,38,54540.0,49555.0,True
2024,2,7,9,835.5,815.08,734.63,206.89,0.73,37.0,26.14,12.16,19.15,10.54,41.72,0.09,4.75,57.6,84.05,2024-02-07 09:00:00,815.08,26.14,41.72,81508.0,9,2,2,38,75858.0,65091.99999999999,True
2024,2,7,10,976.2,951.85,694.0,255.54,0.74,24.12,27.76,12.28,20.02,10.64,38.26,0.31,4.68,58.2,83.97,2024-02-07 10:00:00,951.85,27.76,38.26,95185.0,10,2,2,38,87292.0,86222.0,True
2024,2,7,11,1051.5,1019.1,720.69,256.22,0.75,15.21,28.88,12.33,20.61,10.69,35.97,0.41,4.77,60.7,83.87,2024-02-07 11:00:00,1019.1,28.88,35.97,101910.0,11,2,2,38,91175.0,91460.0,True
2024,2,7,12,1034.43,984.6,691.75,267.05,0.74,17.83,29.65,12.15,20.9,10.57,33.98,0.37,5.1,64.9,83.76,2024-02-07 12:00:00,984.6,29.65,33.98,98460.0,12,2,2,38,83108.0,83795.0,True
2024,2,7,13,937.65,857.9,533.59,296.22,0.7,29.01,29.49,12.03,20.76,10.5,34.04,0.38,5.61,68.3,83.69,2024-02-07 13:00:00,857.9,29.49,34.04,85790.0,13,2,2,38,75785.0,66047.0,True
2024,2,7,14,766.83,691.1,589.62,249.73,0.67,42.43,28.62,12.12,20.37,10.57,36.02,0.41,6.15,70.8,83.66,2024-02-07 14:00:00,691.1,28.62,36.02,69110.0,14,2,2,38,64195.00000000001,50452.0,True
2024,2,7,15,533.83,478.83,530.24,185.74,0.62,56.52,27.22,12.22,19.72,10.63,39.31,0.44,6.45,73.8,83.68,2024-02-07 15:00:00,478.83,27.22,39.31,47883.0,15,2,2,38,43645.0,28675.0,True
2024,2,7,16,273.38,236.5,397.33,102.08,0.51,70.84,25.44,12.46,18.95,10.8,44.39,0.15,6.47,77.2,83.74,2024-02-07 16:00:00,236.5,25.44,44.39,23650.0,16,2,2,38,20507.0,13440.0,True
2024,2,7,17,44.47,40.67,67.03,32.27,0.34,85.04,23.05,13.36,18.2,11.45,54.33,0.08,5.3,80.2,83.79,2024-02-07 17:00:00,40.67,23.05,54.33,4067.0,17,2,2,38,3279.9999999999995,2175.0,True
2024,2,8,6,123.72,119.78,161.98,79.81,0.46,79.16,17.8,16.2,17.0,13.73,90.21,0.15,4.04,73.2,84.02,2024-02-08 06:00:00,119.78,17.8,90.21,11978.0,6,3,2,39,11215.0,14030.000000000002,True
2024,2,8,7,371.2,345.95,451.94,147.23,0.59,65.13,20.5,15.86,18.18,13.43,74.62,0.36,4.63,73.2,84.06,2024-02-08 07:00:00,345.95,20.5,74.62,34595.0,7,3,2,39,32667.0,37142.0,True
2024,2,8,8,628.83,583.45,606.68,167.19,0.66,50.85,23.32,14.71,19.02,12.47,58.36,0.32,4.76,71.5,84.06,2024-02-08 08:00:00,583.45,23.32,58.36,58345.00000000001,8,3,2,39,57391.99999999999,61462.0,True
2024,2,8,9,838.15,790.12,660.96,239.44,0.71,36.91,25.71,13.51,19.61,11.54,46.81,0.2,4.9,69.5,84.0,2024-02-08 09:00:00,790.12,25.71,46.81,79012.0,9,3,2,39,76870.0,78322.0,True
2024,2,8,10,979.95,842.4,622.55,239.69,0.66,23.96,27.4,12.76,20.08,10.99,40.33,0.26,5.1,69.1,83.93,2024-02-08 10:00:00,842.4,27.4,40.33,84240.0,10,3,2,39,91145.0,91895.0,True
2024,2,8,11,1057.03,860.38,548.96,295.38,0.64,14.93,28.45,12.72,20.58,10.98,37.86,0.32,5.35,70.6,83.83,2024-02-08 11:00:00,860.38,28.45,37.86,86038.0,11,3,2,39,95495.0,98430.0,True
2024,2,8,12,1038.4,740.33,503.55,242.74,0.56,17.58,28.71,13.03,20.87,11.21,38.02,0.58,5.61,72.6,83.73,2024-02-08 12:00:00,740.33,28.71,38.02,74033.0,12,3,2,39,94778.0,87358.0,True
2024,2,8,13,941.25,686.0,454.38,266.02,0.56,28.86,28.57,13.28,20.93,11.41,38.97,0.75,5.73,75.0,83.65,2024-02-08 13:00:00,686.0,28.57,38.97,68600.0,13,3,2,39,80165.0,75085.0,True
2024,2,8,14,771.92,548.5,308.31,256.48,0.53,42.34,27.97,13.42,20.69,11.52,40.72,0.57,5.81,77.9,83.61,2024-02-08 14:00:00,548.5,27.97,40.72,54850.0,14,3,2,39,63879.99999999999,61553.0,True
2024,2,8,15,545.8,352.17,302.7,184.14,0.46,56.46,26.82,13.51,20.17,11.59,43.82,0.38,5.82,79.6,83.6,2024-02-08 15:00:00,352.17,26.82,43.82,35217.0,15,3,2,39,42573.0,41380.0,True
2024,2,8,16,286.85,180.3,292.51,100.35,0.39,70.81,24.93,13.7,19.32,11.72,49.58,0.08,5.7,80.5,83.66,2024-02-08 16:00:00,180.3,24.93,49.58,18030.0,16,3,2,39,21398.0,19340.0,True
2024,2,8,17,48.33,34.65,98.88,28.83,0.29,85.03,22.72,14.29,18.5,12.17,58.83,0.01,4.59,80.8,83.72,2024-02-08 17:00:00,34.65,22.72,58.83,3465.0,17,3,2,39,3485.0,3045.0,True
2024,2,9,6,137.68,132.8,288.55,64.46,0.51,79.17,17.73,15.3,16.51,12.97,85.5,0.01,4.63,61.6,83.89,2024-02-09 06:00:00,132.8,17.73,85.5,13280.000000000002,6,4,2,40,11275.0,13697.999999999998,True
2024,2,9,7,391.58,371.48,599.44,112.61,0.63,65.11,20.78,14.99,17.89,12.71,69.32,0.01,5.5,57.5,83.92,2024-02-09 07:00:00,371.48,20.78,69.32,37148.0,7,4,2,40,32683.0,33792.0,True
2024,2,9,8,643.67,609.58,718.99,134.64,0.69,50.8,23.66,14.56,19.11,12.36,56.57,0.01,5.73,57.8,83.91,2024-02-09 08:00:00,609.58,23.66,56.57,60958.00000000001,8,4,2,40,57000.0,54220.00000000001,True
2024,2,9,9,849.17,841.55,760.31,189.7,0.75,36.82,26.12,14.01,20.07,11.94,47.17,0.0,5.81,60.6,83.86,2024-02-09 09:00:00,841.55,26.12,47.17,84155.0,9,4,2,40,75045.0,75978.0,True
2024,2,9,10,989.2,980.17,758.26,219.48,0.77,23.8,27.91,13.48,20.69,11.54,41.02,0.0,5.94,63.2,83.78,2024-02-09 10:00:00,980.17,27.91,41.02,98017.0,10,4,2,40,89508.0,90347.0,True
2024,2,9,11,1061.0,1029.2,739.96,265.92,0.76,14.65,29.04,13.0,21.02,11.2,37.25,0.0,6.03,64.8,83.69,2024-02-09 11:00:00,1029.2,29.04,37.25,102920.0,11,4,2,40,97792.0,99995.0,True
2024,2,9,12,1043.45,941.55,718.22,216.74,0.71,17.34,29.43,12.67,21.05,10.96,35.61,0.01,6.07,66.0,83.61,2024-02-09 12:00:00,941.55,29.43,35.61,94155.0,12,4,2,40,93562.0,101485.0,True
2024,2,9,13,946.33,840.33,616.21,267.07,0.69,28.71,29.22,12.57,20.89,10.9,35.82,0.02,6.12,67.5,83.55,2024-02-09 13:00:00,840.33,29.22,35.82,84033.0,13,4,2,40,84917.0,88658.0,True
2024,2,9,14,777.83,674.53,522.46,258.38,0.65,42.25,28.32,12.62,20.47,10.94,37.87,0.03,6.25,70.7,83.53,2024-02-09 14:00:00,674.53,28.32,37.87,67453.0,14,4,2,40,65416.99999999999,71200.0,True
2024,2,9,15,552.05,501.2,578.51,156.16,0.65,56.4,27.05,12.75,19.9,11.03,41.13,0.03,6.32,75.9,83.56,2024-02-09 15:00:00,501.2,27.05,41.13,50120.0,15,4,2,40,45712.0,45498.0,True
2024,2,9,16,291.65,249.32,541.58,71.7,0.54,70.78,25.48,12.94,19.21,11.16,45.69,0.01,6.21,79.4,83.62,2024-02-09 16:00:00,249.32,25.48,45.69,24932.0,16,4,2,40,22682.0,22480.0,True
2024,2,9,17,49.7,42.9,142.51,30.58,0.35,85.02,23.23,13.56,18.39,11.61,54.41,0.0,4.71,80.6,83.68,2024-02-09 17:00:00,42.9,23.23,54.41,4290.0,17,4,2,40,3728.0,3617.0,True
2024,2,10,6,131.93,123.55,227.69,66.88,0.47,79.17,17.92,15.79,16.85,13.39,87.19,0.1,5.0,59.1,83.89,2024-02-10 06:00:00,123.55,17.92,87.19,12355.0,6,5,2,41,9778.0,13182.0,True
2024,2,10,7,381.4,349.65,528.52,122.74,0.59,65.08,21.14,15.59,18.37,13.21,70.47,0.09,6.42,58.0,83.95,2024-02-10 07:00:00,349.65,21.14,70.47,34965.0,7,5,2,41,29589.999999999996,35065.0,True
2024,2,10,8,631.83,581.78,676.6,166.37,0.66,50.75,23.92,14.67,19.29,12.44,56.09,0.22,6.9,56.3,83.97,2024-02-10 08:00:00,581.78,23.92,56.09,58178.0,8,5,2,41,49420.0,57845.00000000001,True
2024,2,10,9,837.33,793.3,620.49,239.58,0.71,36.73,26.17,14.35,20.26,12.18,48.02,0.26,6.91,57.6,83.94,2024-02-10 09:00:00,793.3,26.17,48.02,79330.0,9,5,2,41,65095.00000000001,79933.0,True
2024,2,10,10,977.97,948.58,723.43,249.93,0.74,23.64,27.83,14.34,21.09,12.2,43.6,0.43,6.84,60.3,83.88,2024-02-10 10:00:00,948.58,27.83,43.6,94858.0,10,5,2,41,73775.0,93383.0,True
2024,2,10,11,1055.68,1013.9,686.39,259.65,0.75,14.36,28.72,14.33,21.52,12.2,41.36,1.26,6.88,62.8,83.8,2024-02-10 11:00:00,1013.9,28.72,41.36,101390.0,11,5,2,41,79662.0,92858.0,True
2024,2,10,12,1037.1,901.65,669.55,218.4,0.67,17.09,28.91,14.36,21.63,12.24,40.99,2.51,7.06,65.1,83.69,2024-02-10 12:00:00,901.65,28.91,40.99,90165.0,12,5,2,41,74930.0,91550.0,True
2024,2,10,13,938.78,846.45,641.57,242.39,0.69,28.57,28.6,14.28,21.44,12.19,41.53,3.81,7.24,67.9,83.62,2024-02-10 13:00:00,846.45,28.6,41.53,84645.0,13,5,2,41,69308.0,76840.0,True
2024,2,10,14,768.97,634.97,499.13,238.93,0.61,42.17,27.44,14.2,20.82,12.12,44.16,5.12,7.42,70.7,83.58,2024-02-10 14:00:00,634.97,27.44,44.16,63497.0,14,5,2,41,52520.00000000001,58883.00000000001,True
2024,2,10,15,543.47,411.17,427.35,156.05,0.53,56.35,25.93,14.17,20.05,12.09,48.15,5.0,7.44,72.1,83.6,2024-02-10 15:00:00,411.17,25.93,48.15,41117.0,15,5,2,41,35515.0,36615.0,True
2024,2,10,16,285.0,200.7,320.99,90.71,0.44,70.76,24.08,14.39,19.24,12.26,54.56,2.61,7.2,73.0,83.67,2024-02-10 16:00:00,200.7,24.08,54.56,20070.0,16,5,2,41,18395.0,17090.0,True
2024,2,10,17,47.42,34.72,84.62,29.13,0.29,85.02,22.21,14.8,18.51,12.58,62.74,0.35,6.26,72.7,83.75,2024-02-10 17:00:00,34.72,22.21,62.74,3472.0,17,5,2,41,3411.9999999999995,2708.0,True
2024,2,11,6,129.88,123.78,255.73,71.63,0.47,79.17,17.23,15.68,16.45,13.3,90.54,1.35,4.44,51.2,83.96,2024-02-11 06:00:00,123.78,17.23,90.54,12378.0,6,6,2,42,11778.0,10775.0,True
2024,2,11,7,380.3,352.83,498.95,156.78,0.6,65.06,19.34,15.91,17.62,13.48,80.44,2.14,5.87,57.8,84.03,2024-02-11 07:00:00,352.83,19.34,80.44,35283.0,7,6,2,42,35292.0,28277.0,True
2024,2,11,8,632.05,590.42,544.61,226.89,0.67,50.7,22.42,15.21,18.82,12.87,63.59,0.96,6.53,55.5,84.06,2024-02-11 08:00:00,590.42,22.42,63.59,59041.99999999999,8,6,2,42,61300.0,48545.0,True
2024,2,11,9,841.8,790.0,637.15,233.97,0.7,36.64,25.16,14.64,19.9,12.41,51.99,0.82,6.18,54.4,84.03,2024-02-11 09:00:00,790.0,25.16,51.99,79000.0,9,6,2,42,81880.0,68000.0,True
2024,2,11,10,984.2,926.92,610.34,306.26,0.72,23.47,27.34,14.16,20.75,12.05,44.36,0.71,5.63,55.5,83.96,2024-02-11 10:00:00,926.92,27.34,44.36,92692.0,10,6,2,42,95833.0,87122.0,True
2024,2,11,11,1053.2,1004.4,701.9,269.4,0.74,14.07,28.92,13.61,21.26,11.63,39.01,0.59,5.38,56.6,83.85,2024-02-11 11:00:00,1004.4,28.92,39.01,100440.0,11,6,2,42,103282.0,94958.0,True
2024,2,11,12,1035.62,945.85,537.86,332.15,0.71,16.85,29.83,13.0,21.42,11.19,35.58,0.48,5.49,58.0,83.74,2024-02-11 12:00:00,945.85,29.83,35.58,94585.0,12,6,2,42,95525.0,92292.0,True
2024,2,11,13,937.25,840.15,639.23,266.85,0.68,28.44,30.02,12.48,21.25,10.82,34.01,0.25,5.8,59.2,83.66,2024-02-11 13:00:00,840.15,30.02,34.01,84015.0,13,6,2,42,86342.0,80688.0,True
2024,2,11,14,766.15,668.92,532.88,239.62,0.64,42.09,29.35,12.07,20.71,10.53,34.39,0.36,6.2,60.3,83.63,2024-02-11 14:00:00,668.92,29.35,34.39,66892.0,14,6,2,42,70850.0,65015.0,True
2024,2,11,15,539.3,422.67,483.41,156.31,0.55,56.31,28.06,11.76,19.91,10.32,36.32,0.33,6.56,62.0,83.63,2024-02-11 15:00:00,422.67,28.06,36.32,42267.0,15,6,2,42,51073.0,42265.0,True
2024,2,11,16,278.17,205.32,230.38,123.65,0.45,70.73,26.26,11.6,18.93,10.21,39.95,0.07,6.62,64.6,83.66,2024-02-11 16:00:00,205.32,26.26,39.95,20532.0,16,6,2,42,25885.000000000004,19985.0,True
2024,2,11,17,44.92,33.3,51.53,35.91,0.27,85.02,23.64,12.24,17.94,10.64,48.71,0.03,5.59,68.7,83.74,2024-02-11 17:00:00,33.3,23.64,48.71,3329.9999999999995,17,6,2,42,4297.0,3065.0,True
2024,2,12,6,125.78,120.85,186.62,72.34,0.46,79.17,17.02,15.15,16.09,12.85,88.62,0.7,4.14,41.7,83.91,2024-02-12 06:00:00,120.85,17.02,88.62,12085.0,6,0,2,43,13765.0,12112.0,True
2024,2,12,7,375.15,354.23,420.26,165.28,0.6,65.03,19.75,13.7,16.73,11.7,68.08,0.13,5.19,50.4,83.96,2024-02-12 07:00:00,354.23,19.75,68.08,35423.0,7,0,2,43,37605.0,32965.0,True
2024,2,12,8,634.0,611.08,598.25,204.31,0.69,50.64,23.21,11.96,17.59,10.42,49.11,0.04,5.55,54.5,83.98,2024-02-12 08:00:00,611.08,23.21,49.11,61108.00000000001,8,0,2,43,61116.99999999999,58800.0,True
2024,2,12,9,849.4,828.5,658.99,265.85,0.74,36.54,26.09,11.37,18.73,10.03,39.79,0.01,5.1,54.9,83.96,2024-02-12 09:00:00,828.5,26.09,39.79,82850.0,9,0,2,43,82045.0,79210.0,True
2024,2,12,10,991.7,980.75,732.36,266.48,0.76,23.31,28.23,10.97,19.6,9.77,34.17,0.01,4.73,52.8,83.89,2024-02-12 10:00:00,980.75,28.23,34.17,98075.0,10,0,2,43,95558.0,95183.0,True
2024,2,12,11,1073.28,1069.55,896.49,148.8,0.79,13.78,29.61,10.45,20.03,9.45,30.48,0.01,4.8,50.6,83.78,2024-02-12 11:00:00,1069.55,29.61,30.48,106955.0,11,0,2,43,98928.0,103280.0,True
2024,2,12,12,1055.85,1043.85,831.24,163.94,0.78,16.61,30.54,10.06,20.3,9.22,28.16,0.06,5.06,52.1,83.67,2024-02-12 12:00:00,1043.85,30.54,28.16,104384.99999999999,12,0,2,43,99638.0,101297.0,True
2024,2,12,13,956.42,887.38,742.48,172.25,0.72,28.3,30.74,9.85,20.29,9.09,27.42,0.22,5.44,55.9,83.58,2024-02-12 13:00:00,887.38,30.74,27.42,88738.0,13,0,2,43,88160.0,88530.0,True
2024,2,12,14,783.97,698.95,661.73,181.04,0.67,42.01,30.18,9.86,20.02,9.1,28.32,0.54,5.88,59.6,83.53,2024-02-12 14:00:00,698.95,30.18,28.32,69895.0,14,0,2,43,67770.0,70075.0,True
2024,2,12,15,553.95,519.7,548.45,176.76,0.67,56.26,28.93,10.09,19.51,9.24,30.91,0.74,6.28,62.6,83.54,2024-02-12 15:00:00,519.7,28.93,30.91,51970.00000000001,15,0,2,43,46302.0,44820.0,True
2024,2,12,16,290.9,262.58,574.78,81.47,0.57,70.71,26.94,10.62,18.78,9.57,35.97,0.34,6.31,64.6,83.61,2024-02-12 16:00:00,262.58,26.94,35.97,26258.0,16,0,2,43,23632.0,21682.0,True
2024,2,12,17,48.53,43.5,131.43,33.03,0.36,85.02,23.94,11.99,17.96,10.47,47.06,0.09,5.24,67.3,83.7,2024-02-12 17:00:00,43.5,23.94,47.06,4350.0,17,0,2,43,4258.0,3510.0,True
2024,2,13,6,128.9,122.35,250.55,64.45,0.47,79.16,18.15,15.63,16.89,13.26,85.09,0.9,5.58,53.0,83.86,2024-02-13 06:00:00,122.35,18.15,85.09,12235.0,6,1,2,44,11520.0,14193.0,True
2024,2,13,7,380.12,372.33,538.69,131.23,0.63,65.0,20.73,15.26,17.99,12.94,70.77,2.11,6.21,53.5,83.91,2024-02-13 07:00:00,372.33,20.73,70.77,37233.0,7,1,2,44,32790.0,36960.0,True
2024,2,13,8,633.47,633.28,692.8,159.24,0.71,50.58,23.61,14.88,19.24,12.62,57.94,1.53,6.18,53.5,83.92,2024-02-13 08:00:00,633.28,23.61,57.94,63328.0,8,1,2,44,55454.99999999999,59662.0,True
2024,2,13,9,843.42,841.75,820.42,147.82,0.75,36.44,25.92,14.41,20.16,12.26,49.03,1.11,6.12,54.0,83.9,2024-02-13 09:00:00,841.75,25.92,49.03,84175.0,9,1,2,44,72335.0,82005.0,True
2024,2,13,10,987.4,983.92,823.3,177.48,0.77,23.14,26.93,14.08,20.51,12.0,45.2,1.19,6.28,53.4,83.85,2024-02-13 10:00:00,983.92,26.93,45.2,98392.0,10,1,2,44,88645.0,96888.0,True
2024,2,13,11,1066.03,1062.78,865.56,144.94,0.78,13.48,26.51,14.07,20.29,12.01,46.32,1.19,6.52,52.5,83.77,2024-02-13 11:00:00,1062.78,26.51,46.32,106278.0,11,1,2,44,94325.0,103784.99999999999,True
2024,2,13,12,1050.62,1035.8,806.7,211.9,0.77,16.37,26.03,14.01,20.02,11.98,47.49,1.05,6.54,51.4,83.69,2024-02-13 12:00:00,1035.8,26.03,47.49,103580.0,12,1,2,44,95688.0,102561.99999999999,True
2024,2,13,13,952.88,910.92,807.4,159.68,0.74,28.18,25.95,13.73,19.84,11.77,46.84,1.0,6.24,50.6,83.61,2024-02-13 13:00:00,910.92,25.95,46.84,91092.0,13,1,2,44,82158.0,91915.0,True
2024,2,13,14,782.1,687.78,694.19,177.89,0.66,41.94,26.23,13.28,19.76,11.42,44.69,0.82,5.82,51.9,83.57,2024-02-13 14:00:00,687.78,26.23,44.69,68778.0,14,1,2,44,66258.0,74517.0,True
2024,2,13,15,552.58,460.83,526.7,152.71,0.59,56.22,26.18,12.87,19.52,11.11,43.61,0.7,5.49,55.2,83.58,2024-02-13 15:00:00,460.83,26.18,43.61,46083.0,15,1,2,44,46388.0,51212.0,True
2024,2,13,16,288.77,224.52,313.19,126.92,0.49,70.7,24.72,12.73,18.72,11.0,47.13,0.22,5.18,60.1,83.63,2024-02-13 16:00:00,224.52,24.72,47.13,22452.0,16,1,2,44,22760.0,25935.000000000004,True
2024,2,13,17,47.47,35.78,76.84,36.13,0.3,85.02,22.17,13.74,17.95,11.76,58.78,0.11,3.76,66.5,83.7,2024-02-13 17:00:00,35.78,22.17,58.78,3578.0,17,1,2,44,3767.0,4442.0,True
2024,2,14,6,128.07,118.82,262.47,65.69,0.45,79.15,17.62,16.14,16.88,13.71,90.88,0.73,5.33,54.2,83.81,2024-02-14 06:00:00,118.82,17.62,90.88,11882.0,6,2,2,45,10512.0,13780.000000000002,True
2024,2,14,7,377.35,345.27,451.59,140.39,0.58,64.97,20.3,15.56,17.93,13.21,74.13,0.71,6.34,53.6,83.85,2024-02-14 07:00:00,345.27,20.3,74.13,34527.0,7,2,2,45,29977.0,34788.0,True
2024,2,14,8,629.97,604.75,616.38,208.78,0.68,50.52,23.67,14.12,18.89,12.04,55.05,1.08,6.63,52.5,83.85,2024-02-14 08:00:00,604.75,23.67,55.05,60475.0,8,2,2,45,51553.0,55588.0,True
2024,2,14,9,839.25,830.6,776.32,197.57,0.74,36.34,26.35,13.64,19.99,11.67,45.47,0.47,6.42,51.5,83.82,2024-02-14 09:00:00,830.6,26.35,45.47,83060.0,9,2,2,45,78147.0,76142.0,True
2024,2,14,10,982.42,971.62,748.82,229.73,0.76,22.97,28.38,13.18,20.78,11.34,39.21,0.51,6.13,51.7,83.75,2024-02-14 10:00:00,971.62,28.38,39.21,97162.0,10,2,2,45,95645.0,90462.0,True
2024,2,14,11,1064.4,1060.07,855.84,164.27,0.78,13.18,29.78,12.68,21.23,10.98,34.98,0.7,6.02,52.8,83.66,2024-02-14 11:00:00,1060.07,29.78,34.98,106007.0,11,2,2,45,103918.0,96950.0,True
2024,2,14,12,1047.32,1032.78,878.61,122.32,0.77,16.13,30.47,12.22,21.34,10.66,32.61,0.55,6.1,54.4,83.55,2024-02-14 12:00:00,1032.78,30.47,32.61,103278.0,12,2,2,45,99192.0,98620.0,True
2024,2,14,13,949.83,906.78,755.5,164.49,0.74,28.05,30.49,11.79,21.14,10.36,31.63,0.51,6.27,55.7,83.48,2024-02-14 13:00:00,906.78,30.49,31.63,90678.0,13,2,2,45,82128.0,85462.0,True
2024,2,14,14,781.25,717.92,711.93,168.69,0.69,41.87,29.71,11.48,20.6,10.15,32.4,0.57,6.51,57.6,83.45,2024-02-14 14:00:00,717.92,29.71,32.4,71792.0,14,2,2,45,68133.0,69895.0,True
2024,2,14,15,554.65,497.58,597.6,141.53,0.64,56.19,28.22,11.41,19.81,10.1,35.16,0.54,6.68,60.2,83.47,2024-02-14 15:00:00,497.58,28.22,35.16,49758.0,15,2,2,45,41505.0,46905.0,True
2024,2,14,16,293.3,246.1,386.96,106.91,0.53,70.69,26.34,11.56,18.95,10.19,39.63,0.19,6.68,62.7,83.53,2024-02-14 16:00:00,246.1,26.34,39.63,24610.0,16,2,2,45,19602.0,23050.0,True
2024,2,14,17,49.6,38.28,77.67,29.71,0.32,85.03,23.8,12.34,18.07,10.73,48.57,0.04,5.81,64.7,83.61,2024-02-14 17:00:00,38.28,23.8,48.57,3828.0,17,2,2,45,3333.0,3567.0,True
2024,2,15,6,134.2,126.0,287.39,72.9,0.48,79.13,17.74,13.6,15.67,11.63,76.64,0.06,5.35,36.6,83.85,2024-02-15 06:00:00,126.0,17.74,76.64,12600.0,6,3,2,46,11540.0,11312.0,True
2024,2,15,7,388.33,373.42,593.1,139.75,0.63,64.93,21.35,13.68,17.51,11.67,61.48,0.0,6.93,47.9,83.9,2024-02-15 07:00:00,373.42,21.35,61.48,37342.0,7,3,2,46,33988.0,31898.0,True
2024,2,15,8,642.65,633.2,693.33,179.77,0.71,50.46,24.04,12.86,18.45,11.07,49.56,0.0,7.03,49.4,83.91,2024-02-15 08:00:00,633.2,24.04,49.56,63320.00000000001,8,3,2,46,57941.99999999999,54540.0,True
2024,2,15,9,852.58,846.1,750.57,205.52,0.75,36.24,26.22,12.19,19.2,10.59,41.64,0.0,6.8,50.9,83.88,2024-02-15 09:00:00,846.1,26.22,41.64,84610.0,9,3,2,46,81508.0,75858.0,True
2024,2,15,10,994.83,992.4,843.6,186.81,0.77,22.8,27.88,11.71,19.8,10.27,36.62,0.0,6.58,52.1,83.83,2024-02-15 10:00:00,992.4,27.88,36.62,99240.0,10,3,2,46,95185.0,87292.0,True
2024,2,15,11,1076.5,1072.3,934.99,138.57,0.79,12.88,28.99,11.23,20.11,9.95,33.23,0.0,6.53,52.6,83.74,2024-02-15 11:00:00,1072.3,28.99,33.23,107230.0,11,3,2,46,101910.0,91175.0,True
2024,2,15,12,1059.68,1025.72,841.51,168.49,0.76,15.9,29.27,10.74,20.01,9.64,31.65,0.0,6.69,52.4,83.64,2024-02-15 12:00:00,1025.72,29.27,31.65,102572.0,12,3,2,46,98460.0,83108.0,True
2024,2,15,13,961.75,920.03,738.26,252.06,0.75,27.93,28.21,10.56,19.39,9.54,33.28,0.0,6.98,52.3,83.57,2024-02-15 13:00:00,920.03,28.21,33.28,92003.0,13,3,2,46,85790.0,75785.0,True
2024,2,15,14,790.33,727.9,689.85,201.65,0.7,41.8,26.6,10.62,18.61,9.58,36.71,0.0,7.11,51.2,83.55,2024-02-15 14:00:00,727.9,26.6,36.71,72790.0,14,3,2,46,69110.0,64195.00000000001,True
2024,2,15,15,561.03,507.6,608.9,142.0,0.65,56.16,25.06,10.85,17.95,9.73,40.85,0.0,6.87,50.6,83.56,2024-02-15 15:00:00,507.6,25.06,40.85,50760.0,15,3,2,46,47883.0,43645.0,True
2024,2,15,16,297.9,259.35,488.33,89.19,0.56,70.68,23.57,11.2,17.39,9.96,45.74,0.0,6.21,52.3,83.61,2024-02-15 16:00:00,259.35,23.57,45.74,25935.000000000004,16,3,2,46,23650.0,20507.0,True
2024,2,15,17,51.83,45.6,167.38,31.13,0.38,85.04,21.55,11.97,16.76,10.48,54.42,0.0,4.64,57.6,83.65,2024-02-15 17:00:00,45.6,21.55,54.42,4560.0,17,3,2,46,4067.0,3279.9999999999995,True
2024,2,16,6,141.9,141.15,467.85,54.95,0.54,79.11,16.55,10.67,13.61,9.57,68.19,0.01,4.61,30.0,83.97,2024-02-16 06:00:00,141.15,16.55,68.19,14115.0,6,4,2,47,11978.0,11215.0,True
2024,2,16,7,399.62,398.42,649.05,106.34,0.67,64.89,20.57,10.84,15.71,9.68,53.64,0.01,6.03,46.1,84.02,2024-02-16 07:00:00,398.42,20.57,53.64,39842.0,7,4,2,47,34595.0,32667.0,True
2024,2,16,8,656.97,656.38,749.66,139.46,0.74,50.4,23.09,12.09,17.59,10.5,49.88,0.12,6.73,46.7,84.04,2024-02-16 08:00:00,656.38,23.09,49.88,65638.0,8,4,2,47,58345.00000000001,57391.99999999999,True
2024,2,16,9,868.83,862.03,809.0,197.55,0.76,36.14,24.66,12.22,18.44,10.6,45.8,0.15,6.73,47.6,84.03,2024-02-16 09:00:00,862.03,24.66,45.8,86203.0,9,4,2,47,79012.0,76870.0,True
2024,2,16,10,1012.15,1002.78,796.71,230.35,0.78,22.63,25.94,12.25,19.1,10.62,42.51,0.21,6.72,47.8,83.99,2024-02-16 10:00:00,1002.78,25.94,42.51,100278.0,10,4,2,47,84240.0,91145.0,True
2024,2,16,11,1083.57,1081.3,905.76,146.54,0.79,12.58,26.86,12.26,19.56,10.64,40.3,0.14,6.71,46.5,83.92,2024-02-16 11:00:00,1081.3,26.86,40.3,108130.0,11,4,2,47,86038.0,95495.0,True
2024,2,16,12,1065.62,1062.62,884.96,142.81,0.79,15.67,27.15,12.07,19.61,10.53,39.17,0.07,6.63,45.5,83.82,2024-02-16 12:00:00,1062.62,27.15,39.17,106261.99999999999,12,4,2,47,74033.0,94778.0,True
2024,2,16,13,965.17,877.75,820.99,176.99,0.71,27.82,26.7,12.0,19.35,10.49,40.03,0.06,6.45,46.5,83.74,2024-02-16 13:00:00,877.75,26.7,40.03,87775.0,13,4,2,47,68600.0,80165.0,True
2024,2,16,14,791.38,773.22,794.43,160.63,0.74,41.74,26.23,11.95,19.09,10.46,41.01,0.06,6.05,48.5,83.69,2024-02-16 14:00:00,773.22,26.23,41.01,77322.0,14,4,2,47,54850.0,63879.99999999999,True
2024,2,16,15,559.97,549.4,684.66,141.01,0.71,56.13,25.98,11.81,18.89,10.36,41.22,0.02,5.52,51.2,83.67,2024-02-16 15:00:00,549.4,25.98,41.22,54940.0,15,4,2,47,35217.0,42573.0,True
2024,2,16,16,293.4,283.67,434.5,112.86,0.61,70.68,25.08,11.79,18.43,10.35,43.44,0.01,5.05,55.1,83.68,2024-02-16 16:00:00,283.67,25.08,43.44,28367.0,16,4,2,47,18030.0,21398.0,True
2024,2,16,17,48.72,46.7,122.69,34.16,0.39,85.05,21.84,13.09,17.47,11.28,57.56,0.01,3.23,60.3,83.72,2024-02-16 17:00:00,46.7,21.84,57.56,4670.0,17,4,2,47,3465.0,3485.0,True
2024,2,17,6,137.4,136.65,419.32,58.41,0.52,79.09,17.39,14.7,16.05,12.46,84.0,0.0,3.34,42.0,83.95,2024-02-17 06:00:00,136.65,17.39,84.0,13665.0,6,5,2,48,13280.000000000002,11275.0,True
2024,2,17,7,392.7,391.67,625.44,109.79,0.66,64.86,19.6,14.8,17.2,12.55,73.71,0.0,4.2,55.3,84.01,2024-02-17 07:00:00,391.67,19.6,73.71,39167.0,7,5,2,48,37148.0,32683.0,True
2024,2,17,8,646.72,646.15,727.46,144.37,0.73,50.33,21.96,14.76,18.36,12.52,63.61,0.02,4.76,55.4,84.03,2024-02-17 08:00:00,646.15,21.96,63.61,64615.0,8,5,2,48,60958.00000000001,57000.0,True
2024,2,17,9,855.72,854.17,848.71,135.59,0.76,36.04,25.04,14.39,19.71,12.22,51.55,0.15,4.82,50.7,83.99,2024-02-17 09:00:00,854.17,25.04,51.55,85417.0,9,5,2,48,84155.0,75045.0,True
2024,2,17,10,997.75,994.88,848.03,182.93,0.77,22.46,27.67,13.87,20.77,11.83,42.7,0.44,4.57,49.8,83.92,2024-02-17 10:00:00,994.88,27.67,42.7,99488.0,10,5,2,48,98017.0,89508.0,True
2024,2,17,11,1071.93,1070.97,886.86,139.15,0.79,12.27,29.39,13.35,21.37,11.45,37.37,0.86,4.53,52.6,83.82,2024-02-17 11:00:00,1070.97,29.39,37.37,107097.0,11,5,2,48,102920.0,97792.0,True
2024,2,17,12,1054.28,1053.6,912.58,117.13,0.78,15.44,30.29,12.94,21.61,11.15,34.52,0.91,4.88,57.1,83.71,2024-02-17 12:00:00,1053.6,30.29,34.52,105359.99999999999,12,5,2,48,94155.0,93562.0,True
2024,2,17,13,953.4,940.42,712.01,240.44,0.76,27.71,30.09,12.74,21.42,11.01,34.45,0.84,5.37,60.2,83.63,2024-02-17 13:00:00,940.42,30.09,34.45,94042.0,13,5,2,48,84033.0,84917.0,True
2024,2,17,14,781.25,774.78,733.35,178.62,0.74,41.69,29.25,12.89,21.07,11.13,36.53,0.76,5.76,61.6,83.58,2024-02-17 14:00:00,774.78,29.25,36.53,77478.0,14,5,2,48,67453.0,65416.99999999999,True
2024,2,17,15,552.15,549.83,779.11,109.3,0.71,56.11,27.89,13.17,20.53,11.34,40.26,0.63,5.97,63.0,83.57,2024-02-17 15:00:00,549.83,27.89,40.26,54983.00000000001,15,5,2,48,50120.0,45712.0,True
2024,2,17,16,288.05,282.6,513.29,87.67,0.61,70.68,26.13,13.68,19.9,11.71,46.1,0.1,6.0,64.1,83.6,2024-02-17 16:00:00,282.6,26.13,46.1,28260.000000000004,16,5,2,48,24932.0,22682.0,True
2024,2,17,17,46.85,45.97,144.98,31.35,0.38,85.06,23.98,14.67,19.32,12.49,55.91,0.05,5.35,65.8,83.66,2024-02-17 17:00:00,45.97,23.98,55.91,4597.0,17,5,2,48,4290.0,3728.0,True
2024,2,18,6,130.43,122.47,226.63,84.76,0.46,79.07,18.38,15.65,17.02,13.29,84.02,0.03,4.22,35.2,83.83,2024-02-18 06:00:00,122.47,18.38,84.02,12247.0,6,6,2,49,12355.0,9778.0,True
2024,2,18,7,381.92,362.3,489.58,145.16,0.61,64.81,22.44,15.35,18.89,13.02,64.1,0.04,5.33,42.2,83.87,2024-02-18 07:00:00,362.3,22.44,64.1,36230.0,7,6,2,49,34965.0,29589.999999999996,True
2024,2,18,8,634.42,621.15,646.91,198.74,0.7,50.27,25.5,14.83,20.17,12.59,51.59,0.08,5.59,38.9,83.88,2024-02-18 08:00:00,621.15,25.5,51.59,62115.0,8,6,2,49,58178.0,49420.0,True
2024,2,18,9,841.95,834.85,773.5,197.1,0.74,35.94,27.59,14.25,20.92,12.13,43.95,0.12,5.37,37.7,83.86,2024-02-18 09:00:00,834.85,27.59,43.95,83485.0,9,6,2,49,79330.0,65095.00000000001,True
2024,2,18,10,983.88,977.0,737.24,244.47,0.76,22.28,28.95,13.56,21.26,11.6,38.82,0.19,5.33,40.6,83.8,2024-02-18 10:00:00,977.0,28.95,38.82,97700.0,10,6,2,49,94858.0,73775.0,True
2024,2,18,11,1061.7,1054.5,825.72,187.73,0.77,11.97,29.93,12.88,21.4,11.1,35.08,0.14,5.51,44.9,83.72,2024-02-18 11:00:00,1054.5,29.93,35.08,105450.0,11,6,2,49,101390.0,79662.0,True
2024,2,18,12,1043.12,998.95,762.45,209.87,0.74,15.22,30.77,12.13,21.45,10.58,31.84,0.1,5.75,48.7,83.61,2024-02-18 12:00:00,998.95,30.77,31.84,99895.0,12,6,2,49,90165.0,74930.0,True
2024,2,18,13,944.05,705.08,590.26,224.98,0.57,27.61,31.08,11.54,21.31,10.18,30.08,0.11,6.01,52.0,83.53,2024-02-18 13:00:00,705.08,31.08,30.08,70508.0,13,6,2,49,84645.0,69308.0,True
2024,2,18,14,771.6,649.58,489.59,247.81,0.62,41.64,30.5,11.29,20.89,10.02,30.59,0.08,6.33,55.1,83.48,2024-02-18 14:00:00,649.58,30.5,30.59,64958.00000000001,14,6,2,49,63497.0,52520.00000000001,True
2024,2,18,15,541.67,459.3,402.17,189.72,0.59,56.09,28.82,11.49,20.15,10.16,34.16,0.12,6.58,57.5,83.48,2024-02-18 15:00:00,459.3,28.82,34.16,45930.0,15,6,2,49,41117.0,35515.0,True
2024,2,18,16,277.1,211.98,342.42,104.32,0.46,70.68,26.87,12.14,19.51,10.61,39.98,0.06,6.49,58.8,83.52,2024-02-18 16:00:00,211.98,26.87,39.98,21198.0,16,6,2,49,20070.0,18395.0,True
2024,2,18,17,43.03,32.55,38.49,30.37,0.27,85.08,24.73,13.1,18.91,11.29,48.3,0.05,5.54,60.7,83.58,2024-02-18 17:00:00,32.55,24.73,48.3,3254.9999999999995,17,6,2,49,3472.0,3411.9999999999995,True
2024,2,19,6,124.07,109.25,149.43,69.82,0.41,79.04,19.07,13.36,16.21,11.47,69.49,0.0,3.95,20.0,83.79,2024-02-19 06:00:00,109.25,19.07,69.49,10925.0,6,0,2,50,12378.0,11778.0,True
2024,2,19,7,374.23,346.77,444.19,154.84,0.58,64.77,22.67,13.97,18.32,11.91,57.84,0.0,4.82,41.0,83.84,2024-02-19 07:00:00,346.77,22.67,57.84,34677.0,7,0,2,50,35283.0,35292.0,True
2024,2,19,8,630.7,610.65,644.05,185.83,0.68,50.2,25.63,13.49,19.56,11.54,46.93,0.0,4.77,39.4,83.83,2024-02-19 08:00:00,610.65,25.63,46.93,61065.0,8,0,2,50,59041.99999999999,61300.0,True
2024,2,19,9,842.78,807.5,626.12,271.54,0.71,35.83,28.24,12.69,20.46,10.96,38.23,0.0,4.52,39.1,83.78,2024-02-19 09:00:00,807.5,28.24,38.23,80750.0,9,0,2,50,79000.0,81880.0,True
2024,2,19,10,988.22,844.25,533.03,299.15,0.65,22.11,30.39,11.9,21.15,10.41,32.06,0.02,4.47,42.1,83.7,2024-02-19 10:00:00,844.25,30.39,32.06,84425.0,10,0,2,50,92692.0,95833.0,True
2024,2,19,11,1043.95,889.33,616.89,317.89,0.65,11.66,31.74,11.37,21.55,10.06,28.66,0.04,4.81,47.7,83.61,2024-02-19 11:00:00,889.33,31.74,28.66,88933.0,11,0,2,50,100440.0,103282.0,True
2024,2,19,12,1029.45,854.25,437.61,405.69,0.63,15.0,32.43,11.16,21.79,9.94,27.2,0.11,5.34,52.0,83.5,2024-02-19 12:00:00,854.25,32.43,27.2,85425.0,12,0,2,50,94585.0,95525.0,True
2024,2,19,13,932.58,687.33,186.6,381.73,0.56,27.51,32.57,11.16,21.86,9.94,26.96,0.18,5.81,54.5,83.42,2024-02-19 13:00:00,687.33,32.57,26.96,68733.0,13,0,2,50,84015.0,86342.0,True
2024,2,19,14,761.92,485.8,131.53,295.13,0.47,41.59,31.9,11.23,21.57,10.0,28.16,0.17,6.18,56.5,83.39,2024-02-19 14:00:00,485.8,31.9,28.16,48580.0,14,0,2,50,66892.0,70850.0,True
2024,2,19,15,531.53,309.83,90.77,222.68,0.4,56.07,30.59,11.27,20.93,10.02,30.4,0.18,6.44,58.5,83.39,2024-02-19 15:00:00,309.83,30.59,30.4,30983.0,15,0,2,50,42267.0,51073.0,True
2024,2,19,16,270.02,148.62,65.66,132.39,0.32,70.68,28.68,11.38,20.03,10.09,34.19,0.14,6.52,60.1,83.44,2024-02-19 16:00:00,148.62,28.68,34.19,14862.0,16,0,2,50,20532.0,25885.000000000004,True
2024,2,19,17,41.53,26.7,11.25,29.47,0.22,85.1,26.04,11.9,18.97,10.43,41.27,0.07,5.38,62.0,83.52,2024-02-19 17:00:00,26.7,26.04,41.27,2670.0,17,0,2,50,3329.9999999999995,4297.0,True
2024,2,20,6,120.82,96.28,163.41,70.81,0.36,79.01,19.16,16.21,17.68,13.78,82.92,0.2,3.1,59.8,83.8,2024-02-20 06:00:00,96.28,19.16,82.92,9628.0,6,1,2,51,12085.0,13765.0,True
2024,2,20,7,366.9,257.9,357.06,129.73,0.43,64.72,22.19,16.56,19.38,14.08,70.3,1.12,3.66,69.2,83.82,2024-02-20 07:00:00,257.9,22.19,70.3,25789.999999999996,7,1,2,51,35423.0,37605.0,True
2024,2,20,8,626.92,517.92,287.16,297.49,0.58,50.13,25.25,16.17,20.71,13.74,57.06,1.46,4.16,74.8,83.81,2024-02-20 08:00:00,517.92,25.25,57.06,51791.99999999999,8,1,2,51,61108.00000000001,61116.99999999999,True
2024,2,20,9,841.65,731.03,483.19,269.14,0.65,35.73,28.02,15.32,21.67,13.02,45.92,1.29,4.59,74.3,83.75,2024-02-20 09:00:00,731.03,28.02,45.92,73103.0,9,1,2,51,82850.0,82045.0,True
2024,2,20,10,985.92,903.0,587.42,281.19,0.7,21.94,30.2,14.35,22.27,12.23,38.01,1.32,5.17,70.2,83.67,2024-02-20 10:00:00,903.0,30.2,38.01,90300.0,10,1,2,51,98075.0,95558.0,True
2024,2,20,11,1066.12,1024.88,685.46,264.93,0.75,11.35,31.48,13.42,22.45,11.53,33.29,1.14,5.89,67.0,83.57,2024-02-20 11:00:00,1024.88,31.48,33.29,102488.00000000001,11,1,2,51,106955.0,98928.0,True
2024,2,20,12,1048.43,993.17,711.18,254.65,0.74,14.79,31.83,12.87,22.35,11.13,31.47,0.97,6.59,64.9,83.47,2024-02-20 12:00:00,993.17,31.83,31.47,99317.0,12,1,2,51,104384.99999999999,99638.0,True
2024,2,20,13,950.03,913.2,723.83,196.02,0.74,27.41,31.31,12.82,22.07,11.1,32.31,0.82,7.08,63.4,83.42,2024-02-20 13:00:00,913.2,31.31,32.31,91320.0,13,1,2,51,88738.0,88160.0,True
2024,2,20,14,778.88,698.75,611.43,199.12,0.67,41.55,30.05,12.99,21.52,11.23,35.12,0.52,7.32,62.1,83.41,2024-02-20 14:00:00,698.75,30.05,35.12,69875.0,14,1,2,51,69895.0,67770.0,True
2024,2,20,15,549.47,491.23,545.36,178.96,0.63,56.06,28.34,13.06,20.7,11.27,38.92,0.3,7.28,62.0,83.44,2024-02-20 15:00:00,491.23,28.34,38.92,49123.0,15,1,2,51,51970.00000000001,46302.0,True
2024,2,20,16,285.38,241.2,386.67,118.47,0.52,70.69,26.57,13.18,19.88,11.35,43.49,0.06,6.86,63.2,83.49,2024-02-20 16:00:00,241.2,26.57,43.49,24120.0,16,1,2,51,26258.0,23632.0,True
2024,2,20,17,45.88,38.35,104.35,33.33,0.32,85.12,24.6,13.46,19.03,11.56,49.81,0.02,5.54,65.9,83.54,2024-02-20 17:00:00,38.35,24.6,49.81,3835.0,17,1,2,51,4350.0,4258.0,True
2024,2,21,6,131.18,126.47,212.51,70.39,0.48,78.98,18.38,16.04,17.21,13.63,86.08,0.19,4.57,77.2,83.76,2024-02-21 06:00:00,126.47,18.38,86.08,12647.0,6,2,2,52,12235.0,11520.0,True
2024,2,21,7,385.12,364.9,447.7,169.77,0.61,64.67,21.83,15.41,18.62,13.09,66.83,0.08,5.88,70.2,83.81,2024-02-21 07:00:00,364.9,21.83,66.83,36490.0,7,2,2,52,37233.0,32790.0,True
2024,2,21,8,642.55,601.6,667.52,169.57,0.67,50.06,25.07,14.08,19.58,12.0,50.42,0.03,6.43,65.0,83.8,2024-02-21 08:00:00,601.6,25.07,50.42,60160.0,8,2,2,52,63328.0,55454.99999999999,True
2024,2,21,9,855.17,847.45,766.17,198.97,0.75,35.62,27.5,13.35,20.42,11.45,41.67,0.01,6.7,62.7,83.74,2024-02-21 09:00:00,847.45,27.5,41.67,84745.0,9,2,2,52,84175.0,72335.0,True
2024,2,21,10,999.75,997.95,839.51,180.02,0.77,21.77,29.25,12.83,21.04,11.08,36.39,0.01,6.92,62.1,83.66,2024-02-21 10:00:00,997.95,29.25,36.39,99795.0,10,2,2,52,98392.0,88645.0,True
2024,2,21,11,1080.57,1079.05,918.61,138.77,0.79,11.04,30.46,12.6,21.53,10.93,33.45,0.0,7.1,62.5,83.56,2024-02-21 11:00:00,1079.05,30.46,33.45,107905.0,11,2,2,52,106278.0,94325.0,True
2024,2,21,12,1061.3,1036.1,739.59,231.94,0.77,14.59,30.97,12.55,21.76,10.9,32.36,0.0,7.33,63.4,83.45,2024-02-21 12:00:00,1036.1,30.97,32.36,103609.99999999999,12,2,2,52,103580.0,95688.0,True
2024,2,21,13,959.17,907.78,669.83,274.87,0.73,27.33,30.43,12.75,21.59,11.05,33.8,0.0,7.57,64.3,83.38,2024-02-21 13:00:00,907.78,30.43,33.8,90778.0,13,2,2,52,91092.0,82158.0,True
2024,2,21,14,784.03,721.78,467.63,302.08,0.69,41.51,29.02,12.85,20.93,11.13,36.91,0.0,7.61,65.1,83.36,2024-02-21 14:00:00,721.78,29.02,36.91,72178.0,14,2,2,52,68778.0,66258.0,True
2024,2,21,15,551.65,499.0,459.17,234.99,0.64,56.05,27.47,12.85,20.16,11.12,40.37,0.01,7.29,65.6,83.38,2024-02-21 15:00:00,499.0,27.47,40.37,49900.0,15,2,2,52,46083.0,46388.0,True
2024,2,21,16,285.38,251.65,433.09,121.07,0.55,70.71,26.08,12.69,19.39,11.0,43.37,0.01,6.69,67.0,83.44,2024-02-21 16:00:00,251.65,26.08,43.37,25165.0,16,2,2,52,22452.0,22760.0,True
2024,2,21,17,45.45,42.08,99.97,35.74,0.36,85.15,24.61,12.66,18.63,10.97,47.24,0.01,5.55,70.0,83.51,2024-02-21 17:00:00,42.08,24.61,47.24,4208.0,17,2,2,52,3578.0,3767.0,True
2024,2,22,6,145.3,133.02,301.05,72.83,0.5,78.94,17.57,14.41,15.99,12.28,81.59,0.26,6.12,54.5,83.67,2024-02-22 06:00:00,133.02,17.57,81.59,13302.000000000002,6,3,2,53,11882.0,10512.0,True
2024,2,22,7,406.75,369.92,518.33,120.79,0.62,64.63,21.04,14.17,17.6,12.09,64.75,0.52,8.1,58.1,83.7,2024-02-22 07:00:00,369.92,21.04,64.75,36992.0,7,3,2,53,34527.0,29977.0,True
2024,2,22,8,663.0,610.33,622.79,216.07,0.68,49.99,23.51,14.04,18.77,11.99,55.25,0.49,8.91,58.0,83.7,2024-02-22 08:00:00,610.33,23.51,55.25,61033.00000000001,8,3,2,53,60475.0,51553.0,True
2024,2,22,9,870.72,843.75,761.42,201.74,0.74,35.52,25.61,14.2,19.9,12.12,49.23,0.5,9.06,58.9,83.65,2024-02-22 09:00:00,843.75,25.61,49.23,84375.0,9,3,2,53,83060.0,78147.0,True
2024,2,22,10,1010.4,993.72,789.96,207.66,0.77,21.6,27.6,14.15,20.88,12.09,43.63,0.49,9.02,61.0,83.57,2024-02-22 10:00:00,993.72,27.6,43.63,99372.0,10,3,2,53,97162.0,95645.0,True
2024,2,22,11,1075.22,1072.9,891.94,146.09,0.78,10.73,29.11,13.94,21.52,11.94,39.42,0.26,8.76,63.1,83.46,2024-02-22 11:00:00,1072.9,29.11,39.42,107290.00000000001,11,3,2,53,106007.0,103918.0,True
2024,2,22,12,1054.65,1054.32,896.05,115.88,0.78,14.39,29.71,13.65,21.68,11.73,37.38,0.13,8.5,64.3,83.38,2024-02-22 12:00:00,1054.32,29.71,37.38,105432.0,12,3,2,53,103278.0,99192.0,True
2024,2,22,13,955.2,902.62,758.49,189.39,0.73,27.25,29.77,13.38,21.58,11.53,36.6,0.11,8.34,64.8,83.32,2024-02-22 13:00:00,902.62,29.77,36.6,90262.0,13,3,2,53,90678.0,82128.0,True
2024,2,22,14,782.6,771.9,791.85,162.52,0.74,41.48,29.38,13.16,21.27,11.36,36.87,0.13,8.15,65.4,83.29,2024-02-22 14:00:00,771.9,29.38,36.87,77190.0,14,3,2,53,71792.0,68133.0,True
2024,2,22,15,554.05,544.75,661.71,128.08,0.7,56.05,28.34,13.1,20.72,11.32,39.03,0.13,8.02,66.2,83.32,2024-02-22 15:00:00,544.75,28.34,39.03,54475.0,15,3,2,53,49758.0,41505.0,True
2024,2,22,16,290.73,280.38,444.79,112.76,0.61,70.72,26.5,13.46,19.98,11.58,44.5,0.17,7.84,66.5,83.39,2024-02-22 16:00:00,280.38,26.5,44.5,28038.0,16,3,2,53,24610.0,19602.0,True
2024,2,22,17,47.38,44.83,151.52,32.35,0.38,85.17,24.17,14.31,19.24,12.23,54.02,0.13,7.11,66.0,83.49,2024-02-22 17:00:00,44.83,24.17,54.02,4483.0,17,3,2,53,3828.0,3333.0,True
2024,2,23,6,146.8,115.38,266.99,72.69,0.43,78.9,17.47,15.81,16.64,13.44,89.81,1.46,6.85,61.8,83.68,2024-02-23 06:00:00,115.38,17.47,89.81,11538.0,6,4,2,54,12600.0,11540.0,True
2024,2,23,7,408.65,327.12,609.11,162.67,0.55,64.57,19.79,15.02,17.4,12.77,73.87,1.34,8.37,59.4,83.73,2024-02-23 07:00:00,327.12,19.79,73.87,32712.0,7,4,2,54,37342.0,33988.0,True
2024,2,23,8,664.7,550.72,1087.05,228.0,0.61,49.91,22.61,13.5,18.05,11.56,56.3,0.26,9.14,58.7,83.75,2024-02-23 08:00:00,550.72,22.61,56.3,55072.0,8,4,2,54,63320.00000000001,57941.99999999999,True
2024,2,23,9,872.78,701.0,340.88,356.8,0.62,35.41,24.89,12.89,18.89,11.11,47.16,0.07,9.21,59.7,83.72,2024-02-23 09:00:00,701.0,24.89,47.16,70100.0,9,4,2,54,84610.0,81508.0,True
2024,2,23,10,1013.92,737.22,536.96,288.8,0.57,21.44,26.68,12.63,19.65,10.93,41.7,0.02,9.14,61.2,83.65,2024-02-23 10:00:00,737.22,26.68,41.7,73722.0,10,4,2,54,99240.0,95185.0,True
2024,2,23,11,1063.9,823.35,351.5,412.34,0.6,10.42,27.92,12.46,20.19,10.82,38.35,0.0,9.16,62.4,83.57,2024-02-23 11:00:00,823.35,27.92,38.35,82335.0,11,4,2,54,107230.0,101910.0,True
2024,2,23,12,1043.38,858.17,476.7,378.06,0.64,14.2,28.61,12.2,20.4,10.65,36.24,0.0,9.14,63.8,83.49,2024-02-23 12:00:00,858.17,28.61,36.24,85817.0,12,4,2,54,102572.0,98460.0,True
2024,2,23,13,942.12,668.58,516.75,290.64,0.54,27.17,28.89,11.87,20.38,10.43,34.89,0.01,9.07,66.0,83.42,2024-02-23 13:00:00,668.58,28.89,34.89,66858.0,13,4,2,54,92003.0,85790.0,True
2024,2,23,14,767.35,627.58,425.34,295.47,0.6,41.45,28.31,11.68,19.99,10.29,35.6,0.06,8.96,68.7,83.41,2024-02-23 14:00:00,627.58,28.31,35.6,62758.00000000001,14,4,2,54,72790.0,69110.0,True
2024,2,23,15,535.38,442.88,390.74,202.58,0.57,56.05,27.09,11.78,19.44,10.35,38.46,0.15,8.81,70.4,83.43,2024-02-23 15:00:00,442.88,27.09,38.46,44288.0,15,4,2,54,50760.0,47883.0,True
2024,2,23,16,271.67,221.88,315.61,120.81,0.48,70.74,25.32,12.28,18.8,10.7,44.17,0.16,8.47,70.6,83.5,2024-02-23 16:00:00,221.88,25.32,44.17,22188.0,16,4,2,54,25935.000000000004,23650.0,True
2024,2,23,17,41.65,37.5,60.49,37.66,0.32,85.2,23.32,13.0,18.16,11.2,52.15,0.05,7.38,70.4,83.57,2024-02-23 17:00:00,37.5,23.32,52.15,3750.0,17,4,2,54,4560.0,4067.0,True
2024,2,24,6,138.7,65.8,76.12,44.07,0.25,78.86,17.79,16.31,17.05,13.86,90.87,1.67,6.02,96.9,83.79,2024-02-24 06:00:00,65.8,17.79,90.87,6580.0,6,5,2,55,14115.0,11978.0,True
2024,2,24,7,393.92,150.9,133.66,98.35,0.25,64.52,19.2,15.79,17.49,13.4,80.51,2.1,7.25,90.7,83.87,2024-02-24 07:00:00,150.9,19.2,80.51,15090.0,7,5,2,55,39842.0,34595.0,True
2024,2,24,8,645.55,261.08,166.02,182.51,0.29,49.84,21.67,15.39,18.53,13.05,67.35,2.53,8.31,79.5,83.89,2024-02-24 08:00:00,261.08,21.67,67.35,26108.0,8,5,2,55,65638.0,58345.00000000001,True
2024,2,24,9,849.75,323.52,34.22,235.9,0.29,35.31,24.72,14.67,19.69,12.46,53.48,2.36,9.12,67.9,83.86,2024-02-24 09:00:00,323.52,24.72,53.48,32352.0,9,5,2,55,86203.0,79012.0,True
2024,2,24,10,992.38,510.27,100.0,346.83,0.39,21.27,26.78,13.87,20.33,11.83,44.93,1.99,9.03,63.4,83.81,2024-02-24 10:00:00,510.27,26.78,44.93,51027.0,10,5,2,55,100278.0,84240.0,True
2024,2,24,11,1060.57,605.12,150.74,328.77,0.44,10.11,27.91,13.59,20.75,11.63,41.31,1.73,8.71,64.0,83.73,2024-02-24 11:00:00,605.12,27.91,41.31,60512.0,11,5,2,55,108130.0,86038.0,True
2024,2,24,12,1042.28,680.6,345.32,271.7,0.5,14.01,28.45,13.44,20.95,11.53,39.65,1.33,8.52,64.3,83.65,2024-02-24 12:00:00,680.6,28.45,39.65,68060.0,12,5,2,55,106261.99999999999,74033.0,True
2024,2,24,13,942.42,618.55,192.33,323.03,0.5,27.1,28.46,13.36,20.91,11.48,39.42,1.47,8.41,63.7,83.57,2024-02-24 13:00:00,618.55,28.46,39.42,61854.99999999999,13,5,2,55,87775.0,68600.0,True
2024,2,24,14,769.65,447.75,224.63,238.32,0.43,41.43,27.57,13.17,20.37,11.34,41.0,1.51,8.32,63.7,83.54,2024-02-24 14:00:00,447.75,27.57,41.0,44775.0,14,5,2,55,77322.0,54850.0,True
2024,2,24,15,537.78,276.38,87.22,197.55,0.36,56.05,25.66,13.36,19.51,11.48,46.45,1.32,7.96,65.9,83.54,2024-02-24 15:00:00,276.38,25.66,46.45,27638.0,15,5,2,55,54940.0,35217.0,True
2024,2,24,16,276.55,116.57,83.56,112.98,0.25,70.77,23.46,14.32,18.89,12.22,56.42,1.11,7.5,70.6,83.61,2024-02-24 16:00:00,116.57,23.46,56.42,11657.0,16,5,2,55,28367.0,18030.0,True
2024,2,24,17,43.0,22.75,15.18,24.75,0.2,85.23,21.46,15.48,18.47,13.17,68.68,0.35,6.67,73.0,83.69,2024-02-24 17:00:00,22.75,21.46,68.68,2275.0,17,5,2,55,4670.0,3465.0,True
2024,2,25,6,141.12,84.65,38.1,58.15,0.31,78.82,18.3,16.39,17.35,13.93,88.47,1.64,3.17,80.2,83.82,2024-02-25 06:00:00,84.65,18.3,88.47,8465.0,6,6,2,56,13665.0,13280.000000000002,True
2024,2,25,7,398.67,221.65,109.63,152.8,0.37,64.47,20.79,15.8,18.29,13.41,72.99,2.86,3.75,73.4,83.84,2024-02-25 07:00:00,221.65,20.79,72.99,22165.0,7,6,2,56,39167.0,37148.0,True
2024,2,25,8,652.45,403.48,42.27,272.62,0.45,49.76,23.79,14.37,19.08,12.23,55.5,1.93,4.36,69.2,83.84,2024-02-25 08:00:00,403.48,23.79,55.5,40348.0,8,6,2,56,64615.0,60958.00000000001,True
2024,2,25,9,858.95,621.33,123.28,335.1,0.55,35.2,26.31,13.18,19.74,11.31,44.17,1.04,4.82,68.8,83.79,2024-02-25 09:00:00,621.33,26.31,44.17,62133.00000000001,9,6,2,56,85417.0,84155.0,True
2024,2,25,10,998.33,823.9,329.24,403.31,0.64,21.11,28.32,12.4,20.36,10.76,37.33,0.97,5.17,71.1,83.72,2024-02-25 10:00:00,823.9,28.32,37.33,82390.0,10,6,2,56,99488.0,98017.0,True
2024,2,25,11,1067.93,910.28,541.01,378.76,0.67,9.8,29.89,12.0,20.95,10.49,33.21,1.0,5.58,71.9,83.62,2024-02-25 11:00:00,910.28,29.89,33.21,91028.0,11,6,2,56,107097.0,102920.0,True
2024,2,25,12,1048.15,828.35,322.86,412.43,0.61,13.83,30.5,12.03,21.27,10.52,32.11,1.4,6.19,71.5,83.51,2024-02-25 12:00:00,828.35,30.5,32.11,82835.0,12,6,2,56,105359.99999999999,94155.0,True
2024,2,25,13,945.97,730.55,323.25,372.03,0.59,27.04,29.62,12.35,20.98,10.75,34.49,2.61,6.8,71.8,83.45,2024-02-25 13:00:00,730.55,29.62,34.49,73055.0,13,6,2,56,94042.0,84033.0,True
2024,2,25,14,770.15,529.72,172.58,332.13,0.51,41.41,27.85,12.83,20.34,11.1,39.44,3.19,7.1,72.9,83.44,2024-02-25 14:00:00,529.72,27.85,39.44,52972.0,14,6,2,56,77478.0,67453.0,True
2024,2,25,15,536.1,282.0,186.29,184.42,0.36,56.06,26.38,13.28,19.83,11.43,44.28,1.61,6.87,73.3,83.47,2024-02-25 15:00:00,282.0,26.38,44.28,28200.0,15,6,2,56,54983.00000000001,50120.0,True
2024,2,25,16,272.08,139.68,119.14,97.64,0.31,70.79,24.87,13.59,19.23,11.66,49.44,0.65,6.53,72.7,83.54,2024-02-25 16:00:00,139.68,24.87,49.44,13968.0,16,6,2,56,28260.000000000004,24932.0,True
2024,2,25,17,40.67,23.65,30.0,23.0,0.21,85.26,22.98,14.04,18.51,11.99,57.0,0.29,5.88,74.2,83.63,2024-02-25 17:00:00,23.65,22.98,57.0,2365.0,17,6,2,56,4597.0,4290.0,True
2024,2,26,6,141.65,130.32,252.03,80.1,0.48,78.77,18.11,16.2,17.15,13.78,88.48,0.83,3.7,81.9,83.73,2024-02-26 06:00:00,130.32,18.11,88.48,13032.0,6,0,2,57,12247.0,12355.0,True
2024,2,26,7,397.62,372.45,569.06,129.75,0.62,64.41,20.22,15.8,18.01,13.41,75.57,0.43,3.86,75.9,83.8,2024-02-26 07:00:00,372.45,20.22,75.57,37245.0,7,0,2,57,36230.0,34965.0,True
2024,2,26,8,649.67,622.83,608.19,217.75,0.69,49.69,23.37,14.66,19.01,12.46,57.97,0.26,3.54,67.1,83.82,2024-02-26 08:00:00,622.83,23.37,57.97,62283.00000000001,8,0,2,57,62115.0,58178.0,True
2024,2,26,9,856.28,844.45,776.9,186.76,0.74,35.1,26.21,13.39,19.8,11.47,45.04,0.21,3.07,62.3,83.77,2024-02-26 09:00:00,844.45,26.21,45.04,84445.0,9,0,2,57,83485.0,79330.0,True
2024,2,26,10,996.55,976.67,797.43,189.79,0.75,20.94,28.46,12.24,20.35,10.65,36.65,0.42,2.83,60.6,83.7,2024-02-26 10:00:00,976.67,28.46,36.65,97667.0,10,0,2,57,97700.0,94858.0,True
2024,2,26,11,1060.8,964.62,617.69,311.53,0.7,9.5,29.6,11.45,20.52,10.11,32.54,1.11,2.9,60.3,83.6,2024-02-26 11:00:00,964.62,29.6,32.54,96462.0,11,0,2,57,105450.0,101390.0,True
2024,2,26,12,1041.75,788.4,400.67,328.05,0.58,13.66,29.76,10.98,20.37,9.81,31.25,1.63,3.15,60.8,83.49,2024-02-26 12:00:00,788.4,29.76,31.25,78840.0,12,0,2,57,99895.0,90165.0,True
2024,2,26,13,940.83,614.65,294.26,297.64,0.5,26.98,29.76,10.66,20.21,9.62,30.62,1.83,3.43,63.3,83.41,2024-02-26 13:00:00,614.65,29.76,30.62,61465.0,13,0,2,57,70508.0,84645.0,True
2024,2,26,14,766.15,408.67,112.13,231.51,0.39,41.4,29.52,10.41,19.96,9.46,30.51,1.71,3.66,66.5,83.35,2024-02-26 14:00:00,408.67,29.52,30.51,40867.0,14,0,2,57,64958.00000000001,63497.0,True
2024,2,26,15,533.22,110.28,43.09,77.36,0.14,56.07,28.45,10.3,19.38,9.39,32.22,1.24,3.89,69.4,83.35,2024-02-26 15:00:00,110.28,28.45,32.22,11028.0,15,0,2,57,45930.0,41117.0,True
2024,2,26,16,268.65,47.75,36.99,46.13,0.1,70.82,27.16,10.36,18.76,9.43,34.91,0.15,4.08,71.4,83.4,2024-02-26 16:00:00,47.75,27.16,34.91,4775.0,16,0,2,57,21198.0,20070.0,True
2024,2,26,17,39.33,12.5,6.25,15.57,0.11,85.3,24.84,11.54,18.19,10.2,43.33,0.02,3.07,74.5,83.48,2024-02-26 17:00:00,12.5,24.84,43.33,1250.0,17,0,2,57,3254.9999999999995,3472.0,True
2024,2,27,6,121.5,101.75,48.05,81.81,0.37,78.72,18.88,15.37,17.12,13.06,79.95,0.34,3.75,21.3,83.74,2024-02-27 06:00:00,101.75,18.88,79.95,10175.0,6,1,2,58,10925.0,12378.0,True
2024,2,27,7,364.4,296.05,193.88,187.2,0.49,64.35,22.29,14.88,18.58,12.65,62.79,1.79,3.71,30.8,83.77,2024-02-27 07:00:00,296.05,22.29,62.79,29605.0,7,1,2,58,34677.0,35283.0,True
2024,2,27,8,617.95,545.35,287.62,350.48,0.61,49.61,25.0,14.34,19.67,12.21,51.5,2.31,3.56,41.5,83.78,2024-02-27 08:00:00,545.35,25.0,51.5,54535.0,8,1,2,58,61065.0,59041.99999999999,True
2024,2,27,9,824.38,780.78,562.41,260.83,0.69,34.99,26.91,14.07,20.49,12.0,45.19,3.25,3.51,48.7,83.74,2024-02-27 09:00:00,780.78,26.91,45.19,78078.0,9,1,2,58,80750.0,79000.0,True
2024,2,27,10,966.95,910.17,550.22,316.22,0.7,20.78,28.11,14.01,21.06,11.96,41.95,4.45,3.52,52.5,83.67,2024-02-27 10:00:00,910.17,28.11,41.95,91017.0,10,1,2,58,84425.0,92692.0,True
2024,2,27,11,1043.88,938.75,551.4,311.0,0.69,9.19,28.37,13.79,21.08,11.8,40.72,5.87,3.59,54.6,83.57,2024-02-27 11:00:00,938.75,28.37,40.72,93875.0,11,1,2,58,88933.0,100440.0,True
2024,2,27,12,1023.95,877.3,480.05,335.33,0.65,13.5,27.96,13.63,20.8,11.7,41.31,7.68,3.75,57.8,83.47,2024-02-27 12:00:00,877.3,27.96,41.31,87730.0,12,1,2,58,85425.0,94585.0,True
2024,2,27,13,922.97,574.9,242.13,275.93,0.46,26.93,27.04,13.94,20.49,11.94,44.45,8.55,3.73,65.6,83.41,2024-02-27 13:00:00,574.9,27.04,44.45,57490.0,13,1,2,58,68733.0,84015.0,True
2024,2,27,14,749.15,393.27,135.2,220.0,0.38,41.39,26.0,14.27,20.14,12.2,48.27,6.52,3.53,75.2,83.4,2024-02-27 14:00:00,393.27,26.0,48.27,39327.0,14,1,2,58,48580.0,66892.0,True
2024,2,27,15,520.9,209.07,38.07,143.34,0.27,56.08,25.05,14.65,19.85,12.51,52.38,5.36,3.53,83.2,83.43,2024-02-27 15:00:00,209.07,25.05,52.38,20907.0,15,1,2,58,30983.0,42267.0,True
2024,2,27,16,261.6,96.3,26.05,95.15,0.21,70.86,23.95,15.13,19.54,12.9,57.72,4.7,3.52,88.9,83.49,2024-02-27 16:00:00,96.3,23.95,57.72,9630.0,16,1,2,58,14862.0,20532.0,True
2024,2,27,17,39.47,16.02,6.3,19.97,0.14,85.34,22.26,16.41,19.33,13.99,69.34,4.53,2.37,95.1,83.56,2024-02-27 17:00:00,16.02,22.26,69.34,1602.0,17,1,2,58,2670.0,3329.9999999999995,True
2024,2,28,6,124.65,62.92,17.04,55.71,0.23,78.67,18.72,17.24,17.98,14.73,90.97,6.07,1.78,147.4,83.73,2024-02-28 06:00:00,62.92,18.72,90.97,6292.0,6,2,2,59,9628.0,12085.0,True
2024,2,28,7,370.98,210.18,51.9,162.85,0.35,64.29,20.67,17.35,19.01,14.82,81.14,6.45,2.0,155.2,83.78,2024-02-28 07:00:00,210.18,20.67,81.14,21018.0,7,2,2,59,25789.999999999996,35423.0,True
2024,2,28,8,624.38,391.95,59.05,277.46,0.44,49.53,22.53,15.92,19.23,13.53,66.19,4.99,1.74,159.5,83.82,2024-02-28 08:00:00,391.95,22.53,66.19,39195.0,8,2,2,59,51791.99999999999,61108.00000000001,True
2024,2,28,9,836.6,538.12,68.68,337.96,0.47,34.89,23.93,14.62,19.27,12.44,55.95,3.48,1.13,168.8,83.8,2024-02-28 09:00:00,538.12,23.93,55.95,53812.0,9,2,2,59,73103.0,82850.0,True
2024,2,28,10,979.03,699.42,270.73,351.92,0.54,20.63,25.13,13.97,19.55,11.93,49.91,3.25,0.72,202.0,83.73,2024-02-28 10:00:00,699.42,25.13,49.91,69942.0,10,2,2,59,90300.0,98075.0,True
2024,2,28,11,1050.57,782.95,342.15,374.33,0.57,8.89,25.87,13.56,19.71,11.62,46.48,3.57,0.7,243.8,83.63,2024-02-28 11:00:00,782.95,25.87,46.48,78295.0,11,2,2,59,102488.00000000001,106955.0,True
2024,2,28,12,1030.2,782.0,408.13,345.18,0.58,13.35,26.43,13.28,19.86,11.42,44.14,4.27,0.6,282.4,83.52,2024-02-28 12:00:00,782.0,26.43,44.14,78200.0,12,2,2,59,99317.0,104384.99999999999,True
2024,2,28,13,932.72,712.78,354.91,352.64,0.58,26.89,26.39,13.04,19.71,11.26,43.59,4.34,0.41,324.0,83.44,2024-02-28 13:00:00,712.78,26.39,43.59,71278.0,13,2,2,59,91320.0,88738.0,True
2024,2,28,14,759.7,516.67,193.42,299.43,0.5,41.39,26.01,12.94,19.48,11.18,44.24,4.31,0.28,34.8,83.41,2024-02-28 14:00:00,516.67,26.01,44.24,51666.99999999999,14,2,2,59,69875.0,69895.0,True
2024,2,28,15,533.3,316.73,163.5,193.63,0.41,56.1,25.22,12.99,19.1,11.23,46.58,3.4,0.5,86.6,83.43,2024-02-28 15:00:00,316.73,25.22,46.58,31673.0,15,2,2,59,49123.0,51970.00000000001,True
2024,2,28,16,271.5,148.27,112.71,102.24,0.33,70.89,24.18,13.49,18.83,11.6,51.22,1.96,0.86,103.4,83.48,2024-02-28 16:00:00,148.27,24.18,51.22,14827.000000000002,16,2,2,59,24120.0,26258.0,True
2024,2,28,17,40.35,22.85,16.12,25.08,0.2,85.37,22.58,16.55,19.57,14.22,69.08,2.1,1.0,111.7,83.53,2024-02-28 17:00:00,22.85,22.58,69.08,2285.0,17,2,2,59,3835.0,4350.0,True
2024,2,29,6,128.4,117.15,111.2,79.45,0.43,78.61,18.32,16.94,17.63,14.45,91.55,2.29,1.69,213.7,83.75,2024-02-29 06:00:00,117.15,18.32,91.55,11715.0,6,3,2,60,12647.0,12235.0,True
2024,2,29,7,376.8,344.65,350.31,186.11,0.57,64.23,19.86,16.77,18.32,14.28,82.24,2.01,1.46,218.9,83.8,2024-02-29 07:00:00,344.65,19.86,82.24,34465.0,7,3,2,60,36490.0,37233.0,True
2024,2,29,8,632.65,593.53,509.96,209.59,0.66,49.46,21.71,16.0,18.86,13.59,69.89,0.95,0.71,205.1,83.82,2024-02-29 08:00:00,593.53,21.71,69.89,59353.0,8,3,2,60,60160.0,63328.0,True
2024,2,29,9,842.53,762.12,435.3,308.68,0.67,34.78,23.99,14.96,19.48,12.71,56.94,1.15,0.49,137.5,83.79,2024-02-29 09:00:00,762.12,23.99,56.94,76212.0,9,3,2,60,84745.0,84175.0,True
2024,2,29,10,984.28,820.1,442.9,342.66,0.63,20.47,25.64,14.2,19.92,12.11,49.14,1.62,0.98,102.9,83.72,2024-02-29 10:00:00,820.1,25.64,49.14,82010.0,10,3,2,60,99795.0,98392.0,True
2024,2,29,11,1061.07,941.8,588.18,311.16,0.69,8.6,26.74,13.6,20.17,11.65,44.26,1.93,1.66,87.9,83.63,2024-02-29 11:00:00,941.8,26.74,44.26,94180.0,11,3,2,60,107905.0,106278.0,True
2024,2,29,12,1041.9,954.17,588.39,320.12,0.71,13.21,27.01,13.29,20.15,11.43,42.7,2.61,2.19,74.1,83.54,2024-02-29 12:00:00,954.17,27.01,42.7,95417.0,12,3,2,60,103609.99999999999,103580.0,True
2024,2,29,13,941.92,636.53,400.84,243.89,0.51,26.85,27.56,13.11,20.33,11.31,40.88,2.69,2.33,69.9,83.46,2024-02-29 13:00:00,636.53,27.56,40.88,63653.0,13,3,2,60,90778.0,91092.0,True
2024,2,29,14,767.97,473.1,215.48,258.42,0.45,41.39,27.09,12.81,19.95,11.1,41.22,2.53,2.38,77.1,83.42,2024-02-29 14:00:00,473.1,27.09,41.22,47310.0,14,3,2,60,72178.0,68778.0,True
2024,2,29,15,538.7,305.27,149.12,182.32,0.39,56.13,26.19,12.82,19.51,11.1,43.47,1.86,2.6,86.7,83.43,2024-02-29 15:00:00,305.27,26.19,43.47,30527.0,15,3,2,60,49900.0,46083.0,True
2024,2,29,16,275.08,145.35,98.39,101.88,0.32,70.93,24.82,13.8,19.31,11.84,50.31,1.62,2.63,92.8,83.47,2024-02-29 16:00:00,145.35,24.82,50.31,14535.0,16,3,2,60,25165.0,22452.0,True
2024,2,29,17,40.95,23.25,27.01,29.34,0.21,85.41,22.45,16.06,19.26,13.7,67.11,2.55,2.32,98.2,83.54,2024-02-29 17:00:00,23.25,22.45,67.11,2325.0,17,3,2,60,4208.0,3578.0,True
2024,3,1,6,138.12,123.9,175.25,82.76,0.45,78.56,18.28,17.03,17.66,14.53,92.28,1.42,3.9,103.0,83.75,2024-03-01 06:00:00,123.9,18.28,92.28,12390.0,6,4,3,61,13302.000000000002,11882.0,True
2024,3,1,7,390.17,353.98,463.95,136.94,0.59,64.17,20.59,16.7,18.65,14.23,78.32,1.15,3.88,98.2,83.78,2024-03-01 07:00:00,353.98,20.59,78.32,35398.0,7,4,3,61,36992.0,34527.0,True
2024,3,1,8,646.08,610.4,569.59,197.22,0.68,49.38,24.02,15.06,19.54,12.79,57.19,0.64,3.79,87.6,83.79,2024-03-01 08:00:00,610.4,24.02,57.19,61040.0,8,4,3,61,61033.00000000001,60475.0,True
2024,3,1,9,857.58,832.8,732.18,227.79,0.73,34.68,26.7,13.93,20.32,11.89,45.34,0.53,3.73,78.9,83.75,2024-03-01 09:00:00,832.8,26.7,45.34,83280.0,9,4,3,61,84375.0,83060.0,True
2024,3,1,10,997.65,969.25,700.01,260.3,0.75,20.32,28.53,13.65,21.09,11.69,40.02,0.56,3.67,75.8,83.67,2024-03-01 10:00:00,969.25,28.53,40.02,96925.0,10,4,3,61,99372.0,97162.0,True
2024,3,1,11,1060.9,1024.15,711.65,252.08,0.75,8.3,29.79,13.71,21.75,11.75,37.35,0.91,3.86,74.7,83.56,2024-03-01 11:00:00,1024.15,29.79,37.35,102415.00000000001,11,4,3,61,107290.00000000001,106007.0,True
2024,3,1,12,1040.3,935.92,667.4,228.38,0.69,13.08,30.32,13.78,22.05,11.82,36.4,1.92,4.36,75.1,83.46,2024-03-01 12:00:00,935.92,30.32,36.4,93592.0,12,4,3,61,105432.0,103278.0,True
2024,3,1,13,940.1,831.55,613.04,239.87,0.67,26.82,30.31,13.84,22.08,11.87,36.55,3.13,5.02,75.5,83.39,2024-03-01 13:00:00,831.55,30.31,36.55,83155.0,13,4,3,61,90262.0,90678.0,True
2024,3,1,14,765.95,614.9,478.08,225.27,0.59,41.4,28.94,14.11,21.52,12.08,40.23,5.31,5.75,74.7,83.38,2024-03-01 14:00:00,614.9,28.94,40.23,61490.0,14,4,3,61,77190.0,71792.0,True
2024,3,1,15,533.85,376.02,338.23,178.47,0.49,56.15,27.16,14.69,20.92,12.55,46.38,5.46,6.38,75.0,83.42,2024-03-01 15:00:00,376.02,27.16,46.38,37602.0,15,4,3,61,54475.0,49758.0,True
2024,3,1,16,273.27,179.55,282.08,93.9,0.4,70.97,25.31,15.36,20.33,13.09,53.98,4.88,6.58,76.6,83.49,2024-03-01 16:00:00,179.55,25.31,53.98,17955.0,16,4,3,61,28038.0,24610.0,True
2024,3,1,17,40.67,28.33,49.33,26.45,0.26,85.46,23.27,16.05,19.66,13.68,63.78,4.18,5.61,80.3,83.55,2024-03-01 17:00:00,28.33,23.27,63.78,2833.0,17,4,3,61,4483.0,3828.0,True
2024,3,2,6,147.85,142.25,317.92,70.04,0.51,78.5,18.55,17.09,17.82,14.57,91.12,1.35,4.78,80.9,83.88,2024-03-02 06:00:00,142.25,18.55,91.12,14225.0,6,5,3,62,11538.0,12600.0,True
2024,3,2,7,406.7,383.85,593.61,138.07,0.63,64.11,20.9,16.26,18.58,13.81,74.72,0.52,5.4,74.5,83.92,2024-03-02 07:00:00,383.85,20.9,74.72,38385.0,7,5,3,62,32712.0,37342.0,True
2024,3,2,8,663.33,617.8,631.03,162.5,0.68,49.3,24.31,14.12,19.21,12.02,52.93,0.12,5.8,65.7,83.93,2024-03-02 08:00:00,617.8,24.31,52.93,61779.99999999999,8,5,3,62,55072.0,63320.00000000001,True
2024,3,2,9,871.83,861.75,760.21,180.67,0.76,34.58,26.88,13.1,19.99,11.24,42.5,0.02,6.01,62.8,83.89,2024-03-02 09:00:00,861.75,26.88,42.5,86175.0,9,5,3,62,70100.0,84610.0,True
2024,3,2,10,1011.65,999.05,821.98,178.92,0.77,20.17,28.67,13.06,20.86,11.22,38.18,0.02,6.12,62.3,83.82,2024-03-02 10:00:00,999.05,28.67,38.18,99905.0,10,5,3,62,73722.0,99240.0,True
2024,3,2,11,1073.1,1067.93,743.07,194.98,0.78,8.02,29.6,13.33,21.46,11.43,36.81,0.02,6.35,62.5,83.72,2024-03-02 11:00:00,1067.93,29.6,36.81,106793.0,11,5,3,62,82335.0,107230.0,True
2024,3,2,12,1051.57,852.08,707.74,166.0,0.63,12.96,29.74,13.49,21.61,11.57,36.92,0.02,6.65,63.3,83.62,2024-03-02 12:00:00,852.08,29.74,36.92,85208.0,12,5,3,62,85817.0,102572.0,True
2024,3,2,13,948.67,882.35,580.34,301.69,0.71,26.8,29.56,13.54,21.55,11.62,37.42,0.03,6.92,64.3,83.53,2024-03-02 13:00:00,882.35,29.56,37.42,88235.0,13,5,3,62,66858.0,92003.0,True
2024,3,2,14,772.7,690.45,508.13,258.15,0.66,41.41,28.55,13.67,21.11,11.73,40.03,0.03,7.17,65.4,83.5,2024-03-02 14:00:00,690.45,28.55,40.03,69045.0,14,5,3,62,62758.00000000001,72790.0,True
2024,3,2,15,540.42,477.23,522.38,175.32,0.62,56.18,27.0,13.82,20.41,11.83,44.2,0.09,7.22,66.9,83.51,2024-03-02 15:00:00,477.23,27.0,44.2,47723.0,15,5,3,62,44288.0,50760.0,True
2024,3,2,16,275.75,213.23,313.78,99.73,0.47,71.02,25.12,14.04,19.58,12.01,50.17,0.06,7.0,68.5,83.57,2024-03-02 16:00:00,213.23,25.12,50.17,21323.0,16,5,3,62,22188.0,25935.000000000004,True
2024,3,2,17,40.47,30.17,105.36,29.27,0.28,85.5,23.02,14.65,18.84,12.48,59.18,0.15,5.9,70.0,83.65,2024-03-02 17:00:00,30.17,23.02,59.18,3017.0,17,5,3,62,3750.0,4560.0,True
2024,3,3,6,143.73,136.27,236.62,75.22,0.49,78.44,18.09,16.52,17.31,14.06,90.41,0.69,4.58,61.0,83.76,2024-03-03 06:00:00,136.27,18.09,90.41,13627.000000000002,6,6,3,63,6580.0,14115.0,True
2024,3,3,7,397.52,378.88,536.71,140.24,0.62,64.05,20.63,16.23,18.43,13.8,75.82,0.21,5.79,61.4,83.82,2024-03-03 07:00:00,378.88,20.63,75.82,37888.0,7,6,3,63,15090.0,39842.0,True
2024,3,3,8,650.45,633.58,632.49,192.86,0.7,49.22,22.97,15.02,18.99,12.75,60.79,0.05,6.29,57.9,83.85,2024-03-03 08:00:00,633.58,22.97,60.79,63358.00000000001,8,6,3,63,26108.0,65638.0,True
2024,3,3,9,857.67,841.9,762.39,194.46,0.74,34.48,24.85,14.56,19.7,12.37,52.68,0.01,6.12,56.4,83.85,2024-03-03 09:00:00,841.9,24.85,52.68,84190.0,9,6,3,63,32352.0,86203.0,True
2024,3,3,10,998.28,993.58,805.54,194.84,0.76,20.03,26.83,14.29,20.56,12.16,46.03,0.01,5.75,53.9,83.8,2024-03-03 10:00:00,993.58,26.83,46.03,99358.0,10,6,3,63,51027.0,100278.0,True
2024,3,3,11,1062.68,1046.95,762.05,227.78,0.76,7.74,28.94,13.97,21.45,11.93,39.89,0.01,5.51,50.7,83.69,2024-03-03 11:00:00,1046.95,28.94,39.89,104695.0,11,6,3,63,60512.0,108130.0,True
2024,3,3,12,1042.05,1004.53,666.48,279.19,0.74,12.86,29.94,13.7,21.82,11.74,37.01,0.01,5.51,51.0,83.58,2024-03-03 12:00:00,1004.53,29.94,37.01,100453.0,12,6,3,63,68060.0,106261.99999999999,True
2024,3,3,13,940.72,742.6,740.31,179.14,0.6,26.78,30.0,13.59,21.8,11.67,36.63,0.02,5.63,54.5,83.5,2024-03-03 13:00:00,742.6,30.0,36.63,74260.0,13,6,3,63,61854.99999999999,87775.0,True
2024,3,3,14,767.0,633.65,456.96,267.52,0.61,41.42,29.0,13.58,21.29,11.65,38.71,0.02,5.75,59.1,83.45,2024-03-03 14:00:00,633.65,29.0,38.71,63365.0,14,6,3,63,44775.0,77322.0,True
2024,3,3,15,536.15,448.42,398.55,183.03,0.58,56.22,27.47,13.78,20.62,11.81,42.9,0.01,5.99,65.0,83.46,2024-03-03 15:00:00,448.42,27.47,42.9,44842.0,15,6,3,63,27638.0,54940.0,True
2024,3,3,16,272.95,211.6,321.87,116.18,0.47,71.06,25.52,14.28,19.9,12.2,49.73,0.01,6.25,69.6,83.51,2024-03-03 16:00:00,211.6,25.52,49.73,21160.0,16,6,3,63,11657.0,28367.0,True
2024,3,3,17,39.67,30.12,61.73,29.31,0.28,85.55,23.48,15.04,19.26,12.81,59.02,0.01,5.62,72.3,83.58,2024-03-03 17:00:00,30.12,23.48,59.02,3012.0,17,6,3,63,2275.0,4670.0,True
2024,3,4,6,139.65,134.48,253.55,77.2,0.48,78.37,17.91,15.81,16.86,13.44,87.39,0.15,3.44,50.2,83.72,2024-03-04 06:00:00,134.48,17.91,87.39,13447.999999999998,6,0,3,64,8465.0,13665.0,True
2024,3,4,7,390.2,382.92,538.13,134.9,0.63,63.98,20.78,15.34,18.06,13.04,70.96,0.0,4.44,49.9,83.75,2024-03-04 07:00:00,382.92,20.78,70.96,38292.0,7,0,3,64,22165.0,39167.0,True
2024,3,4,8,640.53,638.88,731.12,135.91,0.71,49.15,23.5,14.41,18.95,12.26,56.56,0.0,5.07,48.8,83.76,2024-03-04 08:00:00,638.88,23.5,56.56,63888.0,8,0,3,64,40348.0,64615.0,True
2024,3,4,9,851.85,826.9,691.45,241.1,0.72,34.38,26.14,13.58,19.86,11.62,45.79,0.0,5.15,47.8,83.73,2024-03-04 09:00:00,826.9,26.14,45.79,82690.0,9,0,3,64,62133.00000000001,85417.0,True
2024,3,4,10,995.5,921.88,601.95,290.98,0.71,19.89,28.53,12.76,20.65,11.02,37.74,0.0,5.17,49.0,83.66,2024-03-04 10:00:00,921.88,28.53,37.74,92188.0,10,0,3,64,82390.0,99488.0,True
2024,3,4,11,1061.5,943.67,522.44,323.58,0.69,7.46,30.24,12.12,21.18,10.58,32.8,0.01,5.4,52.3,83.57,2024-03-04 11:00:00,943.67,30.24,32.8,94367.0,11,0,3,64,91028.0,107097.0,True
2024,3,4,12,1040.55,877.17,598.42,258.75,0.65,12.76,31.01,11.84,21.43,10.4,30.82,0.06,5.97,54.6,83.47,2024-03-04 12:00:00,877.17,31.01,30.82,87717.0,12,0,3,64,82835.0,105359.99999999999,True
2024,3,4,13,938.55,643.2,319.22,286.35,0.52,26.77,30.78,11.72,21.25,10.32,30.97,0.12,6.52,56.5,83.4,2024-03-04 13:00:00,643.2,30.78,30.97,64320.00000000001,13,0,3,64,73055.0,94042.0,True
2024,3,4,14,763.95,448.7,227.72,234.87,0.43,41.45,29.95,11.62,20.79,10.25,32.25,0.2,6.7,59.1,83.39,2024-03-04 14:00:00,448.7,29.95,32.25,44870.0,14,0,3,64,52972.0,77478.0,True
2024,3,4,15,530.33,254.57,93.6,166.99,0.33,56.26,28.28,11.63,19.96,10.25,35.53,0.22,6.74,62.0,83.41,2024-03-04 15:00:00,254.57,28.28,35.53,25457.0,15,0,3,64,28200.0,54983.00000000001,True
2024,3,4,16,265.2,126.07,55.5,103.15,0.28,71.12,26.75,11.69,19.22,10.29,39.03,0.08,6.59,65.0,83.47,2024-03-04 16:00:00,126.07,26.75,39.03,12607.0,16,0,3,64,13968.0,28260.000000000004,True
2024,3,4,17,36.9,16.23,12.76,18.27,0.15,85.59,24.71,12.09,18.4,10.56,45.24,0.04,5.41,68.4,83.55,2024-03-04 17:00:00,16.23,24.71,45.24,1623.0,17,0,3,64,2365.0,4597.0,True
2024,3,5,6,144.68,129.3,279.95,71.27,0.46,78.31,18.46,17.07,17.77,14.56,91.47,0.32,5.06,82.5,83.78,2024-03-05 06:00:00,129.3,18.46,91.47,12930.000000000002,6,1,3,65,13032.0,12247.0,True
2024,3,5,7,398.52,322.98,561.74,103.47,0.53,63.92,20.55,16.6,18.57,14.12,77.96,0.04,5.66,80.1,83.83,2024-03-05 07:00:00,322.98,20.55,77.96,32298.0,7,1,3,65,37245.0,36230.0,True
2024,3,5,8,654.38,519.3,517.38,170.98,0.57,49.07,23.44,15.63,19.54,13.27,61.48,0.05,5.7,76.0,83.86,2024-03-05 08:00:00,519.3,23.44,61.48,51929.99999999999,8,1,3,65,62283.00000000001,62115.0,True
2024,3,5,9,862.72,775.85,642.94,199.34,0.68,34.29,25.94,14.96,20.45,12.7,50.67,0.06,5.63,73.4,83.83,2024-03-05 09:00:00,775.85,25.94,50.67,77585.0,9,1,3,65,84445.0,83485.0,True
2024,3,5,10,1001.92,880.7,527.42,349.21,0.68,19.75,27.33,14.57,20.95,12.39,45.53,0.29,5.78,72.3,83.77,2024-03-05 10:00:00,880.7,27.33,45.53,88070.0,10,1,3,65,97667.0,97700.0,True
2024,3,5,11,1068.95,929.45,530.72,325.14,0.68,7.2,28.46,14.39,21.43,12.26,42.14,0.95,6.14,72.0,83.69,2024-03-05 11:00:00,929.45,28.46,42.14,92945.0,11,1,3,65,96462.0,105450.0,True
2024,3,5,12,1045.12,932.7,637.78,296.03,0.69,12.68,29.0,14.17,21.58,12.1,40.27,1.67,6.73,72.5,83.59,2024-03-05 12:00:00,932.7,29.0,40.27,93270.0,12,1,3,65,78840.0,99895.0,True
2024,3,5,13,939.2,789.35,655.01,160.99,0.64,26.77,28.83,13.9,21.37,11.89,39.94,0.98,7.36,73.3,83.54,2024-03-05 13:00:00,789.35,28.83,39.94,78935.0,13,1,3,65,61465.0,70508.0,True
2024,3,5,14,760.2,647.05,463.82,241.88,0.62,41.47,27.65,13.72,20.68,11.76,42.31,0.43,7.97,73.7,83.54,2024-03-05 14:00:00,647.05,27.65,42.31,64704.99999999999,14,1,3,65,40867.0,64958.00000000001,True
2024,3,5,15,522.25,437.45,456.8,164.92,0.57,56.3,25.3,13.96,19.63,11.94,49.37,0.09,8.23,73.8,83.6,2024-03-05 15:00:00,437.45,25.3,49.37,43745.0,15,1,3,65,11028.0,45930.0,True
2024,3,5,16,255.07,209.45,328.35,97.56,0.47,71.17,23.35,14.32,18.83,12.2,56.75,0.02,8.03,74.7,83.68,2024-03-05 16:00:00,209.45,23.35,56.75,20945.0,16,1,3,65,4775.0,21198.0,True
2024,3,5,17,35.45,30.88,43.41,33.99,0.29,85.64,21.55,14.74,18.14,12.53,65.06,0.02,7.3,76.0,83.76,2024-03-05 17:00:00,30.88,21.55,65.06,3088.0,17,1,3,65,1250.0,3254.9999999999995,True
2024,3,6,6,153.18,89.25,229.52,49.03,0.32,78.24,17.96,16.67,17.32,14.17,92.06,6.18,4.92,74.4,83.94,2024-03-06 06:00:00,89.25,17.96,92.06,8925.0,6,2,3,66,10175.0,10925.0,True
2024,3,6,7,411.88,250.82,385.88,97.26,0.41,63.86,20.04,16.42,18.23,13.93,79.53,6.5,6.03,75.9,83.99,2024-03-06 07:00:00,250.82,20.04,79.53,25082.0,7,2,3,66,29605.0,34677.0,True
2024,3,6,8,665.88,461.08,392.19,204.67,0.51,48.99,22.61,15.41,19.01,13.05,63.7,2.0,6.48,74.8,84.01,2024-03-06 08:00:00,461.08,22.61,63.7,46108.0,8,2,3,66,54535.0,61065.0,True
2024,3,6,9,872.42,651.9,194.82,343.73,0.57,34.19,24.89,14.42,19.65,12.24,52.09,0.31,6.8,74.5,83.99,2024-03-06 09:00:00,651.9,24.89,52.09,65190.0,9,2,3,66,78078.0,80750.0,True
2024,3,6,10,1012.22,880.28,558.04,293.48,0.68,19.62,26.74,13.87,20.3,11.81,45.02,0.16,6.75,73.4,83.92,2024-03-06 10:00:00,880.28,26.74,45.02,88028.0,10,2,3,66,91017.0,84425.0,True
2024,3,6,11,1070.85,982.15,593.7,300.44,0.72,6.94,28.29,13.5,20.89,11.54,40.14,0.11,6.6,72.0,83.82,2024-03-06 11:00:00,982.15,28.29,40.14,98215.0,11,2,3,66,93875.0,88933.0,True
2024,3,6,12,1048.72,898.08,638.84,219.5,0.67,12.6,29.08,13.19,21.14,11.33,37.61,0.12,6.63,71.9,83.72,2024-03-06 12:00:00,898.08,29.08,37.61,89808.0,12,2,3,66,87730.0,85425.0,True
2024,3,6,13,946.5,834.28,578.18,272.35,0.68,26.78,29.12,12.98,21.05,11.18,37.0,0.16,6.81,73.1,83.66,2024-03-06 13:00:00,834.28,29.12,37.0,83428.0,13,2,3,66,57490.0,68733.0,True
2024,3,6,14,772.0,668.67,490.59,243.86,0.65,41.5,28.45,12.9,20.68,11.13,38.27,0.18,7.0,75.7,83.62,2024-03-06 14:00:00,668.67,28.45,38.27,66867.0,14,2,3,66,39327.0,48580.0,True
2024,3,6,15,540.12,484.88,589.99,133.02,0.63,56.34,27.05,13.0,20.02,11.2,41.8,0.11,7.15,79.0,83.64,2024-03-06 15:00:00,484.88,27.05,41.8,48488.0,15,2,3,66,20907.0,30983.0,True
2024,3,6,16,275.35,239.4,504.77,85.68,0.54,71.22,25.06,13.22,19.14,11.36,47.72,0.03,7.06,82.1,83.69,2024-03-06 16:00:00,239.4,25.06,47.72,23940.0,16,2,3,66,9630.0,14862.0,True
2024,3,6,17,39.33,34.9,111.38,27.09,0.34,85.69,22.96,13.77,18.37,11.76,56.06,0.0,5.96,85.0,83.75,2024-03-06 17:00:00,34.9,22.96,56.06,3490.0,17,2,3,66,1602.0,2670.0,True
2024,3,7,6,158.32,153.73,309.26,68.51,0.54,78.17,17.17,15.14,16.15,12.83,87.71,0.15,3.35,66.0,83.97,2024-03-07 06:00:00,153.73,17.17,87.71,15372.999999999998,6,3,3,67,6292.0,9628.0,True
2024,3,7,7,420.35,404.58,639.97,124.7,0.66,63.79,20.17,14.81,17.49,12.56,71.22,0.0,3.88,75.2,84.02,2024-03-07 07:00:00,404.58,20.17,71.22,40458.0,7,3,3,67,21018.0,25789.999999999996,True
2024,3,7,8,677.5,654.12,736.27,145.31,0.72,48.91,23.01,13.72,18.36,11.69,55.75,0.0,4.48,77.5,84.03,2024-03-07 08:00:00,654.12,23.01,55.75,65412.0,8,3,3,67,39195.0,51791.99999999999,True
2024,3,7,9,886.12,857.2,752.47,195.38,0.75,34.1,25.59,12.71,19.15,10.94,44.71,0.0,4.6,82.3,84.0,2024-03-07 09:00:00,857.2,25.59,44.71,85720.0,9,3,3,67,53812.0,73103.0,True
2024,3,7,10,1025.22,993.8,770.32,235.7,0.76,19.49,27.9,11.87,19.89,10.36,36.94,0.0,4.57,89.5,83.93,2024-03-07 10:00:00,993.8,27.9,36.94,99380.0,10,3,3,67,69942.0,90300.0,True
2024,3,7,11,1083.55,1021.67,675.89,296.96,0.74,6.7,29.02,11.5,20.26,10.12,33.78,0.01,4.72,95.7,83.83,2024-03-07 11:00:00,1021.67,29.02,33.78,102167.0,11,3,3,67,78295.0,102488.00000000001,True
2024,3,7,12,1059.62,892.65,793.4,165.41,0.66,12.55,29.1,11.57,20.33,10.18,33.78,0.07,5.0,98.5,83.75,2024-03-07 12:00:00,892.65,29.1,33.78,89265.0,12,3,3,67,78200.0,99317.0,True
2024,3,7,13,955.08,855.3,579.34,286.47,0.69,26.79,28.85,11.8,20.32,10.34,34.78,0.18,5.23,99.4,83.67,2024-03-07 13:00:00,855.3,28.85,34.78,85530.0,13,3,3,67,71278.0,91320.0,True
2024,3,7,14,778.05,672.7,593.96,213.99,0.65,41.54,28.47,12.02,20.24,10.49,36.05,0.3,5.29,98.6,83.63,2024-03-07 14:00:00,672.7,28.47,36.05,67270.0,14,3,3,67,51666.99999999999,69875.0,True
2024,3,7,15,544.78,469.58,561.48,155.3,0.61,56.39,27.02,12.38,19.7,10.75,40.2,0.49,5.38,96.6,83.63,2024-03-07 15:00:00,469.58,27.02,40.2,46958.0,15,3,3,67,31673.0,49123.0,True
2024,3,7,16,278.88,219.23,487.5,85.85,0.49,71.28,25.04,13.11,19.07,11.28,47.43,0.54,5.65,94.6,83.68,2024-03-07 16:00:00,219.23,25.04,47.43,21923.0,16,3,3,67,14827.000000000002,24120.0,True
2024,3,7,17,40.12,30.42,98.13,27.13,0.3,85.74,23.0,14.18,18.59,12.09,57.49,0.41,5.49,94.0,83.75,2024-03-07 17:00:00,30.42,23.0,57.49,3042.0,17,3,3,67,2285.0,3835.0,True
2024,3,8,6,158.85,154.15,414.75,61.12,0.54,78.1,18.12,16.02,17.07,13.6,87.45,0.03,2.44,88.8,83.9,2024-03-08 06:00:00,154.15,18.12,87.45,15415.0,6,4,3,68,11715.0,12647.0,True
2024,3,8,7,416.38,408.73,700.96,94.86,0.67,63.72,20.56,15.15,17.86,12.85,71.05,0.0,2.79,96.2,83.94,2024-03-08 07:00:00,408.73,20.56,71.05,40873.0,7,4,3,68,34465.0,36490.0,True
2024,3,8,8,668.4,665.03,837.33,101.35,0.73,48.84,24.12,13.87,18.99,11.82,52.67,0.0,3.32,98.5,83.95,2024-03-08 08:00:00,665.03,24.12,52.67,66503.0,8,4,3,68,59353.0,60160.0,True
2024,3,8,9,873.75,870.9,922.86,92.05,0.76,34.01,27.24,13.14,20.19,11.27,41.73,0.0,3.7,95.0,83.9,2024-03-08 09:00:00,870.9,27.24,41.73,87090.0,9,4,3,68,76212.0,84745.0,True
2024,3,8,10,1012.17,1004.17,841.49,176.42,0.77,19.37,29.63,12.42,21.02,10.76,34.65,0.01,4.18,90.8,83.81,2024-03-08 10:00:00,1004.17,29.63,34.65,100417.0,10,4,3,68,82010.0,99795.0,True
2024,3,8,11,1074.65,1065.5,802.65,193.01,0.78,6.47,30.99,11.84,21.42,10.37,30.86,0.03,4.77,87.1,83.71,2024-03-08 11:00:00,1065.5,30.99,30.86,106550.0,11,4,3,68,94180.0,107905.0,True
2024,3,8,12,1053.62,1004.62,709.94,239.73,0.74,12.5,31.6,11.47,21.53,10.12,29.06,0.09,5.45,83.8,83.6,2024-03-08 12:00:00,1004.62,31.6,29.06,100462.0,12,4,3,68,95417.0,103609.99999999999,True
2024,3,8,13,952.05,850.35,614.22,251.04,0.69,26.81,31.39,11.3,21.35,10.02,29.09,0.16,6.15,81.5,83.54,2024-03-08 13:00:00,850.35,31.39,29.09,85035.0,13,4,3,68,63653.0,90778.0,True
2024,3,8,14,777.6,632.15,572.16,195.29,0.61,41.58,30.27,11.24,20.76,9.98,30.89,0.22,6.67,79.5,83.53,2024-03-08 14:00:00,632.15,30.27,30.89,63215.0,14,4,3,68,47310.0,72178.0,True
2024,3,8,15,545.1,352.58,476.15,115.94,0.46,56.44,28.13,11.55,19.84,10.18,35.67,0.29,6.92,79.1,83.58,2024-03-08 15:00:00,352.58,28.13,35.67,35258.0,15,4,3,68,30527.0,49900.0,True
2024,3,8,16,278.98,162.38,345.91,71.79,0.37,71.34,26.04,12.1,19.07,10.55,41.81,0.1,6.74,80.5,83.65,2024-03-08 16:00:00,162.38,26.04,41.81,16238.0,16,4,3,68,14535.0,25165.0,True
2024,3,8,17,39.83,23.08,85.9,22.61,0.23,85.79,24.21,12.8,18.51,11.04,48.82,0.02,5.82,83.6,83.72,2024-03-08 17:00:00,23.08,24.21,48.82,2308.0,17,4,3,68,2325.0,4208.0,True
2024,3,9,6,161.93,133.05,194.89,85.71,0.46,78.03,18.57,16.65,17.61,14.16,88.42,1.24,3.55,90.0,83.84,2024-03-09 06:00:00,133.05,18.57,88.42,13305.000000000002,6,5,3,69,12390.0,13302.000000000002,True
2024,3,9,7,419.35,358.5,457.93,159.78,0.58,63.66,21.36,15.98,18.67,13.56,71.3,2.1,3.49,81.6,83.88,2024-03-09 07:00:00,358.5,21.36,71.3,35850.0,7,5,3,69,35398.0,36992.0,True
2024,3,9,8,670.6,594.75,662.37,205.66,0.65,48.76,25.15,14.57,19.86,12.37,51.77,1.74,3.72,77.6,83.88,2024-03-09 08:00:00,594.75,25.15,51.77,59475.0,8,5,3,69,61040.0,61033.00000000001,True
2024,3,9,9,874.22,816.78,699.61,219.97,0.71,33.92,27.66,13.81,20.73,11.79,42.54,2.0,4.05,77.2,83.83,2024-03-09 09:00:00,816.78,27.66,42.54,81678.0,9,5,3,69,83280.0,84375.0,True
2024,3,9,10,1011.67,972.53,723.53,244.24,0.75,19.26,29.05,13.51,21.28,11.57,38.48,2.21,4.39,78.2,83.75,2024-03-09 10:00:00,972.53,29.05,38.48,97253.0,10,5,3,69,96925.0,99372.0,True
2024,3,9,11,1069.12,1055.85,702.19,259.09,0.77,6.26,29.75,13.33,21.54,11.44,36.5,2.54,4.84,76.9,83.65,2024-03-09 11:00:00,1055.85,29.75,36.5,105584.99999999999,11,5,3,69,102415.00000000001,107290.00000000001,True
2024,3,9,12,1045.95,965.17,699.9,225.71,0.72,12.47,29.87,13.28,21.58,11.42,36.14,2.52,5.37,75.7,83.56,2024-03-09 12:00:00,965.17,29.87,36.14,96517.0,12,5,3,69,93592.0,105432.0,True
2024,3,9,13,941.3,820.0,651.97,210.59,0.67,26.83,29.42,13.36,21.39,11.48,37.26,2.69,5.85,75.3,83.49,2024-03-09 13:00:00,820.0,29.42,37.26,82000.0,13,5,3,69,83155.0,90262.0,True
2024,3,9,14,763.78,625.53,449.01,226.9,0.61,41.62,28.5,13.37,20.93,11.5,39.35,2.8,6.09,76.3,83.46,2024-03-09 14:00:00,625.53,28.5,39.35,62553.0,14,5,3,69,61490.0,77190.0,True
2024,3,9,15,528.3,414.98,286.77,218.87,0.54,56.5,26.94,13.44,20.19,11.55,43.3,3.04,6.39,78.6,83.48,2024-03-09 15:00:00,414.98,26.94,43.3,41498.0,15,5,3,69,37602.0,54475.0,True
2024,3,9,16,261.42,190.23,184.41,104.66,0.43,71.41,25.01,13.92,19.46,11.91,50.08,2.74,6.64,81.3,83.56,2024-03-09 16:00:00,190.23,25.01,50.08,19023.0,16,5,3,69,17955.0,28038.0,True
2024,3,9,17,34.62,27.02,55.62,27.77,0.27,85.84,23.16,14.74,18.95,12.55,59.0,2.36,6.11,84.1,83.64,2024-03-09 17:00:00,27.02,23.16,59.0,2702.0,17,5,3,69,2833.0,4483.0,True
2024,3,10,6,148.62,128.18,249.97,78.67,0.44,77.96,18.67,17.29,17.98,14.75,91.5,1.5,5.03,90.9,83.84,2024-03-10 06:00:00,128.18,18.67,91.5,12818.0,6,6,3,70,14225.0,11538.0,True
2024,3,10,7,402.83,343.2,351.79,162.53,0.56,63.59,20.83,16.76,18.8,14.26,77.42,1.28,5.88,82.4,83.87,2024-03-10 07:00:00,343.2,20.83,77.42,34320.0,7,6,3,70,38385.0,32712.0,True
2024,3,10,8,656.62,576.9,547.93,219.53,0.63,48.69,23.9,15.39,19.65,13.06,58.88,0.6,6.43,71.5,83.89,2024-03-10 08:00:00,576.9,23.9,58.88,57690.0,8,6,3,70,61779.99999999999,55072.0,True
2024,3,10,9,863.3,770.1,446.94,332.8,0.67,33.83,26.41,14.3,20.35,12.17,47.27,0.29,6.8,66.1,83.88,2024-03-10 09:00:00,770.1,26.41,47.27,77010.0,9,6,3,70,86175.0,70100.0,True
2024,3,10,10,1002.97,930.97,638.94,286.4,0.71,19.15,28.27,13.46,20.87,11.52,40.11,0.38,6.89,64.7,83.82,2024-03-10 10:00:00,930.97,28.27,40.11,93097.0,10,6,3,70,99905.0,73722.0,True
2024,3,10,11,1064.93,1012.78,720.39,261.52,0.74,6.06,29.52,12.8,21.16,11.04,35.73,0.61,7.0,64.5,83.73,2024-03-10 11:00:00,1012.78,29.52,35.73,101278.0,11,6,3,70,106793.0,82335.0,True
2024,3,10,12,1041.43,982.12,621.22,328.18,0.73,12.45,30.16,12.4,21.28,10.77,33.57,1.0,7.14,64.2,83.64,2024-03-10 12:00:00,982.12,30.16,33.57,98212.0,12,6,3,70,85208.0,85817.0,True
2024,3,10,13,936.92,803.08,729.58,246.37,0.65,26.86,30.11,12.33,21.22,10.72,33.49,1.01,7.33,64.4,83.58,2024-03-10 13:00:00,803.08,30.11,33.49,80308.0,13,6,3,70,88235.0,66858.0,True
2024,3,10,14,758.88,682.53,566.23,238.44,0.66,41.67,29.25,12.5,20.88,10.84,35.57,1.15,7.48,64.9,83.56,2024-03-10 14:00:00,682.53,29.25,35.57,68253.0,14,6,3,70,69045.0,62758.00000000001,True
2024,3,10,15,522.25,474.05,498.52,184.32,0.62,56.56,27.69,12.78,20.24,11.04,39.66,0.95,7.51,65.2,83.58,2024-03-10 15:00:00,474.05,27.69,39.66,47405.0,15,6,3,70,47723.0,44288.0,True
2024,3,10,16,255.82,225.15,311.13,133.78,0.51,71.47,25.7,13.12,19.41,11.29,45.63,0.54,7.34,65.5,83.65,2024-03-10 16:00:00,225.15,25.7,45.63,22515.0,16,6,3,70,21323.0,22188.0,True
2024,3,10,17,33.25,29.92,46.24,26.93,0.3,85.9,23.6,13.71,18.65,11.72,53.75,0.1,6.22,67.9,83.74,2024-03-10 17:00:00,29.92,23.6,53.75,2992.0,17,6,3,70,3017.0,3750.0,True
2024,3,11,6,160.25,152.02,349.96,66.04,0.52,77.88,18.05,15.97,17.01,13.53,87.49,0.44,5.87,75.0,84.0,2024-03-11 06:00:00,152.02,18.05,87.49,15202.000000000002,6,0,3,71,13627.000000000002,6580.0,True
2024,3,11,7,422.85,395.5,644.36,110.22,0.64,63.53,20.91,14.91,17.91,12.64,68.5,0.1,6.81,69.9,84.05,2024-03-11 07:00:00,395.5,20.91,68.5,39550.0,7,0,3,71,37888.0,15090.0,True
2024,3,11,8,682.67,660.55,658.49,208.31,0.72,48.62,24.12,12.71,18.42,10.93,48.81,0.02,7.71,64.2,84.08,2024-03-11 08:00:00,660.55,24.12,48.81,66055.0,8,0,3,71,63358.00000000001,26108.0,True
2024,3,11,9,892.0,860.6,723.7,225.39,0.75,33.75,26.47,11.2,18.83,9.89,38.42,0.01,8.08,60.6,84.06,2024-03-11 09:00:00,860.6,26.47,38.42,86060.0,9,0,3,71,84190.0,32352.0,True
2024,3,11,10,1031.88,1003.67,766.63,245.49,0.77,19.04,28.17,10.74,19.45,9.61,33.77,0.0,8.17,58.5,84.0,2024-03-11 10:00:00,1003.67,28.17,33.77,100367.0,10,0,3,71,99358.0,51027.0,True
2024,3,11,11,1093.65,1079.0,730.92,247.79,0.79,5.88,29.35,11.06,20.2,9.83,32.22,0.0,8.13,57.8,83.91,2024-03-11 11:00:00,1079.0,29.35,32.22,107900.0,11,0,3,71,104695.0,60512.0,True
2024,3,11,12,1069.38,1031.38,757.78,221.83,0.77,12.45,30.05,11.18,20.61,9.91,31.16,0.0,8.01,57.7,83.81,2024-03-11 12:00:00,1031.38,30.05,31.16,103138.00000000001,12,0,3,71,100453.0,68060.0,True
2024,3,11,13,963.2,933.2,687.77,245.12,0.76,26.9,30.19,11.2,20.7,9.93,30.95,0.0,7.9,57.8,83.74,2024-03-11 13:00:00,933.2,30.19,30.95,93320.0,13,0,3,71,74260.0,61854.99999999999,True
2024,3,11,14,782.67,741.92,626.55,228.67,0.72,41.72,29.58,11.25,20.42,9.97,32.17,0.0,7.8,58.2,83.7,2024-03-11 14:00:00,741.92,29.58,32.17,74192.0,14,0,3,71,63365.0,44775.0,True
2024,3,11,15,543.42,505.4,576.85,158.64,0.67,56.62,28.33,11.28,19.81,9.98,34.62,0.0,7.62,59.0,83.72,2024-03-11 15:00:00,505.4,28.33,34.62,50540.0,15,0,3,71,44842.0,27638.0,True
2024,3,11,16,270.67,246.77,387.94,114.87,0.56,71.54,26.56,11.24,18.9,9.95,38.31,0.0,7.31,60.6,83.77,2024-03-11 16:00:00,246.77,26.56,38.31,24677.0,16,0,3,71,21160.0,11657.0,True
2024,3,11,17,35.47,33.38,53.56,29.6,0.34,85.95,24.09,11.33,17.71,10.0,44.63,0.0,5.94,62.5,83.83,2024-03-11 17:00:00,33.38,24.09,44.63,3338.0000000000005,17,0,3,71,3012.0,2275.0,True
2024,3,12,5,3.95,3.95,26.83,5.39,0.29,89.42,14.1,13.13,13.61,11.24,93.76,0.31,3.67,65.7,84.08,2024-03-12 05:00:00,3.95,14.1,93.76,395.0,5,1,3,72,13447.999999999998,8465.0,True
2024,3,12,6,160.43,159.65,465.23,50.97,0.58,78.39,16.73,14.08,15.4,11.95,84.21,0.35,4.78,66.6,84.13,2024-03-12 06:00:00,159.65,16.73,84.21,15965.0,6,1,3,72,38292.0,22165.0,True
2024,3,12,7,435.6,434.5,743.25,78.6,0.71,63.46,20.56,13.76,17.16,11.71,64.96,0.04,5.27,69.4,84.16,2024-03-12 07:00:00,434.5,20.56,64.96,43450.0,7,1,3,72,63888.0,40348.0,True
2024,3,12,8,694.72,694.15,861.82,98.88,0.76,48.54,23.84,11.96,17.9,10.39,47.25,0.0,5.37,68.3,84.17,2024-03-12 08:00:00,694.15,23.84,47.25,69415.0,8,1,3,72,82690.0,62133.00000000001,True
2024,3,12,9,903.0,901.97,920.55,103.21,0.79,33.67,26.62,10.4,18.51,9.37,36.12,0.0,5.47,70.0,84.13,2024-03-12 09:00:00,901.97,26.62,36.12,90197.0,9,1,3,72,92188.0,82390.0,True
2024,3,12,10,1042.95,1037.97,944.81,102.68,0.8,18.95,28.88,9.06,18.97,8.57,28.94,0.0,5.72,72.0,84.06,2024-03-12 10:00:00,1037.97,28.88,28.94,103797.0,10,1,3,72,94367.0,91028.0,True
2024,3,12,11,1103.03,1095.03,943.86,105.73,0.8,5.72,30.42,8.24,19.33,8.11,25.04,0.0,6.02,73.3,83.96,2024-03-12 11:00:00,1095.03,30.42,25.04,109503.0,11,1,3,72,87717.0,82835.0,True
2024,3,12,12,1079.57,1068.8,926.96,111.46,0.79,12.46,31.24,7.95,19.6,7.96,23.43,0.0,6.24,74.3,83.86,2024-03-12 12:00:00,1068.8,31.24,23.43,106880.0,12,1,3,72,64320.00000000001,73055.0,True
2024,3,12,13,973.97,970.88,941.39,106.13,0.79,26.95,31.39,8.06,19.73,8.02,23.38,0.0,6.44,75.3,83.79,2024-03-12 13:00:00,970.88,31.39,23.38,97088.0,13,1,3,72,44870.0,52972.0,True
2024,3,12,14,793.08,783.33,805.7,159.89,0.76,41.78,30.85,8.33,19.59,8.18,24.58,0.01,6.63,76.7,83.75,2024-03-12 14:00:00,783.33,30.85,24.58,78333.0,14,1,3,72,25457.0,28200.0,True
2024,3,12,15,555.1,543.78,724.78,129.24,0.72,56.68,29.55,8.77,19.16,8.42,27.26,0.03,6.79,78.8,83.75,2024-03-12 15:00:00,543.78,29.55,27.26,54378.0,15,1,3,72,12607.0,13968.0,True
2024,3,12,16,283.58,269.83,621.87,66.83,0.62,71.61,27.51,9.3,18.4,8.73,31.82,0.02,6.75,81.0,83.8,2024-03-12 16:00:00,269.83,27.51,31.82,26983.0,16,1,3,72,1623.0,2365.0,True
2024,3,12,17,39.22,37.3,145.08,22.7,0.39,86.01,25.07,10.19,17.63,9.26,39.0,0.04,5.86,82.8,83.87,2024-03-12 17:00:00,37.3,25.07,39.0,3729.9999999999995,17,1,3,72,12930.000000000002,13032.0,True
2024,3,13,5,4.22,4.1,20.74,4.97,0.29,89.41,15.0,14.59,14.8,12.37,97.2,0.49,2.97,46.1,84.0,2024-03-13 05:00:00,4.1,15.0,97.2,409.99999999999994,5,2,3,73,32298.0,37245.0,True
2024,3,13,6,163.5,160.98,540.58,42.72,0.58,78.33,17.41,14.9,16.15,12.63,85.15,0.39,4.35,51.4,84.07,2024-03-13 06:00:00,160.98,17.41,85.15,16097.999999999998,6,2,3,73,51929.99999999999,62283.00000000001,True
2024,3,13,7,436.4,429.88,722.02,82.93,0.7,63.39,20.24,15.0,17.62,12.7,71.78,0.08,5.2,61.7,84.12,2024-03-13 07:00:00,429.88,20.24,71.78,42988.0,7,2,3,73,77585.0,84445.0,True
2024,3,13,8,690.97,689.55,906.13,83.42,0.75,48.47,22.47,14.19,18.33,12.04,59.4,0.04,5.67,65.0,84.15,2024-03-13 08:00:00,689.55,22.47,59.4,68955.0,8,2,3,73,88070.0,97667.0,True
2024,3,13,9,896.05,890.95,886.51,127.76,0.78,33.59,24.69,13.45,19.07,11.46,49.47,0.04,5.64,69.5,84.13,2024-03-13 09:00:00,890.95,24.69,49.47,89095.0,9,2,3,73,92945.0,96462.0,True
2024,3,13,10,1032.43,1024.0,885.31,151.48,0.78,18.85,27.84,12.82,20.33,11.01,39.44,0.05,5.57,73.1,84.07,2024-03-13 10:00:00,1024.0,27.84,39.44,102400.0,10,2,3,73,93270.0,78840.0,True
2024,3,13,11,1087.97,1079.6,831.24,178.25,0.79,5.59,30.03,11.82,20.93,10.32,32.54,0.11,5.66,74.4,83.95,2024-03-13 11:00:00,1079.6,30.03,32.54,107959.99999999999,11,2,3,73,78935.0,61465.0,True
2024,3,13,12,1062.7,953.65,831.67,128.57,0.71,12.48,31.03,11.2,21.12,9.91,29.48,0.3,5.93,75.4,83.83,2024-03-13 12:00:00,953.65,31.03,29.48,95365.0,12,2,3,73,64704.99999999999,40867.0,True
2024,3,13,13,956.92,885.38,689.78,238.47,0.72,27.0,30.93,10.94,20.93,9.75,29.14,0.34,6.36,76.1,83.74,2024-03-13 13:00:00,885.38,30.93,29.14,88538.0,13,2,3,73,43745.0,11028.0,True
2024,3,13,14,778.47,717.92,647.35,218.47,0.7,41.84,29.73,11.07,20.4,9.84,31.49,0.41,6.82,76.8,83.72,2024-03-13 14:00:00,717.92,29.73,31.49,71792.0,14,2,3,73,20945.0,4775.0,True
2024,3,13,15,544.17,513.78,641.51,135.24,0.68,56.75,27.81,11.62,19.71,10.21,36.52,0.22,7.16,77.7,83.75,2024-03-13 15:00:00,513.78,27.81,36.52,51378.0,15,2,3,73,3088.0,1250.0,True
2024,3,13,16,276.77,253.43,592.88,68.16,0.58,71.68,25.82,12.39,19.11,10.74,43.19,0.07,7.26,79.9,83.8,2024-03-13 16:00:00,253.43,25.82,43.19,25343.0,16,2,3,73,8925.0,10175.0,True
2024,3,13,17,37.72,35.78,141.85,21.73,0.38,86.06,24.04,13.18,18.61,11.31,50.6,0.07,6.57,83.6,83.87,2024-03-13 17:00:00,35.78,24.04,50.6,3578.0,17,2,3,73,25082.0,29605.0,True
2024,3,14,5,4.12,3.4,11.35,5.34,0.23,89.39,17.28,16.51,16.9,14.03,95.11,0.78,3.37,89.7,83.91,2024-03-14 05:00:00,3.4,17.28,95.11,340.0,5,3,3,74,46108.0,54535.0,True
2024,3,14,6,157.0,131.07,282.32,73.68,0.47,78.27,18.28,16.23,17.26,13.77,87.72,0.57,4.19,84.7,83.96,2024-03-14 06:00:00,131.07,18.28,87.72,13107.0,6,3,3,74,65190.0,78078.0,True
2024,3,14,7,424.75,365.83,474.98,150.54,0.59,63.33,21.22,15.14,18.18,12.84,68.23,0.29,5.12,81.6,84.01,2024-03-14 07:00:00,365.83,21.22,68.23,36583.0,7,3,3,74,88028.0,91017.0,True
2024,3,14,8,676.92,629.0,609.07,195.15,0.69,48.4,24.4,14.06,19.23,11.95,52.4,0.07,5.61,75.8,84.03,2024-03-14 08:00:00,629.0,24.4,52.4,62900.0,8,3,3,74,98215.0,93875.0,True
2024,3,14,9,880.7,818.7,632.46,264.72,0.71,33.51,26.69,12.86,19.77,11.05,42.31,0.04,5.86,71.7,84.0,2024-03-14 09:00:00,818.7,26.69,42.31,81870.0,9,3,3,74,89808.0,87730.0,True
2024,3,14,10,1017.8,935.45,573.74,302.14,0.72,18.77,28.68,11.45,20.07,10.08,34.35,0.06,5.96,68.6,83.93,2024-03-14 10:00:00,935.45,28.68,34.35,93545.0,10,3,3,74,83428.0,57490.0,True
2024,3,14,11,1074.18,1002.45,767.26,245.49,0.73,5.48,30.23,10.49,20.36,9.45,29.43,0.31,6.17,65.3,83.83,2024-03-14 11:00:00,1002.45,30.23,29.43,100245.0,11,3,3,74,66867.0,39327.0,True
2024,3,14,12,1049.12,975.62,600.5,310.55,0.73,12.51,31.09,10.19,20.64,9.28,27.48,0.54,6.57,63.0,83.73,2024-03-14 12:00:00,975.62,31.09,27.48,97562.0,12,3,3,74,48488.0,20907.0,True
2024,3,14,13,943.33,792.78,587.79,240.4,0.65,27.06,30.99,10.46,20.73,9.46,28.15,0.83,7.02,62.0,83.65,2024-03-14 13:00:00,792.78,30.99,28.15,79278.0,13,3,3,74,23940.0,9630.0,True
2024,3,14,14,764.95,635.12,468.18,225.98,0.62,41.91,30.12,11.03,20.58,9.84,30.75,0.82,7.48,62.5,83.62,2024-03-14 14:00:00,635.12,30.12,30.75,63512.0,14,3,3,74,3490.0,1602.0,True
2024,3,14,15,528.92,369.27,447.49,170.54,0.49,56.82,28.44,11.72,20.08,10.3,35.46,1.1,7.85,64.7,83.63,2024-03-14 15:00:00,369.27,28.44,35.46,36927.0,15,3,3,74,15372.999999999998,6292.0,True
2024,3,14,16,263.05,170.93,187.66,109.4,0.4,71.76,26.13,12.71,19.42,10.99,43.33,0.79,8.07,69.3,83.68,2024-03-14 16:00:00,170.93,26.13,43.33,17093.0,16,3,3,74,40458.0,21018.0,True
2024,3,14,17,33.67,22.98,50.33,22.41,0.25,86.12,23.63,14.12,18.88,12.04,55.11,0.25,7.88,75.7,83.75,2024-03-14 17:00:00,22.98,23.63,55.11,2298.0,17,3,3,74,65412.0,39195.0,True
2024,3,15,5,4.3,3.65,5.75,5.18,0.24,89.37,16.79,16.18,16.48,13.73,96.02,0.89,2.92,84.9,83.9,2024-03-15 05:00:00,3.65,16.79,96.02,365.0,5,4,3,75,85720.0,53812.0,True
2024,3,15,6,161.15,133.8,318.84,78.21,0.48,78.21,18.31,16.16,17.23,13.7,87.1,0.94,4.41,85.6,83.96,2024-03-15 06:00:00,133.8,18.31,87.1,13380.000000000002,6,4,3,75,99380.0,69942.0,True
2024,3,15,7,433.3,355.25,571.15,119.66,0.57,63.26,21.17,15.24,18.2,12.91,68.81,0.54,5.37,81.3,84.01,2024-03-15 07:00:00,355.25,21.17,68.81,35525.0,7,4,3,75,102167.0,78295.0,True
2024,3,15,8,688.53,610.95,621.01,174.16,0.67,48.33,24.46,13.76,19.11,11.73,51.26,0.3,6.4,73.9,84.02,2024-03-15 08:00:00,610.95,24.46,51.26,61095.00000000001,8,4,3,75,89265.0,78200.0,True
2024,3,15,9,892.1,795.35,455.88,322.8,0.69,33.44,27.0,13.11,20.05,11.23,42.21,0.28,6.73,69.9,83.98,2024-03-15 09:00:00,795.35,27.0,42.21,79535.0,9,4,3,75,85530.0,71278.0,True
2024,3,15,10,1027.43,948.4,579.7,326.36,0.73,18.69,28.99,12.51,20.75,10.81,36.16,0.33,6.84,68.1,83.9,2024-03-15 10:00:00,948.4,28.99,36.16,94840.0,10,4,3,75,67270.0,51666.99999999999,True
2024,3,15,11,1080.95,1041.38,724.43,295.09,0.76,5.4,30.31,12.09,21.2,10.52,32.58,0.49,7.12,67.1,83.8,2024-03-15 11:00:00,1041.38,30.31,32.58,104138.00000000001,11,4,3,75,46958.0,31673.0,True
2024,3,15,12,1054.15,987.88,675.43,261.33,0.74,12.56,30.84,11.93,21.39,10.43,31.3,0.72,7.59,66.5,83.7,2024-03-15 12:00:00,987.88,30.84,31.3,98788.0,12,4,3,75,21923.0,14827.000000000002,True
2024,3,15,13,946.08,807.67,713.07,196.89,0.66,27.12,30.31,12.32,21.32,10.71,33.1,1.37,8.05,67.1,83.63,2024-03-15 13:00:00,807.67,30.31,33.1,80767.0,13,4,3,75,3042.0,2285.0,True
2024,3,15,14,764.65,710.95,635.17,210.02,0.69,41.98,28.95,12.84,20.9,11.08,37.01,1.77,8.32,68.6,83.62,2024-03-15 14:00:00,710.95,28.95,37.01,71095.0,14,4,3,75,15415.0,11715.0,True
2024,3,15,15,526.65,493.67,604.53,153.29,0.66,56.89,27.24,13.25,20.24,11.39,42.04,2.11,8.33,70.1,83.64,2024-03-15 15:00:00,493.67,27.24,42.04,49367.0,15,4,3,75,40873.0,34465.0,True
2024,3,15,16,257.42,234.12,435.24,100.05,0.55,71.84,25.21,13.64,19.43,11.67,48.58,1.67,8.15,70.8,83.7,2024-03-15 16:00:00,234.12,25.21,48.58,23412.0,16,4,3,75,66503.0,59353.0,True
2024,3,15,17,31.58,29.33,50.55,27.6,0.32,86.17,23.07,14.24,18.65,12.12,57.4,0.49,7.59,73.4,83.77,2024-03-15 17:00:00,29.33,23.07,57.4,2933.0,17,4,3,75,87090.0,76212.0,True
2024,3,16,5,4.22,3.8,5.39,6.33,0.25,89.36,16.63,16.04,16.33,13.62,96.23,1.19,3.46,72.5,83.9,2024-03-16 05:00:00,3.8,16.63,96.23,380.0,5,5,3,76,100417.0,82010.0,True
2024,3,16,6,155.98,133.27,258.22,74.9,0.47,78.14,18.17,16.12,17.14,13.67,87.68,1.12,4.96,74.6,83.96,2024-03-16 06:00:00,133.27,18.17,87.68,13327.000000000002,6,5,3,76,106550.0,94180.0,True
2024,3,16,7,428.95,362.75,421.75,170.64,0.58,63.2,21.01,14.58,17.8,12.38,66.65,0.32,5.95,74.2,84.0,2024-03-16 07:00:00,362.75,21.01,66.65,36275.0,7,5,3,76,100462.0,95417.0,True
2024,3,16,8,687.17,602.95,700.24,192.44,0.66,48.27,24.39,12.15,18.27,10.55,46.32,0.03,6.31,71.7,84.01,2024-03-16 08:00:00,602.95,24.39,46.32,60295.00000000001,8,5,3,76,85035.0,63653.0,True
2024,3,16,9,893.97,797.42,523.74,318.28,0.69,33.37,27.08,10.73,18.9,9.6,35.94,0.01,6.09,70.9,83.98,2024-03-16 09:00:00,797.42,27.08,35.94,79742.0,9,5,3,76,63215.0,47310.0,True
2024,3,16,10,1031.47,940.0,634.96,326.18,0.72,18.62,29.16,9.6,19.38,8.9,29.51,0.0,5.87,70.8,83.9,2024-03-16 10:00:00,940.0,29.16,29.51,94000.0,10,5,3,76,35258.0,30527.0,True
2024,3,16,11,1084.75,970.75,634.95,304.28,0.71,5.34,30.61,9.01,19.81,8.56,26.08,0.01,5.71,70.9,83.79,2024-03-16 11:00:00,970.75,30.61,26.08,97075.0,11,5,3,76,16238.0,14535.0,True
2024,3,16,12,1058.55,976.47,668.57,309.53,0.73,12.63,31.39,8.92,20.15,8.52,24.8,0.01,5.7,70.0,83.69,2024-03-16 12:00:00,976.47,31.39,24.8,97647.0,12,5,3,76,2308.0,2325.0,True
2024,3,16,13,949.38,886.42,675.42,349.32,0.72,27.19,31.46,9.11,20.29,8.63,25.0,0.01,5.87,68.6,83.61,2024-03-16 13:00:00,886.42,31.46,25.0,88642.0,13,5,3,76,13305.000000000002,12390.0,True
2024,3,16,14,766.88,673.75,477.25,255.62,0.66,42.05,30.71,9.4,20.06,8.81,26.62,0.02,6.11,68.1,83.58,2024-03-16 14:00:00,673.75,30.71,26.62,67375.0,14,5,3,76,35850.0,35398.0,True
2024,3,16,15,528.3,475.42,447.66,230.99,0.63,56.97,29.09,9.8,19.45,9.05,30.02,0.04,6.33,68.7,83.6,2024-03-16 15:00:00,475.42,29.09,30.02,47542.0,15,5,3,76,59475.0,61040.0,True
2024,3,16,16,258.92,225.02,311.72,135.85,0.53,71.91,26.99,10.32,18.65,9.37,35.14,0.01,6.49,70.1,83.67,2024-03-16 16:00:00,225.02,26.99,35.14,22502.0,16,5,3,76,81678.0,83280.0,True
2024,3,16,17,31.55,27.9,22.83,27.35,0.31,86.23,24.86,11.08,17.97,9.85,41.94,0.01,6.16,73.6,83.74,2024-03-16 17:00:00,27.9,24.86,41.94,2790.0,17,5,3,76,97253.0,96925.0,True
2024,3,17,5,4.2,4.18,12.57,5.94,0.26,89.34,15.97,15.46,15.71,13.12,96.62,0.05,2.0,61.3,83.82,2024-03-17 05:00:00,4.18,15.97,96.62,418.0,5,6,3,77,105584.99999999999,102415.00000000001,True
2024,3,17,6,154.4,153.55,390.29,58.56,0.54,78.08,18.22,15.37,16.79,13.04,83.33,0.03,3.25,59.1,83.88,2024-03-17 06:00:00,153.55,18.22,83.33,15355.000000000002,6,6,3,77,96517.0,93592.0,True
2024,3,17,7,419.48,418.3,710.84,89.08,0.67,63.13,21.84,14.58,18.21,12.38,63.28,0.0,3.94,58.3,83.92,2024-03-17 07:00:00,418.3,21.84,63.28,41830.0,7,6,3,77,82000.0,83155.0,True
2024,3,17,8,673.17,672.95,782.05,129.13,0.73,48.2,25.17,13.29,19.23,11.38,47.62,0.0,4.07,57.3,83.92,2024-03-17 08:00:00,672.95,25.17,47.62,67295.0,8,6,3,77,62553.0,61490.0,True
2024,3,17,9,879.92,878.55,842.36,142.77,0.76,33.31,28.1,11.71,19.9,10.26,36.14,0.0,4.06,59.6,83.88,2024-03-17 09:00:00,878.55,28.1,36.14,87855.0,9,6,3,77,41498.0,37602.0,True
2024,3,17,10,1019.05,1018.03,878.57,143.99,0.78,18.56,30.43,10.2,20.32,9.29,28.59,0.0,4.27,61.5,83.78,2024-03-17 10:00:00,1018.03,30.43,28.59,101803.0,10,6,3,77,19023.0,17955.0,True
2024,3,17,11,1085.9,1084.35,921.45,117.39,0.79,5.32,32.01,8.95,20.48,8.54,24.0,0.0,4.73,61.6,83.67,2024-03-17 11:00:00,1084.35,32.01,24.0,108434.99999999999,11,6,3,77,2702.0,2833.0,True
2024,3,17,12,1063.43,1030.1,804.01,148.61,0.77,12.7,32.82,7.96,20.39,8.0,21.46,0.0,5.33,60.3,83.56,2024-03-17 12:00:00,1030.1,32.82,21.46,103009.99999999999,12,6,3,77,12818.0,14225.0,True
2024,3,17,13,958.22,937.55,802.49,168.01,0.77,27.27,32.84,7.22,20.03,7.61,20.37,0.0,5.91,59.1,83.47,2024-03-17 13:00:00,937.55,32.84,20.37,93755.0,13,6,3,77,34320.0,38385.0,True
2024,3,17,14,779.75,730.42,736.96,166.44,0.72,42.13,32.08,6.85,19.46,7.42,20.73,0.0,6.45,59.1,83.44,2024-03-17 14:00:00,730.42,32.08,20.73,73042.0,14,6,3,77,57690.0,61779.99999999999,True
2024,3,17,15,541.85,503.77,733.62,115.02,0.67,57.05,30.72,6.95,18.83,7.47,22.55,0.0,6.9,61.6,83.46,2024-03-17 15:00:00,503.77,30.72,22.55,50377.0,15,6,3,77,77010.0,86175.0,True
2024,3,17,16,270.7,240.73,514.12,85.58,0.57,71.99,28.74,7.43,18.08,7.72,26.13,0.0,6.94,65.5,83.52,2024-03-17 16:00:00,240.73,28.74,26.13,24073.0,16,6,3,77,93097.0,99905.0,True
2024,3,17,17,34.15,29.92,85.55,20.69,0.34,86.29,25.99,8.59,17.29,8.35,33.21,0.0,5.74,72.6,83.6,2024-03-17 17:00:00,29.92,25.99,33.21,2992.0,17,6,3,77,101278.0,106793.0,True
2024,3,18,5,4.43,4.07,7.24,5.65,0.25,89.32,17.37,16.61,16.99,14.14,95.13,0.29,3.04,97.4,83.76,2024-03-18 05:00:00,4.07,17.37,95.13,407.0,5,0,3,78,98212.0,85208.0,True
2024,3,18,6,156.02,130.27,286.15,74.19,0.46,78.02,18.91,16.2,17.55,13.77,84.18,0.32,4.12,95.7,83.82,2024-03-18 06:00:00,130.27,18.91,84.18,13027.000000000002,6,0,3,78,80308.0,88235.0,True
2024,3,18,7,423.0,355.58,402.77,191.25,0.57,63.07,22.01,14.93,18.47,12.68,64.09,0.31,4.42,88.8,83.86,2024-03-18 07:00:00,355.58,22.01,64.09,35558.0,7,0,3,78,68253.0,69045.0,True
2024,3,18,8,675.08,572.0,508.97,167.15,0.62,48.14,25.45,13.48,19.46,11.53,47.41,0.19,4.63,81.0,83.85,2024-03-18 08:00:00,572.0,25.45,47.41,57200.0,8,0,3,78,47405.0,47723.0,True
2024,3,18,9,878.33,721.08,530.99,221.43,0.63,33.24,28.27,12.3,20.29,10.67,37.17,0.17,4.78,77.9,83.81,2024-03-18 09:00:00,721.08,28.27,37.17,72108.0,9,0,3,78,22515.0,21323.0,True
2024,3,18,10,1014.25,963.75,631.61,284.32,0.74,18.5,30.53,11.08,20.81,9.86,30.13,0.15,4.96,77.1,83.72,2024-03-18 10:00:00,963.75,30.53,30.13,96375.0,10,0,3,78,2992.0,3017.0,True
2024,3,18,11,1072.9,1042.85,713.2,250.06,0.76,5.32,32.1,9.85,20.97,9.09,25.39,0.13,5.3,75.6,83.6,2024-03-18 11:00:00,1042.85,32.1,25.39,104284.99999999999,11,0,3,78,15202.000000000002,13627.000000000002,True
2024,3,18,12,1047.4,887.22,680.52,175.01,0.66,12.79,32.95,8.97,20.96,8.57,22.79,0.12,5.85,73.9,83.49,2024-03-18 12:00:00,887.22,32.95,22.79,88722.0,12,0,3,78,39550.0,37888.0,True
2024,3,18,13,940.97,825.4,521.79,296.84,0.68,27.35,32.93,8.7,20.82,8.42,22.4,0.12,6.4,73.0,83.41,2024-03-18 13:00:00,825.4,32.93,22.4,82540.0,13,0,3,78,66055.0,63358.00000000001,True
2024,3,18,14,761.88,656.35,577.68,212.64,0.64,42.21,31.89,8.88,20.39,8.53,24.05,0.11,6.95,72.8,83.38,2024-03-18 14:00:00,656.35,31.89,24.05,65635.0,14,0,3,78,86060.0,84190.0,True
2024,3,18,15,525.7,455.1,552.18,153.58,0.61,57.13,29.93,9.69,19.81,9.01,28.41,0.13,7.42,75.3,83.4,2024-03-18 15:00:00,455.1,29.93,28.41,45510.0,15,0,3,78,100367.0,99358.0,True
2024,3,18,16,258.77,215.02,370.76,98.27,0.51,72.07,27.18,10.91,19.04,9.77,36.15,0.09,7.66,78.7,83.48,2024-03-18 16:00:00,215.02,27.18,36.15,21502.0,16,0,3,78,107900.0,104695.0,True
2024,3,18,17,31.05,27.2,56.24,20.98,0.31,86.35,24.54,12.37,18.45,10.76,46.57,0.03,7.55,83.2,83.56,2024-03-18 17:00:00,27.2,24.54,46.57,2720.0,17,0,3,78,103138.00000000001,100453.0,True
2024,3,19,5,4.4,4.07,4.63,6.3,0.24,89.3,17.95,16.24,17.1,13.82,89.6,0.03,3.9,88.1,83.7,2024-03-19 05:00:00,4.07,17.95,89.6,407.0,5,1,3,79,93320.0,74260.0,True
2024,3,19,6,153.43,138.3,284.79,80.76,0.48,77.96,19.24,15.87,17.55,13.49,80.73,0.01,4.52,85.6,83.75,2024-03-19 06:00:00,138.3,19.24,80.73,13830.000000000002,6,1,3,79,74192.0,63365.0,True
2024,3,19,7,419.05,382.55,545.01,157.05,0.61,63.01,21.9,15.01,18.46,12.75,64.81,0.01,4.67,74.7,83.78,2024-03-19 07:00:00,382.55,21.9,64.81,38255.0,7,1,3,79,50540.0,44842.0,True
2024,3,19,8,671.0,636.47,708.65,155.01,0.69,48.08,24.64,14.05,19.35,11.98,51.64,0.0,5.1,66.7,83.78,2024-03-19 08:00:00,636.47,24.64,51.64,63647.0,8,1,3,79,24677.0,21160.0,True
2024,3,19,9,874.78,842.8,620.91,253.06,0.73,33.19,26.94,13.37,20.15,11.46,43.1,0.0,5.31,64.7,83.76,2024-03-19 09:00:00,842.8,26.94,43.1,84280.0,9,1,3,79,3338.0000000000005,3012.0,True
2024,3,19,10,1010.78,969.7,678.62,275.18,0.74,18.45,28.83,12.84,20.84,11.08,37.3,0.0,5.35,64.9,83.69,2024-03-19 10:00:00,969.7,28.83,37.3,96970.0,10,1,3,79,395.0,13447.999999999998,True
2024,3,19,11,1067.65,1044.3,740.29,253.36,0.76,5.36,29.99,12.58,21.29,10.89,34.26,0.0,5.46,65.0,83.6,2024-03-19 11:00:00,1044.3,29.99,34.26,104430.0,11,1,3,79,15965.0,38292.0,True
2024,3,19,12,1043.1,954.45,652.78,259.37,0.71,12.89,30.63,12.45,21.54,10.82,32.78,0.01,5.8,64.8,83.51,2024-03-19 12:00:00,954.45,30.63,32.78,95445.0,12,1,3,79,43450.0,63888.0,True
2024,3,19,13,936.75,816.83,726.96,308.72,0.67,27.44,30.54,12.41,21.47,10.79,32.83,0.01,6.28,65.0,83.44,2024-03-19 13:00:00,816.83,30.54,32.83,81683.0,13,1,3,79,69415.0,82690.0,True
2024,3,19,14,752.08,598.95,333.17,309.96,0.59,42.29,29.97,12.26,21.11,10.7,33.63,0.01,6.64,66.1,83.41,2024-03-19 14:00:00,598.95,29.97,33.63,59895.00000000001,14,1,3,79,90197.0,92188.0,True
2024,3,19,15,514.35,416.35,274.35,254.82,0.56,57.21,28.9,12.09,20.5,10.57,35.34,0.01,6.83,67.5,83.42,2024-03-19 15:00:00,416.35,28.9,35.34,41635.0,15,1,3,79,103797.0,94367.0,True
2024,3,19,16,244.5,184.65,182.54,150.31,0.44,72.16,27.2,12.18,19.69,10.63,39.26,0.01,6.95,69.9,83.47,2024-03-19 16:00:00,184.65,27.2,39.26,18465.0,16,1,3,79,109503.0,87717.0,True
2024,3,19,17,28.7,23.52,23.9,23.76,0.27,86.4,25.17,12.64,18.9,10.95,45.63,0.0,6.55,73.9,83.54,2024-03-19 17:00:00,23.52,25.17,45.63,2352.0,17,1,3,79,106880.0,64320.00000000001,True
2024,3,20,5,4.6,4.2,9.13,6.46,0.24,89.28,17.94,17.14,17.54,14.64,94.92,0.39,4.52,93.4,83.69,2024-03-20 05:00:00,4.2,17.94,94.92,420.0,5,2,3,80,97088.0,44870.0,True
2024,3,20,6,154.93,133.75,329.83,63.31,0.46,77.89,19.37,16.75,18.06,14.27,84.66,0.5,5.56,91.4,83.74,2024-03-20 06:00:00,133.75,19.37,84.66,13375.0,6,2,3,80,78333.0,25457.0,True
2024,3,20,7,420.7,350.38,535.97,123.3,0.56,62.95,22.02,15.64,18.83,13.28,66.99,0.47,6.17,82.2,83.78,2024-03-20 07:00:00,350.38,22.02,66.99,35038.0,7,2,3,80,54378.0,12607.0,True
2024,3,20,8,677.8,596.62,611.54,166.69,0.65,48.01,24.83,14.6,19.71,12.41,52.87,0.28,6.51,75.9,83.79,2024-03-20 08:00:00,596.62,24.83,52.87,59662.0,8,2,3,80,26983.0,1623.0,True
2024,3,20,9,880.5,744.3,606.34,235.94,0.65,33.13,27.17,13.98,20.57,11.93,44.26,0.25,6.6,75.1,83.76,2024-03-20 09:00:00,744.3,27.17,44.26,74430.0,9,2,3,80,3729.9999999999995,12930.000000000002,True
2024,3,20,10,1014.65,923.4,677.54,280.24,0.71,18.41,29.02,13.6,21.31,11.64,38.74,0.24,6.6,75.5,83.68,2024-03-20 10:00:00,923.4,29.02,38.74,92340.0,10,2,3,80,409.99999999999994,32298.0,True
2024,3,20,11,1064.45,1004.65,677.88,322.46,0.73,5.42,30.29,13.3,21.79,11.43,35.33,0.2,6.74,75.8,83.58,2024-03-20 11:00:00,1004.65,30.29,35.33,100465.0,11,2,3,80,16097.999999999998,51929.99999999999,True
2024,3,20,12,1038.0,924.03,622.23,285.32,0.69,13.0,31.01,12.97,21.99,11.2,33.19,0.16,6.97,76.1,83.49,2024-03-20 12:00:00,924.03,31.01,33.19,92403.0,12,2,3,80,42988.0,77585.0,True
2024,3,20,13,931.35,744.9,578.03,259.14,0.61,27.53,30.87,12.91,21.89,11.16,33.31,0.14,7.29,77.5,83.42,2024-03-20 13:00:00,744.9,30.87,33.31,74490.0,13,2,3,80,68955.0,88070.0,True
2024,3,20,14,752.7,674.65,509.58,258.95,0.67,42.38,30.2,12.92,21.56,11.18,34.66,0.16,7.57,79.0,83.39,2024-03-20 14:00:00,674.65,30.2,34.66,67465.0,14,2,3,80,89095.0,92945.0,True
2024,3,20,15,518.1,465.15,580.25,152.84,0.63,57.3,28.79,13.17,20.98,11.36,38.2,0.14,7.72,79.5,83.41,2024-03-20 15:00:00,465.15,28.79,38.2,46515.0,15,2,3,80,102400.0,93270.0,True
2024,3,20,16,253.05,219.57,303.22,126.58,0.52,72.24,26.73,13.69,20.21,11.74,44.54,0.11,7.7,80.0,83.47,2024-03-20 16:00:00,219.57,26.73,44.54,21957.0,16,2,3,80,107959.99999999999,78935.0,True
2024,3,20,17,29.35,25.92,40.75,29.19,0.31,86.46,24.49,14.64,19.57,12.48,54.11,0.07,7.33,83.6,83.55,2024-03-20 17:00:00,25.92,24.49,54.11,2592.0,17,2,3,80,95365.0,64704.99999999999,True
2024,3,21,5,4.5,4.05,3.71,6.35,0.23,89.26,18.13,17.25,17.69,14.75,94.44,0.37,4.77,85.4,83.65,2024-03-21 05:00:00,4.05,18.13,94.44,405.0,5,3,3,81,88538.0,43745.0,True
2024,3,21,6,143.62,129.7,216.2,79.6,0.45,77.83,19.35,16.83,18.09,14.35,85.22,0.42,5.82,85.8,83.72,2024-03-21 06:00:00,129.7,19.35,85.22,12969.999999999998,6,3,3,81,71792.0,20945.0,True
2024,3,21,7,407.67,361.08,460.45,130.2,0.58,62.88,21.99,15.55,18.77,13.21,66.76,0.4,6.52,76.4,83.77,2024-03-21 07:00:00,361.08,21.99,66.76,36108.0,7,3,3,81,51378.0,3088.0,True
2024,3,21,8,665.03,635.12,538.43,227.74,0.69,47.96,24.99,14.45,19.72,12.29,51.87,0.12,6.73,70.6,83.79,2024-03-21 08:00:00,635.12,24.99,51.87,63512.0,8,3,3,81,25343.0,8925.0,True
2024,3,21,9,875.3,842.35,683.08,233.94,0.73,33.08,27.62,13.67,20.64,11.69,42.25,0.04,6.68,71.1,83.77,2024-03-21 09:00:00,842.35,27.62,42.25,84235.0,9,3,3,81,3578.0,25082.0,True
2024,3,21,10,1012.75,980.0,724.33,257.02,0.75,18.38,29.76,12.96,21.36,11.16,35.6,0.02,6.55,72.4,83.68,2024-03-21 10:00:00,980.0,29.76,35.6,98000.0,10,3,3,81,340.0,46108.0,True
2024,3,21,11,1073.53,1060.03,755.81,240.74,0.78,5.52,31.33,12.17,21.75,10.61,30.91,0.01,6.47,72.9,83.58,2024-03-21 11:00:00,1060.03,31.33,30.91,106003.0,11,3,3,81,13107.0,65190.0,True
2024,3,21,12,1046.53,1013.97,752.93,232.03,0.76,13.13,32.26,11.43,21.85,10.11,27.92,0.0,6.54,72.9,83.47,2024-03-21 12:00:00,1013.97,32.26,27.92,101397.0,12,3,3,81,36583.0,88028.0,True
2024,3,21,13,939.22,778.55,595.4,194.51,0.64,27.63,32.47,10.86,21.66,9.74,26.56,0.0,6.74,73.3,83.39,2024-03-21 13:00:00,778.55,32.47,26.56,77855.0,13,3,3,81,62900.0,98215.0,True
2024,3,21,14,759.38,713.6,598.17,257.87,0.7,42.47,31.99,10.44,21.21,9.48,26.55,0.0,6.96,74.1,83.34,2024-03-21 14:00:00,713.6,31.99,26.55,71360.0,14,3,3,81,81870.0,89808.0,True
2024,3,21,15,521.97,494.6,593.75,156.8,0.67,57.39,30.73,10.37,20.55,9.44,28.4,0.0,7.1,75.7,83.33,2024-03-21 15:00:00,494.6,30.73,28.4,49460.0,15,3,3,81,93545.0,83428.0,True
2024,3,21,16,254.02,233.18,305.22,98.64,0.56,72.33,28.68,10.65,19.67,9.62,32.58,0.0,7.02,78.1,83.38,2024-03-21 16:00:00,233.18,28.68,32.58,23318.0,16,3,3,81,100245.0,66867.0,True
2024,3,21,17,29.17,27.62,72.91,21.61,0.33,86.52,26.25,11.22,18.73,9.98,38.98,0.0,6.24,82.3,83.45,2024-03-21 17:00:00,27.62,26.25,38.98,2762.0,17,3,3,81,97562.0,48488.0,True
2024,3,22,5,4.65,4.43,3.77,9.2,0.24,89.24,17.98,17.3,17.64,14.81,95.63,0.64,3.74,84.6,83.57,2024-03-22 05:00:00,4.43,17.98,95.63,443.0,5,4,3,82,79278.0,23940.0,True
2024,3,22,6,143.82,137.12,205.16,90.72,0.47,77.77,19.29,17.06,18.17,14.58,86.79,0.6,4.78,81.6,83.62,2024-03-22 06:00:00,137.12,19.29,86.79,13712.0,6,4,3,82,63512.0,3490.0,True
2024,3,22,7,402.88,383.83,455.9,196.85,0.61,62.82,22.06,15.72,18.89,13.37,67.19,0.18,5.06,72.0,83.66,2024-03-22 07:00:00,383.83,22.06,67.19,38383.0,7,4,3,82,36927.0,15372.999999999998,True
2024,3,22,8,653.85,628.33,529.7,242.63,0.68,47.9,25.52,14.35,19.93,12.23,49.94,0.02,4.95,67.1,83.67,2024-03-22 08:00:00,628.33,25.52,49.94,62833.00000000001,8,4,3,82,17093.0,40458.0,True
2024,3,22,9,858.78,842.3,658.5,241.85,0.73,33.03,28.37,13.34,20.86,11.46,39.58,0.01,4.78,69.6,83.62,2024-03-22 09:00:00,842.3,28.37,39.58,84230.0,9,4,3,82,2298.0,65412.0,True
2024,3,22,10,995.3,989.15,733.54,266.06,0.76,18.35,30.57,12.47,21.52,10.83,32.92,0.01,4.71,71.8,83.52,2024-03-22 10:00:00,989.15,30.57,32.92,98915.0,10,4,3,82,365.0,85720.0,True
2024,3,22,11,1076.2,1072.95,851.9,170.8,0.79,5.64,32.04,11.77,21.9,10.36,28.94,0.01,4.9,72.5,83.39,2024-03-22 11:00:00,1072.95,32.04,28.94,107295.0,11,4,3,82,13380.000000000002,99380.0,True
2024,3,22,12,1049.78,977.53,736.15,194.15,0.73,13.27,32.92,11.16,22.04,9.95,26.42,0.01,5.35,72.4,83.28,2024-03-22 12:00:00,977.53,32.92,26.42,97753.0,12,4,3,82,35525.0,102167.0,True
2024,3,22,13,940.28,916.4,743.72,230.39,0.76,27.74,33.03,10.72,21.88,9.68,25.52,0.02,5.82,72.1,83.19,2024-03-22 13:00:00,916.4,33.03,25.52,91640.0,13,4,3,82,61095.00000000001,89265.0,True
2024,3,22,14,760.17,732.05,738.62,184.15,0.72,42.57,32.25,10.48,21.36,9.53,26.24,0.05,6.34,72.1,83.14,2024-03-22 14:00:00,732.05,32.25,26.24,73205.0,14,4,3,82,79535.0,85530.0,True
2024,3,22,15,526.55,495.6,557.39,175.73,0.67,57.48,30.67,10.47,20.57,9.52,28.67,0.2,6.71,72.9,83.15,2024-03-22 15:00:00,495.6,30.67,28.67,49560.0,15,4,3,82,94840.0,67270.0,True
2024,3,22,16,259.05,235.1,339.63,84.21,0.57,72.41,28.58,10.89,19.74,9.79,33.28,0.16,6.92,75.2,83.22,2024-03-22 16:00:00,235.1,28.58,33.28,23510.0,16,4,3,82,104138.00000000001,46958.0,True
2024,3,22,17,30.48,28.45,100.22,21.18,0.35,86.58,26.31,11.76,19.04,10.36,40.25,0.1,6.63,80.0,83.31,2024-03-22 17:00:00,28.45,26.31,40.25,2845.0,17,4,3,82,98788.0,21923.0,True
2024,3,23,5,5.05,4.65,3.07,7.67,0.25,89.22,18.75,17.99,18.37,15.49,95.11,1.76,3.18,98.5,83.44,2024-03-23 05:00:00,4.65,18.75,95.11,465.00000000000006,5,5,3,83,80767.0,3042.0,True
2024,3,23,6,155.95,137.48,229.56,81.78,0.47,77.71,19.55,17.89,18.72,15.4,90.04,1.85,4.26,100.0,83.5,2024-03-23 06:00:00,137.48,19.55,90.04,13747.999999999998,6,5,3,83,71095.0,15415.0,True
2024,3,23,7,416.5,368.98,401.15,192.15,0.59,62.76,21.35,17.17,19.26,14.7,76.99,2.88,4.81,92.3,83.56,2024-03-23 07:00:00,368.98,21.35,76.99,36898.0,7,5,3,83,49367.0,40873.0,True
2024,3,23,8,661.53,609.9,472.78,260.6,0.66,47.85,23.95,15.99,19.97,13.62,60.97,3.35,4.96,78.5,83.57,2024-03-23 08:00:00,609.9,23.95,60.97,60990.0,8,5,3,83,23412.0,66503.0,True
2024,3,23,9,861.28,763.67,510.78,264.93,0.66,32.99,25.92,15.34,20.63,13.06,51.98,3.82,5.03,69.8,83.54,2024-03-23 09:00:00,763.67,25.92,51.98,76367.0,9,5,3,83,2933.0,87090.0,True
2024,3,23,10,992.8,937.55,623.43,296.15,0.72,18.34,27.27,14.84,21.06,12.66,46.5,5.44,5.05,64.7,83.45,2024-03-23 10:00:00,937.55,27.27,46.5,93755.0,10,5,3,83,380.0,100417.0,True
2024,3,23,11,1044.47,976.25,568.65,340.3,0.72,5.78,28.28,14.4,21.34,12.31,42.58,8.29,5.05,61.8,83.34,2024-03-23 11:00:00,976.25,28.28,42.58,97625.0,11,5,3,83,13327.000000000002,106550.0,True
2024,3,23,12,1014.53,740.1,506.54,286.02,0.56,13.41,28.64,14.08,21.36,12.08,40.87,9.64,5.0,62.5,83.24,2024-03-23 12:00:00,740.1,28.64,40.87,74010.0,12,5,3,83,36275.0,100462.0,True
2024,3,23,13,907.75,708.9,345.74,316.68,0.59,27.85,28.05,14.09,21.07,12.1,42.34,13.79,4.9,64.2,83.18,2024-03-23 13:00:00,708.9,28.05,42.34,70890.0,13,5,3,83,60295.00000000001,85035.0,True
2024,3,23,14,725.08,455.27,249.68,234.5,0.45,42.67,27.13,14.43,20.78,12.37,45.66,17.5,5.15,66.3,83.16,2024-03-23 14:00:00,455.27,27.13,45.66,45527.0,14,5,3,83,79742.0,63215.0,True
2024,3,23,15,493.65,206.25,111.78,125.22,0.28,57.57,25.93,15.12,20.52,12.92,51.19,23.88,5.53,69.8,83.21,2024-03-23 15:00:00,206.25,25.93,51.19,20625.0,15,5,3,83,94000.0,35258.0,True
2024,3,23,16,238.1,90.7,28.49,77.71,0.22,72.5,24.15,16.09,20.12,13.76,60.65,30.58,5.63,74.4,83.29,2024-03-23 16:00:00,90.7,24.15,60.65,9070.0,16,5,3,83,97075.0,16238.0,True
2024,3,23,17,26.3,12.35,0.0,15.03,0.15,86.64,22.15,17.25,19.7,14.81,73.7,37.32,5.14,76.0,83.38,2024-03-23 17:00:00,12.35,22.15,73.7,1235.0,17,5,3,83,97647.0,2308.0,True
2024,3,24,5,4.85,3.15,0.0,4.69,0.16,89.2,18.15,17.47,17.81,14.96,95.66,4.18,1.88,95.5,83.65,2024-03-24 05:00:00,3.15,18.15,95.66,315.0,5,6,3,84,88642.0,13305.000000000002,True
2024,3,24,6,140.35,84.47,21.24,67.24,0.29,77.64,18.56,17.51,18.04,14.98,93.43,2.29,2.07,104.8,83.73,2024-03-24 06:00:00,84.47,18.56,93.43,8447.0,6,6,3,84,67375.0,35850.0,True
2024,3,24,7,394.17,242.45,91.85,183.27,0.39,62.71,19.31,17.36,18.33,14.83,88.34,3.48,2.22,108.1,83.79,2024-03-24 07:00:00,242.45,19.31,88.34,24245.0,7,6,3,84,47542.0,59475.0,True
2024,3,24,8,641.0,415.62,159.05,273.77,0.45,47.8,20.51,17.03,18.77,14.51,80.29,2.95,2.18,108.8,83.83,2024-03-24 08:00:00,415.62,20.51,80.29,41562.0,8,6,3,84,22502.0,81678.0,True
2024,3,24,9,842.0,610.08,295.14,308.17,0.53,32.95,22.34,16.46,19.4,13.99,69.22,1.93,2.18,103.3,83.82,2024-03-24 09:00:00,610.08,22.34,69.22,61008.00000000001,9,6,3,84,2790.0,97253.0,True
2024,3,24,10,976.78,699.85,222.48,354.09,0.54,18.33,24.31,15.64,19.98,13.28,58.32,1.44,2.19,100.5,83.77,2024-03-24 10:00:00,699.85,24.31,58.32,69985.0,10,6,3,84,418.0,105584.99999999999,True
2024,3,24,11,1048.85,768.03,332.49,378.89,0.56,5.95,25.87,14.95,20.41,12.72,50.87,1.77,2.22,99.6,83.67,2024-03-24 11:00:00,768.03,25.87,50.87,76803.0,11,6,3,84,15355.000000000002,96517.0,True
2024,3,24,12,1024.68,759.8,303.1,353.22,0.57,13.57,27.0,14.42,20.71,12.31,46.0,2.44,2.35,96.6,83.56,2024-03-24 12:00:00,759.8,27.0,46.0,75980.0,12,6,3,84,41830.0,82000.0,True
2024,3,24,13,920.22,526.62,186.14,259.66,0.44,27.96,27.6,14.11,20.85,12.07,43.51,3.29,2.51,95.0,83.46,2024-03-24 13:00:00,526.62,27.6,43.51,52662.0,13,6,3,84,67295.0,62553.0,True
2024,3,24,14,743.8,428.4,259.05,215.17,0.43,42.77,27.25,13.94,20.6,11.95,43.94,3.49,2.7,92.1,83.41,2024-03-24 14:00:00,428.4,27.25,43.94,42840.0,14,6,3,84,87855.0,41498.0,True
2024,3,24,15,512.0,235.15,132.07,138.52,0.32,57.66,26.39,13.99,20.19,11.99,46.38,3.12,2.84,91.4,83.42,2024-03-24 15:00:00,235.15,26.39,46.38,23515.0,15,6,3,84,101803.0,19023.0,True
2024,3,24,16,249.05,108.0,135.43,71.39,0.26,72.59,24.77,14.54,19.65,12.41,52.87,3.27,2.87,96.4,83.48,2024-03-24 16:00:00,108.0,24.77,52.87,10800.0,16,6,3,84,108434.99999999999,2702.0,True
2024,3,24,17,27.92,13.68,18.78,16.62,0.17,86.69,22.47,16.78,19.62,14.35,70.2,4.59,2.11,103.2,83.56,2024-03-24 17:00:00,13.68,22.47,70.2,1368.0,17,6,3,84,103009.99999999999,12818.0,True
2024,3,25,5,5.05,3.2,0.0,4.35,0.16,89.18,17.68,17.19,17.43,14.67,96.75,76.59,3.99,96.6,83.76,2024-03-25 05:00:00,3.2,17.68,96.75,320.0,5,0,3,85,93755.0,34320.0,True
2024,3,25,6,148.35,84.68,17.39,67.47,0.29,77.58,18.31,17.35,17.83,14.82,93.99,53.21,5.13,101.1,83.81,2024-03-25 06:00:00,84.68,18.31,93.99,8468.0,6,0,3,85,73042.0,57690.0,True
2024,3,25,7,406.45,251.18,56.32,185.78,0.4,62.65,19.64,17.38,18.51,14.84,86.66,26.02,5.57,106.7,83.84,2024-03-25 07:00:00,251.18,19.64,86.66,25118.0,7,0,3,85,50377.0,77010.0,True
2024,3,25,8,652.78,418.48,64.45,264.89,0.45,47.75,21.76,17.07,19.42,14.55,74.58,7.24,5.33,108.6,83.85,2024-03-25 08:00:00,418.48,21.76,74.58,41848.0,8,0,3,85,24073.0,93097.0,True
2024,3,25,9,853.97,609.47,141.86,326.97,0.53,32.91,23.75,16.56,20.15,14.09,64.02,2.1,4.87,108.8,83.84,2024-03-25 09:00:00,609.47,23.75,64.02,60947.0,9,0,3,85,2992.0,101278.0,True
2024,3,25,10,986.35,723.1,329.8,322.74,0.56,18.33,25.25,16.18,20.71,13.75,57.09,1.45,4.39,107.4,83.79,2024-03-25 10:00:00,723.1,25.25,57.09,72310.0,10,0,3,85,407.0,98212.0,True
2024,3,25,11,1051.7,789.55,439.72,367.13,0.58,6.14,26.44,15.86,21.15,13.47,52.09,1.66,4.04,105.1,83.72,2024-03-25 11:00:00,789.55,26.44,52.09,78955.0,11,0,3,85,13027.000000000002,80308.0,True
2024,3,25,12,1023.97,833.55,416.82,347.03,0.63,13.73,27.26,15.6,21.43,13.27,48.86,1.8,3.92,103.7,83.63,2024-03-25 12:00:00,833.55,27.26,48.86,83355.0,12,0,3,85,35558.0,68253.0,True
2024,3,25,13,915.85,807.6,579.12,260.98,0.67,28.08,27.55,15.3,21.42,13.03,47.13,1.76,4.05,103.3,83.56,2024-03-25 13:00:00,807.6,27.55,47.13,80760.0,13,0,3,85,57200.0,47405.0,True
2024,3,25,14,737.17,644.33,468.84,251.0,0.64,42.87,27.22,15.02,21.12,12.8,47.19,1.81,4.28,102.7,83.53,2024-03-25 14:00:00,644.33,27.22,47.19,64433.00000000001,14,0,3,85,72108.0,22515.0,True
2024,3,25,15,503.2,438.62,434.49,183.02,0.6,57.76,26.16,14.85,20.5,12.66,49.69,1.06,4.5,101.7,83.55,2024-03-25 15:00:00,438.62,26.16,49.69,43862.0,15,0,3,85,96375.0,2992.0,True
2024,3,25,16,241.95,201.0,298.52,104.96,0.49,72.68,24.71,14.94,19.83,12.72,54.46,0.4,4.64,102.1,83.61,2024-03-25 16:00:00,201.0,24.71,54.46,20100.0,16,0,3,85,104284.99999999999,15202.000000000002,True
2024,3,25,17,26.02,20.23,24.44,21.57,0.26,86.75,22.36,15.73,19.04,13.38,66.03,0.22,3.67,101.8,83.68,2024-03-25 17:00:00,20.23,22.36,66.03,2023.0,17,0,3,85,88722.0,39550.0,True
2024,3,26,5,5.22,4.1,3.81,7.03,0.2,89.16,17.44,16.99,17.21,14.49,97.07,10.33,2.76,98.3,83.78,2024-03-26 05:00:00,4.1,17.44,97.07,409.99999999999994,5,1,3,86,82540.0,66055.0,True
2024,3,26,6,152.35,105.75,175.97,70.24,0.36,77.52,18.38,17.16,17.77,14.63,92.45,13.38,3.79,95.2,83.86,2024-03-26 06:00:00,105.75,18.38,92.45,10575.0,6,1,3,86,65635.0,86060.0,True
2024,3,26,7,411.25,295.25,313.72,173.81,0.47,62.59,19.91,17.13,18.52,14.59,83.85,16.55,4.06,91.0,83.9,2024-03-26 07:00:00,295.25,19.91,83.85,29525.0,7,1,3,86,45510.0,100367.0,True
2024,3,26,8,659.8,490.73,412.71,196.39,0.53,47.7,22.26,16.33,19.3,13.87,69.03,17.5,4.37,85.5,83.9,2024-03-26 08:00:00,490.73,22.26,69.03,49073.0,8,1,3,86,21502.0,107900.0,True
2024,3,26,9,860.58,645.88,246.25,336.32,0.56,32.88,24.37,14.91,19.64,12.66,55.51,14.14,4.74,80.8,83.9,2024-03-26 09:00:00,645.88,24.37,55.51,64588.0,9,1,3,86,2720.0,103138.00000000001,True
2024,3,26,10,992.3,852.85,471.15,304.46,0.66,18.34,25.75,14.59,20.17,12.4,50.06,5.4,4.88,77.9,83.85,2024-03-26 10:00:00,852.85,25.75,50.06,85285.0,10,1,3,86,407.0,93320.0,True
2024,3,26,11,1052.2,963.03,651.14,227.77,0.71,6.35,26.92,14.83,20.88,12.61,47.45,1.23,4.92,76.7,83.76,2024-03-26 11:00:00,963.03,26.92,47.45,96303.0,11,1,3,86,13830.000000000002,74192.0,True
2024,3,26,12,1022.0,970.2,604.38,305.61,0.73,13.91,27.71,15.0,21.36,12.76,45.79,0.42,5.04,76.1,83.67,2024-03-26 12:00:00,970.2,27.71,45.79,97020.0,12,1,3,86,38255.0,50540.0,True
2024,3,26,13,912.65,814.2,591.41,246.26,0.68,28.21,27.91,15.08,21.49,12.85,45.53,0.26,5.19,76.1,83.58,2024-03-26 13:00:00,814.2,27.91,45.53,81420.0,13,1,3,86,63647.0,24677.0,True
2024,3,26,14,730.9,678.67,536.76,257.04,0.68,42.98,26.96,15.19,21.08,12.94,48.44,0.23,5.22,76.5,83.53,2024-03-26 14:00:00,678.67,26.96,48.44,67867.0,14,1,3,86,84280.0,3338.0000000000005,True
2024,3,26,15,495.42,448.27,473.78,185.24,0.62,57.85,25.89,15.45,20.67,13.15,52.42,0.18,5.41,78.4,83.53,2024-03-26 15:00:00,448.27,25.89,52.42,44827.0,15,1,3,86,96970.0,395.0,True
2024,3,26,16,234.7,205.95,271.65,123.0,0.51,72.77,24.43,15.85,20.14,13.49,58.68,0.16,5.47,81.2,83.58,2024-03-26 16:00:00,205.95,24.43,58.68,20595.0,16,1,3,86,104430.0,15965.0,True
2024,3,26,17,24.27,21.9,20.99,23.31,0.29,86.81,22.44,16.43,19.43,14.0,68.7,0.21,4.46,84.1,83.65,2024-03-26 17:00:00,21.9,22.44,68.7,2190.0,17,1,3,86,95445.0,43450.0,True
2024,3,27,5,5.32,4.68,1.5,7.32,0.23,89.14,17.82,17.37,17.6,14.84,97.07,0.96,4.3,91.5,83.81,2024-03-27 05:00:00,4.68,17.82,97.07,468.0,5,2,3,87,81683.0,69415.0,True
2024,3,27,6,151.07,111.32,116.35,78.82,0.38,77.46,18.99,17.59,18.29,15.04,91.47,1.14,5.36,90.4,83.87,2024-03-27 06:00:00,111.32,18.99,91.47,11132.0,6,2,3,87,59895.00000000001,90197.0,True
2024,3,27,7,411.95,287.35,292.29,180.12,0.46,62.54,20.99,17.19,19.09,14.65,78.77,1.66,6.12,85.0,83.9,2024-03-27 07:00:00,287.35,20.99,78.77,28735.000000000004,7,2,3,87,41635.0,103797.0,True
2024,3,27,8,661.35,510.55,169.82,343.12,0.55,47.65,23.47,16.33,19.9,13.86,64.11,2.75,6.49,79.1,83.9,2024-03-27 08:00:00,510.55,23.47,64.11,51055.0,8,2,3,87,18465.0,109503.0,True
2024,3,27,9,861.45,696.42,216.91,386.12,0.61,32.85,25.48,15.86,20.67,13.46,55.2,5.14,6.71,75.9,83.88,2024-03-27 09:00:00,696.42,25.48,55.2,69642.0,9,2,3,87,2352.0,106880.0,True
2024,3,27,10,993.75,827.6,277.32,404.69,0.64,18.35,26.77,15.79,21.28,13.4,50.89,6.78,6.78,75.1,83.82,2024-03-27 10:00:00,827.6,26.77,50.89,82760.0,10,2,3,87,420.0,97088.0,True
2024,3,27,11,1053.4,934.33,652.16,289.87,0.69,6.57,27.5,15.8,21.65,13.43,48.81,6.64,6.83,74.9,83.74,2024-03-27 11:00:00,934.33,27.5,48.81,93433.0,11,2,3,87,13375.0,78333.0,True
2024,3,27,12,1023.4,929.45,604.23,285.87,0.7,14.09,27.99,15.76,21.88,13.41,47.32,6.34,6.92,75.5,83.65,2024-03-27 12:00:00,929.45,27.99,47.32,92945.0,12,2,3,87,35038.0,54378.0,True
2024,3,27,13,913.7,756.62,444.45,317.74,0.63,28.34,27.96,15.55,21.76,13.23,46.73,5.1,6.99,76.1,83.58,2024-03-27 13:00:00,756.62,27.96,46.73,75662.0,13,2,3,87,59662.0,26983.0,True
2024,3,27,14,731.45,615.42,437.18,258.99,0.62,43.09,27.24,15.46,21.35,13.17,48.5,4.43,7.02,76.4,83.54,2024-03-27 14:00:00,615.42,27.24,48.5,61541.99999999999,14,2,3,87,74430.0,3729.9999999999995,True
2024,3,27,15,494.77,389.3,291.79,191.63,0.54,57.95,25.7,15.69,20.7,13.36,53.87,4.09,7.01,77.5,83.56,2024-03-27 15:00:00,389.3,25.7,53.87,38930.0,15,2,3,87,92340.0,409.99999999999994,True
2024,3,27,16,231.0,177.57,248.01,118.6,0.44,72.86,23.89,16.29,20.09,13.88,62.38,3.79,6.7,79.2,83.61,2024-03-27 16:00:00,177.57,23.89,62.38,17757.0,16,2,3,87,100465.0,16097.999999999998,True
2024,3,27,17,23.3,20.3,14.63,23.48,0.27,86.86,21.81,17.14,19.48,14.65,74.7,4.17,5.61,80.9,83.68,2024-03-27 17:00:00,20.3,21.81,74.7,2030.0,17,2,3,87,92403.0,42988.0,True
2024,3,28,5,5.53,4.9,3.26,8.91,0.23,89.11,17.47,17.03,17.25,14.52,97.06,1.97,4.45,82.1,83.76,2024-03-28 05:00:00,4.9,17.47,97.06,490.00000000000006,5,3,3,88,74490.0,68955.0,True
2024,3,28,6,154.0,119.97,218.46,80.57,0.4,77.4,18.4,17.38,17.89,14.83,93.55,1.76,5.33,78.5,83.82,2024-03-28 06:00:00,119.97,18.4,93.55,11997.0,6,3,3,88,67465.0,89095.0,True
2024,3,28,7,415.98,318.77,330.31,157.54,0.5,62.49,20.17,17.24,18.7,14.7,83.1,1.35,6.8,70.6,83.88,2024-03-28 07:00:00,318.77,20.17,83.1,31877.0,7,3,3,88,46515.0,102400.0,True
2024,3,28,8,666.17,532.03,433.36,233.89,0.58,47.61,22.4,16.18,19.29,13.73,67.77,1.1,7.84,63.6,83.91,2024-03-28 08:00:00,532.03,22.4,67.77,53203.0,8,3,3,88,21957.0,107959.99999999999,True
2024,3,28,9,868.67,722.42,352.31,323.25,0.63,32.83,23.96,15.64,19.8,13.26,59.58,0.81,8.21,61.8,83.92,2024-03-28 09:00:00,722.42,23.96,59.58,72242.0,9,3,3,88,2592.0,95365.0,True
2024,3,28,10,1003.0,893.1,566.97,303.53,0.69,18.38,25.24,15.62,20.43,13.25,55.12,1.49,8.01,63.1,83.88,2024-03-28 10:00:00,893.1,25.24,55.12,89310.0,10,3,3,88,405.0,88538.0,True
2024,3,28,11,1040.12,920.4,558.61,316.02,0.68,6.81,26.58,15.5,21.04,13.17,50.57,2.29,7.68,64.1,83.8,2024-03-28 11:00:00,920.4,26.58,50.57,92040.0,11,3,3,88,12969.999999999998,71792.0,True
2024,3,28,12,1013.25,865.12,499.48,454.7,0.65,14.29,27.95,15.29,21.62,12.99,45.98,2.33,7.42,64.3,83.7,2024-03-28 12:00:00,865.12,27.95,45.98,86512.0,12,3,3,88,36108.0,51378.0,True
2024,3,28,13,903.97,764.1,417.16,357.59,0.64,28.47,28.44,14.84,21.64,12.64,43.45,1.97,7.21,65.1,83.62,2024-03-28 13:00:00,764.1,28.44,43.45,76410.0,13,3,3,88,63512.0,25343.0,True
2024,3,28,14,722.9,588.15,401.35,270.88,0.59,43.2,28.06,14.28,21.17,12.19,42.82,1.47,7.06,65.6,83.56,2024-03-28 14:00:00,588.15,28.06,42.82,58815.0,14,3,3,88,84235.0,3578.0,True
2024,3,28,15,487.1,400.23,408.3,181.02,0.55,58.05,27.07,13.69,20.38,11.72,43.63,0.58,6.89,65.0,83.54,2024-03-28 15:00:00,400.23,27.07,43.63,40023.0,15,3,3,88,98000.0,340.0,True
2024,3,28,16,227.07,191.4,275.98,107.28,0.48,72.96,25.35,13.4,19.38,11.51,47.45,0.14,6.41,64.9,83.57,2024-03-28 16:00:00,191.4,25.35,47.45,19140.0,16,3,3,88,106003.0,13107.0,True
2024,3,28,17,23.12,21.05,34.59,22.92,0.29,86.92,22.41,14.03,18.22,11.98,58.96,0.03,4.53,67.6,83.64,2024-03-28 17:00:00,21.05,22.41,58.96,2105.0,17,3,3,88,101397.0,36583.0,True
2024,3,29,5,5.97,5.75,10.92,10.12,0.27,89.09,15.41,15.01,15.21,12.77,97.33,0.36,3.89,52.3,83.68,2024-03-29 05:00:00,5.75,15.41,97.33,575.0,5,4,3,89,77855.0,62900.0,True
2024,3,29,6,161.77,142.02,323.95,80.23,0.47,77.34,17.37,15.46,16.42,13.13,88.39,0.38,5.11,56.9,83.75,2024-03-29 06:00:00,142.02,17.37,88.39,14202.000000000002,6,4,3,89,71360.0,81870.0,True
2024,3,29,7,424.35,359.35,491.38,157.75,0.57,62.44,20.42,15.81,18.11,13.43,74.76,0.58,6.07,59.9,83.81,2024-03-29 07:00:00,359.35,20.42,74.76,35935.0,7,4,3,89,49460.0,93545.0,True
2024,3,29,8,671.22,569.65,622.78,185.93,0.62,47.57,23.0,15.64,19.32,13.27,63.12,0.4,6.34,59.4,83.84,2024-03-29 08:00:00,569.65,23.0,63.12,56965.0,8,4,3,89,23318.0,100245.0,True
2024,3,29,9,869.7,751.67,550.49,252.91,0.65,32.81,24.95,15.62,20.29,13.26,56.09,0.33,6.18,60.2,83.83,2024-03-29 09:00:00,751.67,24.95,56.09,75167.0,9,4,3,89,2762.0,97562.0,True
2024,3,29,10,999.1,912.08,603.4,272.24,0.7,18.41,26.61,15.69,21.15,13.33,51.07,0.79,5.89,60.2,83.77,2024-03-29 10:00:00,912.08,26.61,51.07,91208.0,10,4,3,89,443.0,79278.0,True
2024,3,29,11,1053.05,1009.25,666.98,294.28,0.74,7.06,27.85,15.72,21.78,13.36,47.54,1.23,5.63,59.2,83.68,2024-03-29 11:00:00,1009.25,27.85,47.54,100925.0,11,4,3,89,13712.0,63512.0,True
2024,3,29,12,1021.12,970.1,654.85,295.81,0.73,14.48,28.36,15.64,22.0,13.31,45.92,1.86,5.56,59.3,83.58,2024-03-29 12:00:00,970.1,28.36,45.92,97010.0,12,4,3,89,38383.0,36927.0,True
2024,3,29,13,909.3,758.15,724.03,148.14,0.63,28.61,28.39,15.43,21.91,13.15,45.25,2.14,5.59,60.5,83.49,2024-03-29 13:00:00,758.15,28.39,45.25,75815.0,13,4,3,89,62833.00000000001,17093.0,True
2024,3,29,14,727.3,627.7,464.15,222.09,0.63,43.31,27.82,15.22,21.52,12.98,46.15,1.7,5.68,63.0,83.44,2024-03-29 14:00:00,627.7,27.82,46.15,62770.00000000001,14,4,3,89,84230.0,2298.0,True
2024,3,29,15,491.33,413.2,426.98,166.53,0.57,58.15,26.37,15.26,20.82,13.01,50.37,1.11,5.83,67.3,83.44,2024-03-29 15:00:00,413.2,26.37,50.37,41320.0,15,4,3,89,98915.0,365.0,True
2024,3,29,16,230.2,180.77,371.69,70.6,0.45,73.05,24.78,15.52,20.15,13.22,56.27,0.44,5.96,72.3,83.5,2024-03-29 16:00:00,180.77,24.78,56.27,18077.0,16,4,3,89,107295.0,13380.000000000002,True
2024,3,29,17,22.98,18.38,43.06,19.61,0.26,86.98,22.65,15.97,19.31,13.6,65.85,0.22,5.06,78.0,83.57,2024-03-29 17:00:00,18.38,22.65,65.85,1838.0,17,4,3,89,97753.0,35525.0,True
2024,3,30,5,5.85,4.2,2.15,6.93,0.19,89.07,17.97,17.43,17.7,14.91,96.44,1.51,3.11,80.7,83.66,2024-03-30 05:00:00,4.2,17.97,96.44,420.0,5,5,3,90,91640.0,61095.00000000001,True
2024,3,30,6,155.62,108.55,172.39,87.24,0.36,77.28,18.85,17.8,18.32,15.26,93.46,2.7,4.44,82.0,83.73,2024-03-30 06:00:00,108.55,18.85,93.46,10855.0,6,5,3,90,73205.0,79535.0,True
2024,3,30,7,412.7,300.02,361.27,159.25,0.47,62.39,19.81,17.91,18.86,15.37,88.73,4.58,5.5,82.3,83.79,2024-03-30 07:00:00,300.02,19.81,88.73,30002.0,7,5,3,90,49560.0,94840.0,True
2024,3,30,8,656.58,488.7,359.89,212.63,0.53,47.54,20.58,17.13,18.86,14.61,80.5,6.35,6.41,77.4,83.84,2024-03-30 08:00:00,488.7,20.58,80.5,48870.0,8,5,3,90,23510.0,104138.00000000001,True
2024,3,30,9,854.15,700.2,373.47,293.96,0.61,32.8,21.45,16.45,18.95,13.99,73.1,7.82,6.7,73.3,83.84,2024-03-30 09:00:00,700.2,21.45,73.1,70020.0,9,5,3,90,2845.0,98788.0,True
2024,3,30,10,984.78,860.5,524.03,301.46,0.66,18.45,22.63,16.04,19.33,13.62,66.2,8.11,6.58,70.7,83.79,2024-03-30 10:00:00,860.5,22.63,66.2,86050.0,10,5,3,90,465.00000000000006,80767.0,True
2024,3,30,11,1039.03,932.7,586.98,301.5,0.69,7.33,24.24,15.81,20.02,13.43,59.18,7.31,6.33,67.8,83.7,2024-03-30 11:00:00,932.7,24.24,59.18,93270.0,11,5,3,90,13747.999999999998,71095.0,True
2024,3,30,12,1007.72,873.6,568.2,277.89,0.66,14.69,25.88,15.7,20.79,13.37,53.36,5.7,5.99,66.0,83.6,2024-03-30 12:00:00,873.6,25.88,53.36,87360.0,12,5,3,90,36898.0,49367.0,True
2024,3,30,13,896.97,667.7,335.32,290.65,0.56,28.75,27.05,15.6,21.32,13.29,49.45,4.51,5.77,66.9,83.5,2024-03-30 13:00:00,667.7,27.05,49.45,66770.0,13,5,3,90,60990.0,23412.0,True
2024,3,30,14,716.03,555.85,458.28,220.44,0.56,43.43,26.9,15.3,21.1,13.05,48.96,3.26,5.82,69.6,83.44,2024-03-30 14:00:00,555.85,26.9,48.96,55585.0,14,5,3,90,76367.0,2933.0,True
2024,3,30,15,481.02,357.0,319.42,183.66,0.5,58.26,25.79,15.29,20.54,13.04,52.24,3.06,6.09,74.4,83.44,2024-03-30 15:00:00,357.0,25.79,52.24,35700.0,15,5,3,90,93755.0,380.0,True
2024,3,30,16,222.15,153.8,231.41,102.36,0.39,73.14,23.76,15.88,19.82,13.52,61.19,2.66,6.31,80.0,83.53,2024-03-30 16:00:00,153.8,23.76,61.19,15380.000000000002,16,5,3,90,97625.0,13327.000000000002,True
2024,3,30,17,21.55,15.98,6.39,16.94,0.23,87.03,21.31,16.69,19.0,14.24,74.84,2.81,5.91,82.9,83.62,2024-03-30 17:00:00,15.98,21.31,74.84,1598.0,17,5,3,90,74010.0,36275.0,True
2024,3,31,5,5.72,4.57,0.0,6.22,0.2,89.05,16.7,16.13,16.42,13.7,96.24,0.79,4.91,78.6,83.79,2024-03-31 05:00:00,4.57,16.7,96.24,457.0,5,6,3,91,70890.0,60295.00000000001,True
2024,3,31,6,146.9,97.0,9.08,95.32,0.32,77.22,17.55,16.41,16.98,13.94,92.86,0.87,5.59,80.4,83.87,2024-03-31 06:00:00,97.0,17.55,92.86,9700.0,6,6,3,91,45527.0,79742.0,True
2024,3,31,7,402.35,270.83,86.27,219.12,0.43,62.34,19.51,16.28,17.9,13.81,81.43,0.51,6.79,83.1,83.93,2024-03-31 07:00:00,270.83,19.51,81.43,27083.0,7,6,3,91,20625.0,94000.0,True
2024,3,31,8,649.97,450.75,141.99,302.15,0.49,47.5,22.44,15.31,18.88,12.97,63.92,0.21,7.72,83.4,83.96,2024-03-31 08:00:00,450.75,22.44,63.92,45075.0,8,6,3,91,9070.0,97075.0,True
2024,3,31,9,850.67,636.33,70.18,389.64,0.55,32.79,24.61,14.53,19.57,12.34,53.38,0.23,8.11,82.9,83.95,2024-03-31 09:00:00,636.33,24.61,53.38,63633.00000000001,9,6,3,91,1235.0,97647.0,True
2024,3,31,10,983.28,791.95,121.05,466.18,0.61,18.5,25.97,13.95,19.96,11.9,47.45,0.98,8.22,83.6,83.89,2024-03-31 10:00:00,791.95,25.97,47.45,79195.0,10,6,3,91,315.0,88642.0,True
2024,3,31,11,1035.65,888.35,390.5,389.59,0.66,7.61,26.72,13.34,20.03,11.45,43.65,3.29,8.17,84.5,83.8,2024-03-31 11:00:00,888.35,26.72,43.65,88835.0,11,6,3,91,8447.0,67375.0,True
2024,3,31,12,1003.67,811.53,411.88,318.54,0.62,14.9,27.08,12.89,19.99,11.13,41.5,10.46,8.06,85.4,83.69,2024-03-31 12:00:00,811.53,27.08,41.5,81153.0,12,6,3,91,24245.0,47542.0,True
2024,3,31,13,892.05,631.67,556.23,200.82,0.53,28.9,27.17,12.13,19.65,10.59,39.25,20.03,7.84,86.0,83.62,2024-03-31 13:00:00,631.67,27.17,39.25,63166.99999999999,13,6,3,91,41562.0,22502.0,True
2024,3,31,14,710.12,579.45,442.56,182.85,0.59,43.55,26.79,11.51,19.15,10.15,38.46,20.82,7.51,86.9,83.58,2024-03-31 14:00:00,579.45,26.79,38.46,57945.00000000001,14,6,3,91,61008.00000000001,2790.0,True
2024,3,31,15,472.75,423.88,411.3,176.78,0.59,58.36,25.7,11.47,18.58,10.13,40.95,12.37,7.12,88.1,83.6,2024-03-31 15:00:00,423.88,25.7,40.95,42388.0,15,6,3,91,69985.0,418.0,True
2024,3,31,16,214.4,185.2,311.19,111.52,0.47,73.24,23.82,12.05,17.93,10.52,47.6,5.73,6.53,90.4,83.67,2024-03-31 16:00:00,185.2,23.82,47.6,18520.0,16,6,3,91,76803.0,15355.000000000002,True
2024,3,31,17,20.27,17.2,10.93,20.95,0.25,87.09,21.05,13.67,17.36,11.7,62.67,3.38,5.15,94.6,83.74,2024-03-31 17:00:00,17.2,21.05,62.67,1720.0,17,6,3,91,75980.0,41830.0,True
2024,4,1,5,5.65,5.35,0.0,8.59,0.23,89.03,16.74,16.0,16.37,13.59,95.24,3.67,3.84,79.8,83.8,2024-04-01 05:00:00,5.35,16.74,95.24,535.0,5,0,4,92,52662.0,67295.0,True
2024,4,1,6,143.1,110.85,115.49,94.11,0.37,77.17,17.59,16.34,16.97,13.88,92.22,3.68,4.74,83.3,83.86,2024-04-01 06:00:00,110.85,17.59,92.22,11085.0,6,0,4,92,42840.0,87855.0,True
2024,4,1,7,398.27,281.75,316.41,153.39,0.44,62.29,19.14,16.18,17.66,13.73,82.82,5.52,5.74,84.4,83.9,2024-04-01 07:00:00,281.75,19.14,82.82,28175.0,7,0,4,92,23515.0,101803.0,True
2024,4,1,8,646.55,478.75,280.29,240.15,0.52,47.47,21.32,15.69,18.51,13.3,70.13,9.35,6.42,84.6,83.9,2024-04-01 08:00:00,478.75,21.32,70.13,47875.0,8,0,4,92,10800.0,108434.99999999999,True
2024,4,1,9,845.53,636.2,229.62,325.28,0.55,32.78,23.02,15.46,19.24,13.11,62.31,15.46,6.69,85.5,83.87,2024-04-01 09:00:00,636.2,23.02,62.31,63620.00000000001,9,0,4,92,1368.0,103009.99999999999,True
2024,4,1,10,975.9,740.65,295.3,343.74,0.57,18.55,24.01,15.39,19.7,13.07,58.48,18.29,6.62,86.8,83.8,2024-04-01 10:00:00,740.65,24.01,58.48,74065.0,10,0,4,92,320.0,93755.0,True
2024,4,1,11,1038.1,718.38,525.41,243.34,0.53,7.89,24.46,15.27,19.87,12.98,56.48,18.72,6.36,87.9,83.72,2024-04-01 11:00:00,718.38,24.46,56.48,71838.0,11,0,4,92,8468.0,73042.0,True
2024,4,1,12,1008.28,715.75,558.14,194.18,0.54,15.12,24.98,15.09,20.04,12.84,54.12,18.45,6.09,87.8,83.65,2024-04-01 12:00:00,715.75,24.98,54.12,71575.0,12,0,4,92,25118.0,50377.0,True
2024,4,1,13,899.5,647.65,297.47,284.43,0.54,29.05,24.94,14.96,19.95,12.74,53.79,16.91,5.96,86.7,83.6,2024-04-01 13:00:00,647.65,24.94,53.79,64765.0,13,0,4,92,41848.0,24073.0,True
2024,4,1,14,720.9,579.7,444.15,241.29,0.59,43.67,24.4,14.9,19.65,12.69,55.33,18.78,5.93,85.0,83.59,2024-04-01 14:00:00,579.7,24.4,55.33,57970.00000000001,14,0,4,92,60947.0,2992.0,True
2024,4,1,15,488.85,397.95,478.16,159.47,0.56,58.47,23.42,14.92,19.17,12.7,58.75,20.09,5.91,83.3,83.61,2024-04-01 15:00:00,397.95,23.42,58.75,39795.0,15,0,4,92,72310.0,407.0,True
2024,4,1,16,229.98,183.27,350.06,82.9,0.47,73.33,22.09,15.11,18.6,12.86,64.52,24.81,5.56,81.7,83.66,2024-04-01 16:00:00,183.27,22.09,64.52,18327.0,16,0,4,92,78955.0,13027.000000000002,True
2024,4,1,17,22.08,18.58,35.92,19.28,0.27,87.14,20.07,15.91,17.99,13.53,76.87,34.15,4.13,80.4,83.71,2024-04-01 17:00:00,18.58,20.07,76.87,1857.9999999999998,17,0,4,92,83355.0,35558.0,True
2024,4,2,5,6.53,5.4,3.74,9.17,0.23,89.0,16.67,16.47,16.57,14.03,98.59,1.28,2.61,83.6,83.67,2024-04-02 05:00:00,5.4,16.67,98.59,540.0,5,1,4,93,80760.0,57200.0,True
2024,4,2,6,165.57,93.3,108.96,72.07,0.31,77.11,18.07,17.02,17.55,14.52,93.42,0.82,3.89,86.6,83.73,2024-04-02 06:00:00,93.3,18.07,93.42,9330.0,6,1,4,93,64433.00000000001,72108.0,True
2024,4,2,7,426.27,245.38,282.78,150.29,0.39,62.25,20.09,16.88,18.49,14.38,81.62,0.14,4.23,90.1,83.78,2024-04-02 07:00:00,245.38,20.09,81.62,24538.0,7,1,4,93,43862.0,96375.0,True
2024,4,2,8,670.05,435.5,64.25,276.11,0.47,47.44,22.58,15.93,19.26,13.53,65.98,0.05,4.26,96.9,83.81,2024-04-02 08:00:00,435.5,22.58,65.98,43550.0,8,1,4,93,20100.0,104284.99999999999,True
2024,4,2,9,865.17,593.83,136.98,357.15,0.52,32.78,24.74,15.24,19.99,12.94,55.42,0.02,4.25,106.8,83.79,2024-04-02 09:00:00,593.83,24.74,55.42,59383.00000000001,9,1,4,93,2023.0,88722.0,True
2024,4,2,10,990.38,745.42,200.3,382.07,0.58,18.62,26.32,14.96,20.64,12.73,49.6,0.02,4.26,115.7,83.72,2024-04-02 10:00:00,745.42,26.32,49.6,74542.0,10,1,4,93,409.99999999999994,82540.0,True
2024,4,2,11,1030.85,764.72,365.54,317.68,0.57,8.18,27.21,14.9,21.06,12.69,46.87,0.03,4.42,121.0,83.63,2024-04-02 11:00:00,764.72,27.21,46.87,76472.0,11,1,4,93,10575.0,65635.0,True
2024,4,2,12,1001.17,757.17,400.67,299.25,0.58,15.35,27.38,14.79,21.08,12.61,46.06,0.06,4.87,122.4,83.53,2024-04-02 12:00:00,757.17,27.38,46.06,75717.0,12,1,4,93,29525.0,45510.0,True
2024,4,2,13,891.03,653.08,273.81,334.49,0.55,29.2,26.83,14.63,20.73,12.48,47.05,0.08,5.45,123.4,83.46,2024-04-02 13:00:00,653.08,26.83,47.05,65308.00000000001,13,1,4,93,49073.0,21502.0,True
2024,4,2,14,710.9,507.33,308.26,216.49,0.52,43.79,25.04,14.55,19.79,12.42,52.05,0.06,5.73,124.9,83.45,2024-04-02 14:00:00,507.33,25.04,52.05,50733.0,14,1,4,93,64588.0,2720.0,True
2024,4,2,15,476.58,275.73,223.75,166.55,0.39,58.57,23.46,14.66,19.06,12.51,57.65,0.02,5.71,124.0,83.48,2024-04-02 15:00:00,275.73,23.46,57.65,27573.0,15,1,4,93,85285.0,407.0,True
2024,4,2,16,220.82,128.5,106.51,85.75,0.33,73.42,22.21,14.89,18.55,12.69,63.13,0.01,5.12,122.2,83.55,2024-04-02 16:00:00,128.5,22.21,63.13,12850.0,16,1,4,93,96303.0,13830.000000000002,True
2024,4,2,17,20.75,13.4,29.59,17.55,0.2,87.19,20.57,15.51,18.04,13.19,72.59,0.0,3.45,120.7,83.62,2024-04-02 17:00:00,13.4,20.57,72.59,1340.0,17,1,4,93,97020.0,38255.0,True
2024,4,3,5,6.68,5.95,8.31,8.87,0.25,88.98,16.2,15.59,15.9,13.27,96.09,0.44,3.0,105.7,83.65,2024-04-03 05:00:00,5.95,16.2,96.09,595.0,5,2,4,94,81420.0,63647.0,True
2024,4,3,6,167.82,123.53,219.9,73.49,0.4,77.06,17.16,15.64,16.4,13.3,90.67,0.14,4.22,113.5,83.71,2024-04-03 06:00:00,123.53,17.16,90.67,12353.0,6,2,4,94,67867.0,84280.0,True
2024,4,3,7,427.05,298.98,394.93,152.19,0.47,62.21,18.68,15.29,16.98,12.98,80.49,0.0,4.69,119.4,83.77,2024-04-03 07:00:00,298.98,18.68,80.49,29898.0,7,2,4,94,44827.0,96970.0,True
2024,4,3,8,669.55,480.73,385.21,205.53,0.52,47.42,20.51,14.75,17.63,12.54,69.45,0.0,4.23,117.9,83.8,2024-04-03 08:00:00,480.73,20.51,69.45,48073.0,8,2,4,94,20595.0,104430.0,True
2024,4,3,9,865.1,652.92,170.85,386.18,0.57,32.79,22.34,14.31,18.33,12.19,60.36,0.0,3.75,116.8,83.79,2024-04-03 09:00:00,652.92,22.34,60.36,65291.99999999999,9,2,4,94,2190.0,95445.0,True
2024,4,3,10,991.35,721.12,399.77,301.62,0.56,18.69,24.1,13.96,19.03,11.92,53.03,0.0,3.3,118.2,83.73,2024-04-03 10:00:00,721.12,24.1,53.03,72112.0,10,2,4,94,468.0,81683.0,True
2024,4,3,11,1031.55,721.5,317.22,321.13,0.54,8.48,25.63,13.7,19.67,11.73,47.58,0.11,2.98,119.7,83.62,2024-04-03 11:00:00,721.5,25.63,47.58,72150.0,11,2,4,94,11132.0,59895.00000000001,True
2024,4,3,12,1003.42,780.95,211.44,404.21,0.6,15.58,26.54,13.52,20.03,11.61,44.57,1.46,2.88,119.5,83.51,2024-04-03 12:00:00,780.95,26.54,44.57,78095.0,12,2,4,94,28735.000000000004,41635.0,True
2024,4,3,13,895.42,727.65,247.85,387.84,0.61,29.35,26.72,13.38,20.05,11.51,43.68,4.41,2.99,119.1,83.42,2024-04-03 13:00:00,727.65,26.72,43.68,72765.0,13,2,4,94,51055.0,18465.0,True
2024,4,3,14,715.5,536.83,271.76,266.92,0.55,43.91,26.16,13.27,19.71,11.44,44.85,7.57,3.32,117.8,83.38,2024-04-03 14:00:00,536.83,26.16,44.85,53683.00000000001,14,2,4,94,69642.0,2352.0,True
2024,4,3,15,483.55,377.02,334.2,170.26,0.53,58.68,24.89,13.25,19.07,11.41,48.24,5.9,3.68,117.3,83.39,2024-04-03 15:00:00,377.02,24.89,48.24,37702.0,15,2,4,94,82760.0,420.0,True
2024,4,3,16,225.73,173.65,217.08,122.3,0.45,73.52,23.04,14.31,18.67,12.24,57.84,2.19,3.43,119.0,83.45,2024-04-03 16:00:00,173.65,23.04,57.84,17365.0,16,2,4,94,93433.0,13375.0,True
2024,4,3,17,21.02,17.2,33.68,18.39,0.26,87.24,20.97,15.42,18.19,13.13,70.43,0.76,3.13,120.3,83.53,2024-04-03 17:00:00,17.2,20.97,70.43,1720.0,17,2,4,94,92945.0,35038.0,True
2024,4,4,5,6.65,4.3,0.0,5.85,0.17,88.96,15.94,15.53,15.74,13.2,97.27,7.89,1.52,77.1,83.72,2024-04-04 05:00:00,4.3,15.94,97.27,430.0,5,3,4,95,75662.0,59662.0,True
2024,4,4,6,164.75,52.75,7.94,51.76,0.17,77.01,16.92,15.81,16.36,13.44,93.1,6.71,2.35,73.7,83.77,2024-04-04 06:00:00,52.75,16.92,93.1,5275.0,6,3,4,95,61541.99999999999,74430.0,True
2024,4,4,7,423.2,136.35,3.36,113.78,0.21,62.17,18.34,16.05,17.2,13.63,86.37,5.43,2.36,72.5,83.83,2024-04-04 07:00:00,136.35,18.34,86.37,13635.0,7,3,4,95,38930.0,92340.0,True
2024,4,4,8,664.92,206.93,0.0,161.82,0.22,47.4,20.04,15.96,18.0,13.55,77.26,3.63,2.33,69.2,83.86,2024-04-04 08:00:00,206.93,20.04,77.26,20693.0,8,3,4,95,17757.0,100465.0,True
2024,4,4,9,860.03,317.3,14.6,233.82,0.28,32.79,21.28,15.65,18.47,13.28,70.16,3.59,2.51,73.3,83.86,2024-04-04 09:00:00,317.3,21.28,70.16,31730.0,9,3,4,95,2030.0,92403.0,True
2024,4,4,10,987.33,644.75,59.99,383.09,0.5,18.77,21.9,15.56,18.73,13.22,67.21,4.27,2.78,80.5,83.81,2024-04-04 10:00:00,644.75,21.9,67.21,64475.0,10,3,4,95,490.00000000000006,74490.0,True
2024,4,4,11,1034.45,734.65,134.95,422.36,0.55,8.79,22.68,15.51,19.1,13.18,63.84,5.61,3.1,81.7,83.73,2024-04-04 11:00:00,734.65,22.68,63.84,73465.0,11,3,4,95,11997.0,67465.0,True
2024,4,4,12,1002.3,745.1,273.86,342.56,0.57,15.82,23.35,15.33,19.34,13.04,60.59,7.28,3.41,78.3,83.64,2024-04-04 12:00:00,745.1,23.35,60.59,74510.0,12,3,4,95,31877.0,46515.0,True
2024,4,4,13,893.08,786.88,456.92,321.14,0.66,29.51,23.22,15.25,19.23,12.99,60.79,10.25,3.66,75.1,83.57,2024-04-04 13:00:00,786.88,23.22,60.79,78688.0,13,3,4,95,53203.0,21957.0,True
2024,4,4,14,714.38,559.3,282.06,269.88,0.57,44.04,22.67,15.42,19.04,13.14,63.53,10.37,3.9,73.5,83.53,2024-04-04 14:00:00,559.3,22.67,63.53,55929.99999999999,14,3,4,95,72242.0,2592.0,True
2024,4,4,15,482.98,358.6,396.4,155.15,0.51,58.78,22.11,15.66,18.88,13.34,66.73,6.64,4.13,74.7,83.53,2024-04-04 15:00:00,358.6,22.11,66.73,35860.0,15,3,4,95,89310.0,405.0,True
2024,4,4,16,225.38,162.32,171.16,103.66,0.42,73.61,21.25,15.96,18.61,13.59,71.67,2.72,4.24,78.4,83.57,2024-04-04 16:00:00,162.32,21.25,71.67,16232.0,16,3,4,95,92040.0,12969.999999999998,True
2024,4,4,17,20.6,15.62,39.02,21.68,0.24,87.3,19.54,16.57,18.05,14.12,82.8,1.72,3.41,81.2,83.64,2024-04-04 17:00:00,15.62,19.54,82.8,1562.0,17,3,4,95,86512.0,36108.0,True
2024,4,5,5,7.0,5.28,5.84,8.87,0.21,88.94,16.24,15.97,16.1,13.58,98.17,0.34,2.41,85.2,83.73,2024-04-05 05:00:00,5.28,16.24,98.17,528.0,5,4,4,96,76410.0,63512.0,True
2024,4,5,6,171.0,106.97,131.01,79.89,0.35,76.95,17.32,16.31,16.82,13.87,93.66,0.11,3.58,82.5,83.79,2024-04-05 06:00:00,106.97,17.32,93.66,10697.0,6,4,4,96,58815.0,84235.0,True
2024,4,5,7,429.8,289.38,198.51,196.69,0.46,62.13,18.93,16.21,17.57,13.77,84.1,0.01,4.32,81.2,83.84,2024-04-05 07:00:00,289.38,18.93,84.1,28938.0,7,4,4,96,40023.0,98000.0,True
2024,4,5,8,671.05,485.98,346.49,240.15,0.53,47.38,21.09,15.45,18.27,13.11,70.1,0.73,4.97,83.1,83.88,2024-04-05 08:00:00,485.98,21.09,70.1,48598.0,8,4,4,96,19140.0,106003.0,True
2024,4,5,9,863.65,640.3,308.17,294.12,0.56,32.81,22.76,15.07,18.92,12.78,61.72,2.54,5.08,83.1,83.87,2024-04-05 09:00:00,640.3,22.76,61.72,64029.99999999999,9,4,4,96,2105.0,101397.0,True
2024,4,5,10,988.97,807.15,486.62,258.87,0.63,18.86,23.72,15.14,19.43,12.85,58.51,4.73,4.93,84.2,83.81,2024-04-05 10:00:00,807.15,23.72,58.51,80715.0,10,4,4,96,575.0,77855.0,True
2024,4,5,11,1028.9,870.35,496.25,293.63,0.65,9.1,24.58,15.27,19.93,12.97,56.03,6.62,4.86,85.2,83.72,2024-04-05 11:00:00,870.35,24.58,56.03,87035.0,11,4,4,96,14202.000000000002,71360.0,True
2024,4,5,12,997.53,781.17,453.79,276.65,0.6,16.05,25.58,15.29,20.43,13.01,52.89,9.99,4.99,86.8,83.63,2024-04-05 12:00:00,781.17,25.58,52.89,78117.0,12,4,4,96,35935.0,49460.0,True
2024,4,5,13,887.67,662.25,429.35,240.64,0.56,29.67,25.41,15.22,20.31,12.95,53.13,12.41,5.17,88.9,83.55,2024-04-05 13:00:00,662.25,25.41,53.13,66225.0,13,4,4,96,56965.0,23318.0,True
2024,4,5,14,708.6,552.05,381.41,213.09,0.57,44.17,24.57,15.34,19.96,13.06,56.31,12.15,5.37,88.9,83.52,2024-04-05 14:00:00,552.05,24.57,56.31,55204.99999999999,14,4,4,96,75167.0,2762.0,True
2024,4,5,15,476.67,408.4,475.09,145.21,0.58,58.89,23.42,15.53,19.48,13.22,61.08,9.73,5.47,89.0,83.53,2024-04-05 15:00:00,408.4,23.42,61.08,40840.0,15,4,4,96,91208.0,443.0,True
2024,4,5,16,220.0,180.5,310.06,92.37,0.47,73.7,22.02,15.81,18.92,13.46,67.75,9.67,5.27,88.9,83.6,2024-04-05 16:00:00,180.5,22.02,67.75,18050.0,16,4,4,96,100925.0,13712.0,True
2024,4,5,17,19.58,15.2,17.23,16.76,0.24,87.35,20.19,16.37,18.28,13.93,78.51,6.77,4.15,88.5,83.68,2024-04-05 17:00:00,15.2,20.19,78.51,1520.0,17,4,4,96,97010.0,38383.0,True
2024,4,6,5,6.7,3.5,0.0,4.76,0.14,88.91,16.14,15.49,15.82,13.16,95.8,0.17,2.82,95.3,83.76,2024-04-06 05:00:00,3.5,16.14,95.8,350.0,5,5,4,97,75815.0,62833.00000000001,True
2024,4,6,6,160.4,73.1,23.59,67.38,0.24,76.9,17.04,15.43,16.23,13.1,90.12,0.09,3.63,87.8,83.82,2024-04-06 06:00:00,73.1,17.04,90.12,7309.999999999999,6,5,4,97,62770.00000000001,84230.0,True
2024,4,6,7,420.65,234.05,55.05,158.5,0.37,62.09,19.07,14.74,16.9,12.53,75.93,0.02,3.93,84.4,83.85,2024-04-06 07:00:00,234.05,19.07,75.93,23405.0,7,5,4,97,41320.0,98915.0,True
2024,4,6,8,665.1,410.75,40.46,292.73,0.45,47.36,21.85,14.09,17.97,12.0,61.27,0.0,4.4,84.8,83.86,2024-04-06 08:00:00,410.75,21.85,61.27,41075.0,8,5,4,97,18077.0,107295.0,True
2024,4,6,9,859.33,579.72,181.32,295.17,0.51,32.82,23.28,14.26,18.77,12.14,56.81,0.0,4.64,86.2,83.84,2024-04-06 09:00:00,579.72,23.28,56.81,57972.0,9,5,4,97,1838.0,97753.0,True
2024,4,6,10,985.47,724.33,217.27,367.52,0.56,18.95,23.98,14.4,19.19,12.25,54.92,0.08,4.88,88.0,83.78,2024-04-06 10:00:00,724.33,23.98,54.92,72433.0,10,5,4,97,420.0,91640.0,True
2024,4,6,11,1025.43,722.95,314.75,330.82,0.54,9.41,24.86,14.55,19.7,12.38,52.6,0.3,4.95,87.3,83.7,2024-04-06 11:00:00,722.95,24.86,52.6,72295.0,11,5,4,97,10855.0,73205.0,True
2024,4,6,12,993.33,752.3,276.16,369.91,0.58,16.3,26.02,14.69,20.36,12.52,49.6,0.63,4.87,85.9,83.61,2024-04-06 12:00:00,752.3,26.02,49.6,75230.0,12,5,4,97,30002.0,49560.0,True
2024,4,6,13,884.92,677.88,247.41,326.57,0.57,29.84,26.44,14.73,20.58,12.55,48.45,1.16,4.84,87.4,83.54,2024-04-06 13:00:00,677.88,26.44,48.45,67788.0,13,5,4,97,48870.0,23510.0,True
2024,4,6,14,704.03,526.47,296.87,266.07,0.54,44.29,26.0,14.72,20.36,12.55,49.71,1.1,4.92,90.8,83.5,2024-04-06 14:00:00,526.47,26.0,49.71,52647.0,14,5,4,97,70020.0,2845.0,True
2024,4,6,15,471.48,384.65,408.11,141.4,0.55,59.0,24.64,14.84,19.74,12.65,54.33,1.65,4.97,95.5,83.51,2024-04-06 15:00:00,384.65,24.64,54.33,38465.0,15,5,4,97,86050.0,465.00000000000006,True
2024,4,6,16,215.5,163.18,267.5,102.15,0.43,73.8,22.91,15.4,19.15,13.1,62.46,4.87,4.92,99.5,83.58,2024-04-06 16:00:00,163.18,22.91,62.46,16318.0,16,5,4,97,93270.0,13747.999999999998,True
2024,4,6,17,18.88,14.32,26.45,16.4,0.23,87.4,20.83,16.34,18.59,13.92,75.39,8.32,4.48,103.8,83.65,2024-04-06 17:00:00,14.32,20.83,75.39,1432.0,17,5,4,97,87360.0,36898.0,True
2024,4,7,5,6.85,5.82,0.81,8.42,0.22,88.89,16.16,15.36,15.76,13.07,94.9,0.35,2.95,86.9,83.65,2024-04-07 05:00:00,5.82,16.16,94.9,582.0,5,6,4,98,66770.0,60990.0,True
2024,4,7,6,155.0,137.85,153.24,101.85,0.45,76.86,16.85,15.41,16.13,13.1,91.08,0.13,3.62,84.4,83.7,2024-04-07 06:00:00,137.85,16.85,91.08,13785.0,6,6,4,98,55585.0,76367.0,True
2024,4,7,7,405.62,352.45,320.18,187.37,0.55,62.06,18.46,15.57,17.02,13.22,83.07,0.04,3.86,85.8,83.74,2024-04-07 07:00:00,352.45,18.46,83.07,35245.0,7,6,4,98,35700.0,93755.0,True
2024,4,7,8,650.45,559.1,587.04,176.19,0.61,47.35,20.92,15.53,18.23,13.18,71.11,0.01,3.98,86.8,83.76,2024-04-07 08:00:00,559.1,20.92,71.11,55910.0,8,6,4,98,15380.000000000002,97625.0,True
2024,4,7,9,847.28,808.33,621.62,246.82,0.71,32.84,23.04,15.47,19.25,13.14,62.28,0.0,3.89,87.4,83.74,2024-04-07 09:00:00,808.33,23.04,62.28,80833.0,9,6,4,98,1598.0,74010.0,True
2024,4,7,10,976.28,972.38,778.8,195.11,0.76,19.05,24.58,15.46,20.02,13.15,56.77,0.01,3.72,88.8,83.68,2024-04-07 10:00:00,972.38,24.58,56.77,97238.0,10,6,4,98,457.0,70890.0,True
2024,4,7,11,1034.32,998.53,672.16,269.72,0.75,9.73,25.59,15.41,20.5,13.12,53.28,0.03,3.74,90.6,83.6,2024-04-07 11:00:00,998.53,25.59,53.28,99853.0,11,6,4,98,9700.0,45527.0,True
2024,4,7,12,1000.53,847.78,633.67,244.72,0.65,16.54,25.88,15.27,20.58,13.0,51.85,0.17,3.98,91.7,83.52,2024-04-07 12:00:00,847.78,25.88,51.85,84778.0,12,6,4,98,27083.0,20625.0,True
2024,4,7,13,888.38,792.42,557.86,257.57,0.67,30.0,25.52,15.13,20.33,12.9,52.53,0.5,4.26,91.9,83.46,2024-04-07 13:00:00,792.42,25.52,52.53,79242.0,13,6,4,98,45075.0,9070.0,True
2024,4,7,14,706.8,626.22,544.51,211.09,0.65,44.42,25.08,15.05,20.07,12.83,53.61,1.37,4.5,90.6,83.43,2024-04-07 14:00:00,626.22,25.08,53.61,62622.0,14,6,4,98,63633.00000000001,1235.0,True
2024,4,7,15,472.67,420.65,491.23,163.37,0.6,59.11,24.51,14.99,19.75,12.8,55.34,1.45,4.61,89.0,83.44,2024-04-07 15:00:00,420.65,24.51,55.34,42065.0,15,6,4,98,79195.0,315.0,True
2024,4,7,16,214.95,185.95,295.65,107.3,0.49,73.89,23.68,15.18,19.43,12.93,58.8,0.63,4.39,88.8,83.49,2024-04-07 16:00:00,185.95,23.68,58.8,18595.0,16,6,4,98,88835.0,8447.0,True
2024,4,7,17,18.5,16.58,11.58,18.92,0.27,87.44,21.37,16.19,18.78,13.79,72.18,0.21,2.92,90.6,83.56,2024-04-07 17:00:00,16.58,21.37,72.18,1657.9999999999998,17,6,4,98,81153.0,24245.0,True
2024,4,8,5,7.0,6.35,1.77,10.5,0.24,88.87,16.36,16.3,16.33,13.89,99.47,94.55,1.57,79.0,83.6,2024-04-08 05:00:00,6.35,16.36,99.47,635.0,5,0,4,99,63166.99999999999,41562.0,True
2024,4,8,6,158.55,123.07,58.8,86.9,0.4,76.81,18.05,17.15,17.6,14.65,94.31,91.96,2.44,90.5,83.68,2024-04-08 06:00:00,123.07,18.05,94.31,12307.0,6,0,4,99,57945.00000000001,61008.00000000001,True
2024,4,8,7,412.3,310.17,322.28,184.16,0.49,62.03,19.62,17.62,18.62,15.08,88.05,67.03,2.78,93.3,83.74,2024-04-08 07:00:00,310.17,19.62,88.05,31017.0,7,0,4,99,42388.0,69985.0,True
2024,4,8,8,653.0,495.85,355.34,269.26,0.54,47.34,21.43,17.87,19.65,15.32,80.01,71.4,2.82,88.6,83.76,2024-04-08 08:00:00,495.85,21.43,80.01,49585.0,8,0,4,99,18520.0,76803.0,True
2024,4,8,9,847.33,698.8,471.1,267.7,0.61,32.87,22.71,17.95,20.33,15.4,74.36,107.49,2.71,92.3,83.73,2024-04-08 09:00:00,698.8,22.71,74.36,69880.0,9,0,4,99,1720.0,75980.0,True
2024,4,8,10,973.17,835.9,471.92,323.94,0.65,19.16,23.34,17.97,20.65,15.45,71.74,175.26,2.68,97.3,83.66,2024-04-08 10:00:00,835.9,23.34,71.74,83590.0,10,0,4,99,535.0,52662.0,True
2024,4,8,11,1021.1,879.7,497.03,319.59,0.66,10.05,23.48,18.04,20.76,15.53,71.43,194.46,2.92,100.5,83.57,2024-04-08 11:00:00,879.7,23.48,71.43,87970.0,11,0,4,99,11085.0,42840.0,True
2024,4,8,12,989.38,831.72,457.8,275.72,0.64,16.79,22.95,18.26,20.61,15.76,74.77,119.39,3.41,105.5,83.5,2024-04-08 12:00:00,831.72,22.95,74.77,83172.0,12,0,4,99,28175.0,23515.0,True
2024,4,8,13,878.75,612.5,435.25,222.54,0.52,30.17,22.32,18.5,20.41,16.01,78.86,63.22,3.75,108.8,83.45,2024-04-08 13:00:00,612.5,22.32,78.86,61250.0,13,0,4,99,47875.0,10800.0,True
2024,4,8,14,698.08,461.8,313.23,207.01,0.48,44.55,21.72,18.63,20.17,16.14,82.43,38.98,4.05,111.9,83.43,2024-04-08 14:00:00,461.8,21.72,82.43,46180.0,14,0,4,99,63620.00000000001,1368.0,True
2024,4,8,15,467.1,304.88,250.86,137.37,0.44,59.21,21.07,18.61,19.84,16.13,85.74,22.57,4.22,114.5,83.44,2024-04-08 15:00:00,304.88,21.07,85.74,30488.0,15,0,4,99,74065.0,320.0,True
2024,4,8,16,212.45,136.98,191.33,86.15,0.37,73.98,20.32,18.61,19.46,16.11,89.74,13.11,3.88,118.3,83.48,2024-04-08 16:00:00,136.98,20.32,89.74,13697.999999999998,16,0,4,99,71838.0,8468.0,True
2024,4,8,17,17.98,12.02,13.51,14.12,0.2,87.49,19.26,18.39,18.83,15.89,94.58,6.18,2.9,124.6,83.52,2024-04-08 17:00:00,12.02,19.26,94.58,1202.0,17,0,4,99,71575.0,25118.0,True
2024,4,9,5,7.47,4.18,0.0,5.11,0.15,88.85,16.08,15.87,15.98,13.5,98.49,0.31,1.72,106.5,83.64,2024-04-09 05:00:00,4.18,16.08,98.49,418.0,5,1,4,100,64765.0,41848.0,True
2024,4,9,6,170.7,57.97,0.0,57.1,0.19,76.76,16.96,16.08,16.52,13.67,94.37,0.1,2.2,94.7,83.72,2024-04-09 06:00:00,57.97,16.96,94.37,5797.0,6,1,4,100,57970.00000000001,60947.0,True
2024,4,9,7,428.0,158.98,0.0,133.01,0.25,62.0,17.98,16.0,16.99,13.59,88.04,0.04,1.95,86.5,83.78,2024-04-09 07:00:00,158.98,17.98,88.04,15897.999999999998,7,1,4,100,39795.0,72310.0,True
2024,4,9,8,668.35,245.75,0.0,192.17,0.27,47.33,19.63,15.48,17.55,13.15,76.88,0.18,2.03,82.3,83.81,2024-04-09 08:00:00,245.75,19.63,76.88,24575.0,8,1,4,100,18327.0,78955.0,True
2024,4,9,9,860.85,416.85,3.72,310.02,0.37,32.9,21.53,15.17,18.35,12.88,66.98,0.5,2.04,80.1,83.8,2024-04-09 09:00:00,416.85,21.53,66.98,41685.0,9,1,4,100,1857.9999999999998,83355.0,True
2024,4,9,10,984.33,665.15,231.24,331.32,0.52,19.28,23.6,15.71,19.65,13.34,61.12,2.42,2.0,72.2,83.74,2024-04-09 10:00:00,665.15,23.6,61.12,66515.0,10,1,4,100,540.0,80760.0,True
2024,4,9,11,1024.5,776.5,332.93,335.38,0.58,10.37,24.95,16.2,20.58,13.79,58.19,5.03,2.14,67.2,83.65,2024-04-09 11:00:00,776.5,24.95,58.19,77650.0,11,1,4,100,9330.0,64433.00000000001,True
2024,4,9,12,991.65,757.15,290.58,343.4,0.58,17.05,25.37,16.27,20.82,13.86,56.98,6.87,2.47,65.3,83.57,2024-04-09 12:00:00,757.15,25.37,56.98,75715.0,12,1,4,100,24538.0,43862.0,True
2024,4,9,13,878.92,739.58,466.69,276.49,0.63,30.34,25.24,16.19,20.71,13.8,57.14,9.69,2.84,66.1,83.5,2024-04-09 13:00:00,739.58,25.24,57.14,73958.0,13,1,4,100,43550.0,20100.0,True
2024,4,9,14,696.17,579.85,348.16,265.01,0.6,44.68,24.74,16.05,20.39,13.7,58.41,10.21,3.24,69.1,83.46,2024-04-09 14:00:00,579.85,24.74,58.41,57985.0,14,1,4,100,59383.00000000001,2023.0,True
2024,4,9,15,460.58,357.6,357.05,183.19,0.52,59.32,23.72,16.15,19.93,13.78,62.46,9.34,3.5,75.6,83.47,2024-04-09 15:00:00,357.6,23.72,62.46,35760.0,15,1,4,100,74542.0,409.99999999999994,True
2024,4,9,16,206.6,160.57,182.95,95.18,0.43,74.07,22.3,16.77,19.54,14.33,70.81,7.48,3.34,86.4,83.53,2024-04-09 16:00:00,160.57,22.3,70.81,16057.0,16,1,4,100,76472.0,10575.0,True
2024,4,9,17,17.35,14.25,17.08,17.38,0.24,87.54,20.32,17.38,18.85,14.89,83.11,3.75,2.9,95.7,83.59,2024-04-09 17:00:00,14.25,20.32,83.11,1425.0,17,1,4,100,75717.0,29525.0,True
2024,4,10,5,7.62,7.1,11.56,8.43,0.26,88.83,15.97,15.77,15.87,13.4,98.53,0.36,1.25,60.1,83.7,2024-04-10 05:00:00,7.1,15.97,98.53,710.0,5,2,4,101,65308.00000000001,49073.0,True
2024,4,10,6,172.35,153.43,341.95,75.69,0.49,76.72,17.19,16.26,16.73,13.82,94.07,0.14,1.25,29.9,83.76,2024-04-10 06:00:00,153.43,17.19,94.07,15343.0,6,2,4,101,50733.0,64588.0,True
2024,4,10,7,429.5,380.67,545.25,135.09,0.6,61.97,18.47,16.44,17.45,13.98,87.83,0.01,0.84,1.4,83.81,2024-04-10 07:00:00,380.67,18.47,87.83,38067.0,7,2,4,101,27573.0,85285.0,True
2024,4,10,8,668.75,610.95,554.39,170.14,0.66,47.32,20.27,16.4,18.34,13.94,78.32,0.02,0.73,340.8,83.84,2024-04-10 08:00:00,610.95,20.27,78.32,61095.00000000001,8,2,4,101,12850.0,96303.0,True
2024,4,10,9,859.7,806.8,682.57,196.66,0.71,32.94,21.91,16.29,19.1,13.84,70.3,0.02,0.76,347.1,83.82,2024-04-10 09:00:00,806.8,21.91,70.3,80680.0,9,2,4,101,1340.0,97020.0,True
2024,4,10,10,983.53,922.2,679.14,237.23,0.72,19.4,23.35,16.2,19.77,13.77,64.04,0.02,0.77,1.5,83.75,2024-04-10 10:00:00,922.2,23.35,64.04,92220.0,10,2,4,101,595.0,81420.0,True
2024,4,10,11,1035.72,992.58,622.84,268.15,0.74,10.7,25.03,16.04,20.54,13.65,57.34,0.02,0.91,28.3,83.67,2024-04-10 11:00:00,992.58,25.03,57.34,99258.0,11,2,4,101,12353.0,67867.0,True
2024,4,10,12,1000.95,922.2,617.75,285.82,0.71,17.3,26.15,15.67,20.91,13.34,52.38,0.01,1.39,48.5,83.56,2024-04-10 12:00:00,922.2,26.15,52.38,92220.0,12,2,4,101,29898.0,44827.0,True
2024,4,10,13,890.38,833.58,733.5,153.37,0.71,30.51,26.68,15.38,21.03,13.1,49.81,0.0,2.08,61.0,83.47,2024-04-10 13:00:00,833.58,26.68,49.81,83358.0,13,2,4,101,48073.0,20595.0,True
2024,4,10,14,709.3,621.47,573.64,177.96,0.65,44.82,26.43,14.96,20.7,12.76,49.21,0.0,2.92,65.7,83.42,2024-04-10 14:00:00,621.47,26.43,49.21,62147.0,14,2,4,101,65291.99999999999,2190.0,True
2024,4,10,15,475.65,376.02,474.15,137.95,0.55,59.43,25.76,14.73,20.24,12.57,50.44,0.0,3.58,66.1,83.4,2024-04-10 15:00:00,376.02,25.76,50.44,37602.0,15,2,4,101,72112.0,468.0,True
2024,4,10,16,217.48,165.4,248.11,100.56,0.45,74.16,24.25,15.4,19.83,13.14,57.69,0.0,3.43,65.7,83.43,2024-04-10 16:00:00,165.4,24.25,57.69,16540.0,16,2,4,101,72150.0,11132.0,True
2024,4,10,17,18.2,13.12,45.29,19.42,0.23,87.58,21.46,16.47,18.96,14.06,73.12,0.0,2.89,70.6,83.5,2024-04-10 17:00:00,13.12,21.46,73.12,1312.0,17,2,4,101,78095.0,28735.000000000004,True
2024,4,11,5,7.72,5.18,2.71,6.47,0.18,88.81,16.34,16.0,16.17,13.6,97.71,4.02,1.67,78.3,83.75,2024-04-11 05:00:00,5.18,16.34,97.71,518.0,5,3,4,102,72765.0,51055.0,True
2024,4,11,6,170.5,95.6,47.39,67.4,0.31,76.68,17.34,16.35,16.85,13.89,93.72,5.26,2.82,81.2,83.82,2024-04-11 06:00:00,95.6,17.34,93.72,9560.0,6,3,4,102,53683.00000000001,69642.0,True
2024,4,11,7,426.6,273.95,112.33,190.51,0.43,61.94,18.59,16.7,17.65,14.2,88.61,3.6,3.08,88.5,83.88,2024-04-11 07:00:00,273.95,18.59,88.61,27395.0,7,3,4,102,37702.0,82760.0,True
2024,4,11,8,664.15,457.83,177.22,263.34,0.5,47.32,20.21,16.89,18.55,14.37,81.09,1.54,2.99,95.4,83.91,2024-04-11 08:00:00,457.83,20.21,81.09,45783.0,8,3,4,102,17365.0,93433.0,True
2024,4,11,9,852.7,657.17,309.27,332.29,0.58,32.97,21.34,16.67,19.01,14.17,74.58,0.47,2.48,93.7,83.9,2024-04-11 09:00:00,657.17,21.34,74.58,65717.0,9,3,4,102,1720.0,92945.0,True
2024,4,11,10,975.97,842.0,495.0,290.86,0.66,19.53,22.2,16.45,19.33,13.98,69.78,0.07,1.83,83.4,83.85,2024-04-11 10:00:00,842.0,22.2,69.78,84200.0,10,3,4,102,430.0,75662.0,True
2024,4,11,11,1029.9,902.62,636.91,236.11,0.68,11.02,22.89,16.3,19.6,13.86,66.29,0.03,1.49,69.6,83.77,2024-04-11 11:00:00,902.62,22.89,66.29,90262.0,11,3,4,102,5275.0,61541.99999999999,True
2024,4,11,12,995.28,793.4,621.59,178.74,0.61,17.56,23.58,16.2,19.89,13.78,63.15,0.16,1.52,67.5,83.68,2024-04-11 12:00:00,793.4,23.58,63.15,79340.0,12,3,4,102,13635.0,38930.0,True
2024,4,11,13,882.03,759.58,564.08,242.9,0.65,30.68,24.21,16.04,20.12,13.65,60.18,0.51,1.8,73.9,83.6,2024-04-11 13:00:00,759.58,24.21,60.18,75958.0,13,3,4,102,20693.0,17757.0,True
2024,4,11,14,697.55,606.05,551.91,173.19,0.63,44.95,24.38,15.82,20.1,13.48,58.8,0.6,2.18,78.9,83.56,2024-04-11 14:00:00,606.05,24.38,58.8,60604.99999999999,14,3,4,102,31730.0,2030.0,True
2024,4,11,15,466.7,370.05,410.19,167.21,0.54,59.54,24.05,15.66,19.85,13.33,59.31,0.29,2.6,82.9,83.55,2024-04-11 15:00:00,370.05,24.05,59.31,37005.0,15,3,4,102,64475.0,490.00000000000006,True
2024,4,11,16,212.38,167.43,303.22,81.12,0.46,74.25,23.0,16.17,19.58,13.78,65.32,0.25,2.54,86.6,83.58,2024-04-11 16:00:00,167.43,23.0,65.32,16743.0,16,3,4,102,73465.0,11997.0,True
2024,4,11,17,17.65,14.32,33.51,14.85,0.26,87.63,20.87,17.32,19.1,14.82,80.0,0.09,2.21,90.8,83.63,2024-04-11 17:00:00,14.32,20.87,80.0,1432.0,17,3,4,102,74510.0,31877.0,True
2024,4,12,5,7.7,4.75,6.36,6.56,0.17,88.78,16.45,16.34,16.4,13.91,99.14,1.81,1.8,72.2,83.68,2024-04-12 05:00:00,4.75,16.45,99.14,475.0,5,4,4,103,78688.0,53203.0,True
2024,4,12,6,167.43,106.88,88.86,84.53,0.34,76.64,17.81,16.8,17.3,14.31,93.62,2.49,2.63,70.3,83.75,2024-04-12 06:00:00,106.88,17.81,93.62,10688.0,6,4,4,103,55929.99999999999,72242.0,True
2024,4,12,7,423.67,285.45,154.62,206.51,0.45,61.92,19.44,17.1,18.27,14.59,86.24,2.37,2.78,76.9,83.8,2024-04-12 07:00:00,285.45,19.44,86.24,28545.0,7,4,4,103,35860.0,89310.0,True
2024,4,12,8,661.28,460.12,321.67,227.7,0.5,47.32,21.76,16.7,19.23,14.2,72.79,4.32,3.46,89.5,83.84,2024-04-12 08:00:00,460.12,21.76,72.79,46012.0,8,4,4,103,16232.0,92040.0,True
2024,4,12,9,854.7,607.47,394.55,258.33,0.53,33.02,23.9,15.83,19.87,13.43,60.49,3.78,3.86,95.2,83.83,2024-04-12 09:00:00,607.47,23.9,60.49,60747.0,9,4,4,103,1562.0,86512.0,True
2024,4,12,10,978.15,780.15,307.27,384.24,0.61,19.66,25.3,15.52,20.41,13.18,54.57,3.64,3.86,98.8,83.78,2024-04-12 10:00:00,780.15,25.3,54.57,78015.0,10,4,4,103,528.0,76410.0,True
2024,4,12,11,1028.1,798.72,548.57,246.11,0.6,11.35,26.22,15.5,20.86,13.18,51.63,3.46,4.04,100.4,83.69,2024-04-12 11:00:00,798.72,26.22,51.63,79872.0,11,4,4,103,10697.0,58815.0,True
2024,4,12,12,992.6,723.25,525.89,225.65,0.56,17.81,26.76,15.48,21.12,13.17,49.92,3.15,4.49,100.3,83.61,2024-04-12 12:00:00,723.25,26.76,49.92,72325.0,12,4,4,103,28938.0,40023.0,True
2024,4,12,13,878.12,677.58,422.72,243.48,0.58,30.85,26.77,15.35,21.06,13.07,49.47,2.75,4.91,100.0,83.53,2024-04-12 13:00:00,677.58,26.77,49.47,67758.0,13,4,4,103,48598.0,19140.0,True
2024,4,12,14,696.05,534.15,389.14,229.16,0.56,45.08,26.15,15.06,20.61,12.84,50.39,2.18,5.09,100.8,83.49,2024-04-12 14:00:00,534.15,26.15,50.39,53415.0,14,4,4,103,64029.99999999999,2105.0,True
2024,4,12,15,466.6,311.5,282.23,170.48,0.45,59.64,25.26,14.98,20.12,12.77,52.84,0.77,5.02,102.5,83.5,2024-04-12 15:00:00,311.5,25.26,52.84,31150.0,15,4,4,103,80715.0,575.0,True
2024,4,12,16,211.75,132.1,105.79,94.9,0.36,74.34,23.74,15.44,19.59,13.15,59.61,0.25,4.47,106.2,83.54,2024-04-12 16:00:00,132.1,23.74,59.61,13210.0,16,4,4,103,87035.0,14202.000000000002,True
2024,4,12,17,17.0,12.45,16.46,15.6,0.23,87.67,21.08,16.53,18.81,14.1,75.15,0.11,3.24,110.8,83.61,2024-04-12 17:00:00,12.45,21.08,75.15,1245.0,17,4,4,103,78117.0,35935.0,True
2024,4,13,5,8.02,5.5,0.0,6.73,0.19,88.76,17.55,17.19,17.37,14.7,97.61,0.55,2.67,105.6,83.64,2024-04-13 05:00:00,5.5,17.55,97.61,550.0,5,5,4,104,66225.0,56965.0,True
2024,4,13,6,171.32,70.72,0.0,70.99,0.23,76.6,18.29,17.35,17.82,14.83,94.05,0.62,3.73,108.6,83.69,2024-04-13 06:00:00,70.72,18.29,94.05,7072.0,6,5,4,104,55204.99999999999,75167.0,True
2024,4,13,7,426.95,213.98,1.69,190.69,0.34,61.9,19.34,16.82,18.08,14.35,85.3,1.88,3.99,110.4,83.74,2024-04-13 07:00:00,213.98,19.34,85.3,21398.0,7,5,4,104,40840.0,91208.0,True
2024,4,13,8,664.6,305.73,21.75,235.71,0.33,47.33,21.07,16.31,18.69,13.87,74.12,3.94,3.7,107.3,83.77,2024-04-13 08:00:00,305.73,21.07,74.12,30573.0,8,5,4,104,18050.0,100925.0,True
2024,4,13,9,853.25,455.75,24.3,298.32,0.4,33.07,22.74,16.55,19.64,14.09,67.98,5.41,3.87,105.4,83.75,2024-04-13 09:00:00,455.75,22.74,67.98,45575.0,9,5,4,104,1520.0,97010.0,True
2024,4,13,10,975.97,637.92,40.56,443.39,0.5,19.8,24.11,16.93,20.52,14.46,64.17,6.86,4.08,103.5,83.69,2024-04-13 10:00:00,637.92,24.11,64.17,63791.99999999999,10,5,4,104,350.0,75815.0,True
2024,4,13,11,1005.5,801.65,245.4,416.84,0.6,11.68,25.18,17.12,21.15,14.63,60.83,10.74,4.29,101.0,83.6,2024-04-13 11:00:00,801.65,25.18,60.83,80165.0,11,5,4,104,7309.999999999999,62770.00000000001,True
2024,4,13,12,969.85,824.7,658.87,452.45,0.64,18.07,25.56,16.99,21.27,14.53,59.01,13.14,4.53,98.4,83.52,2024-04-13 12:00:00,824.7,25.56,59.01,82470.0,12,5,4,104,23405.0,41320.0,True
2024,4,13,13,850.3,698.53,220.03,451.85,0.6,31.03,25.37,16.89,21.13,14.44,59.28,12.69,4.88,98.4,83.47,2024-04-13 13:00:00,698.53,25.37,59.28,69853.0,13,5,4,104,41075.0,18077.0,True
2024,4,13,14,669.22,559.6,218.64,345.08,0.59,45.21,24.15,17.01,20.58,14.56,64.28,8.92,5.2,104.0,83.47,2024-04-13 14:00:00,559.6,24.15,64.28,55960.0,14,5,4,104,57972.0,1838.0,True
2024,4,13,15,436.27,317.27,61.92,226.4,0.47,59.75,22.82,17.24,20.03,14.76,70.64,5.9,5.52,108.6,83.52,2024-04-13 15:00:00,317.27,22.82,70.64,31727.0,15,5,4,104,72433.0,420.0,True
2024,4,13,16,190.07,131.85,33.26,112.12,0.36,74.43,21.36,17.42,19.39,14.92,78.11,3.41,5.44,110.9,83.59,2024-04-13 16:00:00,131.85,21.36,78.11,13185.0,16,5,4,104,72295.0,10855.0,True
2024,4,13,17,14.65,12.52,0.0,15.19,0.23,87.71,19.64,17.54,18.59,15.02,87.5,2.45,4.74,111.5,83.65,2024-04-13 17:00:00,12.52,19.64,87.5,1252.0,17,5,4,104,75230.0,30002.0,True
2024,4,14,5,7.82,6.12,0.0,7.65,0.21,88.74,17.35,16.88,17.11,14.39,96.87,8.34,1.96,118.3,83.71,2024-04-14 05:00:00,6.12,17.35,96.87,612.0,5,6,4,105,67788.0,48870.0,True
2024,4,14,6,166.55,102.1,58.24,82.65,0.32,76.56,17.84,17.05,17.45,14.55,95.01,4.84,2.98,115.6,83.76,2024-04-14 06:00:00,102.1,17.84,95.01,10210.0,6,6,4,105,52647.0,70020.0,True
2024,4,14,7,422.83,279.75,287.71,192.48,0.44,61.88,18.77,17.27,18.02,14.75,90.9,1.71,4.33,126.9,83.81,2024-04-14 07:00:00,279.75,18.77,90.9,27975.0,7,6,4,105,38465.0,86050.0,True
2024,4,14,8,662.17,448.6,372.78,212.77,0.49,47.34,20.26,17.06,18.66,14.54,81.71,0.55,5.45,133.1,83.83,2024-04-14 08:00:00,448.6,20.26,81.71,44860.0,8,6,4,105,16318.0,93270.0,True
2024,4,14,9,851.35,576.1,418.12,251.43,0.51,33.12,21.84,16.56,19.2,14.08,71.83,0.96,5.54,132.4,83.84,2024-04-14 09:00:00,576.1,21.84,71.83,57610.0,9,6,4,105,1432.0,87360.0,True
2024,4,14,10,973.9,794.6,557.94,259.22,0.62,19.94,22.68,16.36,19.52,13.91,67.41,2.46,5.31,132.7,83.81,2024-04-14 10:00:00,794.6,22.68,67.41,79460.0,10,6,4,105,582.0,66770.0,True
2024,4,14,11,1009.12,846.53,478.05,320.38,0.64,12.01,23.1,16.4,19.75,13.95,65.87,4.31,5.0,132.6,83.76,2024-04-14 11:00:00,846.53,23.1,65.87,84653.0,11,6,4,105,13785.0,55585.0,True
2024,4,14,12,975.88,787.05,453.92,298.73,0.61,18.33,23.09,16.45,19.77,14.01,66.13,6.47,4.79,131.3,83.69,2024-04-14 12:00:00,787.05,23.09,66.13,78705.0,12,6,4,105,35245.0,35700.0,True
2024,4,14,13,866.7,702.97,504.77,282.64,0.61,31.2,22.73,16.5,19.61,14.05,67.73,9.72,4.8,129.6,83.63,2024-04-14 13:00:00,702.97,22.73,67.73,70297.0,13,6,4,105,55910.0,15380.000000000002,True
2024,4,14,14,685.22,516.83,382.47,222.32,0.54,45.34,21.92,16.55,19.23,14.12,71.48,16.09,4.8,127.2,83.61,2024-04-14 14:00:00,516.83,21.92,71.48,51683.00000000001,14,6,4,105,80833.0,1598.0,True
2024,4,14,15,454.77,287.48,206.45,168.15,0.42,59.86,21.04,16.65,18.85,14.21,75.93,18.6,4.61,124.3,83.62,2024-04-14 15:00:00,287.48,21.04,75.93,28748.0,15,6,4,105,97238.0,457.0,True
2024,4,14,16,202.05,121.55,142.46,75.93,0.34,74.52,20.07,17.0,18.54,14.51,82.34,17.38,3.83,121.5,83.67,2024-04-14 16:00:00,121.55,20.07,82.34,12155.0,16,6,4,105,99853.0,9700.0,True
2024,4,14,17,15.62,10.62,10.53,12.88,0.2,87.76,18.94,17.37,18.15,14.85,90.44,14.23,2.51,118.0,83.71,2024-04-14 17:00:00,10.62,18.94,90.44,1062.0,17,6,4,105,84778.0,27083.0,True
2024,4,15,5,8.62,6.65,3.82,8.76,0.22,88.73,16.39,16.07,16.23,13.63,97.73,1.01,1.94,92.4,83.85,2024-04-15 05:00:00,6.65,16.39,97.73,665.0,5,0,4,106,79242.0,45075.0,True
2024,4,15,6,179.05,109.97,101.9,80.68,0.35,76.53,17.02,16.23,16.62,13.77,94.91,0.7,2.58,93.8,83.9,2024-04-15 06:00:00,109.97,17.02,94.91,10997.0,6,0,4,106,62622.0,63633.00000000001,True
2024,4,15,7,435.9,285.0,218.95,196.43,0.45,61.87,17.83,16.16,16.99,13.7,89.77,0.49,2.72,116.4,83.96,2024-04-15 07:00:00,285.0,17.83,89.77,28500.0,7,0,4,106,42065.0,79195.0,True
2024,4,15,8,671.75,467.05,274.16,276.11,0.51,47.35,18.95,15.93,17.44,13.5,82.5,0.24,3.04,134.7,83.98,2024-04-15 08:00:00,467.05,18.95,82.5,46705.0,8,0,4,106,18595.0,88835.0,True
2024,4,15,9,859.78,686.53,427.95,287.65,0.61,33.17,20.37,15.79,18.08,13.38,74.85,0.08,3.45,146.2,83.97,2024-04-15 09:00:00,686.53,20.37,74.85,68653.0,9,0,4,106,1657.9999999999998,81153.0,True
2024,4,15,10,981.03,769.8,409.84,311.37,0.61,20.09,21.65,15.88,18.77,13.47,69.61,0.1,3.86,155.2,83.92,2024-04-15 10:00:00,769.8,21.65,69.61,76980.0,10,0,4,106,635.0,63166.99999999999,True
2024,4,15,11,1016.7,837.78,574.36,253.57,0.63,12.33,22.36,16.02,19.19,13.6,67.25,0.33,3.94,161.3,83.86,2024-04-15 11:00:00,837.78,22.36,67.25,83778.0,11,0,4,106,12307.0,57945.00000000001,True
2024,4,15,12,983.28,806.83,561.24,249.25,0.63,18.59,22.75,16.14,19.45,13.71,66.14,0.85,3.82,163.1,83.78,2024-04-15 12:00:00,806.83,22.75,66.14,80683.0,12,0,4,106,31017.0,42388.0,True
2024,4,15,13,872.95,625.03,317.54,296.72,0.54,31.38,23.02,16.24,19.63,13.82,65.54,1.63,3.55,160.4,83.72,2024-04-15 13:00:00,625.03,23.02,65.54,62503.0,13,0,4,106,49585.0,18520.0,True
2024,4,15,14,693.8,467.75,259.92,226.74,0.49,45.48,22.88,16.29,19.58,13.86,66.27,1.7,3.24,154.4,83.69,2024-04-15 14:00:00,467.75,22.88,66.27,46775.0,14,0,4,106,69880.0,1720.0,True
2024,4,15,15,463.6,264.15,165.54,175.28,0.39,59.96,22.28,16.47,19.38,14.02,69.52,1.62,2.93,149.0,83.7,2024-04-15 15:00:00,264.15,22.28,69.52,26414.999999999996,15,0,4,106,83590.0,535.0,True
2024,4,15,16,209.6,112.68,149.72,74.28,0.31,74.6,21.31,16.97,19.14,14.48,76.2,0.87,2.35,144.3,83.74,2024-04-15 16:00:00,112.68,21.31,76.2,11268.0,16,0,4,106,87970.0,11085.0,True
2024,4,15,17,16.35,8.93,23.84,11.15,0.17,87.8,19.67,17.67,18.67,15.14,88.16,0.51,1.75,139.6,83.78,2024-04-15 17:00:00,8.93,19.67,88.16,893.0,17,0,4,106,83172.0,28175.0,True
2024,4,16,5,9.27,8.12,27.51,10.72,0.27,88.71,16.78,16.06,16.42,13.64,95.36,0.53,0.36,149.9,83.82,2024-04-16 05:00:00,8.12,16.78,95.36,811.9999999999999,5,1,4,107,61250.0,47875.0,True
2024,4,16,6,185.45,158.95,299.16,76.02,0.5,76.49,17.8,16.58,17.19,14.09,92.4,0.37,0.81,127.0,83.88,2024-04-16 06:00:00,158.95,17.8,92.4,15894.999999999998,6,1,4,107,46180.0,63620.00000000001,True
2024,4,16,7,441.6,384.38,477.42,139.52,0.6,61.85,19.47,16.47,17.97,13.99,82.69,0.49,1.85,129.7,83.93,2024-04-16 07:00:00,384.38,19.47,82.69,38438.0,7,1,4,107,30488.0,74065.0,True
2024,4,16,8,677.5,633.8,677.82,183.71,0.69,47.36,21.46,16.15,18.81,13.7,71.64,0.36,2.51,134.2,83.95,2024-04-16 08:00:00,633.8,21.46,71.64,63379.99999999999,8,1,4,107,13697.999999999998,71838.0,True
2024,4,16,9,863.33,786.47,636.09,207.73,0.7,33.23,22.98,15.96,19.47,13.53,64.49,0.29,2.67,139.9,83.93,2024-04-16 09:00:00,786.47,22.98,64.49,78647.0,9,1,4,107,1202.0,71575.0,True
2024,4,16,10,982.78,895.3,670.48,253.12,0.71,20.25,24.27,16.11,20.19,13.67,60.24,0.43,2.65,145.0,83.87,2024-04-16 10:00:00,895.3,24.27,60.24,89530.0,10,1,4,107,418.0,64765.0,True
2024,4,16,11,1019.12,874.12,627.01,234.9,0.66,12.66,25.19,16.18,20.68,13.75,57.3,0.67,2.61,145.0,83.79,2024-04-16 11:00:00,874.12,25.19,57.3,87412.0,11,1,4,107,5797.0,57970.00000000001,True
2024,4,16,12,984.38,834.83,619.17,210.99,0.65,18.86,25.63,16.09,20.86,13.68,55.48,1.08,2.71,139.0,83.71,2024-04-16 12:00:00,834.83,25.63,55.48,83483.0,12,1,4,107,15897.999999999998,39795.0,True
2024,4,16,13,873.2,733.03,563.05,222.92,0.64,31.55,25.65,15.9,20.78,13.53,54.77,1.15,2.9,131.7,83.64,2024-04-16 13:00:00,733.03,25.65,54.77,73303.0,13,1,4,107,24575.0,18327.0,True
2024,4,16,14,694.65,519.58,342.1,234.69,0.55,45.61,25.05,15.56,20.3,13.25,55.56,0.52,3.14,126.7,83.59,2024-04-16 14:00:00,519.58,25.05,55.56,51958.00000000001,14,1,4,107,41685.0,1857.9999999999998,True
2024,4,16,15,465.1,294.6,294.46,158.24,0.44,60.07,24.1,15.45,19.77,13.15,58.37,0.11,3.49,122.0,83.59,2024-04-16 15:00:00,294.6,24.1,58.37,29460.000000000004,15,1,4,107,66515.0,540.0,True
2024,4,16,16,210.88,123.5,197.37,79.3,0.35,74.69,22.68,15.93,19.3,13.56,65.59,0.06,3.52,117.9,83.63,2024-04-16 16:00:00,123.5,22.68,65.59,12350.0,16,1,4,107,77650.0,9330.0,True
2024,4,16,17,16.15,10.25,27.24,13.92,0.2,87.83,20.32,16.36,18.34,13.93,77.89,0.06,3.15,115.8,83.69,2024-04-16 17:00:00,10.25,20.32,77.89,1025.0,17,1,4,107,75715.0,24538.0,True
2024,4,17,5,9.3,5.9,13.1,7.24,0.19,88.69,15.7,15.64,15.67,13.28,99.46,0.24,1.6,129.9,83.79,2024-04-17 05:00:00,5.9,15.7,99.46,590.0,5,2,4,108,73958.0,43550.0,True
2024,4,17,6,184.73,108.47,192.95,81.87,0.34,76.46,17.19,16.07,16.63,13.65,93.04,0.08,2.35,138.6,83.86,2024-04-17 06:00:00,108.47,17.19,93.04,10847.0,6,2,4,108,57985.0,59383.00000000001,True
2024,4,17,7,441.02,293.48,414.95,117.38,0.46,61.84,18.96,16.13,17.55,13.69,83.53,0.01,2.99,142.7,83.92,2024-04-17 07:00:00,293.48,18.96,83.53,29348.0,7,2,4,108,35760.0,74542.0,True
2024,4,17,8,676.88,486.9,584.73,144.91,0.53,47.38,21.13,15.99,18.56,13.56,72.35,0.14,3.43,140.1,83.93,2024-04-17 08:00:00,486.9,21.13,72.35,48690.0,8,2,4,108,16057.0,76472.0,True
2024,4,17,9,863.53,679.72,542.65,218.54,0.6,33.3,23.36,16.27,19.82,13.82,64.34,0.36,3.6,137.4,83.89,2024-04-17 09:00:00,679.72,23.36,64.34,67972.0,9,2,4,108,1425.0,75717.0,True
2024,4,17,10,982.95,842.47,571.05,279.68,0.67,20.41,24.99,16.63,20.81,14.14,59.63,0.74,3.68,136.0,83.81,2024-04-17 10:00:00,842.47,24.99,59.63,84247.0,10,2,4,108,710.0,65308.00000000001,True
2024,4,17,11,1024.35,897.33,635.65,258.05,0.68,12.98,25.86,16.78,21.32,14.3,57.2,1.53,3.85,133.9,83.72,2024-04-17 11:00:00,897.33,25.86,57.2,89733.0,11,2,4,108,15343.0,50733.0,True
2024,4,17,12,988.83,801.97,641.99,156.6,0.63,19.12,26.28,16.8,21.54,14.34,55.89,2.93,4.06,129.6,83.64,2024-04-17 12:00:00,801.97,26.28,55.89,80197.0,12,2,4,108,38067.0,27573.0,True
2024,4,17,13,877.2,741.85,484.82,282.03,0.65,31.73,26.13,16.68,21.4,14.23,55.92,4.46,4.29,125.5,83.57,2024-04-17 13:00:00,741.85,26.13,55.92,74185.0,13,2,4,108,61095.00000000001,12850.0,True
2024,4,17,14,697.55,571.95,492.8,180.37,0.61,45.74,25.48,16.44,20.96,14.03,57.28,7.13,4.52,121.6,83.53,2024-04-17 14:00:00,571.95,25.48,57.28,57195.00000000001,14,2,4,108,80680.0,1340.0,True
2024,4,17,15,466.35,345.38,487.2,118.42,0.51,60.17,23.87,16.38,20.12,13.97,62.81,6.02,4.72,120.0,83.55,2024-04-17 15:00:00,345.38,23.87,62.81,34538.0,15,2,4,108,92220.0,595.0,True
2024,4,17,16,211.18,155.88,328.16,65.28,0.44,74.77,21.95,17.05,19.5,14.57,73.63,3.58,4.88,119.2,83.63,2024-04-17 16:00:00,155.88,21.95,73.63,15588.0,16,2,4,108,99258.0,12353.0,True
2024,4,17,17,16.25,13.1,66.52,13.99,0.26,87.87,20.09,17.63,18.86,15.1,85.62,1.75,5.05,117.7,83.73,2024-04-17 17:00:00,13.1,20.09,85.62,1310.0,17,2,4,108,92220.0,29898.0,True
2024,4,18,5,9.82,7.38,35.61,8.79,0.24,88.67,16.46,16.22,16.34,13.78,98.32,1.27,1.46,127.2,83.83,2024-04-18 05:00:00,7.38,16.46,98.32,738.0,5,3,4,109,83358.0,48073.0,True
2024,4,18,6,188.02,130.93,267.28,63.26,0.41,76.43,17.63,16.72,17.17,14.22,94.27,1.19,3.44,120.2,83.9,2024-04-18 06:00:00,130.93,17.63,94.27,13093.0,6,3,4,109,62147.0,65291.99999999999,True
2024,4,18,7,443.67,322.55,398.46,145.15,0.51,61.84,18.75,16.46,17.61,13.98,86.48,1.4,5.06,121.1,83.98,2024-04-18 07:00:00,322.55,18.75,86.48,32255.0,7,3,4,109,37602.0,72112.0,True
2024,4,18,8,677.53,521.78,549.23,158.16,0.57,47.4,20.07,15.28,17.68,12.96,73.93,1.48,5.87,122.2,84.02,2024-04-18 08:00:00,521.78,20.07,73.93,52178.0,8,3,4,109,16540.0,72150.0,True
2024,4,18,9,862.38,695.3,496.52,228.19,0.62,33.36,21.89,14.81,18.35,12.56,64.05,1.45,5.76,124.0,83.99,2024-04-18 09:00:00,695.3,21.89,64.05,69530.0,9,3,4,109,1312.0,78095.0,True
2024,4,18,10,981.6,815.72,544.33,279.65,0.65,20.57,23.64,15.32,19.48,12.99,59.5,2.11,5.39,128.3,83.9,2024-04-18 10:00:00,815.72,23.64,59.5,81572.0,10,3,4,109,518.0,72765.0,True
2024,4,18,11,1020.15,892.2,579.36,263.17,0.68,13.31,24.87,15.78,20.33,13.4,56.92,2.62,5.06,133.6,83.78,2024-04-18 11:00:00,892.2,24.87,56.92,89220.0,11,3,4,109,9560.0,53683.00000000001,True
2024,4,18,12,985.1,855.2,642.43,213.72,0.67,19.38,25.62,16.0,20.81,13.62,55.25,3.53,4.92,136.4,83.68,2024-04-18 12:00:00,855.2,25.62,55.25,85520.0,12,3,4,109,27395.0,37702.0,True
2024,4,18,13,873.85,786.78,614.71,221.01,0.69,31.91,25.73,15.94,20.83,13.56,54.6,3.82,4.87,136.1,83.6,2024-04-18 13:00:00,786.78,25.73,54.6,78678.0,13,3,4,109,45783.0,17365.0,True
2024,4,18,14,695.65,597.12,534.94,213.97,0.64,45.87,25.32,15.73,20.52,13.39,55.24,4.63,4.88,133.3,83.58,2024-04-18 14:00:00,597.12,25.32,55.24,59712.0,14,3,4,109,65717.0,1720.0,True
2024,4,18,15,467.3,386.08,457.6,155.03,0.58,60.27,24.48,15.63,20.05,13.29,57.67,4.55,4.94,129.7,83.61,2024-04-18 15:00:00,386.08,24.48,57.67,38608.0,15,3,4,109,84200.0,430.0,True
2024,4,18,16,213.57,172.48,421.29,62.93,0.49,74.85,22.81,15.94,19.38,13.56,65.11,3.79,4.55,126.1,83.68,2024-04-18 16:00:00,172.48,22.81,65.11,17248.0,16,3,4,109,90262.0,5275.0,True
2024,4,18,17,16.55,13.52,79.48,14.9,0.27,87.91,20.46,16.68,18.57,14.2,78.78,5.21,3.76,123.2,83.77,2024-04-18 17:00:00,13.52,20.46,78.78,1352.0,17,3,4,109,79340.0,13635.0,True
2024,4,19,5,9.68,6.85,17.12,8.26,0.22,88.65,14.29,14.16,14.22,12.06,98.97,0.32,1.53,117.7,83.78,2024-04-19 05:00:00,6.85,14.29,98.97,685.0,5,4,4,110,75958.0,20693.0,True
2024,4,19,6,184.57,91.15,295.46,58.86,0.29,76.4,15.86,14.45,15.15,12.29,91.21,0.11,2.22,123.4,83.83,2024-04-19 06:00:00,91.15,15.86,91.21,9115.0,6,4,4,110,60604.99999999999,31730.0,True
2024,4,19,7,438.92,218.2,280.76,101.1,0.34,61.83,18.33,14.27,16.3,12.13,77.05,0.03,2.73,144.1,83.9,2024-04-19 07:00:00,218.2,18.33,77.05,21820.0,7,4,4,110,37005.0,64475.0,True
2024,4,19,8,672.85,367.48,259.14,175.49,0.4,47.43,21.04,14.27,17.65,12.12,65.08,0.02,2.83,152.0,83.93,2024-04-19 08:00:00,367.48,21.04,65.08,36748.0,8,4,4,110,16743.0,73465.0,True
2024,4,19,9,859.35,470.55,96.56,257.77,0.42,33.44,23.06,14.86,18.96,12.61,59.83,0.08,2.88,154.9,83.9,2024-04-19 09:00:00,470.55,23.06,59.83,47055.0,9,4,4,110,1432.0,74510.0,True
2024,4,19,10,977.85,644.85,147.23,356.65,0.51,20.74,24.47,15.41,19.94,13.08,56.94,0.55,3.06,156.7,83.82,2024-04-19 10:00:00,644.85,24.47,56.94,64485.0,10,4,4,110,475.0,78688.0,True
2024,4,19,11,1012.8,685.33,301.2,299.15,0.52,13.63,24.79,15.61,20.2,13.27,56.6,2.7,3.19,157.1,83.72,2024-04-19 11:00:00,685.33,24.79,56.6,68533.0,11,4,4,110,10688.0,55929.99999999999,True
2024,4,19,12,976.03,749.6,331.88,350.15,0.59,19.64,24.66,15.61,20.13,13.29,57.06,5.82,3.34,153.3,83.63,2024-04-19 12:00:00,749.6,24.66,57.06,74960.0,12,4,4,110,28545.0,35860.0,True
2024,4,19,13,862.55,735.33,428.96,301.73,0.64,32.08,24.07,15.57,19.82,13.25,58.89,8.52,3.39,147.9,83.56,2024-04-19 13:00:00,735.33,24.07,58.89,73533.0,13,4,4,110,46012.0,16232.0,True
2024,4,19,14,681.53,559.33,483.85,176.54,0.6,46.0,23.14,15.66,19.4,13.34,62.68,9.05,3.27,143.6,83.53,2024-04-19 14:00:00,559.33,23.14,62.68,55933.00000000001,14,4,4,110,60747.0,1562.0,True
2024,4,19,15,452.4,342.33,403.0,138.09,0.51,60.38,22.41,15.87,19.14,13.52,66.41,7.9,3.15,140.3,83.54,2024-04-19 15:00:00,342.33,22.41,66.41,34233.0,15,4,4,110,78015.0,528.0,True
2024,4,19,16,201.02,151.38,195.83,105.19,0.43,74.93,21.53,16.3,18.92,13.89,72.01,5.77,2.93,135.8,83.58,2024-04-19 16:00:00,151.38,21.53,72.01,15138.0,16,4,4,110,79872.0,10697.0,True
2024,4,19,17,14.8,12.57,22.92,15.75,0.26,87.94,19.72,17.06,18.39,14.58,84.53,2.99,2.28,128.6,83.64,2024-04-19 17:00:00,12.57,19.72,84.53,1257.0,17,4,4,110,72325.0,28938.0,True
2024,4,20,5,9.07,7.88,15.54,10.19,0.25,88.64,15.71,15.57,15.64,13.24,98.96,0.69,2.09,236.9,83.68,2024-04-20 05:00:00,7.88,15.71,98.96,788.0,5,5,4,111,67758.0,48598.0,True
2024,4,20,6,176.8,125.9,182.23,69.7,0.4,76.38,17.06,16.1,16.58,13.69,93.93,1.61,3.77,240.4,83.74,2024-04-20 06:00:00,125.9,17.06,93.93,12590.0,6,5,4,111,53415.0,64029.99999999999,True
2024,4,20,7,428.95,305.8,435.76,125.59,0.48,61.83,18.36,16.35,17.35,13.91,87.98,3.78,4.22,240.0,83.79,2024-04-20 07:00:00,305.8,18.36,87.98,30580.0,7,5,4,111,31150.0,80715.0,True
2024,4,20,8,660.6,504.65,429.4,211.99,0.55,47.45,19.97,16.41,18.19,13.94,79.77,7.8,4.31,240.7,83.82,2024-04-20 08:00:00,504.65,19.97,79.77,50465.0,8,5,4,111,13210.0,87035.0,True
2024,4,20,9,844.22,631.42,396.82,251.92,0.56,33.51,22.01,16.51,19.26,14.05,70.9,8.1,4.34,241.8,83.8,2024-04-20 09:00:00,631.42,22.01,70.9,63141.99999999999,9,5,4,111,1245.0,78117.0,True
2024,4,20,10,960.85,776.55,487.43,284.39,0.62,20.91,23.8,16.71,20.26,14.23,64.38,8.41,4.27,244.3,83.74,2024-04-20 10:00:00,776.55,23.8,64.38,77655.0,10,5,4,111,550.0,66225.0,True
2024,4,20,11,995.97,830.95,450.8,319.02,0.63,13.95,24.97,16.69,20.83,14.23,59.96,8.48,4.17,249.1,83.65,2024-04-20 11:00:00,830.95,24.97,59.96,83095.0,11,5,4,111,7072.0,55204.99999999999,True
2024,4,20,12,959.3,783.75,363.95,388.45,0.62,19.9,25.46,16.37,20.92,13.95,57.03,8.07,4.04,254.3,83.55,2024-04-20 12:00:00,783.75,25.46,57.03,78375.0,12,5,4,111,21398.0,40840.0,True
2024,4,20,13,847.17,695.97,336.13,336.18,0.61,32.26,25.27,16.2,20.74,13.83,57.13,7.15,4.17,256.0,83.46,2024-04-20 13:00:00,695.97,25.27,57.13,69597.0,13,5,4,111,30573.0,18050.0,True
2024,4,20,14,666.7,488.98,322.13,187.86,0.52,46.13,24.41,16.35,20.38,13.96,60.68,5.02,4.2,252.1,83.44,2024-04-20 14:00:00,488.98,24.41,60.68,48898.0,14,5,4,111,45575.0,1520.0,True
2024,4,20,15,437.65,296.25,230.94,168.27,0.45,60.48,23.49,16.52,20.01,14.11,64.83,3.77,3.7,245.2,83.46,2024-04-20 15:00:00,296.25,23.49,64.83,29625.0,15,5,4,111,63791.99999999999,350.0,True
2024,4,20,16,190.77,123.28,122.34,91.49,0.35,75.01,22.44,16.89,19.67,14.44,70.73,3.28,2.96,232.8,83.51,2024-04-20 16:00:00,123.28,22.44,70.73,12328.0,16,5,4,111,80165.0,7309.999999999999,True
2024,4,20,17,13.57,9.07,5.08,12.7,0.19,87.98,20.4,17.88,19.14,15.37,85.32,4.25,1.87,216.7,83.57,2024-04-20 17:00:00,9.07,20.4,85.32,907.0,17,5,4,111,82470.0,23405.0,True
2024,4,21,5,9.0,6.0,0.0,7.34,0.18,88.62,16.43,15.98,16.2,13.6,97.05,2.05,1.76,154.7,83.67,2024-04-21 05:00:00,6.0,16.43,97.05,600.0,5,6,4,112,69853.0,41075.0,True
2024,4,21,6,174.02,78.68,104.08,75.4,0.25,76.36,16.85,15.95,16.4,13.57,94.36,2.5,1.92,169.2,83.73,2024-04-21 06:00:00,78.68,16.85,94.36,7868.000000000001,6,6,4,112,55960.0,57972.0,True
2024,4,21,7,427.52,211.98,247.62,169.4,0.33,61.83,17.7,15.95,16.83,13.55,89.35,2.02,2.17,188.2,83.79,2024-04-21 07:00:00,211.98,17.7,89.35,21198.0,7,6,4,112,31727.0,72433.0,True
2024,4,21,8,660.55,340.35,239.89,228.96,0.37,47.48,19.29,15.95,17.62,13.54,80.86,2.21,2.29,193.4,83.83,2024-04-21 08:00:00,340.35,19.29,80.86,34035.0,8,6,4,112,13185.0,72295.0,True
2024,4,21,9,844.83,447.3,21.38,328.52,0.4,33.59,21.02,15.87,18.45,13.47,72.28,3.13,2.07,193.7,83.83,2024-04-21 09:00:00,447.3,21.02,72.28,44730.0,9,6,4,112,1252.0,75230.0,True
2024,4,21,10,962.58,546.35,17.08,389.32,0.43,21.08,22.52,16.05,19.29,13.63,66.68,3.9,1.54,190.9,83.77,2024-04-21 10:00:00,546.35,22.52,66.68,54635.0,10,6,4,112,612.0,67788.0,True
2024,4,21,11,979.53,565.6,48.54,353.79,0.43,14.27,23.84,16.24,20.04,13.83,62.39,4.05,1.22,168.7,83.68,2024-04-21 11:00:00,565.6,23.84,62.39,56560.0,11,6,4,112,10210.0,52647.0,True
2024,4,21,12,943.38,692.75,104.01,419.62,0.55,20.16,24.32,16.15,20.24,13.76,60.23,4.25,1.58,142.7,83.56,2024-04-21 12:00:00,692.75,24.32,60.23,69275.0,12,6,4,112,27975.0,38465.0,True
2024,4,21,13,829.47,666.05,260.66,439.34,0.59,32.43,24.21,16.05,20.13,13.69,60.26,4.98,2.06,133.2,83.47,2024-04-21 13:00:00,666.05,24.21,60.26,66605.0,13,6,4,112,44860.0,16318.0,True
2024,4,21,14,644.7,498.23,227.88,230.29,0.53,46.26,23.64,16.17,19.9,13.79,62.79,4.93,2.31,127.3,83.45,2024-04-21 14:00:00,498.23,23.64,62.79,49823.0,14,6,4,112,57610.0,1432.0,True
2024,4,21,15,414.23,295.55,137.79,201.77,0.45,60.58,23.08,16.39,19.74,13.99,65.91,4.62,2.43,123.8,83.48,2024-04-21 15:00:00,295.55,23.08,65.91,29555.0,15,6,4,112,79460.0,582.0,True
2024,4,21,16,173.62,125.45,37.39,103.84,0.36,75.09,21.91,16.87,19.39,14.42,72.98,4.49,2.35,119.3,83.54,2024-04-21 16:00:00,125.45,21.91,72.98,12545.0,16,6,4,112,84653.0,13785.0,True
2024,4,21,17,12.4,8.85,2.97,10.8,0.19,88.01,20.17,17.79,18.98,15.28,86.09,5.64,1.77,110.5,83.62,2024-04-21 17:00:00,8.85,20.17,86.09,885.0,17,6,4,112,78705.0,35245.0,True
2024,4,22,5,8.52,6.7,1.52,8.81,0.2,88.61,16.72,16.26,16.49,13.83,96.91,1.71,1.53,151.4,83.7,2024-04-22 05:00:00,6.7,16.72,96.91,670.0,5,0,4,113,70297.0,55910.0,True
2024,4,22,6,163.12,111.97,73.83,88.55,0.35,76.34,17.35,16.31,16.83,13.88,93.52,1.47,2.11,160.0,83.76,2024-04-22 06:00:00,111.97,17.35,93.52,11197.0,6,0,4,113,51683.00000000001,80833.0,True
2024,4,22,7,409.5,292.3,193.26,189.27,0.46,61.83,18.61,16.54,17.57,14.07,87.63,1.39,2.48,173.5,83.82,2024-04-22 07:00:00,292.3,18.61,87.63,29230.0,7,0,4,113,28748.0,97238.0,True
2024,4,22,8,643.15,490.05,350.76,215.66,0.54,47.52,20.5,16.71,18.61,14.23,78.81,1.99,2.48,183.2,83.84,2024-04-22 08:00:00,490.05,20.5,78.81,49005.0,8,0,4,113,12155.0,99853.0,True
2024,4,22,9,828.8,703.4,502.4,232.27,0.63,33.67,22.73,16.84,19.79,14.35,69.31,2.57,2.48,183.7,83.8,2024-04-22 09:00:00,703.4,22.73,69.31,70340.0,9,0,4,113,1062.0,84778.0,True
2024,4,22,10,946.83,837.35,583.38,264.29,0.67,21.26,23.9,16.82,20.36,14.33,64.44,2.64,2.6,178.2,83.74,2024-04-22 10:00:00,837.35,23.9,64.44,83735.0,10,0,4,113,665.0,79242.0,True
2024,4,22,11,1003.28,894.2,557.59,278.92,0.69,14.59,24.25,16.74,20.49,14.29,62.86,3.06,2.69,171.9,83.65,2024-04-22 11:00:00,894.2,24.25,62.86,89420.0,11,0,4,113,10997.0,62622.0,True
2024,4,22,12,967.1,788.5,556.49,237.94,0.62,20.41,24.13,16.68,20.4,14.24,63.02,3.84,2.79,161.6,83.55,2024-04-22 12:00:00,788.5,24.13,63.02,78850.0,12,0,4,113,28500.0,42065.0,True
2024,4,22,13,855.42,646.12,409.77,264.66,0.57,32.61,23.78,16.72,20.25,14.29,64.54,4.13,2.86,150.2,83.49,2024-04-22 13:00:00,646.12,23.78,64.54,64612.0,13,0,4,113,46705.0,18595.0,True
2024,4,22,14,677.78,482.5,374.36,189.18,0.52,46.39,23.29,16.88,20.08,14.43,67.1,3.24,3.03,138.9,83.47,2024-04-22 14:00:00,482.5,23.29,67.1,48250.0,14,0,4,113,68653.0,1657.9999999999998,True
2024,4,22,15,450.6,254.02,338.88,142.92,0.38,60.67,22.59,17.01,19.8,14.55,70.6,2.19,3.26,128.0,83.49,2024-04-22 15:00:00,254.02,22.59,70.6,25402.0,15,0,4,113,76980.0,635.0,True
2024,4,22,16,200.27,110.72,166.9,75.59,0.32,75.16,21.42,17.41,19.41,14.92,77.78,1.59,3.07,118.6,83.54,2024-04-22 16:00:00,110.72,21.42,77.78,11072.0,16,0,4,113,83778.0,12307.0,True
2024,4,22,17,14.2,7.43,11.81,10.22,0.16,88.04,19.81,17.65,18.73,15.14,87.2,1.39,2.65,109.2,83.59,2024-04-22 17:00:00,7.43,19.81,87.2,743.0,17,0,4,113,80683.0,31017.0,True
2024,4,23,5,9.32,6.3,4.5,8.22,0.19,88.59,15.92,15.83,15.88,13.46,99.3,0.32,1.76,111.3,83.72,2024-04-23 05:00:00,6.3,15.92,99.3,630.0,5,1,4,114,62503.0,49585.0,True
2024,4,23,6,175.2,95.4,90.37,71.7,0.3,76.32,17.41,16.26,16.83,13.82,92.78,0.21,2.47,118.7,83.77,2024-04-23 06:00:00,95.4,17.41,92.78,9540.0,6,1,4,114,46775.0,69880.0,True
2024,4,23,7,423.85,254.82,239.0,142.05,0.4,61.83,19.36,16.34,17.85,13.9,82.6,0.23,2.35,144.3,83.81,2024-04-23 07:00:00,254.82,19.36,82.6,25482.0,7,1,4,114,26414.999999999996,83590.0,True
2024,4,23,8,654.28,418.98,335.09,213.87,0.46,47.55,21.96,16.16,19.06,13.73,69.53,0.27,2.28,162.7,83.81,2024-04-23 08:00:00,418.98,21.96,69.53,41898.0,8,1,4,114,11268.0,87970.0,True
2024,4,23,9,837.42,500.33,255.69,235.86,0.45,33.76,23.89,16.37,20.13,13.92,62.68,0.84,2.16,170.7,83.78,2024-04-23 09:00:00,500.33,23.89,62.68,50033.0,9,1,4,114,893.0,83172.0,True
2024,4,23,10,954.95,643.35,182.12,372.28,0.51,21.44,24.88,16.69,20.79,14.23,60.32,2.09,2.09,175.3,83.71,2024-04-23 10:00:00,643.35,24.88,60.32,64335.0,10,1,4,114,811.9999999999999,61250.0,True
2024,4,23,11,987.28,735.1,231.5,336.79,0.56,14.9,25.45,16.82,21.14,14.36,58.78,3.69,2.0,177.1,83.62,2024-04-23 11:00:00,735.1,25.45,58.78,73510.0,11,1,4,114,15894.999999999998,46180.0,True
2024,4,23,12,950.83,772.17,227.93,432.53,0.61,20.67,25.28,16.74,21.01,14.3,59.06,4.99,1.94,175.0,83.53,2024-04-23 12:00:00,772.17,25.28,59.06,77217.0,12,1,4,114,38438.0,30488.0,True
2024,4,23,13,838.05,700.03,439.31,303.73,0.62,32.78,24.73,16.91,20.82,14.47,61.71,4.83,1.99,172.8,83.46,2024-04-23 13:00:00,700.03,24.73,61.71,70003.0,13,1,4,114,63379.99999999999,13697.999999999998,True
2024,4,23,14,657.3,504.5,477.89,184.53,0.54,46.51,24.05,17.13,20.59,14.68,65.17,4.4,1.99,166.3,83.43,2024-04-23 14:00:00,504.5,24.05,65.17,50450.0,14,1,4,114,78647.0,1202.0,True
2024,4,23,15,428.2,281.9,259.82,152.58,0.43,60.77,23.23,17.43,20.33,14.95,69.72,4.47,2.16,155.1,83.44,2024-04-23 15:00:00,281.9,23.23,69.72,28189.999999999996,15,1,4,114,89530.0,418.0,True
2024,4,23,16,181.62,117.12,113.01,71.43,0.34,75.24,22.11,17.89,20.0,15.4,76.89,5.55,2.32,142.3,83.48,2024-04-23 16:00:00,117.12,22.11,76.89,11712.0,16,1,4,114,87412.0,5797.0,True
2024,4,23,17,12.65,9.35,6.8,13.14,0.21,88.07,20.69,18.35,19.52,15.84,86.3,6.93,2.2,134.1,83.53,2024-04-23 17:00:00,9.35,20.69,86.3,935.0,17,1,4,114,83483.0,15897.999999999998,True
2024,4,24,5,9.27,5.45,0.0,6.67,0.16,88.58,17.14,16.68,16.91,14.22,96.98,10.29,1.92,153.7,83.68,2024-04-24 05:00:00,5.45,17.14,96.98,545.0,5,2,4,115,73303.0,24575.0,True
2024,4,24,6,173.25,84.82,21.17,84.44,0.27,76.3,17.7,16.7,17.2,14.23,93.73,7.1,2.61,174.1,83.73,2024-04-24 06:00:00,84.82,17.7,93.73,8482.0,6,2,4,115,51958.00000000001,41685.0,True
2024,4,24,7,422.23,244.4,34.18,182.73,0.38,61.84,18.65,16.64,17.65,14.16,87.92,4.32,2.87,195.6,83.78,2024-04-24 07:00:00,244.4,18.65,87.92,24440.0,7,2,4,115,29460.000000000004,66515.0,True
2024,4,24,8,653.2,406.45,66.82,307.52,0.45,47.59,20.4,16.71,18.56,14.23,79.25,2.72,2.55,205.6,83.79,2024-04-24 08:00:00,406.45,20.4,79.25,40645.0,8,2,4,115,12350.0,77650.0,True
2024,4,24,9,836.38,595.28,120.39,344.01,0.53,33.85,22.24,16.8,19.52,14.32,71.22,2.25,2.33,206.8,83.77,2024-04-24 09:00:00,595.28,22.24,71.22,59528.0,9,2,4,115,1025.0,75715.0,True
2024,4,24,10,953.95,707.92,214.81,371.7,0.57,21.62,23.67,16.95,20.31,14.45,65.86,2.59,2.42,211.7,83.71,2024-04-24 10:00:00,707.92,23.67,65.86,70792.0,10,2,4,115,590.0,73958.0,True
2024,4,24,11,983.58,792.12,301.26,374.96,0.61,15.22,24.22,16.85,20.53,14.39,63.39,2.89,2.77,220.8,83.62,2024-04-24 11:00:00,792.12,24.22,63.39,79212.0,11,2,4,115,10847.0,57985.0,True
2024,4,24,12,948.0,780.83,396.38,329.45,0.62,20.92,24.22,16.84,20.53,14.38,63.28,2.37,3.23,227.1,83.54,2024-04-24 12:00:00,780.83,24.22,63.28,78083.0,12,2,4,115,29348.0,35760.0,True
2024,4,24,13,835.95,631.97,337.99,301.57,0.56,32.95,24.05,16.86,20.45,14.43,64.1,2.65,3.52,229.8,83.47,2024-04-24 13:00:00,631.97,24.05,64.1,63197.0,13,2,4,115,48690.0,16057.0,True
2024,4,24,14,656.78,473.48,325.37,217.49,0.51,46.64,23.64,16.91,20.27,14.47,65.84,5.11,3.51,229.9,83.43,2024-04-24 14:00:00,473.48,23.64,65.84,47348.0,14,2,4,115,67972.0,1425.0,True
2024,4,24,15,428.9,267.95,293.29,138.92,0.41,60.86,23.02,16.99,20.01,14.55,68.73,6.08,3.35,226.8,83.42,2024-04-24 15:00:00,267.95,23.02,68.73,26795.0,15,2,4,115,84247.0,710.0,True
2024,4,24,16,183.05,112.4,111.83,81.7,0.33,75.31,22.08,17.26,19.67,14.79,73.99,6.71,2.87,219.9,83.47,2024-04-24 16:00:00,112.4,22.08,73.99,11240.0,16,2,4,115,89733.0,15343.0,True
2024,4,24,17,12.4,8.4,7.71,12.29,0.19,88.1,20.24,18.08,19.16,15.57,87.23,8.5,1.9,210.8,83.52,2024-04-24 17:00:00,8.4,20.24,87.23,840.0,17,2,4,115,80197.0,38067.0,True
2024,4,25,5,8.68,7.4,0.0,10.23,0.22,88.56,16.93,16.43,16.68,14.02,96.77,22.82,2.29,277.8,83.56,2024-04-25 05:00:00,7.4,16.93,96.77,740.0,5,3,4,116,74185.0,61095.00000000001,True
2024,4,25,6,158.57,104.72,41.07,86.1,0.33,76.29,17.22,16.55,16.88,14.11,95.68,10.51,2.64,271.5,83.62,2024-04-25 06:00:00,104.72,17.22,95.68,10472.0,6,3,4,116,57195.00000000001,80680.0,True
2024,4,25,7,403.02,266.5,116.51,204.22,0.42,61.85,17.78,16.85,17.32,14.37,94.11,5.3,2.54,261.8,83.68,2024-04-25 07:00:00,266.5,17.78,94.11,26650.0,7,3,4,116,34538.0,92220.0,True
2024,4,25,8,634.65,447.9,134.09,253.36,0.49,47.63,18.63,17.17,17.9,14.66,91.03,2.06,2.44,243.2,83.71,2024-04-25 08:00:00,447.9,18.63,91.03,44790.0,8,3,4,116,15588.0,99258.0,True
2024,4,25,9,819.88,606.8,125.06,352.12,0.54,33.94,19.53,17.29,18.41,14.78,86.74,0.75,2.67,226.4,83.68,2024-04-25 09:00:00,606.8,19.53,86.74,60679.99999999999,9,3,4,116,1310.0,92220.0,True
2024,4,25,10,937.58,661.5,160.6,358.19,0.53,21.81,20.34,17.26,18.8,14.76,82.33,1.46,2.93,214.3,83.63,2024-04-25 10:00:00,661.5,20.34,82.33,66150.0,10,3,4,116,738.0,83358.0,True
2024,4,25,11,948.05,648.1,168.56,306.11,0.5,15.53,20.97,17.25,19.11,14.77,79.18,3.98,2.99,204.9,83.56,2024-04-25 11:00:00,648.1,20.97,79.18,64810.0,11,3,4,116,13093.0,62147.0,True
2024,4,25,12,910.03,678.6,227.79,370.7,0.54,21.18,21.28,17.28,19.28,14.8,77.78,7.17,2.96,201.4,83.49,2024-04-25 12:00:00,678.6,21.28,77.78,67860.0,12,3,4,116,32255.0,37602.0,True
2024,4,25,13,800.53,520.08,65.99,372.06,0.46,33.12,21.25,17.29,19.27,14.83,78.02,8.24,2.94,200.5,83.43,2024-04-25 13:00:00,520.08,21.25,78.02,52008.00000000001,13,3,4,116,52178.0,16540.0,True
2024,4,25,14,621.75,384.65,106.18,226.98,0.42,46.76,20.92,17.38,19.15,14.92,80.08,7.21,2.87,199.6,83.41,2024-04-25 14:00:00,384.65,20.92,80.08,38465.0,14,3,4,116,69530.0,1312.0,True
2024,4,25,15,401.45,218.3,45.5,154.47,0.33,60.96,20.44,17.5,18.97,15.03,83.1,6.33,2.76,194.5,83.42,2024-04-25 15:00:00,218.3,20.44,83.1,21830.0,15,3,4,116,81572.0,518.0,True
2024,4,25,16,164.45,90.12,22.08,78.01,0.27,75.38,19.72,17.81,18.76,15.32,88.59,6.4,2.18,184.5,83.47,2024-04-25 16:00:00,90.12,19.72,88.59,9012.0,16,3,4,116,89220.0,9560.0,True
2024,4,25,17,11.25,7.0,0.0,8.49,0.16,88.13,18.58,17.79,18.18,15.29,94.98,8.77,1.54,177.8,83.51,2024-04-25 17:00:00,7.0,18.58,94.98,700.0,17,3,4,116,85520.0,27395.0,True
2024,4,26,5,8.43,4.22,0.0,5.17,0.12,88.55,16.99,16.24,16.61,13.83,95.22,19.99,0.35,270.0,83.66,2024-04-26 05:00:00,4.22,16.99,95.22,422.0,5,4,4,117,78678.0,45783.0,True
2024,4,26,6,153.23,56.0,0.0,56.21,0.18,76.28,17.38,16.68,17.03,14.2,95.46,12.52,0.48,284.6,83.75,2024-04-26 06:00:00,56.0,17.38,95.46,5600.0,6,4,4,117,59712.0,65717.0,True
2024,4,26,7,395.98,168.27,25.32,148.06,0.27,61.86,18.1,16.47,17.28,14.02,90.16,7.24,0.88,281.8,83.82,2024-04-26 07:00:00,168.27,18.1,90.16,16827.0,7,4,4,117,38608.0,84200.0,True
2024,4,26,8,630.03,290.98,38.46,221.61,0.32,47.68,18.71,16.34,17.53,13.88,85.95,5.05,1.26,281.5,83.85,2024-04-26 08:00:00,290.98,18.71,85.95,29098.0,8,4,4,117,17248.0,90262.0,True
2024,4,26,9,814.03,476.92,44.92,340.43,0.43,34.03,19.52,16.37,17.95,13.91,81.88,4.86,1.59,286.0,83.84,2024-04-26 09:00:00,476.92,19.52,81.88,47692.0,9,4,4,117,1352.0,79340.0,True
2024,4,26,10,931.83,584.67,121.59,397.83,0.47,22.0,20.43,16.42,18.42,13.96,77.61,9.07,2.01,281.8,83.78,2024-04-26 10:00:00,584.67,20.43,77.61,58466.99999999999,10,4,4,117,685.0,75958.0,True
2024,4,26,11,968.88,573.85,314.54,354.68,0.44,15.84,21.21,16.5,18.86,14.05,74.38,15.68,2.41,273.8,83.71,2024-04-26 11:00:00,573.85,21.21,74.38,57385.0,11,4,4,117,9115.0,60604.99999999999,True
2024,4,26,12,931.72,590.62,45.14,415.55,0.47,21.43,21.57,16.47,19.02,14.03,72.58,19.89,2.83,268.4,83.62,2024-04-26 12:00:00,590.62,21.57,72.58,59062.0,12,4,4,117,21820.0,37005.0,True
2024,4,26,13,819.55,424.42,20.26,278.45,0.38,33.29,21.55,16.4,18.98,13.99,72.4,20.35,3.19,262.8,83.54,2024-04-26 13:00:00,424.42,21.55,72.4,42442.0,13,4,4,117,36748.0,16743.0,True
2024,4,26,14,639.95,285.55,74.99,177.77,0.31,46.89,21.19,16.42,18.8,14.02,74.13,17.82,3.33,255.6,83.5,2024-04-26 14:00:00,285.55,21.19,74.13,28555.0,14,4,4,117,47055.0,1432.0,True
2024,4,26,15,414.23,176.57,8.2,144.88,0.27,61.05,20.55,16.57,18.56,14.15,77.82,16.61,3.22,245.8,83.51,2024-04-26 15:00:00,176.57,20.55,77.82,17657.0,15,4,4,117,64485.0,475.0,True
2024,4,26,16,171.57,71.6,6.06,74.31,0.21,75.45,19.67,16.95,18.31,14.5,84.24,14.1,2.67,231.2,83.55,2024-04-26 16:00:00,71.6,19.67,84.24,7159.999999999999,16,4,4,117,68533.0,10688.0,True
2024,4,26,17,11.48,6.2,0.0,7.16,0.14,88.16,18.38,17.34,17.86,14.84,93.48,12.54,1.62,214.2,83.6,2024-04-26 17:00:00,6.2,18.38,93.48,620.0,17,4,4,117,74960.0,28545.0,True
2024,4,27,5,8.57,5.53,5.3,7.64,0.16,88.54,15.13,15.01,15.07,12.77,99.08,24.93,1.69,248.1,83.66,2024-04-27 05:00:00,5.53,15.13,99.08,553.0,5,5,4,118,73533.0,46012.0,True
2024,4,27,6,154.98,98.12,54.52,72.5,0.31,76.27,16.73,15.96,16.35,13.57,95.07,16.78,2.62,245.2,83.72,2024-04-27 06:00:00,98.12,16.73,95.07,9812.0,6,5,4,118,55933.00000000001,60747.0,True
2024,4,27,7,396.55,275.08,196.33,189.27,0.43,61.88,18.88,16.76,17.82,14.26,87.26,6.74,3.2,228.3,83.77,2024-04-27 07:00:00,275.08,18.88,87.26,27508.0,7,5,4,118,34233.0,78015.0,True
2024,4,27,8,624.53,440.98,275.84,202.46,0.49,47.72,20.82,16.78,18.8,14.3,77.6,2.72,3.51,228.1,83.79,2024-04-27 08:00:00,440.98,20.82,77.6,44098.0,8,5,4,118,15138.0,79872.0,True
2024,4,27,9,809.53,696.12,471.16,238.73,0.63,34.13,22.34,16.81,19.58,14.32,70.78,3.55,3.65,232.0,83.75,2024-04-27 09:00:00,696.12,22.34,70.78,69612.0,9,5,4,118,1257.0,72325.0,True
2024,4,27,10,926.12,839.8,583.62,249.9,0.67,22.19,23.51,17.02,20.27,14.53,66.84,3.42,3.77,235.6,83.68,2024-04-27 10:00:00,839.8,23.51,66.84,83980.0,10,5,4,118,788.0,67758.0,True
2024,4,27,11,984.55,862.38,619.61,241.15,0.67,16.14,24.34,17.13,20.74,14.65,64.04,3.01,3.89,237.7,83.6,2024-04-27 11:00:00,862.38,24.34,64.04,86238.0,11,5,4,118,12590.0,53415.0,True
2024,4,27,12,946.35,764.7,614.29,170.94,0.61,21.67,24.76,17.09,20.93,14.63,62.31,2.36,3.98,239.5,83.51,2024-04-27 12:00:00,764.7,24.76,62.31,76470.0,12,5,4,118,30580.0,31150.0,True
2024,4,27,13,833.08,640.35,471.96,213.37,0.57,33.46,24.83,16.98,20.9,14.53,61.57,1.77,4.08,240.7,83.44,2024-04-27 13:00:00,640.35,24.83,61.57,64035.0,13,5,4,118,50465.0,13210.0,True
2024,4,27,14,653.25,491.9,475.92,179.11,0.54,47.01,24.49,16.77,20.63,14.34,61.99,1.2,4.1,240.6,83.4,2024-04-27 14:00:00,491.9,24.49,61.99,49190.0,14,5,4,118,63141.99999999999,1245.0,True
2024,4,27,15,425.65,300.0,345.34,124.89,0.46,61.14,23.9,16.6,20.25,14.19,63.57,0.66,3.91,238.1,83.41,2024-04-27 15:00:00,300.0,23.9,63.57,30000.0,15,5,4,118,77655.0,550.0,True
2024,4,27,16,180.62,124.12,143.11,82.04,0.37,75.51,22.62,16.99,19.8,14.55,70.45,0.44,3.25,231.9,83.47,2024-04-27 16:00:00,124.12,22.62,70.45,12412.0,16,5,4,118,83095.0,7072.0,True
2024,4,27,17,11.95,8.23,13.1,11.78,0.19,88.18,20.23,17.82,19.02,15.32,85.9,0.5,2.13,222.9,83.53,2024-04-27 17:00:00,8.23,20.23,85.9,823.0,17,5,4,118,78375.0,21398.0,True
2024,4,28,5,9.45,5.65,0.0,6.91,0.16,88.53,16.36,16.13,16.24,13.73,98.37,5.81,1.41,182.8,83.64,2024-04-28 05:00:00,5.65,16.36,98.37,565.0,5,6,4,119,69597.0,30573.0,True
2024,4,28,6,171.55,53.95,24.75,53.3,0.17,76.26,17.51,16.67,17.09,14.21,94.7,6.3,2.25,193.1,83.71,2024-04-28 06:00:00,53.95,17.51,94.7,5395.0,6,6,4,119,48898.0,45575.0,True
2024,4,28,7,418.17,163.25,30.02,121.23,0.26,61.89,18.31,16.83,17.57,14.35,91.0,9.06,3.01,197.8,83.77,2024-04-28 07:00:00,163.25,18.31,91.0,16325.0,7,6,4,119,29625.0,63791.99999999999,True
2024,4,28,8,647.2,279.45,56.8,189.19,0.31,47.77,19.17,16.75,17.96,14.26,85.74,11.55,3.6,201.2,83.81,2024-04-28 08:00:00,279.45,19.17,85.74,27945.0,8,6,4,119,12328.0,80165.0,True
2024,4,28,9,828.2,404.48,142.99,216.72,0.36,34.23,20.24,16.63,18.43,14.16,79.66,13.79,4.18,200.7,83.8,2024-04-28 09:00:00,404.48,20.24,79.66,40448.0,9,6,4,119,907.0,82470.0,True
2024,4,28,10,943.03,537.92,189.52,275.61,0.43,22.38,21.28,16.54,18.91,14.09,74.32,14.21,4.63,197.8,83.76,2024-04-28 10:00:00,537.92,21.28,74.32,53791.99999999999,10,6,4,119,600.0,69853.0,True
2024,4,28,11,971.65,631.62,232.13,285.62,0.49,16.44,22.0,16.56,19.28,14.11,71.17,11.34,4.74,195.2,83.7,2024-04-28 11:00:00,631.62,22.0,71.17,63162.0,11,6,4,119,7868.000000000001,55960.0,True
2024,4,28,12,933.28,716.47,435.4,268.77,0.58,21.92,22.71,16.65,19.68,14.2,68.53,8.91,4.58,193.5,83.63,2024-04-28 12:00:00,716.47,22.71,68.53,71647.0,12,6,4,119,21198.0,31727.0,True
2024,4,28,13,819.92,605.8,347.78,281.44,0.54,33.63,23.05,16.69,19.87,14.24,67.27,7.5,4.38,193.9,83.56,2024-04-28 13:00:00,605.8,23.05,67.27,60579.99999999999,13,6,4,119,34035.0,13185.0,True
2024,4,28,14,640.83,445.5,286.4,192.35,0.49,47.13,23.02,16.67,19.85,14.23,67.31,6.57,4.21,194.3,83.53,2024-04-28 14:00:00,445.5,23.02,67.31,44550.0,14,6,4,119,44730.0,1252.0,True
2024,4,28,15,416.1,253.8,146.52,176.41,0.39,61.23,22.5,16.71,19.61,14.27,69.67,5.16,4.08,191.8,83.53,2024-04-28 15:00:00,253.8,22.5,69.67,25380.0,15,6,4,119,54635.0,612.0,True
2024,4,28,16,175.02,107.68,34.83,71.86,0.32,75.58,21.45,17.03,19.24,14.56,75.81,3.8,3.49,182.8,83.58,2024-04-28 16:00:00,107.68,21.45,75.81,10768.0,16,6,4,119,56560.0,10210.0,True
2024,4,28,17,11.38,7.55,6.12,10.55,0.18,88.2,19.43,17.5,18.46,14.98,88.4,4.15,2.29,165.4,83.63,2024-04-28 17:00:00,7.55,19.43,88.4,755.0,17,6,4,119,69275.0,27975.0,True
2024,4,29,5,9.12,7.85,2.18,10.43,0.23,88.52,15.1,14.43,14.76,12.29,95.65,0.01,1.65,273.8,83.74,2024-04-29 05:00:00,7.85,15.1,95.65,785.0,5,0,4,120,66605.0,44860.0,True
2024,4,29,6,165.93,129.82,247.93,84.25,0.41,76.25,15.95,14.81,15.38,12.59,92.8,0.01,3.16,258.7,83.76,2024-04-29 06:00:00,129.82,15.95,92.8,12982.0,6,0,4,120,49823.0,57610.0,True
2024,4,29,7,409.23,320.38,225.98,206.54,0.51,61.91,17.47,15.51,16.49,13.17,88.13,0.01,4.22,243.7,83.78,2024-04-29 07:00:00,320.38,17.47,88.13,32038.0,7,0,4,120,29555.0,79460.0,True
2024,4,29,8,639.1,525.38,377.43,259.74,0.58,47.82,19.52,15.81,17.67,13.43,79.04,0.01,4.67,241.7,83.8,2024-04-29 08:00:00,525.38,19.52,79.04,52538.0,8,0,4,120,12545.0,84653.0,True
2024,4,29,9,821.35,695.1,471.59,238.28,0.63,34.33,21.55,15.99,18.77,13.6,70.6,0.01,4.46,244.8,83.79,2024-04-29 09:00:00,695.1,21.55,70.6,69510.0,9,0,4,120,885.0,78705.0,True
2024,4,29,10,936.6,813.92,490.11,282.28,0.66,22.57,23.16,16.39,19.77,13.94,65.58,0.18,3.99,242.1,83.76,2024-04-29 10:00:00,813.92,23.16,65.58,81392.0,10,0,4,120,670.0,70297.0,True
2024,4,29,11,962.85,807.92,501.77,256.05,0.63,16.74,24.24,16.81,20.52,14.33,63.11,1.46,3.49,233.6,83.7,2024-04-29 11:00:00,807.92,24.24,63.11,80792.0,11,0,4,120,11197.0,51683.00000000001,True
2024,4,29,12,926.05,625.85,468.53,236.28,0.5,22.16,24.72,17.05,20.88,14.58,62.32,3.21,3.16,222.1,83.62,2024-04-29 12:00:00,625.85,24.72,62.32,62585.0,12,0,4,120,29230.0,28748.0,True
2024,4,29,13,812.42,609.67,339.56,253.73,0.55,33.79,24.57,16.97,20.77,14.5,62.47,4.63,2.99,211.9,83.53,2024-04-29 13:00:00,609.67,24.57,62.47,60966.99999999999,13,0,4,120,49005.0,12155.0,True
2024,4,29,14,633.7,419.73,318.57,186.19,0.46,47.24,23.97,16.88,20.42,14.45,64.5,2.98,3.01,204.8,83.48,2024-04-29 14:00:00,419.73,23.97,64.5,41973.0,14,0,4,120,70340.0,1062.0,True
2024,4,29,15,409.38,250.8,250.62,161.13,0.39,61.31,22.88,17.0,19.94,14.55,69.36,1.33,2.95,199.0,83.48,2024-04-29 15:00:00,250.8,22.88,69.36,25080.0,15,0,4,120,83735.0,665.0,True
2024,4,29,16,170.23,109.93,77.11,88.53,0.33,75.64,21.56,17.41,19.48,14.93,77.14,1.81,2.49,193.9,83.51,2024-04-29 16:00:00,109.93,21.56,77.14,10993.0,16,0,4,120,89420.0,10997.0,True
2024,4,29,17,10.95,6.72,3.1,9.42,0.16,88.23,20.12,17.86,18.99,15.36,86.74,1.23,1.92,187.2,83.56,2024-04-29 17:00:00,6.72,20.12,86.74,672.0,17,0,4,120,78850.0,28500.0,True
2024,4,30,5,9.32,8.15,2.91,10.62,0.23,88.51,16.6,16.23,16.41,13.81,97.51,13.61,1.52,263.6,83.69,2024-04-30 05:00:00,8.15,16.6,97.51,815.0,5,1,4,121,64612.0,46705.0,True
2024,4,30,6,169.98,110.7,104.64,83.19,0.35,76.25,17.43,16.66,17.04,14.19,95.11,9.06,2.67,261.2,83.76,2024-04-30 06:00:00,110.7,17.43,95.11,11070.0,6,1,4,121,48250.0,68653.0,True
2024,4,30,7,414.8,275.35,291.42,147.39,0.44,61.94,18.59,16.92,17.76,14.42,89.89,5.24,3.52,253.5,83.81,2024-04-30 07:00:00,275.35,18.59,89.89,27535.000000000004,7,1,4,121,25402.0,76980.0,True
2024,4,30,8,641.92,453.65,383.77,176.58,0.5,47.88,20.35,17.14,18.74,14.61,81.63,4.86,4.05,245.3,83.82,2024-04-30 08:00:00,453.65,20.35,81.63,45365.0,8,1,4,121,11072.0,83778.0,True
2024,4,30,9,821.7,614.08,422.67,229.93,0.55,34.44,22.33,17.39,19.86,14.87,73.53,6.11,4.08,242.1,83.77,2024-04-30 09:00:00,614.08,22.33,73.53,61408.00000000001,9,1,4,121,743.0,80683.0,True
2024,4,30,10,935.75,770.12,561.46,214.48,0.62,22.76,23.64,17.66,20.65,15.14,69.09,5.87,3.79,241.3,83.7,2024-04-30 10:00:00,770.12,23.64,69.09,77012.0,10,1,4,121,630.0,62503.0,True
2024,4,30,11,967.33,811.25,491.4,233.67,0.63,17.03,24.41,17.69,21.05,15.18,66.08,6.83,3.58,242.7,83.62,2024-04-30 11:00:00,811.25,24.41,66.08,81125.0,11,1,4,121,9540.0,46775.0,True
2024,4,30,12,929.62,788.72,448.65,299.11,0.64,22.4,24.76,17.46,21.11,14.97,63.75,6.8,3.54,242.6,83.52,2024-04-30 12:00:00,788.72,24.76,63.75,78872.0,12,1,4,121,25482.0,26414.999999999996,True
2024,4,30,13,816.58,644.9,444.96,234.16,0.58,33.96,24.57,17.31,20.94,14.84,63.86,7.53,3.53,238.9,83.44,2024-04-30 13:00:00,644.9,24.57,63.86,64490.0,13,1,4,121,41898.0,11268.0,True
2024,4,30,14,638.0,466.85,352.62,198.42,0.51,47.36,23.95,17.37,20.66,14.91,66.56,6.02,3.47,235.2,83.41,2024-04-30 14:00:00,466.85,23.95,66.56,46685.0,14,1,4,121,50033.0,893.0,True
2024,4,30,15,412.58,266.35,261.67,147.06,0.41,61.4,23.27,17.51,20.39,15.05,69.99,4.02,3.08,228.3,83.41,2024-04-30 15:00:00,266.35,23.27,69.99,26635.000000000004,15,1,4,121,64335.0,811.9999999999999,True
2024,4,30,16,170.27,104.45,123.33,84.17,0.32,75.7,22.28,17.96,20.12,15.47,76.41,3.84,2.26,218.0,83.45,2024-04-30 16:00:00,104.45,22.28,76.41,10445.0,16,1,4,121,73510.0,15894.999999999998,True
2024,4,30,17,10.8,6.22,2.52,8.2,0.15,88.25,20.67,18.44,19.55,15.95,86.96,2.47,1.63,207.0,83.49,2024-04-30 17:00:00,6.22,20.67,86.96,622.0,17,1,4,121,77217.0,38438.0,True
2024,5,1,5,9.2,3.4,0.0,4.16,0.1,88.51,17.74,17.3,17.52,14.82,97.11,5.97,0.94,257.1,83.53,2024-05-01 05:00:00,3.4,17.74,97.11,340.0,5,2,5,122,70003.0,63379.99999999999,True
2024,5,1,6,164.48,69.32,32.06,54.85,0.22,76.25,18.23,17.51,17.87,15.01,95.42,2.17,2.03,252.2,83.59,2024-05-01 06:00:00,69.32,18.23,95.42,6931.999999999999,6,2,5,122,50450.0,78647.0,True
2024,5,1,7,410.17,168.2,34.54,121.07,0.27,61.96,18.79,17.57,18.18,15.06,92.49,1.62,2.89,242.8,83.64,2024-05-01 07:00:00,168.2,18.79,92.49,16820.0,7,2,5,122,28189.999999999996,89530.0,True
2024,5,1,8,635.42,275.98,24.7,209.92,0.31,47.94,19.51,17.44,18.48,14.92,87.65,2.91,3.35,227.5,83.67,2024-05-01 08:00:00,275.98,19.51,87.65,27598.0,8,2,5,122,11712.0,87412.0,True
2024,5,1,9,813.83,386.9,23.05,249.29,0.35,34.54,20.31,17.19,18.75,14.71,82.22,3.94,3.79,213.6,83.65,2024-05-01 09:00:00,386.9,20.31,82.22,38690.0,9,2,5,122,935.0,83483.0,True
2024,5,1,10,927.0,560.9,55.13,342.54,0.45,22.96,21.13,17.11,19.12,14.64,77.75,5.64,4.06,204.2,83.59,2024-05-01 10:00:00,560.9,21.13,77.75,56090.0,10,2,5,122,545.0,73303.0,True
2024,5,1,11,970.1,634.22,86.88,343.57,0.5,17.32,21.84,17.1,19.47,14.63,74.33,6.1,4.13,197.3,83.52,2024-05-01 11:00:00,634.22,21.84,74.33,63422.0,11,2,5,122,8482.0,51958.00000000001,True
2024,5,1,12,932.9,649.47,205.89,339.03,0.52,22.64,22.27,17.07,19.67,14.62,72.29,5.64,4.1,188.8,83.45,2024-05-01 12:00:00,649.47,22.27,72.29,64947.0,12,2,5,122,24440.0,29460.000000000004,True
2024,5,1,13,818.25,612.0,303.55,293.16,0.55,34.12,22.4,17.07,19.74,14.64,71.76,4.79,4.09,179.2,83.38,2024-05-01 13:00:00,612.0,22.4,71.76,61200.0,13,2,5,122,40645.0,12350.0,True
2024,5,1,14,643.6,492.58,318.48,260.06,0.54,47.47,22.14,17.12,19.63,14.69,73.11,3.15,3.96,169.8,83.33,2024-05-01 14:00:00,492.58,22.14,73.11,49258.0,14,2,5,122,59528.0,1025.0,True
2024,5,1,15,419.08,292.67,220.26,193.1,0.46,61.48,21.52,17.24,19.38,14.8,76.49,3.54,3.67,161.1,83.32,2024-05-01 15:00:00,292.67,21.52,76.49,29267.0,15,2,5,122,70792.0,590.0,True
2024,5,1,16,177.98,123.6,77.05,99.23,0.37,75.76,20.54,17.54,19.04,15.08,82.8,5.59,3.1,148.5,83.37,2024-05-01 16:00:00,123.6,20.54,82.8,12360.0,16,2,5,122,79212.0,10847.0,True
2024,5,1,17,11.6,8.18,5.94,11.42,0.2,88.27,19.2,17.83,18.52,15.35,91.62,9.47,2.11,130.4,83.41,2024-05-01 17:00:00,8.18,19.2,91.62,818.0,17,2,5,122,78083.0,29348.0,True
2024,5,2,5,9.85,7.03,0.0,8.6,0.2,88.5,15.85,15.56,15.7,13.25,98.0,4.82,2.08,266.1,83.54,2024-05-02 05:00:00,7.03,15.85,98.0,703.0,5,3,5,123,63197.0,48690.0,True
2024,5,2,6,173.95,130.15,52.76,103.58,0.41,76.25,16.95,16.11,16.53,13.72,94.64,2.89,3.16,272.4,83.6,2024-05-02 06:00:00,130.15,16.95,94.64,13015.0,6,3,5,123,47348.0,67972.0,True
2024,5,2,7,419.12,273.25,42.31,211.16,0.43,61.99,18.35,16.54,17.44,14.1,89.06,1.95,3.48,255.2,83.64,2024-05-02 07:00:00,273.25,18.35,89.06,27325.0,7,3,5,123,26795.0,84247.0,True
2024,5,2,8,644.42,434.92,34.98,285.67,0.48,47.99,20.27,16.85,18.56,14.38,80.58,1.36,3.77,235.4,83.64,2024-05-02 08:00:00,434.92,20.27,80.58,43492.0,8,3,5,123,11240.0,89733.0,True
2024,5,2,9,822.28,575.45,70.45,322.27,0.52,34.65,22.24,17.19,19.71,14.7,72.96,0.84,3.85,228.3,83.61,2024-05-02 09:00:00,575.45,22.24,72.96,57545.00000000001,9,3,5,123,840.0,80197.0,True
2024,5,2,10,935.38,656.6,42.89,428.1,0.53,23.16,23.83,17.58,20.71,15.08,67.92,0.59,3.68,225.1,83.56,2024-05-02 10:00:00,656.6,23.83,67.92,65660.0,10,3,5,123,740.0,74185.0,True
2024,5,2,11,969.38,724.5,67.13,454.74,0.57,17.61,24.8,17.86,21.33,15.37,65.26,1.2,3.34,221.4,83.5,2024-05-02 11:00:00,724.5,24.8,65.26,72450.0,11,3,5,123,10472.0,57195.00000000001,True
2024,5,2,12,930.97,695.78,297.08,314.82,0.56,22.87,25.18,17.95,21.57,15.47,64.16,3.42,3.05,215.3,83.43,2024-05-02 12:00:00,695.78,25.18,64.16,69578.0,12,3,5,123,26650.0,34538.0,True
2024,5,2,13,819.03,594.83,232.73,318.0,0.54,34.28,25.11,17.89,21.5,15.42,64.17,6.35,3.04,207.2,83.37,2024-05-02 13:00:00,594.83,25.11,64.17,59483.00000000001,13,3,5,123,44790.0,15588.0,True
2024,5,2,14,645.1,401.95,132.1,255.28,0.44,47.58,24.66,17.76,21.21,15.29,65.35,8.17,3.26,200.5,83.34,2024-05-02 14:00:00,401.95,24.66,65.35,40195.0,14,3,5,123,60679.99999999999,1310.0,True
2024,5,2,15,424.12,208.85,55.39,149.27,0.33,61.56,23.86,17.97,20.91,15.5,69.5,7.38,3.41,191.7,83.35,2024-05-02 15:00:00,208.85,23.86,69.5,20885.0,15,3,5,123,66150.0,738.0,True
2024,5,2,16,181.77,87.5,40.31,59.2,0.27,75.81,22.74,18.46,20.6,15.98,76.68,6.97,3.12,181.5,83.39,2024-05-02 16:00:00,87.5,22.74,76.68,8750.0,16,3,5,123,64810.0,13093.0,True
2024,5,2,17,11.6,6.05,0.0,7.4,0.15,88.29,20.82,18.81,19.82,16.33,88.15,8.45,2.27,170.9,83.44,2024-05-02 17:00:00,6.05,20.82,88.15,605.0,17,3,5,123,67860.0,32255.0,True
2024,5,3,5,9.77,6.85,6.04,8.32,0.19,88.49,17.52,17.1,17.31,14.6,97.17,0.72,2.95,278.2,83.67,2024-05-03 05:00:00,6.85,17.52,97.17,685.0,5,4,5,124,52008.00000000001,52178.0,True
2024,5,3,6,171.35,94.72,26.1,78.69,0.3,76.25,18.18,17.46,17.82,14.93,95.37,0.67,3.23,269.1,83.73,2024-05-03 06:00:00,94.72,18.18,95.37,9472.0,6,4,5,124,38465.0,69530.0,True
2024,5,3,7,414.02,220.45,43.89,169.36,0.35,62.01,19.06,17.83,18.45,15.29,92.47,1.37,3.36,252.5,83.78,2024-05-03 07:00:00,220.45,19.06,92.47,22045.0,7,4,5,124,21830.0,81572.0,True
2024,5,3,8,637.2,357.48,50.36,227.82,0.4,48.06,20.06,17.82,18.94,15.27,86.81,3.28,3.72,233.5,83.8,2024-05-03 08:00:00,357.48,20.06,86.81,35748.0,8,4,5,124,9012.0,89220.0,True
2024,5,3,9,815.2,596.85,63.52,377.86,0.54,34.77,21.02,17.66,19.34,15.12,81.0,5.4,3.91,225.3,83.78,2024-05-03 09:00:00,596.85,21.02,81.0,59685.0,9,4,5,124,700.0,85520.0,True
2024,5,3,10,927.78,643.0,186.69,363.17,0.52,23.35,21.8,17.48,19.64,14.95,76.32,6.97,3.88,224.0,83.73,2024-05-03 10:00:00,643.0,21.8,76.32,64300.0,10,4,5,124,422.0,78678.0,True
2024,5,3,11,967.5,714.6,325.79,307.14,0.56,17.9,22.48,17.45,19.96,14.93,73.05,7.91,4.02,223.4,83.65,2024-05-03 11:00:00,714.6,22.48,73.05,71460.0,11,4,5,124,5600.0,59712.0,True
2024,5,3,12,930.03,746.25,412.29,289.52,0.61,23.1,23.25,17.52,20.39,15.03,70.11,7.39,4.2,220.9,83.56,2024-05-03 12:00:00,746.25,23.25,70.11,74625.0,12,4,5,124,16827.0,38608.0,True
2024,5,3,13,819.0,567.4,281.56,286.75,0.51,34.43,23.58,17.48,20.53,15.0,68.53,5.8,4.27,215.8,83.48,2024-05-03 13:00:00,567.4,23.58,68.53,56740.0,13,4,5,124,29098.0,17248.0,True
2024,5,3,14,643.15,446.8,269.2,262.2,0.5,47.69,23.19,17.49,20.34,15.02,70.23,4.0,4.51,209.9,83.45,2024-05-03 14:00:00,446.8,23.19,70.23,44680.0,14,4,5,124,47692.0,1352.0,True
2024,5,3,15,420.27,278.33,133.34,192.1,0.44,61.64,22.27,17.62,19.95,15.14,74.87,2.35,4.77,204.4,83.48,2024-05-03 15:00:00,278.33,22.27,74.87,27833.0,15,4,5,124,58466.99999999999,685.0,True
2024,5,3,16,178.6,113.9,137.91,100.57,0.35,75.86,21.12,17.9,19.51,15.4,81.74,1.53,4.48,199.7,83.53,2024-05-03 16:00:00,113.9,21.12,81.74,11390.0,16,4,5,124,57385.0,9115.0,True
2024,5,3,17,11.15,7.25,3.39,8.97,0.18,88.31,19.84,18.06,18.95,15.55,89.36,0.95,3.4,195.2,83.57,2024-05-03 17:00:00,7.25,19.84,89.36,725.0,17,4,5,124,59062.0,21820.0,True
2024,5,4,5,9.7,4.07,0.0,4.99,0.12,88.49,16.94,16.56,16.75,14.09,97.41,0.9,3.03,215.7,83.75,2024-05-04 05:00:00,4.07,16.94,97.41,407.0,5,5,5,125,42442.0,36748.0,True
2024,5,4,6,169.62,74.12,19.65,61.65,0.23,76.26,17.29,16.63,16.96,14.14,95.71,0.67,3.84,211.7,83.84,2024-05-04 06:00:00,74.12,17.29,95.71,7412.0,6,5,5,125,28555.0,47055.0,True
2024,5,4,7,412.4,184.5,24.09,143.04,0.29,62.05,17.68,16.49,17.08,14.0,92.56,0.66,4.76,210.0,83.92,2024-05-04 07:00:00,184.5,17.68,92.56,18450.0,7,5,5,125,17657.0,64485.0,True
2024,5,4,8,638.65,307.27,15.66,235.44,0.34,48.12,18.4,16.42,17.41,13.93,88.06,0.63,5.72,208.0,83.96,2024-05-04 08:00:00,307.27,18.4,88.06,30727.0,8,5,5,125,7159.999999999999,68533.0,True
2024,5,4,9,817.2,467.48,37.8,266.15,0.43,34.88,19.65,16.39,18.02,13.91,81.3,0.67,6.31,205.8,83.93,2024-05-04 09:00:00,467.48,19.65,81.3,46748.0,9,5,5,125,620.0,74960.0,True
2024,5,4,10,931.67,589.33,56.11,350.69,0.48,23.55,21.17,16.41,18.79,13.94,74.11,0.78,6.49,204.4,83.85,2024-05-04 10:00:00,589.33,21.17,74.11,58933.00000000001,10,5,5,125,553.0,73533.0,True
2024,5,4,11,971.42,541.9,26.38,378.04,0.43,18.18,22.13,16.46,19.3,14.0,70.12,1.21,6.08,205.1,83.78,2024-05-04 11:00:00,541.9,22.13,70.12,54190.0,11,5,5,125,9812.0,55933.00000000001,True
2024,5,4,12,934.83,537.5,0.5,386.45,0.44,23.33,22.45,16.47,19.46,14.03,68.86,1.73,5.38,208.7,83.71,2024-05-04 12:00:00,537.5,22.45,68.86,53750.0,12,5,5,125,27508.0,34233.0,True
2024,5,4,13,823.38,463.95,43.33,262.8,0.42,34.59,22.46,16.54,19.5,14.09,69.06,1.89,4.59,213.9,83.65,2024-05-04 13:00:00,463.95,22.46,69.06,46395.0,13,5,5,125,44098.0,15138.0,True
2024,5,4,14,646.4,279.8,264.18,178.09,0.31,47.8,22.25,16.49,19.37,14.07,69.82,1.74,3.86,219.2,83.62,2024-05-04 14:00:00,279.8,22.25,69.82,27980.0,14,5,5,125,69612.0,1257.0,True
2024,5,4,15,422.35,175.68,29.96,154.28,0.28,61.71,21.74,16.58,19.16,14.13,72.35,1.18,3.15,221.4,83.63,2024-05-04 15:00:00,175.68,21.74,72.35,17568.0,15,5,5,125,83980.0,788.0,True
2024,5,4,16,178.45,73.1,19.79,68.31,0.22,75.92,20.79,17.03,18.91,14.53,78.9,1.26,2.21,218.9,83.69,2024-05-04 16:00:00,73.1,20.79,78.9,7309.999999999999,16,5,5,125,86238.0,12590.0,True
2024,5,4,17,11.1,5.72,0.0,7.01,0.15,88.32,19.41,17.58,18.49,15.06,89.1,1.18,1.54,217.1,83.75,2024-05-04 17:00:00,5.72,19.41,89.1,572.0,17,5,5,125,76470.0,30580.0,True
2024,5,5,5,9.68,7.6,2.52,9.47,0.21,88.49,15.97,15.67,15.82,13.31,97.94,2.07,2.54,224.5,83.76,2024-05-05 05:00:00,7.6,15.97,97.94,760.0,5,6,5,126,64035.0,50465.0,True
2024,5,5,6,169.55,127.5,119.26,112.35,0.4,76.27,16.68,15.92,16.3,13.51,95.07,2.57,3.45,219.4,83.82,2024-05-05 06:00:00,127.5,16.68,95.07,12750.0,6,6,5,126,49190.0,63141.99999999999,True
2024,5,5,7,410.9,300.75,212.87,192.18,0.48,62.08,17.71,16.28,17.0,13.82,91.16,4.69,3.41,213.9,83.88,2024-05-05 07:00:00,300.75,17.71,91.16,30075.0,7,6,5,126,30000.0,77655.0,True
2024,5,5,8,636.17,502.6,333.88,263.67,0.56,48.19,19.43,16.59,18.01,14.1,83.51,7.36,3.05,205.8,83.9,2024-05-05 08:00:00,502.6,19.43,83.51,50260.0,8,6,5,126,12412.0,83095.0,True
2024,5,5,9,814.95,693.78,395.3,305.86,0.63,34.99,21.2,16.94,19.07,14.44,76.62,10.03,2.71,193.4,83.87,2024-05-05 09:00:00,693.78,21.2,76.62,69378.0,9,6,5,126,823.0,78375.0,True
2024,5,5,10,928.42,780.25,381.8,329.79,0.64,23.74,22.67,17.22,19.94,14.69,71.21,11.73,2.56,182.7,83.82,2024-05-05 10:00:00,780.25,22.67,71.21,78025.0,10,6,5,126,565.0,69597.0,True
2024,5,5,11,961.38,844.03,575.43,276.64,0.67,18.45,23.93,17.23,20.58,14.71,66.01,12.95,2.56,178.7,83.73,2024-05-05 11:00:00,844.03,23.93,66.01,84403.0,11,6,5,126,5395.0,48898.0,True
2024,5,5,12,923.4,769.3,374.76,387.67,0.63,23.56,24.37,16.97,20.67,14.5,63.31,15.34,2.61,177.6,83.63,2024-05-05 12:00:00,769.3,24.37,63.31,76930.0,12,6,5,126,16325.0,29625.0,True
2024,5,5,13,811.8,609.78,329.81,301.58,0.55,34.74,24.16,16.91,20.53,14.45,63.83,17.16,2.8,172.0,83.56,2024-05-05 13:00:00,609.78,24.16,63.83,60978.0,13,6,5,126,27945.0,12328.0,True
2024,5,5,14,632.62,420.65,208.37,241.12,0.47,47.9,23.2,17.12,20.16,14.64,68.49,14.39,3.15,162.7,83.54,2024-05-05 14:00:00,420.65,23.2,68.49,42065.0,14,6,5,126,40448.0,907.0,True
2024,5,5,15,410.77,247.35,163.22,160.29,0.39,61.78,22.17,17.41,19.79,14.92,74.32,10.17,3.65,151.5,83.57,2024-05-05 15:00:00,247.35,22.17,74.32,24735.0,15,6,5,126,53791.99999999999,600.0,True
2024,5,5,16,169.25,97.6,83.53,80.05,0.3,75.96,20.79,17.67,19.23,15.16,82.22,8.04,4.16,141.4,83.63,2024-05-05 16:00:00,97.6,20.79,82.22,9760.0,16,6,5,126,63162.0,7868.000000000001,True
2024,5,5,17,10.48,6.62,2.28,9.06,0.17,88.34,19.16,17.62,18.39,15.1,90.65,8.64,4.26,133.7,83.67,2024-05-05 17:00:00,6.62,19.16,90.65,662.0,17,6,5,126,71647.0,21198.0,True
2024,5,6,5,9.73,4.9,0.0,6.0,0.14,88.48,15.76,15.47,15.61,13.13,98.02,6.32,1.06,276.5,83.84,2024-05-06 05:00:00,4.9,15.76,98.02,490.00000000000006,5,0,5,127,60579.99999999999,34035.0,True
2024,5,6,6,171.05,80.22,1.46,80.47,0.25,76.28,16.68,16.01,16.35,13.59,95.7,3.62,2.01,280.0,83.89,2024-05-06 06:00:00,80.22,16.68,95.7,8022.0,6,0,5,127,44550.0,44730.0,True
2024,5,6,7,415.42,188.07,0.0,157.35,0.3,62.11,17.82,16.5,17.16,14.01,91.82,1.55,2.17,268.9,83.93,2024-05-06 07:00:00,188.07,17.82,91.82,18807.0,7,0,5,127,25380.0,54635.0,True
2024,5,6,8,640.08,315.65,0.14,244.12,0.35,48.25,18.94,16.53,17.74,14.03,85.73,0.67,1.92,251.8,83.95,2024-05-06 08:00:00,315.65,18.94,85.73,31564.999999999996,8,0,5,127,10768.0,56560.0,True
2024,5,6,9,817.17,508.15,41.6,305.29,0.46,35.11,19.72,16.35,18.03,13.87,80.73,0.8,1.71,234.7,83.94,2024-05-06 09:00:00,508.15,19.72,80.73,50815.0,9,0,5,127,755.0,69275.0,True
2024,5,6,10,929.3,701.78,115.31,406.2,0.57,23.94,20.31,16.33,18.32,13.86,77.74,0.88,1.67,216.0,83.89,2024-05-06 10:00:00,701.78,20.31,77.74,70178.0,10,0,5,127,785.0,66605.0,True
2024,5,6,11,951.12,673.2,53.6,426.28,0.53,18.72,21.24,16.46,18.85,14.0,74.08,0.7,1.69,196.2,83.82,2024-05-06 11:00:00,673.2,21.24,74.08,67320.0,11,0,5,127,12982.0,49823.0,True
2024,5,6,12,914.22,680.1,146.79,372.71,0.56,23.78,22.25,16.59,19.42,14.13,70.21,0.92,1.69,170.5,83.73,2024-05-06 12:00:00,680.1,22.25,70.21,68010.0,12,0,5,127,32038.0,29555.0,True
2024,5,6,13,803.47,524.33,120.9,297.02,0.48,34.88,22.84,16.57,19.71,14.13,67.68,1.35,1.8,150.5,83.65,2024-05-06 13:00:00,524.33,22.84,67.68,52433.00000000001,13,0,5,127,52538.0,12545.0,True
2024,5,6,14,628.42,430.27,195.65,223.36,0.48,48.0,23.08,16.65,19.87,14.2,66.99,1.72,2.06,134.0,83.6,2024-05-06 14:00:00,430.27,23.08,66.99,43027.0,14,0,5,127,69510.0,885.0,True
2024,5,6,15,405.45,295.27,226.42,189.68,0.47,61.85,22.34,16.91,19.62,14.45,71.3,2.12,2.43,124.1,83.62,2024-05-06 15:00:00,295.27,22.34,71.3,29527.0,15,0,5,127,81392.0,670.0,True
2024,5,6,16,168.2,129.1,220.13,80.2,0.4,76.01,21.15,17.53,19.34,15.02,79.72,2.34,2.41,117.7,83.67,2024-05-06 16:00:00,129.1,21.15,79.72,12910.0,16,0,5,127,80792.0,11197.0,True
2024,5,6,17,10.23,9.32,9.1,13.37,0.24,88.35,19.64,17.98,18.81,15.45,90.05,2.55,2.16,111.5,83.71,2024-05-06 17:00:00,9.32,19.64,90.05,932.0,17,0,5,127,62585.0,29230.0,True
2024,5,7,5,9.75,6.45,3.26,7.82,0.18,88.48,15.44,15.4,15.42,13.07,99.58,0.18,1.97,108.1,83.82,2024-05-07 05:00:00,6.45,15.44,99.58,645.0,5,1,5,128,60966.99999999999,49005.0,True
2024,5,7,6,171.93,102.7,108.05,75.07,0.32,76.29,16.89,16.02,16.46,13.59,94.44,0.15,3.09,111.8,83.89,2024-05-07 06:00:00,102.7,16.89,94.44,10270.0,6,1,5,128,41973.0,70340.0,True
2024,5,7,7,413.42,261.98,286.41,150.27,0.42,62.15,18.45,16.15,17.3,13.7,86.35,0.15,3.67,123.3,83.96,2024-05-07 07:00:00,261.98,18.45,86.35,26198.0,7,1,5,128,25080.0,83735.0,True
2024,5,7,8,637.85,449.38,422.01,175.68,0.51,48.32,20.57,15.91,18.24,13.47,74.46,0.6,3.98,126.4,84.0,2024-05-07 08:00:00,449.38,20.57,74.46,44938.0,8,1,5,128,10993.0,89420.0,True
2024,5,7,9,814.92,527.15,475.96,142.4,0.48,35.23,22.25,15.89,19.07,13.47,67.17,1.15,4.2,127.2,84.0,2024-05-07 09:00:00,527.15,22.25,67.17,52715.0,9,1,5,128,672.0,78850.0,True
2024,5,7,10,926.92,584.42,294.92,246.33,0.48,24.14,23.29,16.17,19.73,13.71,64.15,1.81,4.33,128.4,83.95,2024-05-07 10:00:00,584.42,23.29,64.15,58441.99999999999,10,1,5,128,815.0,64612.0,True
2024,5,7,11,943.28,595.42,140.72,332.89,0.47,18.99,23.84,16.37,20.11,13.91,62.89,3.45,4.28,130.5,83.87,2024-05-07 11:00:00,595.42,23.84,62.89,59541.99999999999,11,1,5,128,11070.0,48250.0,True
2024,5,7,12,905.3,603.85,290.7,272.76,0.49,23.99,24.0,16.48,20.24,14.02,62.71,5.91,4.18,131.7,83.78,2024-05-07 12:00:00,603.85,24.0,62.71,60385.0,12,1,5,128,27535.000000000004,25402.0,True
2024,5,7,13,791.72,546.72,330.45,270.98,0.5,35.03,23.74,16.41,20.07,13.97,63.42,5.71,4.11,129.8,83.71,2024-05-07 13:00:00,546.72,23.74,63.42,54672.0,13,1,5,128,45365.0,11072.0,True
2024,5,7,14,614.55,453.6,268.1,228.85,0.51,48.1,23.03,16.3,19.67,13.87,65.71,5.21,4.13,126.4,83.68,2024-05-07 14:00:00,453.6,23.03,65.71,45360.0,14,1,5,128,61408.00000000001,743.0,True
2024,5,7,15,393.4,274.12,135.68,183.62,0.44,61.92,21.86,16.49,19.17,14.03,71.37,4.29,4.08,122.8,83.7,2024-05-07 15:00:00,274.12,21.86,71.37,27412.0,15,1,5,128,77012.0,630.0,True
2024,5,7,16,160.95,109.85,31.32,75.01,0.34,76.05,20.53,16.92,18.73,14.42,79.62,4.56,3.9,119.3,83.75,2024-05-07 16:00:00,109.85,20.53,79.62,10985.0,16,1,5,128,81125.0,9540.0,True
2024,5,7,17,9.82,7.6,1.16,11.0,0.2,88.37,18.85,17.19,18.02,14.66,89.89,3.17,3.22,115.6,83.8,2024-05-07 17:00:00,7.6,18.85,89.89,760.0,17,1,5,128,78872.0,25482.0,True
2024,5,8,5,9.23,7.03,5.41,9.86,0.2,88.48,14.37,14.31,14.34,12.18,99.5,0.02,1.59,92.5,83.84,2024-05-08 05:00:00,7.03,14.37,99.5,703.0,5,2,5,129,64490.0,41898.0,True
2024,5,8,6,163.4,115.55,147.73,68.23,0.37,76.31,15.91,14.88,15.39,12.62,93.4,0.01,2.38,90.2,83.89,2024-05-08 06:00:00,115.55,15.91,93.4,11555.0,6,2,5,129,46685.0,50033.0,True
2024,5,8,7,403.12,277.62,322.68,121.96,0.45,62.19,18.13,14.93,16.53,12.67,81.51,0.0,2.88,114.2,83.95,2024-05-08 07:00:00,277.62,18.13,81.51,27762.0,7,2,5,129,26635.000000000004,64335.0,True
2024,5,8,8,630.47,459.77,374.6,196.11,0.52,48.39,20.47,14.6,17.53,12.39,68.93,0.01,3.24,124.4,83.97,2024-05-08 08:00:00,459.77,20.47,68.93,45977.0,8,2,5,129,10445.0,73510.0,True
2024,5,8,9,808.53,557.62,515.49,136.96,0.51,35.35,22.02,14.77,18.4,12.54,63.41,0.01,3.32,128.5,83.94,2024-05-08 09:00:00,557.62,22.02,63.41,55762.0,9,2,5,129,622.0,77217.0,True
2024,5,8,10,921.53,583.45,352.29,224.72,0.48,24.33,23.17,15.16,19.16,12.85,60.55,0.21,3.48,130.9,83.89,2024-05-08 10:00:00,583.45,23.17,60.55,58345.00000000001,10,2,5,129,340.0,70003.0,True
2024,5,8,11,961.03,576.3,315.1,236.96,0.46,19.25,23.9,15.51,19.71,13.17,59.31,0.73,3.56,131.9,83.81,2024-05-08 11:00:00,576.3,23.9,59.31,57629.99999999999,11,2,5,129,6931.999999999999,50450.0,True
2024,5,8,12,923.95,538.72,244.3,248.13,0.44,24.21,24.11,15.74,19.92,13.38,59.43,1.09,3.6,132.0,83.72,2024-05-08 12:00:00,538.72,24.11,59.43,53872.0,12,2,5,129,16820.0,28189.999999999996,True
2024,5,8,13,813.3,529.33,331.82,262.41,0.49,35.17,23.95,15.83,19.89,13.47,60.36,1.57,3.64,131.2,83.65,2024-05-08 13:00:00,529.33,23.95,60.36,52933.00000000001,13,2,5,129,27598.0,11712.0,True
2024,5,8,14,637.38,352.6,243.74,158.53,0.4,48.2,23.43,15.86,19.64,13.51,62.43,1.71,3.75,129.6,83.61,2024-05-08 14:00:00,352.6,23.43,62.43,35260.0,14,2,5,129,38690.0,935.0,True
2024,5,8,15,417.48,197.18,198.91,99.79,0.31,61.99,22.51,16.0,19.26,13.62,66.55,1.78,3.83,127.5,83.62,2024-05-08 15:00:00,197.18,22.51,66.55,19718.0,15,2,5,129,56090.0,545.0,True
2024,5,8,16,177.77,83.4,65.69,44.03,0.26,76.09,21.28,16.46,18.87,14.02,73.87,1.28,3.61,125.0,83.67,2024-05-08 16:00:00,83.4,21.28,73.87,8340.0,16,2,5,129,63422.0,8482.0,True
2024,5,8,17,10.82,5.95,15.33,7.2,0.16,88.38,19.32,17.08,18.2,14.58,86.75,2.24,2.66,121.5,83.73,2024-05-08 17:00:00,5.95,19.32,86.75,595.0,17,2,5,129,64947.0,24440.0,True
2024,5,9,5,10.4,6.9,10.76,8.67,0.2,88.48,14.47,14.26,14.36,12.16,98.55,0.26,1.82,99.2,83.71,2024-05-09 05:00:00,6.9,14.47,98.55,690.0,5,3,5,130,61200.0,40645.0,True
2024,5,9,6,178.52,95.78,104.34,69.36,0.3,76.32,15.71,14.75,15.23,12.54,93.88,0.14,2.91,107.0,83.78,2024-05-09 06:00:00,95.78,15.71,93.88,9578.0,6,3,5,130,49258.0,59528.0,True
2024,5,9,7,420.38,252.98,323.62,130.09,0.41,62.23,17.55,15.42,16.48,13.08,87.16,0.03,3.83,126.3,83.85,2024-05-09 07:00:00,252.98,17.55,87.16,25298.0,7,3,5,130,29267.0,70792.0,True
2024,5,9,8,642.62,416.42,413.17,138.03,0.47,48.47,19.7,15.54,17.62,13.18,76.79,0.03,4.42,131.3,83.88,2024-05-09 08:00:00,416.42,19.7,76.79,41642.0,8,3,5,130,12360.0,79212.0,True
2024,5,9,9,817.03,489.45,192.65,248.64,0.45,35.47,21.31,15.6,18.45,13.24,69.84,0.17,4.62,132.0,83.87,2024-05-09 09:00:00,489.45,21.31,69.84,48945.0,9,3,5,130,818.0,78083.0,True
2024,5,9,10,927.92,643.15,268.75,296.43,0.53,24.53,22.21,15.82,19.02,13.43,67.0,0.82,4.62,132.8,83.83,2024-05-09 10:00:00,643.15,22.21,67.0,64315.0,10,3,5,130,703.0,63197.0,True
2024,5,9,11,965.42,642.83,342.07,281.89,0.51,19.51,22.72,16.04,19.38,13.64,65.91,2.4,4.53,133.2,83.76,2024-05-09 11:00:00,642.83,22.72,65.91,64283.00000000001,11,3,5,130,13015.0,47348.0,True
2024,5,9,12,927.6,617.45,285.52,283.3,0.51,24.41,22.81,16.12,19.46,13.72,65.88,4.29,4.45,132.2,83.69,2024-05-09 12:00:00,617.45,22.81,65.88,61745.00000000001,12,3,5,130,27325.0,26795.0,True
2024,5,9,13,816.65,600.55,364.7,269.58,0.55,35.31,22.72,16.18,19.45,13.78,66.47,5.43,4.4,131.0,83.62,2024-05-09 13:00:00,600.55,22.72,66.47,60054.99999999999,13,3,5,130,43492.0,11240.0,True
2024,5,9,14,642.5,463.67,365.25,197.01,0.52,48.29,22.37,16.24,19.3,13.84,68.16,4.67,4.36,129.8,83.58,2024-05-09 14:00:00,463.67,22.37,68.16,46367.0,14,3,5,130,57545.00000000001,840.0,True
2024,5,9,15,421.6,269.02,306.37,125.62,0.43,62.05,21.74,16.38,19.06,13.97,71.49,2.79,4.35,128.8,83.58,2024-05-09 15:00:00,269.02,21.74,71.49,26902.0,15,3,5,130,65660.0,740.0,True
2024,5,9,16,180.52,108.57,146.36,68.23,0.34,76.13,20.7,16.62,18.66,14.18,77.37,1.42,4.02,126.6,83.61,2024-05-09 16:00:00,108.57,20.7,77.37,10857.0,16,3,5,130,72450.0,10472.0,True
2024,5,9,17,11.15,7.25,6.9,8.59,0.19,88.39,18.86,16.96,17.91,14.47,88.54,0.92,2.74,121.4,83.67,2024-05-09 17:00:00,7.25,18.86,88.54,725.0,17,3,5,130,69578.0,26650.0,True
2024,5,10,5,10.62,6.1,29.97,7.31,0.17,88.48,13.77,13.7,13.74,11.71,99.38,0.52,1.36,77.3,83.75,2024-05-10 05:00:00,6.1,13.77,99.38,610.0,5,4,5,131,59483.00000000001,44790.0,True
2024,5,10,6,180.4,82.7,453.96,67.45,0.26,76.34,15.58,14.69,15.14,12.49,94.32,0.4,2.12,90.5,83.8,2024-05-10 06:00:00,82.7,15.58,94.32,8270.0,6,4,5,131,40195.0,60679.99999999999,True
2024,5,10,7,423.7,182.85,504.47,109.22,0.29,62.28,17.95,15.4,16.68,13.07,84.93,0.36,3.02,117.2,83.85,2024-05-10 07:00:00,182.85,17.95,84.93,18285.0,7,4,5,131,20885.0,66150.0,True
2024,5,10,8,646.8,255.12,88.03,184.93,0.29,48.54,20.44,15.34,17.89,13.01,72.41,1.09,3.77,128.3,83.88,2024-05-10 08:00:00,255.12,20.44,72.41,25512.0,8,4,5,131,8750.0,64810.0,True
2024,5,10,9,822.4,467.02,22.1,284.04,0.43,35.59,22.22,15.28,18.75,12.96,64.66,2.16,4.17,129.5,83.85,2024-05-10 09:00:00,467.02,22.22,64.66,46702.0,9,4,5,131,605.0,67860.0,True
2024,5,10,10,933.12,580.1,175.23,308.2,0.48,24.72,23.42,15.46,19.44,13.12,60.82,3.57,4.38,127.2,83.8,2024-05-10 10:00:00,580.1,23.42,60.82,58010.0,10,4,5,131,685.0,52008.00000000001,True
2024,5,10,11,952.92,534.22,228.39,252.89,0.43,19.77,24.1,15.6,19.85,13.25,58.91,4.1,4.46,124.1,83.73,2024-05-10 11:00:00,534.22,24.1,58.91,53422.0,11,4,5,131,9472.0,38465.0,True
2024,5,10,12,914.67,539.1,115.47,305.69,0.44,24.62,24.28,15.63,19.96,13.3,58.45,4.31,4.47,120.7,83.67,2024-05-10 12:00:00,539.1,24.28,58.45,53910.0,12,4,5,131,22045.0,21830.0,True
2024,5,10,13,802.05,591.8,379.21,285.86,0.54,35.45,24.27,15.68,19.98,13.35,58.67,4.19,4.47,117.1,83.62,2024-05-10 13:00:00,591.8,24.27,58.67,59179.99999999999,13,4,5,131,35748.0,9012.0,True
2024,5,10,14,621.3,459.27,328.32,205.28,0.52,48.39,23.76,15.59,19.68,13.27,60.11,2.29,4.48,113.8,83.59,2024-05-10 14:00:00,459.27,23.76,60.11,45927.0,14,4,5,131,59685.0,700.0,True
2024,5,10,15,400.88,283.48,293.15,141.95,0.45,62.11,22.93,15.54,19.23,13.23,63.02,0.9,4.43,111.5,83.6,2024-05-10 15:00:00,283.48,22.93,63.02,28348.0,15,4,5,131,64300.0,422.0,True
2024,5,10,16,166.27,123.7,143.06,89.7,0.39,76.17,21.57,15.63,18.6,13.3,68.87,0.32,4.01,109.7,83.67,2024-05-10 16:00:00,123.7,21.57,68.87,12370.0,16,4,5,131,71460.0,5600.0,True
2024,5,10,17,10.3,8.4,3.34,11.1,0.23,88.4,18.72,15.99,17.35,13.61,84.12,0.1,2.81,109.3,83.73,2024-05-10 17:00:00,8.4,18.72,84.12,840.0,17,4,5,131,74625.0,16827.0,True
2024,5,11,5,10.18,8.45,14.33,10.47,0.24,88.49,14.41,14.59,14.5,12.41,100.0,0.86,1.6,108.2,83.79,2024-05-11 05:00:00,8.45,14.41,100.0,844.9999999999999,5,5,5,132,56740.0,29098.0,True
2024,5,11,6,173.77,133.57,251.13,72.21,0.42,76.36,16.31,15.36,15.83,13.04,93.99,0.87,2.12,110.7,83.83,2024-05-11 06:00:00,133.57,16.31,93.99,13357.0,6,5,5,132,44680.0,47692.0,True
2024,5,11,7,415.42,317.83,380.93,133.15,0.51,62.32,18.2,15.81,17.01,13.41,85.79,0.69,2.38,122.0,83.89,2024-05-11 07:00:00,317.83,18.2,85.79,31783.0,7,5,5,132,27833.0,58466.99999999999,True
2024,5,11,8,640.08,538.58,488.79,175.71,0.61,48.62,20.59,16.09,18.34,13.66,75.32,0.5,2.47,125.3,83.91,2024-05-11 08:00:00,538.58,20.59,75.32,53858.00000000001,8,5,5,132,11390.0,57385.0,True
2024,5,11,9,815.7,716.78,553.29,226.91,0.66,35.71,22.51,16.41,19.46,13.93,68.27,0.96,2.59,124.8,83.9,2024-05-11 09:00:00,716.78,22.51,68.27,71678.0,9,5,5,132,725.0,59062.0,True
2024,5,11,10,926.25,876.8,681.21,238.64,0.72,24.91,23.88,16.73,20.3,14.23,64.16,0.95,2.79,122.3,83.85,2024-05-11 10:00:00,876.8,23.88,64.16,87680.0,10,5,5,132,407.0,42442.0,True
2024,5,11,11,969.4,948.67,765.9,202.49,0.76,20.02,24.86,16.88,20.87,14.38,61.09,0.25,2.98,116.9,83.79,2024-05-11 11:00:00,948.67,24.86,61.09,94867.0,11,5,5,132,7412.0,28555.0,True
2024,5,11,12,930.9,909.8,695.97,225.13,0.75,24.82,25.33,16.87,21.1,14.39,59.4,0.15,3.21,110.6,83.73,2024-05-11 12:00:00,909.8,25.33,59.4,90980.0,12,5,5,132,18450.0,17657.0,True
2024,5,11,13,819.42,783.38,732.58,170.61,0.72,35.58,25.3,16.71,21.01,14.25,58.9,0.22,3.46,105.2,83.68,2024-05-11 13:00:00,783.38,25.3,58.9,78338.0,13,5,5,132,30727.0,7159.999999999999,True
2024,5,11,14,644.65,607.03,633.26,165.06,0.69,48.47,24.88,16.51,20.7,14.07,59.61,0.08,3.76,100.0,83.65,2024-05-11 14:00:00,607.03,24.88,59.61,60703.0,14,5,5,132,46748.0,620.0,True
2024,5,11,15,423.48,392.7,630.12,119.54,0.63,62.16,24.18,16.3,20.24,13.88,61.33,0.05,4.0,96.3,83.65,2024-05-11 15:00:00,392.7,24.18,61.33,39270.0,15,5,5,132,58933.00000000001,553.0,True
2024,5,11,16,182.15,165.02,400.41,68.64,0.52,76.2,22.82,16.56,19.69,14.12,67.75,0.04,3.71,94.5,83.7,2024-05-11 16:00:00,165.02,22.82,67.75,16502.0,16,5,5,132,54190.0,9812.0,True
2024,5,11,17,11.25,10.25,47.01,11.55,0.28,88.41,20.24,17.08,18.66,14.58,81.96,0.01,2.79,95.5,83.76,2024-05-11 17:00:00,10.25,20.24,81.96,1025.0,17,5,5,132,53750.0,27508.0,True
2024,5,12,5,10.65,9.7,33.79,11.61,0.28,88.49,13.07,12.4,12.74,10.75,95.59,0.0,1.33,17.5,83.78,2024-05-12 05:00:00,9.7,13.07,95.59,969.9999999999999,5,6,5,133,46395.0,44098.0,True
2024,5,12,6,180.85,156.85,310.78,73.79,0.5,76.39,15.34,13.13,14.24,11.26,86.45,0.0,1.33,9.5,83.83,2024-05-12 06:00:00,156.85,15.34,86.45,15685.0,6,6,5,133,27980.0,69612.0,True
2024,5,12,7,424.9,366.45,499.78,125.21,0.59,62.37,18.66,13.71,16.18,11.71,72.86,0.0,0.59,96.8,83.88,2024-05-12 07:00:00,366.45,18.66,72.86,36645.0,7,6,5,133,17568.0,83980.0,True
2024,5,12,8,648.33,572.45,515.0,196.31,0.65,48.7,22.09,13.94,18.02,11.88,59.8,0.0,1.63,122.2,83.88,2024-05-12 08:00:00,572.45,22.09,59.8,57245.00000000001,8,6,5,133,7309.999999999999,86238.0,True
2024,5,12,9,823.45,763.88,682.91,212.68,0.71,35.83,23.59,14.54,19.07,12.36,56.77,0.0,2.02,115.5,83.85,2024-05-12 09:00:00,763.88,23.59,56.77,76388.0,9,6,5,133,572.0,76470.0,True
2024,5,12,10,933.88,907.67,747.07,214.93,0.75,25.1,24.7,14.99,19.85,12.74,54.7,0.0,2.55,111.1,83.79,2024-05-12 10:00:00,907.67,24.7,54.7,90767.0,10,6,5,133,760.0,64035.0,True
2024,5,12,11,974.47,956.8,738.59,207.86,0.76,20.26,25.5,15.23,20.36,12.95,52.96,0.0,3.04,106.8,83.72,2024-05-12 11:00:00,956.8,25.5,52.96,95680.0,11,6,5,133,12750.0,49190.0,True
2024,5,12,12,935.9,904.6,728.16,217.17,0.75,25.01,25.92,15.24,20.58,12.97,51.69,0.0,3.49,101.9,83.64,2024-05-12 12:00:00,904.6,25.92,51.69,90460.0,12,6,5,133,30075.0,30000.0,True
2024,5,12,13,823.78,752.1,668.55,171.56,0.69,35.71,25.92,15.01,20.46,12.79,50.94,0.0,3.84,98.4,83.59,2024-05-12 13:00:00,752.1,25.92,50.94,75210.0,13,6,5,133,50260.0,12412.0,True
2024,5,12,14,648.75,593.88,607.44,175.61,0.67,48.56,25.44,14.7,20.07,12.54,51.39,0.0,4.1,96.6,83.57,2024-05-12 14:00:00,593.88,25.44,51.39,59388.0,14,6,5,133,69378.0,823.0,True
2024,5,12,15,426.7,369.88,504.91,141.41,0.59,62.22,24.5,14.5,19.5,12.36,53.59,0.0,4.23,95.8,83.6,2024-05-12 15:00:00,369.88,24.5,53.59,36988.0,15,6,5,133,78025.0,565.0,True
2024,5,12,16,183.85,155.0,247.13,80.16,0.49,76.23,22.78,14.89,18.84,12.68,61.01,0.0,3.79,95.0,83.66,2024-05-12 16:00:00,155.0,22.78,61.01,15500.0,16,6,5,133,84403.0,5395.0,True
2024,5,12,17,11.35,9.32,29.32,11.16,0.25,88.41,19.48,15.45,17.46,13.14,77.47,0.0,2.95,93.5,83.72,2024-05-12 17:00:00,9.32,19.48,77.47,932.0,17,6,5,133,76930.0,16325.0,True
2024,5,13,5,10.6,9.23,20.17,12.43,0.26,88.49,12.71,12.75,12.73,10.99,100.0,0.0,1.13,18.6,83.79,2024-05-13 05:00:00,9.23,12.71,100.0,923.0,5,0,5,134,60978.0,27945.0,True
2024,5,13,6,180.62,150.35,253.2,90.55,0.48,76.41,14.45,13.1,13.77,11.25,91.47,0.0,1.52,1.1,83.83,2024-05-13 06:00:00,150.35,14.45,91.47,15035.0,6,0,5,134,42065.0,40448.0,True
2024,5,13,7,422.6,356.4,344.51,186.3,0.58,62.42,17.88,13.5,15.69,11.54,75.4,0.0,0.61,84.4,83.87,2024-05-13 07:00:00,356.4,17.88,75.4,35640.0,7,0,5,134,24735.0,53791.99999999999,True
2024,5,13,8,648.38,541.0,605.47,171.79,0.62,48.78,21.34,13.53,17.44,11.57,60.98,0.0,1.81,121.9,83.88,2024-05-13 08:00:00,541.0,21.34,60.98,54100.0,8,0,5,134,9760.0,63162.0,True
2024,5,13,9,824.08,724.78,654.36,183.79,0.67,35.96,23.03,14.0,18.52,11.93,56.7,0.0,2.07,120.5,83.86,2024-05-13 09:00:00,724.78,23.03,56.7,72478.0,9,0,5,134,662.0,71647.0,True
2024,5,13,10,934.5,920.97,740.21,202.71,0.76,25.29,24.36,14.4,19.38,12.25,53.7,0.0,2.22,117.4,83.81,2024-05-13 10:00:00,920.97,24.36,53.7,92097.0,10,0,5,134,490.00000000000006,60579.99999999999,True
2024,5,13,11,978.58,974.25,921.98,111.66,0.78,20.5,25.3,14.65,19.98,12.47,51.63,0.0,2.27,113.9,83.73,2024-05-13 11:00:00,974.25,25.3,51.63,97425.0,11,0,5,134,8022.0,44550.0,True
2024,5,13,12,939.0,935.67,892.12,97.19,0.78,25.21,25.83,14.69,20.26,12.51,50.14,0.0,2.34,109.4,83.65,2024-05-13 12:00:00,935.67,25.83,50.14,93567.0,12,0,5,134,18807.0,25380.0,True
2024,5,13,13,828.95,826.03,833.29,103.97,0.76,35.84,25.96,14.57,20.27,12.42,49.36,0.0,2.48,105.7,83.59,2024-05-13 13:00:00,826.03,25.96,49.36,82603.0,13,0,5,134,31564.999999999996,10768.0,True
2024,5,13,14,652.33,646.42,722.88,127.22,0.73,48.64,25.69,14.36,20.02,12.26,49.49,0.0,2.73,102.3,83.55,2024-05-13 14:00:00,646.42,25.69,49.49,64641.99999999999,14,0,5,134,50815.0,755.0,True
2024,5,13,15,430.85,413.77,579.4,99.63,0.67,62.27,24.96,14.25,19.61,12.17,51.31,0.0,2.98,99.7,83.55,2024-05-13 15:00:00,413.77,24.96,51.31,41377.0,15,0,5,134,70178.0,785.0,True
2024,5,13,16,187.1,178.8,407.43,59.16,0.56,76.26,23.5,14.81,19.15,12.62,58.09,0.0,2.83,98.7,83.59,2024-05-13 16:00:00,178.8,23.5,58.09,17880.0,16,0,5,134,67320.0,12982.0,True
2024,5,13,17,11.65,10.73,37.19,10.99,0.29,88.42,20.25,15.86,18.05,13.51,75.84,0.0,2.56,98.8,83.64,2024-05-13 17:00:00,10.73,20.25,75.84,1073.0,17,0,5,134,68010.0,32038.0,True
2024,5,14,5,10.82,9.68,34.96,11.23,0.28,88.5,13.52,13.1,13.31,11.27,97.22,0.67,0.68,313.8,83.74,2024-05-14 05:00:00,9.68,13.52,97.22,968.0,5,1,5,135,52433.00000000001,52538.0,True
2024,5,14,6,182.32,135.9,255.4,64.87,0.43,76.44,14.85,13.83,14.34,11.8,93.41,0.42,1.31,281.5,83.78,2024-05-14 06:00:00,135.9,14.85,93.41,13590.0,6,1,5,135,43027.0,69510.0,True
2024,5,14,7,426.08,304.85,470.04,109.28,0.49,62.47,17.77,14.85,16.31,12.61,82.89,0.07,2.15,240.1,83.84,2024-05-14 07:00:00,304.85,17.77,82.89,30485.000000000004,7,1,5,135,29527.0,81392.0,True
2024,5,14,8,647.78,463.4,459.97,189.07,0.53,48.86,20.71,15.25,17.98,12.93,70.77,0.04,2.6,224.5,83.87,2024-05-14 08:00:00,463.4,20.71,70.77,46340.0,8,1,5,135,12910.0,80792.0,True
2024,5,14,9,821.25,658.47,367.6,271.76,0.61,36.08,22.69,15.69,19.19,13.31,64.52,0.1,2.61,214.5,83.85,2024-05-14 09:00:00,658.47,22.69,64.52,65847.0,9,1,5,135,932.0,62585.0,True
2024,5,14,10,930.55,842.95,587.15,281.34,0.7,25.48,24.12,16.23,20.17,13.8,61.31,0.2,2.59,208.1,83.81,2024-05-14 10:00:00,842.95,24.12,61.31,84295.0,10,1,5,135,645.0,60966.99999999999,True
2024,5,14,11,960.85,893.75,676.43,230.11,0.72,20.73,25.15,16.6,20.88,14.13,58.97,0.74,2.49,205.7,83.74,2024-05-14 11:00:00,893.75,25.15,58.97,89375.0,11,1,5,135,10270.0,41973.0,True
2024,5,14,12,922.25,721.08,693.29,173.21,0.6,25.39,25.67,16.77,21.22,14.31,57.84,1.9,2.26,201.2,83.65,2024-05-14 12:00:00,721.08,25.67,57.84,72108.0,12,1,5,135,26198.0,25080.0,True
2024,5,14,13,811.0,765.45,581.53,262.67,0.71,35.96,25.68,16.79,21.23,14.34,57.88,3.2,1.95,190.6,83.58,2024-05-14 13:00:00,765.45,25.68,57.88,76545.0,13,1,5,135,44938.0,10993.0,True
2024,5,14,14,635.38,584.95,421.28,198.04,0.66,48.72,25.45,16.7,21.08,14.26,58.31,4.42,1.69,175.6,83.53,2024-05-14 14:00:00,584.95,25.45,58.31,58495.00000000001,14,1,5,135,52715.0,672.0,True
2024,5,14,15,412.77,341.85,350.66,127.19,0.55,62.32,24.73,16.65,20.69,14.22,60.7,5.56,1.67,160.4,83.53,2024-05-14 15:00:00,341.85,24.73,60.7,34185.0,15,1,5,135,58441.99999999999,815.0,True
2024,5,14,16,173.77,141.43,299.67,76.09,0.45,76.28,23.43,17.6,20.51,15.11,69.74,5.61,1.69,151.0,83.58,2024-05-14 16:00:00,141.43,23.43,69.74,14143.0,16,1,5,135,59541.99999999999,11070.0,True
2024,5,14,17,10.57,8.6,17.08,12.54,0.23,88.42,21.31,18.39,19.85,15.87,83.35,7.71,1.72,141.1,83.65,2024-05-14 17:00:00,8.6,21.31,83.35,860.0,17,1,5,135,60385.0,27535.000000000004,True
2024,5,15,5,9.48,7.9,8.06,10.58,0.23,88.5,14.95,14.49,14.72,12.34,97.03,0.34,0.82,280.5,83.78,2024-05-15 05:00:00,7.9,14.95,97.03,790.0,5,2,5,136,54672.0,45365.0,True
2024,5,15,6,162.18,114.55,120.2,69.31,0.37,76.47,16.4,15.54,15.97,13.2,94.58,0.27,1.65,260.9,83.83,2024-05-15 06:00:00,114.55,16.4,94.58,11455.0,6,2,5,136,45360.0,61408.00000000001,True
2024,5,15,7,398.35,260.0,344.79,128.6,0.42,62.52,18.68,16.48,17.58,14.0,86.87,0.34,2.67,240.4,83.88,2024-05-15 07:00:00,260.0,18.68,86.87,26000.0,7,2,5,136,27412.0,77012.0,True
2024,5,15,8,627.22,446.23,353.0,206.19,0.51,48.94,20.77,16.82,18.8,14.32,78.05,0.88,3.08,228.0,83.9,2024-05-15 08:00:00,446.23,20.77,78.05,44623.0,8,2,5,136,10985.0,81125.0,True
2024,5,15,9,807.72,614.25,419.97,251.07,0.57,36.21,22.81,17.12,19.96,14.59,70.18,0.66,3.13,218.8,83.88,2024-05-15 09:00:00,614.25,22.81,70.18,61425.0,9,2,5,136,760.0,78872.0,True
2024,5,15,10,916.6,753.7,331.55,369.09,0.63,25.66,24.34,17.2,20.77,14.68,64.36,0.27,3.07,212.2,83.84,2024-05-15 10:00:00,753.7,24.34,64.36,75370.0,10,2,5,136,703.0,64490.0,True
2024,5,15,11,949.0,803.47,469.05,314.43,0.65,20.96,25.39,17.08,21.24,14.59,60.02,0.16,2.92,208.2,83.76,2024-05-15 11:00:00,803.47,25.39,60.02,80347.0,11,2,5,136,11555.0,46685.0,True
2024,5,15,12,906.97,736.97,396.96,335.5,0.61,25.57,25.88,16.79,21.33,14.32,57.18,0.44,2.55,204.4,83.68,2024-05-15 12:00:00,736.97,25.88,57.18,73697.0,12,2,5,136,27762.0,26635.000000000004,True
2024,5,15,13,794.38,682.88,457.88,255.46,0.63,36.08,25.83,16.55,21.19,14.12,56.52,0.6,2.07,194.0,83.62,2024-05-15 13:00:00,682.88,25.83,56.52,68288.0,13,2,5,136,45977.0,10445.0,True
2024,5,15,14,620.3,540.95,389.51,273.12,0.62,48.8,25.47,16.28,20.88,13.88,56.74,0.69,1.67,175.9,83.59,2024-05-15 14:00:00,540.95,25.47,56.74,54095.00000000001,14,2,5,136,55762.0,622.0,True
2024,5,15,15,399.88,332.5,365.15,188.17,0.54,62.37,24.75,16.1,20.42,13.71,58.52,0.74,1.59,148.1,83.6,2024-05-15 15:00:00,332.5,24.75,58.52,33250.0,15,2,5,136,58345.00000000001,340.0,True
2024,5,15,16,165.95,133.43,183.7,97.25,0.42,76.31,23.45,16.92,20.18,14.46,66.75,0.81,1.63,123.5,83.66,2024-05-15 16:00:00,133.43,23.45,66.75,13343.0,16,2,5,136,57629.99999999999,6931.999999999999,True
2024,5,15,17,10.07,8.25,7.31,10.71,0.23,88.43,21.28,17.84,19.56,15.32,80.72,0.47,1.8,109.8,83.73,2024-05-15 17:00:00,8.25,21.28,80.72,825.0,17,2,5,136,53872.0,16820.0,True
2024,5,16,5,9.62,9.15,14.8,11.85,0.26,88.51,14.48,14.21,14.35,12.09,98.06,0.02,0.84,353.1,83.83,2024-05-16 05:00:00,9.15,14.48,98.06,915.0,5,3,5,137,52933.00000000001,27598.0,True
2024,5,16,6,167.82,152.18,251.36,83.35,0.49,76.5,15.86,14.63,15.24,12.41,92.16,0.01,1.25,318.9,83.9,2024-05-16 06:00:00,152.18,15.86,92.16,15218.0,6,3,5,137,35260.0,38690.0,True
2024,5,16,7,404.85,358.92,421.7,169.57,0.58,62.57,18.91,15.31,17.11,12.98,79.52,0.0,1.67,254.7,83.96,2024-05-16 07:00:00,358.92,18.91,79.52,35892.0,7,3,5,137,19718.0,56090.0,True
2024,5,16,8,625.8,562.47,513.0,216.97,0.64,49.02,21.39,15.9,18.65,13.48,70.83,0.0,1.91,236.7,83.98,2024-05-16 08:00:00,562.47,21.39,70.83,56247.0,8,3,5,137,8340.0,63422.0,True
2024,5,16,9,800.03,698.45,438.05,257.1,0.65,36.33,23.05,16.32,19.68,13.85,65.74,0.01,1.65,224.5,83.94,2024-05-16 09:00:00,698.45,23.05,65.74,69845.0,9,3,5,137,595.0,64947.0,True
2024,5,16,10,910.12,781.7,437.76,315.18,0.65,25.85,24.27,16.57,20.42,14.08,62.05,0.07,1.44,210.5,83.9,2024-05-16 10:00:00,781.7,24.27,62.05,78170.0,10,3,5,137,690.0,61200.0,True
2024,5,16,11,945.92,754.62,360.78,354.38,0.61,21.19,25.17,16.72,20.94,14.23,59.38,0.77,1.23,197.0,83.83,2024-05-16 11:00:00,754.62,25.17,59.38,75462.0,11,3,5,137,9578.0,49258.0,True
2024,5,16,12,906.4,781.78,463.31,276.17,0.65,25.75,25.72,16.82,21.27,14.34,57.86,2.05,1.0,178.9,83.75,2024-05-16 12:00:00,781.78,25.72,57.86,78178.0,12,3,5,137,25298.0,29267.0,True
2024,5,16,13,793.33,642.67,482.8,230.26,0.6,36.19,25.85,16.73,21.29,14.27,57.08,3.48,1.09,155.6,83.67,2024-05-16 13:00:00,642.67,25.85,57.08,64266.99999999999,13,3,5,137,41642.0,12360.0,True
2024,5,16,14,618.3,534.1,470.8,217.07,0.61,48.87,25.61,16.55,21.08,14.12,57.25,4.25,1.34,133.8,83.61,2024-05-16 14:00:00,534.1,25.61,57.25,53410.0,14,3,5,137,48945.0,818.0,True
2024,5,16,15,397.05,310.67,280.35,171.15,0.5,62.41,24.62,16.69,20.65,14.24,61.25,3.8,1.94,115.0,83.62,2024-05-16 15:00:00,310.67,24.62,61.25,31067.0,15,3,5,137,64315.0,703.0,True
2024,5,16,16,165.23,121.43,148.37,76.61,0.39,76.33,23.06,17.68,20.37,15.16,71.63,3.48,2.3,108.0,83.68,2024-05-16 16:00:00,121.43,23.06,71.63,12143.0,16,3,5,137,64283.00000000001,13015.0,True
2024,5,16,17,9.8,7.05,5.16,9.86,0.19,88.43,20.98,18.2,19.59,15.65,83.98,2.92,2.32,104.2,83.74,2024-05-16 17:00:00,7.05,20.98,83.98,705.0,17,3,5,137,61745.00000000001,27325.0,True
2024,5,17,5,9.1,8.5,9.94,9.62,0.25,88.52,15.93,15.41,15.67,13.08,96.52,0.29,0.48,24.4,83.77,2024-05-17 05:00:00,8.5,15.93,96.52,850.0,5,4,5,138,60054.99999999999,43492.0,True
2024,5,17,6,160.95,138.38,216.39,78.85,0.45,76.53,17.29,16.08,16.68,13.66,92.46,0.31,0.35,260.0,83.82,2024-05-17 06:00:00,138.38,17.29,92.46,13838.0,6,4,5,138,46367.0,57545.00000000001,True
2024,5,17,7,395.33,318.5,421.03,123.35,0.52,62.63,19.22,16.67,17.94,14.17,85.01,0.57,1.32,210.4,83.88,2024-05-17 07:00:00,318.5,19.22,85.01,31850.0,7,4,5,138,26902.0,65660.0,True
2024,5,17,8,618.05,489.98,483.76,158.39,0.56,49.1,21.06,17.04,19.05,14.52,77.74,1.28,1.85,213.1,83.91,2024-05-17 08:00:00,489.98,21.06,77.74,48998.0,8,4,5,138,10857.0,72450.0,True
2024,5,17,9,794.22,635.58,366.7,283.25,0.59,36.45,22.79,17.22,20.0,14.68,70.7,1.8,2.14,217.0,83.88,2024-05-17 09:00:00,635.58,22.79,70.7,63558.00000000001,9,4,5,138,725.0,69578.0,True
2024,5,17,10,905.42,775.65,511.68,293.89,0.65,26.03,24.28,17.43,20.86,14.9,65.55,2.04,2.24,219.0,83.84,2024-05-17 10:00:00,775.65,24.28,65.55,77565.0,10,4,5,138,610.0,59483.00000000001,True
2024,5,17,11,951.53,798.6,554.49,248.28,0.64,21.41,25.25,17.44,21.35,14.92,61.89,2.57,2.17,218.1,83.77,2024-05-17 11:00:00,798.6,25.25,61.89,79860.0,11,4,5,138,8270.0,40195.0,True
2024,5,17,12,913.4,789.58,393.8,348.23,0.66,25.92,25.78,17.32,21.55,14.81,59.48,2.52,1.93,211.6,83.69,2024-05-17 12:00:00,789.58,25.78,59.48,78958.0,12,4,5,138,18285.0,20885.0,True
2024,5,17,13,803.58,705.4,688.32,137.98,0.66,36.31,25.95,17.09,21.52,14.62,58.08,2.49,1.69,201.9,83.62,2024-05-17 13:00:00,705.4,25.95,58.08,70540.0,13,4,5,138,25512.0,8750.0,True
2024,5,17,14,629.97,551.15,532.95,188.24,0.63,48.94,25.55,16.9,21.23,14.44,58.72,1.86,1.54,187.8,83.57,2024-05-17 14:00:00,551.15,25.55,58.72,55115.0,14,4,5,138,46702.0,605.0,True
2024,5,17,15,412.4,346.85,419.44,139.05,0.56,62.45,24.6,17.07,20.83,14.6,62.83,1.49,1.57,166.4,83.58,2024-05-17 15:00:00,346.85,24.6,62.83,34685.0,15,4,5,138,58010.0,685.0,True
2024,5,17,16,175.65,145.12,267.41,63.68,0.46,76.34,23.24,17.8,20.52,15.3,71.46,1.36,1.71,143.8,83.62,2024-05-17 16:00:00,145.12,23.24,71.46,14512.0,16,4,5,138,53422.0,9472.0,True
2024,5,17,17,10.5,9.1,19.31,10.32,0.25,88.43,21.42,18.51,19.96,15.99,83.43,1.09,1.81,126.9,83.67,2024-05-17 17:00:00,9.1,21.42,83.43,910.0,17,4,5,138,53910.0,22045.0,True
2024,5,18,5,9.68,7.68,15.25,9.92,0.22,88.53,14.51,13.42,13.96,11.49,93.0,0.05,1.28,316.6,83.79,2024-05-18 05:00:00,7.68,14.51,93.0,768.0,5,5,5,139,59179.99999999999,35748.0,True
2024,5,18,6,167.82,119.75,181.81,71.93,0.39,76.56,16.31,14.48,15.39,12.31,88.77,0.03,1.71,284.9,83.84,2024-05-18 06:00:00,119.75,16.31,88.77,11975.0,6,5,5,139,45927.0,59685.0,True
2024,5,18,7,401.33,280.33,363.14,114.79,0.46,62.68,19.01,15.36,17.18,13.03,79.27,0.05,2.59,250.4,83.9,2024-05-18 07:00:00,280.33,19.01,79.27,28033.0,7,5,5,139,28348.0,64300.0,True
2024,5,18,8,623.05,492.12,328.23,249.19,0.57,49.19,21.47,16.02,18.74,13.59,71.0,0.06,3.39,237.3,83.92,2024-05-18 08:00:00,492.12,21.47,71.0,49212.0,8,5,5,139,12370.0,71460.0,True
2024,5,18,9,798.53,647.67,350.32,312.77,0.61,36.58,23.09,16.36,19.73,13.9,65.77,0.05,3.73,235.2,83.89,2024-05-18 09:00:00,647.67,23.09,65.77,64766.99999999999,9,5,5,139,840.0,74625.0,True
2024,5,18,10,908.83,773.28,449.76,302.69,0.65,26.2,24.37,16.69,20.53,14.21,62.19,0.06,3.87,235.5,83.82,2024-05-18 10:00:00,773.28,24.37,62.19,77328.0,10,5,5,139,844.9999999999999,56740.0,True
2024,5,18,11,961.95,855.67,607.76,264.45,0.69,21.62,25.28,16.87,21.08,14.39,59.58,0.13,3.82,236.1,83.73,2024-05-18 11:00:00,855.67,25.28,59.58,85567.0,11,5,5,139,13357.0,44680.0,True
2024,5,18,12,921.6,854.65,661.15,206.2,0.71,26.09,25.88,16.85,21.36,14.4,57.47,0.32,3.52,234.1,83.64,2024-05-18 12:00:00,854.65,25.88,57.47,85465.0,12,5,5,139,31783.0,27833.0,True
2024,5,18,13,812.62,735.12,669.4,197.24,0.69,36.41,25.99,16.69,21.34,14.26,56.49,0.54,3.1,228.3,83.56,2024-05-18 13:00:00,735.12,25.99,56.49,73512.0,13,5,5,139,53858.00000000001,11390.0,True
2024,5,18,14,640.62,563.8,619.45,177.32,0.65,49.0,25.83,16.43,21.13,14.02,56.05,0.68,2.64,219.5,83.52,2024-05-18 14:00:00,563.8,25.83,56.05,56379.99999999999,14,5,5,139,71678.0,725.0,True
2024,5,18,15,424.5,338.12,550.32,117.95,0.55,62.49,25.29,16.21,20.75,13.83,57.1,0.68,2.29,207.9,83.52,2024-05-18 15:00:00,338.12,25.29,57.1,33812.0,15,5,5,139,87680.0,407.0,True
2024,5,18,16,184.85,135.65,266.56,67.24,0.43,76.36,24.23,16.83,20.53,14.4,63.35,0.56,1.83,195.2,83.57,2024-05-18 16:00:00,135.65,24.23,63.35,13565.0,16,5,5,139,94867.0,7412.0,True
2024,5,18,17,11.43,7.57,24.1,9.86,0.21,88.43,22.19,17.65,19.92,15.16,75.46,0.47,1.57,179.3,83.62,2024-05-18 17:00:00,7.57,22.19,75.46,757.0,17,5,5,139,90980.0,18450.0,True
2024,5,19,5,10.1,8.02,23.54,9.96,0.24,88.54,14.4,14.35,14.38,12.21,99.5,0.39,1.47,7.8,83.8,2024-05-19 05:00:00,8.02,14.4,99.5,802.0,5,6,5,140,78338.0,30727.0,True
2024,5,19,6,176.98,128.7,246.9,60.98,0.42,76.6,16.06,14.97,15.51,12.71,93.11,0.2,1.42,355.1,83.84,2024-05-19 06:00:00,128.7,16.06,93.11,12869.999999999998,6,6,5,140,60703.0,46748.0,True
2024,5,19,7,417.55,304.12,356.03,137.78,0.5,62.74,19.05,15.36,17.2,13.03,79.06,0.05,1.42,240.9,83.88,2024-05-19 07:00:00,304.12,19.05,79.06,30412.0,7,6,5,140,39270.0,58933.00000000001,True
2024,5,19,8,637.7,506.48,382.15,242.19,0.58,49.27,21.57,15.5,18.54,13.15,68.29,0.06,2.86,227.6,83.9,2024-05-19 08:00:00,506.48,21.57,68.29,50648.0,8,6,5,140,16502.0,54190.0,True
2024,5,19,9,810.67,660.92,433.96,242.63,0.62,36.7,23.2,15.68,19.44,13.31,62.56,0.17,3.4,222.7,83.86,2024-05-19 09:00:00,660.92,23.2,62.56,66092.0,9,6,5,140,1025.0,53750.0,True
2024,5,19,10,919.92,746.92,441.2,292.4,0.63,26.38,24.4,16.02,20.21,13.61,59.46,0.23,3.52,220.6,83.8,2024-05-19 10:00:00,746.92,24.4,59.46,74692.0,10,6,5,140,969.9999999999999,46395.0,True
2024,5,19,11,951.95,813.1,400.65,333.69,0.66,21.83,25.28,16.29,20.79,13.86,57.4,0.31,3.42,221.1,83.73,2024-05-19 11:00:00,813.1,25.28,57.4,81310.0,11,6,5,140,15685.0,27980.0,True
2024,5,19,12,914.5,820.15,593.74,223.34,0.69,26.25,25.84,16.39,21.12,13.98,55.94,0.42,3.28,221.9,83.64,2024-05-19 12:00:00,820.15,25.84,55.94,82015.0,12,6,5,140,36645.0,17568.0,True
2024,5,19,13,804.47,694.97,472.95,236.35,0.65,36.52,26.06,16.32,21.19,13.91,54.89,0.58,3.15,222.3,83.56,2024-05-19 13:00:00,694.97,26.06,54.89,69497.0,13,6,5,140,57245.00000000001,7309.999999999999,True
2024,5,19,14,631.6,492.1,518.31,159.23,0.56,49.07,25.87,16.08,20.98,13.71,54.69,0.51,2.96,221.0,83.51,2024-05-19 14:00:00,492.1,25.87,54.69,49210.0,14,6,5,140,76388.0,572.0,True
2024,5,19,15,413.73,301.17,320.41,153.89,0.49,62.52,25.26,15.94,20.6,13.6,56.25,0.28,2.61,217.0,83.51,2024-05-19 15:00:00,301.17,25.26,56.25,30117.0,15,6,5,140,90767.0,760.0,True
2024,5,19,16,176.12,121.1,162.86,69.89,0.39,76.37,24.14,16.56,20.35,14.15,62.58,0.24,1.99,206.8,83.54,2024-05-19 16:00:00,121.1,24.14,62.58,12110.0,16,6,5,140,95680.0,12750.0,True
2024,5,19,17,10.65,7.6,14.82,10.29,0.21,88.43,21.95,17.91,19.93,15.41,77.8,0.15,1.69,194.8,83.6,2024-05-19 17:00:00,7.6,21.95,77.8,760.0,17,6,5,140,90460.0,30075.0,True
2024,5,20,5,9.0,7.97,3.22,10.01,0.24,88.55,15.78,15.89,15.84,13.51,100.0,0.39,2.21,229.6,83.71,2024-05-20 05:00:00,7.97,15.78,100.0,797.0,5,0,5,141,75210.0,50260.0,True
2024,5,20,6,159.05,111.9,82.12,82.12,0.36,76.64,17.03,15.78,16.41,13.42,92.29,0.27,3.8,221.7,83.75,2024-05-20 06:00:00,111.9,17.03,92.29,11190.0,6,0,5,141,59388.0,69378.0,True
2024,5,20,7,391.83,268.85,207.62,174.51,0.44,62.8,18.66,15.58,17.12,13.24,82.24,0.05,4.35,209.6,83.82,2024-05-20 07:00:00,268.85,18.66,82.24,26885.000000000004,7,0,5,141,36988.0,78025.0,True
2024,5,20,8,611.75,446.2,314.22,210.6,0.52,49.36,20.79,15.5,18.14,13.16,71.65,0.05,4.46,207.2,83.85,2024-05-20 08:00:00,446.2,20.79,71.65,44620.0,8,0,5,141,15500.0,84403.0,True
2024,5,20,9,788.22,599.55,258.35,315.74,0.56,36.82,22.47,15.6,19.03,13.25,65.09,0.04,4.26,209.9,83.85,2024-05-20 09:00:00,599.55,22.47,65.09,59954.99999999999,9,0,5,141,932.0,76930.0,True
2024,5,20,10,899.35,731.78,486.91,252.26,0.62,26.55,23.65,15.78,19.72,13.4,61.27,0.02,3.98,213.7,83.82,2024-05-20 10:00:00,731.78,23.65,61.27,73178.0,10,0,5,141,923.0,60978.0,True
2024,5,20,11,929.53,755.28,550.58,221.16,0.61,22.03,24.61,15.95,20.28,13.57,58.52,0.03,3.75,219.3,83.75,2024-05-20 11:00:00,755.28,24.61,58.52,75528.0,11,0,5,141,15035.0,42065.0,True
2024,5,20,12,896.67,717.95,555.19,311.42,0.6,26.41,25.29,16.05,20.67,13.66,56.51,0.15,3.59,224.7,83.67,2024-05-20 12:00:00,717.95,25.29,56.51,71795.0,12,0,5,141,35640.0,24735.0,True
2024,5,20,13,789.75,688.4,444.26,282.01,0.64,36.62,25.59,16.03,20.81,13.66,55.46,0.29,3.45,226.9,83.61,2024-05-20 13:00:00,688.4,25.59,55.46,68840.0,13,0,5,141,54100.0,9760.0,True
2024,5,20,14,619.2,509.38,368.9,247.02,0.59,49.13,25.43,15.85,20.64,13.51,55.37,0.32,3.32,225.5,83.58,2024-05-20 14:00:00,509.38,25.43,55.37,50938.0,14,0,5,141,72478.0,662.0,True
2024,5,20,15,402.35,302.92,220.29,181.17,0.49,62.55,24.65,15.74,20.2,13.4,57.54,0.19,3.11,218.3,83.6,2024-05-20 15:00:00,302.92,24.65,57.54,30292.0,15,0,5,141,92097.0,490.00000000000006,True
2024,5,20,16,167.95,123.6,178.6,104.53,0.39,76.38,23.44,16.28,19.86,13.86,64.03,0.19,2.55,205.6,83.65,2024-05-20 16:00:00,123.6,23.44,64.03,12360.0,16,0,5,141,97425.0,8022.0,True
2024,5,20,17,10.27,7.78,4.72,9.36,0.21,88.43,21.16,17.57,19.36,15.05,79.86,0.14,1.91,194.0,83.7,2024-05-20 17:00:00,7.78,21.16,79.86,778.0,17,0,5,141,93567.0,18807.0,True
2024,5,21,5,9.25,7.0,5.25,9.54,0.21,88.56,15.52,15.17,15.35,12.86,97.62,0.31,2.22,215.8,83.93,2024-05-21 05:00:00,7.0,15.52,97.62,700.0,5,1,5,142,82603.0,31564.999999999996,True
2024,5,21,6,165.52,112.38,92.29,76.93,0.37,76.68,16.19,14.95,15.57,12.68,92.3,0.15,3.57,221.0,84.0,2024-05-21 06:00:00,112.38,16.19,92.3,11238.0,6,1,5,142,64641.99999999999,50815.0,True
2024,5,21,7,402.05,263.48,176.88,186.92,0.43,62.86,17.23,14.42,15.82,12.23,83.42,0.02,4.2,214.5,84.07,2024-05-21 07:00:00,263.48,17.23,83.42,26348.0,7,1,5,142,41377.0,70178.0,True
2024,5,21,8,622.17,456.55,241.74,248.66,0.53,49.45,19.02,14.21,16.62,12.06,73.53,0.01,4.72,210.2,84.08,2024-05-21 08:00:00,456.55,19.02,73.53,45655.0,8,1,5,142,17880.0,67320.0,True
2024,5,21,9,795.85,576.67,483.92,184.58,0.54,36.94,21.09,14.39,17.74,12.2,65.41,0.01,4.99,209.9,84.06,2024-05-21 09:00:00,576.67,21.09,65.41,57666.99999999999,9,1,5,142,1073.0,68010.0,True
2024,5,21,10,904.67,801.4,551.2,274.87,0.67,26.72,22.88,14.7,18.79,12.46,59.84,0.01,5.09,211.8,84.0,2024-05-21 10:00:00,801.4,22.88,59.84,80140.0,10,1,5,142,968.0,52433.00000000001,True
2024,5,21,11,923.75,734.72,453.74,270.29,0.6,22.23,23.94,14.84,19.39,12.59,56.66,0.04,5.03,215.2,83.92,2024-05-21 11:00:00,734.72,23.94,56.66,73472.0,11,1,5,142,13590.0,43027.0,True
2024,5,21,12,886.6,685.33,411.45,257.91,0.58,26.56,24.32,14.84,19.58,12.6,55.37,0.05,4.74,218.8,83.83,2024-05-21 12:00:00,685.33,24.32,55.37,68533.0,12,1,5,142,30485.000000000004,29527.0,True
2024,5,21,13,777.28,621.47,396.35,267.15,0.58,36.71,24.4,14.87,19.64,12.64,55.23,0.1,4.4,221.2,83.76,2024-05-21 13:00:00,621.47,24.4,55.23,62147.0,13,1,5,142,46340.0,12910.0,True
2024,5,21,14,602.03,454.15,329.84,223.33,0.52,49.18,24.21,14.9,19.56,12.67,55.97,0.09,4.03,222.8,83.73,2024-05-21 14:00:00,454.15,24.21,55.97,45415.0,14,1,5,142,65847.0,932.0,True
2024,5,21,15,388.27,277.98,166.46,194.31,0.45,62.58,23.34,15.11,19.23,12.84,59.78,0.11,3.51,225.6,83.75,2024-05-21 15:00:00,277.98,23.34,59.78,27798.0,15,1,5,142,84295.0,645.0,True
2024,5,21,16,160.0,114.88,83.66,86.4,0.37,76.39,21.99,16.27,19.13,13.83,69.9,0.08,2.47,232.1,83.81,2024-05-21 16:00:00,114.88,21.99,69.9,11488.0,16,1,5,142,89375.0,10270.0,True
2024,5,21,17,9.8,7.45,1.54,9.82,0.2,88.42,20.2,17.25,18.73,14.72,83.06,0.18,1.72,239.3,83.88,2024-05-21 17:00:00,7.45,20.2,83.06,745.0,17,1,5,142,72108.0,26198.0,True
2024,5,22,5,9.25,7.5,10.67,9.82,0.23,88.57,15.58,15.39,15.49,13.04,98.58,0.84,1.75,216.9,83.92,2024-05-22 05:00:00,7.5,15.58,98.58,750.0,5,2,5,143,76545.0,44938.0,True
2024,5,22,6,166.93,114.18,198.91,67.81,0.37,76.72,16.58,15.7,16.14,13.3,94.36,1.25,3.0,218.6,83.97,2024-05-22 06:00:00,114.18,16.58,94.36,11418.0,6,2,5,143,58495.00000000001,52715.0,True
2024,5,22,7,403.4,280.42,353.86,118.0,0.46,62.92,18.34,16.04,17.19,13.59,86.31,0.92,3.79,202.6,84.02,2024-05-22 07:00:00,280.42,18.34,86.31,28042.0,7,2,5,143,34185.0,58441.99999999999,True
2024,5,22,8,623.28,468.6,465.85,196.06,0.54,49.53,20.35,15.89,18.12,13.46,75.44,0.71,4.37,196.5,84.02,2024-05-22 08:00:00,468.6,20.35,75.44,46860.0,8,2,5,143,14143.0,59541.99999999999,True
2024,5,22,9,795.75,580.25,475.82,205.38,0.55,37.06,22.06,15.8,18.93,13.39,67.53,3.02,4.49,203.0,83.97,2024-05-22 09:00:00,580.25,22.06,67.53,58025.0,9,2,5,143,860.0,60385.0,True
2024,5,22,10,905.85,709.0,412.28,313.72,0.6,26.89,23.46,15.94,19.7,13.52,62.59,4.11,4.45,202.2,83.91,2024-05-22 10:00:00,709.0,23.46,62.59,70900.0,10,2,5,143,790.0,54672.0,True
2024,5,22,11,945.38,745.42,361.52,322.89,0.61,22.42,24.49,16.0,20.24,13.58,59.06,5.73,4.3,191.7,83.86,2024-05-22 11:00:00,745.42,24.49,59.06,74542.0,11,2,5,143,11455.0,45360.0,True
2024,5,22,12,906.58,720.53,385.67,297.55,0.61,26.71,25.14,15.9,20.52,13.5,56.43,5.97,3.97,182.7,83.79,2024-05-22 12:00:00,720.53,25.14,56.43,72053.0,12,2,5,143,26000.0,27412.0,True
2024,5,22,13,798.12,638.33,491.14,187.35,0.6,36.8,25.36,15.7,20.53,13.35,55.04,4.93,3.62,172.5,83.72,2024-05-22 13:00:00,638.33,25.36,55.04,63833.00000000001,13,2,5,143,44623.0,10985.0,True
2024,5,22,14,625.58,555.58,486.77,240.16,0.64,49.24,25.11,15.48,20.29,13.16,55.05,4.07,3.57,158.8,83.68,2024-05-22 14:00:00,555.58,25.11,55.05,55558.00000000001,14,2,5,143,61425.0,760.0,True
2024,5,22,15,410.67,341.5,504.39,126.16,0.56,62.61,24.24,15.42,19.83,13.1,57.73,3.47,3.79,145.6,83.7,2024-05-22 15:00:00,341.5,24.24,57.73,34150.0,15,2,5,143,75370.0,703.0,True
2024,5,22,16,175.2,144.85,286.45,68.31,0.46,76.39,22.54,16.1,19.32,13.7,66.92,3.13,3.66,134.3,83.75,2024-05-22 16:00:00,144.85,22.54,66.92,14485.0,16,2,5,143,80347.0,11555.0,True
2024,5,22,17,10.9,9.32,25.8,10.68,0.25,88.42,20.16,17.02,18.59,14.5,81.98,3.65,3.11,122.9,83.82,2024-05-22 17:00:00,9.32,20.16,81.98,932.0,17,2,5,143,73697.0,27762.0,True
2024,5,23,5,9.57,5.93,11.12,7.25,0.18,88.59,14.92,14.57,14.74,12.37,97.64,1.17,2.18,92.9,83.95,2024-05-23 05:00:00,5.93,14.92,97.64,593.0,5,3,5,144,68288.0,45977.0,True
2024,5,23,6,170.43,101.32,159.93,57.35,0.33,76.76,15.68,14.83,15.26,12.57,94.53,0.68,2.98,94.4,83.99,2024-05-23 06:00:00,101.32,15.68,94.53,10132.0,6,3,5,144,54095.00000000001,55762.0,True
2024,5,23,7,406.23,274.9,368.86,115.96,0.46,62.98,17.1,15.39,16.24,13.02,89.48,0.43,3.43,110.0,84.05,2024-05-23 07:00:00,274.9,17.1,89.48,27489.999999999996,7,3,5,144,33250.0,58345.00000000001,True
2024,5,23,8,623.62,523.75,536.41,149.14,0.61,49.62,19.25,15.73,17.49,13.31,79.9,0.99,4.26,124.1,84.05,2024-05-23 08:00:00,523.75,19.25,79.9,52375.0,8,3,5,144,13343.0,57629.99999999999,True
2024,5,23,9,795.55,542.53,520.78,121.43,0.51,37.18,21.55,15.8,18.67,13.38,69.64,1.67,4.97,133.1,84.0,2024-05-23 09:00:00,542.53,21.55,69.64,54253.0,9,3,5,144,825.0,53872.0,True
2024,5,23,10,904.65,517.25,199.26,263.35,0.44,27.05,23.55,15.93,19.74,13.5,62.16,2.36,5.35,137.3,83.92,2024-05-23 10:00:00,517.25,23.55,62.16,51725.0,10,3,5,144,915.0,52933.00000000001,True
2024,5,23,11,938.95,559.1,308.43,222.11,0.46,22.61,24.81,16.01,20.41,13.59,57.96,3.15,5.48,138.5,83.82,2024-05-23 11:00:00,559.1,24.81,57.96,55910.0,11,3,5,144,15218.0,35260.0,True
2024,5,23,12,902.83,530.28,196.47,267.58,0.45,26.85,25.11,16.0,20.55,13.61,56.96,3.52,5.44,137.7,83.74,2024-05-23 12:00:00,530.28,25.11,56.96,53028.0,12,3,5,144,35892.0,19718.0,True
2024,5,23,13,795.05,455.95,229.66,224.68,0.43,36.89,25.1,15.97,20.53,13.59,56.85,3.24,5.35,135.5,83.67,2024-05-23 13:00:00,455.95,25.1,56.85,45595.0,13,3,5,144,56247.0,8340.0,True
2024,5,23,14,624.88,397.73,277.26,200.08,0.46,49.29,24.59,15.93,20.26,13.56,58.45,3.26,5.21,131.0,83.62,2024-05-23 14:00:00,397.73,24.59,58.45,39773.0,14,3,5,144,69845.0,595.0,True
2024,5,23,15,409.08,268.35,312.18,145.98,0.44,62.63,23.72,16.01,19.86,13.62,61.85,2.37,4.95,125.6,83.62,2024-05-23 15:00:00,268.35,23.72,61.85,26835.000000000004,15,3,5,144,78170.0,690.0,True
2024,5,23,16,174.12,103.93,115.02,71.82,0.33,76.4,22.2,16.38,19.29,13.95,69.48,1.62,4.51,118.4,83.66,2024-05-23 16:00:00,103.93,22.2,69.48,10393.0,16,3,5,144,75462.0,9578.0,True
2024,5,23,17,10.73,7.15,15.82,9.02,0.19,88.41,20.01,16.88,18.45,14.4,82.09,1.4,3.77,111.7,83.73,2024-05-23 17:00:00,7.15,20.01,82.09,715.0,17,3,5,144,78178.0,25298.0,True
2024,5,24,5,9.23,7.75,10.51,10.44,0.24,88.6,14.07,13.83,13.95,11.79,98.33,0.34,1.83,111.8,83.92,2024-05-24 05:00:00,7.75,14.07,98.33,775.0,5,4,5,145,64266.99999999999,41642.0,True
2024,5,24,6,164.85,134.5,267.92,79.49,0.44,76.8,15.3,14.33,14.82,12.16,93.71,0.31,2.54,117.2,83.98,2024-05-24 06:00:00,134.5,15.3,93.71,13450.0,6,4,5,145,53410.0,48945.0,True
2024,5,24,7,399.17,332.77,311.68,158.75,0.55,63.04,17.55,14.71,16.13,12.46,83.25,0.2,2.79,135.6,84.04,2024-05-24 07:00:00,332.77,17.55,83.25,33277.0,7,4,5,145,31067.0,64315.0,True
2024,5,24,8,619.47,546.72,556.27,192.14,0.64,49.7,20.43,14.2,17.32,12.05,67.29,0.09,3.14,144.8,84.05,2024-05-24 08:00:00,546.72,20.43,67.29,54672.0,8,4,5,145,12143.0,64283.00000000001,True
2024,5,24,9,792.2,633.92,455.68,233.94,0.6,37.3,22.67,13.98,18.32,11.89,57.86,0.03,3.17,143.5,84.01,2024-05-24 09:00:00,633.92,22.67,57.86,63391.99999999999,9,4,5,145,705.0,61745.00000000001,True
2024,5,24,10,901.28,760.47,444.98,317.36,0.64,27.21,24.15,14.2,19.18,12.08,53.72,0.03,3.13,140.8,83.94,2024-05-24 10:00:00,760.47,24.15,53.72,76047.0,10,4,5,145,850.0,60054.99999999999,True
2024,5,24,11,939.33,796.53,492.17,292.14,0.65,22.79,25.09,14.4,19.75,12.25,51.44,0.06,3.07,138.3,83.87,2024-05-24 11:00:00,796.53,25.09,51.44,79653.0,11,4,5,145,13838.0,46367.0,True
2024,5,24,12,901.75,693.22,607.17,153.86,0.59,26.99,25.57,14.52,20.05,12.36,50.39,0.19,3.06,134.1,83.78,2024-05-24 12:00:00,693.22,25.57,50.39,69322.0,12,4,5,145,31850.0,26902.0,True
2024,5,24,13,792.78,658.05,432.12,282.26,0.62,36.97,25.7,14.54,20.12,12.38,50.03,0.34,3.06,130.1,83.7,2024-05-24 13:00:00,658.05,25.7,50.03,65805.0,13,4,5,145,48998.0,10857.0,True
2024,5,24,14,620.35,527.15,436.09,183.9,0.61,49.33,25.26,14.49,19.88,12.35,51.21,0.57,3.09,128.2,83.65,2024-05-24 14:00:00,527.15,25.26,51.21,52715.0,14,4,5,145,63558.00000000001,725.0,True
2024,5,24,15,404.95,319.25,455.95,125.41,0.52,62.65,24.41,14.55,19.48,12.39,54.04,0.49,3.18,126.7,83.65,2024-05-24 15:00:00,319.25,24.41,54.04,31925.0,15,4,5,145,77565.0,610.0,True
2024,5,24,16,171.15,130.93,230.81,76.06,0.42,76.4,22.92,15.1,19.01,12.85,61.32,0.46,3.04,124.3,83.69,2024-05-24 16:00:00,130.93,22.92,61.32,13093.0,16,4,5,145,79860.0,8270.0,True
2024,5,24,17,10.57,8.18,16.04,10.44,0.22,88.41,20.48,16.31,18.39,13.88,76.89,0.26,2.33,120.1,83.74,2024-05-24 17:00:00,8.18,20.48,76.89,818.0,17,4,5,145,78958.0,18285.0,True
2024,5,25,5,8.8,4.8,3.37,6.02,0.15,88.61,14.93,14.89,14.91,12.64,99.57,0.39,1.29,110.4,83.85,2024-05-25 05:00:00,4.8,14.93,99.57,480.0,5,5,5,146,70540.0,25512.0,True
2024,5,25,6,160.65,63.2,71.23,45.45,0.21,76.85,16.62,15.35,15.98,13.01,92.02,0.32,1.68,136.4,83.9,2024-05-25 06:00:00,63.2,16.62,92.02,6320.0,6,5,5,146,55115.0,46702.0,True
2024,5,25,7,394.6,185.07,239.04,80.56,0.31,63.11,18.79,15.58,17.18,13.21,81.53,0.21,2.08,165.0,83.96,2024-05-25 07:00:00,185.07,18.79,81.53,18507.0,7,5,5,146,34685.0,58010.0,True
2024,5,25,8,611.7,305.05,327.92,132.15,0.36,49.79,21.09,15.57,18.33,13.2,70.65,0.69,2.13,176.5,83.97,2024-05-25 08:00:00,305.05,21.09,70.65,30505.0,8,5,5,146,14512.0,53422.0,True
2024,5,25,9,783.35,432.95,349.93,144.83,0.41,37.42,22.91,15.59,19.25,13.21,63.25,1.87,1.99,181.2,83.93,2024-05-25 09:00:00,432.95,22.91,63.25,43295.0,9,5,5,146,910.0,53910.0,True
2024,5,25,10,891.97,463.88,179.45,223.49,0.39,27.37,24.19,15.65,19.92,13.29,58.86,2.81,1.71,180.3,83.87,2024-05-25 10:00:00,463.88,24.19,58.86,46388.0,10,5,5,146,768.0,59179.99999999999,True
2024,5,25,11,924.2,537.15,279.42,207.81,0.44,22.97,25.13,15.72,20.42,13.34,55.8,3.93,1.31,177.8,83.79,2024-05-25 11:00:00,537.15,25.13,55.8,53715.0,11,5,5,146,11975.0,45927.0,True
2024,5,25,12,887.25,599.12,319.04,234.58,0.51,27.12,25.37,15.66,20.51,13.31,54.84,5.73,1.04,175.6,83.71,2024-05-25 12:00:00,599.12,25.37,54.84,59912.0,12,5,5,146,28033.0,28348.0,True
2024,5,25,13,778.83,528.1,312.4,231.41,0.5,37.05,24.91,15.69,20.3,13.34,56.45,5.91,1.06,186.5,83.66,2024-05-25 13:00:00,528.1,24.91,56.45,52810.0,13,5,5,146,49212.0,12370.0,True
2024,5,25,14,607.53,386.15,320.4,187.49,0.45,49.38,24.19,15.83,20.01,13.47,59.48,5.05,1.2,183.8,83.63,2024-05-25 14:00:00,386.15,24.19,59.48,38615.0,14,5,5,146,64766.99999999999,840.0,True
2024,5,25,15,394.7,208.9,294.43,97.71,0.34,62.67,23.14,16.06,19.6,13.66,64.27,4.28,1.52,168.2,83.65,2024-05-25 15:00:00,208.9,23.14,64.27,20890.0,15,5,5,146,77328.0,844.9999999999999,True
2024,5,25,16,164.88,81.1,112.03,54.58,0.26,76.39,21.76,16.69,19.23,14.23,72.82,4.3,1.81,154.1,83.7,2024-05-25 16:00:00,81.1,21.76,72.82,8109.999999999999,16,5,5,146,85567.0,13357.0,True
2024,5,25,17,10.18,4.88,5.02,6.37,0.13,88.4,20.23,17.39,18.81,14.86,83.56,5.35,1.74,144.1,83.75,2024-05-25 17:00:00,4.88,20.23,83.56,488.0,17,5,5,146,85465.0,31783.0,True
2024,5,26,5,8.45,7.05,3.99,9.97,0.22,88.63,15.96,15.42,15.69,13.08,96.45,0.41,1.43,94.0,83.87,2024-05-26 05:00:00,7.05,15.96,96.45,705.0,5,6,5,147,73512.0,53858.00000000001,True
2024,5,26,6,152.5,123.57,175.01,86.01,0.41,76.89,16.43,15.26,15.85,12.94,92.67,0.29,2.18,104.6,83.93,2024-05-26 06:00:00,123.57,16.43,92.67,12357.0,6,6,5,147,56379.99999999999,71678.0,True
2024,5,26,7,382.42,318.35,269.1,166.37,0.53,63.17,17.73,15.5,16.61,13.13,86.66,0.26,2.24,123.5,84.0,2024-05-26 07:00:00,318.35,17.73,86.66,31835.000000000004,7,6,5,147,33812.0,87680.0,True
2024,5,26,8,602.65,529.58,491.56,226.09,0.62,49.88,19.96,15.68,17.82,13.28,76.26,0.89,2.02,138.0,84.02,2024-05-26 08:00:00,529.58,19.96,76.26,52958.00000000001,8,6,5,147,13565.0,94867.0,True
2024,5,26,9,776.03,647.78,358.45,260.29,0.62,37.54,21.88,15.62,18.75,13.23,67.48,0.86,1.64,149.2,83.99,2024-05-26 09:00:00,647.78,21.88,67.48,64778.0,9,6,5,147,757.0,90980.0,True
2024,5,26,10,887.0,773.47,568.26,249.59,0.66,27.53,23.71,15.82,19.77,13.41,61.16,1.1,1.33,165.6,83.92,2024-05-26 10:00:00,773.47,23.71,61.16,77347.0,10,6,5,147,802.0,78338.0,True
2024,5,26,11,917.78,783.95,474.68,288.41,0.64,23.14,25.03,15.87,20.45,13.47,56.71,0.95,1.05,184.4,83.84,2024-05-26 11:00:00,783.95,25.03,56.71,78395.0,11,6,5,147,12869.999999999998,60703.0,True
2024,5,26,12,879.12,769.1,433.18,306.47,0.65,27.25,25.82,15.78,20.8,13.41,53.82,0.87,0.77,197.5,83.76,2024-05-26 12:00:00,769.1,25.82,53.82,76910.0,12,6,5,147,30412.0,39270.0,True
2024,5,26,13,769.4,639.47,503.13,221.71,0.6,37.13,26.07,15.61,20.84,13.27,52.44,0.69,0.59,196.6,83.7,2024-05-26 13:00:00,639.47,26.07,52.44,63947.0,13,6,5,147,50648.0,16502.0,True
2024,5,26,14,597.0,511.02,446.55,208.86,0.59,49.41,25.67,15.37,20.52,13.08,52.91,0.57,0.53,165.7,83.66,2024-05-26 14:00:00,511.02,25.67,52.91,51102.0,14,6,5,147,66092.0,1025.0,True
2024,5,26,15,380.83,295.88,363.95,132.18,0.49,62.68,24.67,15.41,20.04,13.1,56.25,0.31,0.84,133.6,83.68,2024-05-26 15:00:00,295.88,24.67,56.25,29588.0,15,6,5,147,74692.0,969.9999999999999,True
2024,5,26,16,154.77,115.9,130.63,95.51,0.37,76.39,23.28,16.23,19.76,13.82,64.53,0.18,1.28,118.6,83.73,2024-05-26 16:00:00,115.9,23.28,64.53,11590.0,16,6,5,147,81310.0,15685.0,True
2024,5,26,17,9.73,6.62,2.58,8.86,0.18,88.39,21.25,17.64,19.45,15.12,79.87,0.18,1.41,112.6,83.79,2024-05-26 17:00:00,6.62,21.25,79.87,662.0,17,6,5,147,82015.0,36645.0,True
2024,5,27,5,8.15,6.95,3.32,9.8,0.22,88.64,14.77,14.3,14.54,12.15,96.85,0.06,0.68,131.4,83.95,2024-05-27 05:00:00,6.95,14.77,96.85,695.0,5,0,5,148,69497.0,57245.00000000001,True
2024,5,27,6,150.73,118.95,130.61,70.57,0.4,76.94,16.32,14.53,15.43,12.33,89.04,0.03,0.78,198.0,84.01,2024-05-27 06:00:00,118.95,16.32,89.04,11895.0,6,0,5,148,49210.0,76388.0,True
2024,5,27,7,381.52,294.38,375.48,140.06,0.49,63.24,19.02,15.02,17.02,12.72,77.51,0.02,1.59,238.6,84.07,2024-05-27 07:00:00,294.38,19.02,77.51,29438.0,7,0,5,148,30117.0,90767.0,True
2024,5,27,8,599.55,477.0,544.86,151.7,0.56,49.96,21.24,15.31,18.27,12.95,68.79,0.05,1.96,240.7,84.09,2024-05-27 08:00:00,477.0,21.24,68.79,47700.0,8,0,5,148,12110.0,95680.0,True
2024,5,27,9,777.5,672.8,520.19,234.92,0.64,37.65,23.27,15.58,19.43,13.18,61.85,0.05,2.01,236.4,84.07,2024-05-27 09:00:00,672.8,23.27,61.85,67280.0,9,0,5,148,760.0,90460.0,True
2024,5,27,10,887.83,827.67,593.59,264.49,0.7,27.68,24.81,15.55,20.18,13.17,56.31,0.04,1.85,235.1,84.01,2024-05-27 10:00:00,827.67,24.81,56.31,82767.0,10,0,5,148,797.0,75210.0,True
2024,5,27,11,924.15,882.2,659.58,241.26,0.72,23.3,25.92,15.28,20.6,12.96,51.84,0.02,1.48,237.2,83.95,2024-05-27 11:00:00,882.2,25.92,51.84,88220.0,11,0,5,148,11190.0,59388.0,True
2024,5,27,12,887.3,857.08,625.36,271.53,0.73,27.37,26.62,14.96,20.79,12.7,48.7,0.02,0.9,241.4,83.87,2024-05-27 12:00:00,857.08,26.62,48.7,85708.0,12,0,5,148,26885.000000000004,36988.0,True
2024,5,27,13,776.92,726.45,612.26,217.97,0.69,37.2,26.85,14.58,20.71,12.4,46.88,0.03,0.23,265.0,83.8,2024-05-27 13:00:00,726.45,26.85,46.88,72645.0,13,0,5,148,44620.0,15500.0,True
2024,5,27,14,604.4,546.7,472.38,212.85,0.63,49.45,26.66,14.12,20.39,12.04,46.02,0.04,0.61,53.7,83.75,2024-05-27 14:00:00,546.7,26.66,46.02,54670.00000000001,14,0,5,148,59954.99999999999,932.0,True
2024,5,27,15,387.67,334.2,393.46,159.67,0.55,62.7,25.8,13.79,19.79,11.78,47.37,0.05,1.5,66.5,83.75,2024-05-27 15:00:00,334.2,25.8,47.37,33420.0,15,0,5,148,73178.0,923.0,True
2024,5,27,16,158.85,134.75,182.63,73.58,0.43,76.38,24.52,14.45,19.49,12.3,53.38,0.05,1.98,77.2,83.78,2024-05-27 16:00:00,134.75,24.52,53.38,13475.0,16,0,5,148,75528.0,15035.0,True
2024,5,27,17,9.93,8.62,6.32,11.91,0.23,88.38,21.76,16.36,19.06,13.92,71.35,0.07,2.16,83.9,83.82,2024-05-27 17:00:00,8.62,21.76,71.35,861.9999999999999,17,0,5,148,71795.0,35640.0,True
2024,5,28,5,8.27,5.85,5.01,7.72,0.19,88.66,14.7,14.53,14.62,12.32,98.79,0.09,1.19,101.6,84.07,2024-05-28 05:00:00,5.85,14.7,98.79,585.0,5,1,5,149,68840.0,54100.0,True
2024,5,28,6,153.85,82.28,230.79,57.24,0.28,76.99,16.26,14.8,15.53,12.53,90.94,0.09,1.31,120.9,84.12,2024-05-28 06:00:00,82.28,16.26,90.94,8228.0,6,1,5,149,50938.0,72478.0,True
2024,5,28,7,384.27,194.98,347.36,92.0,0.33,63.3,18.85,14.98,16.91,12.67,78.12,0.15,0.97,175.3,84.17,2024-05-28 07:00:00,194.98,18.85,78.12,19498.0,7,1,5,149,30292.0,92097.0,True
2024,5,28,8,605.6,328.67,167.65,210.66,0.39,50.05,21.57,15.08,18.33,12.76,66.49,0.32,0.97,220.0,84.16,2024-05-28 08:00:00,328.67,21.57,66.49,32867.0,8,1,5,149,12360.0,97425.0,True
2024,5,28,9,777.3,486.1,251.44,229.96,0.46,37.76,23.69,15.16,19.42,12.82,58.7,0.42,1.27,239.8,84.12,2024-05-28 09:00:00,486.1,23.69,58.7,48610.0,9,1,5,149,778.0,93567.0,True
2024,5,28,10,887.88,594.72,279.41,295.8,0.51,27.82,25.34,15.1,20.22,12.78,52.97,0.42,1.61,243.1,84.04,2024-05-28 10:00:00,594.72,25.34,52.97,59472.0,10,1,5,149,700.0,82603.0,True
2024,5,28,11,939.85,695.38,412.79,256.8,0.57,23.46,26.5,14.92,20.71,12.65,48.91,0.34,1.73,242.4,83.96,2024-05-28 11:00:00,695.38,26.5,48.91,69538.0,11,1,5,149,11238.0,64641.99999999999,True
2024,5,28,12,903.35,737.67,489.47,248.42,0.63,27.48,27.22,14.6,20.91,12.41,45.96,0.31,1.54,244.3,83.88,2024-05-28 12:00:00,737.67,27.22,45.96,73767.0,12,1,5,149,26348.0,41377.0,True
2024,5,28,13,794.25,693.12,557.5,220.63,0.66,37.26,27.44,14.23,20.83,12.12,44.28,0.31,1.21,249.8,83.81,2024-05-28 13:00:00,693.12,27.44,44.28,69312.0,13,1,5,149,45655.0,17880.0,True
2024,5,28,14,621.95,567.05,605.31,160.9,0.66,49.48,27.16,13.75,20.45,11.75,43.62,0.32,0.72,257.9,83.76,2024-05-28 14:00:00,567.05,27.16,43.62,56704.99999999999,14,1,5,149,57666.99999999999,1073.0,True
2024,5,28,15,404.62,367.73,443.9,151.65,0.6,62.7,26.44,13.36,19.9,11.46,44.39,0.24,0.04,326.3,83.75,2024-05-28 15:00:00,367.73,26.44,44.39,36773.0,15,1,5,149,80140.0,968.0,True
2024,5,28,16,171.73,157.57,363.42,66.38,0.5,76.37,25.24,13.99,19.61,11.95,49.7,0.21,0.9,100.9,83.78,2024-05-28 16:00:00,157.57,25.24,49.7,15757.0,16,1,5,149,73472.0,13590.0,True
2024,5,28,17,10.82,10.1,15.88,11.6,0.27,88.37,22.39,16.84,19.62,14.37,70.87,0.15,1.68,105.5,83.83,2024-05-28 17:00:00,10.1,22.39,70.87,1010.0,17,1,5,149,68533.0,30485.000000000004,True
2024,5,29,5,8.2,6.07,2.51,7.41,0.2,88.68,14.47,13.79,14.13,11.74,95.49,0.07,0.14,291.0,83.99,2024-05-29 05:00:00,6.07,14.47,95.49,607.0,5,2,5,150,62147.0,46340.0,True
2024,5,29,6,151.45,72.55,44.14,49.49,0.24,77.04,15.76,14.09,14.93,11.97,89.64,0.08,1.21,261.5,84.04,2024-05-29 06:00:00,72.55,15.76,89.64,7255.0,6,2,5,150,45415.0,65847.0,True
2024,5,29,7,381.25,186.07,117.29,123.21,0.31,63.37,18.47,14.69,16.58,12.44,78.49,0.08,2.18,248.5,84.09,2024-05-29 07:00:00,186.07,18.47,78.49,18607.0,7,2,5,150,27798.0,84295.0,True
2024,5,29,8,599.33,284.17,143.88,203.37,0.33,50.13,21.24,15.09,18.17,12.76,67.79,0.17,2.39,241.2,84.09,2024-05-29 08:00:00,284.17,21.24,67.79,28417.0,8,2,5,150,11488.0,89375.0,True
2024,5,29,9,773.6,508.9,180.9,270.56,0.49,37.88,23.35,15.19,19.27,12.85,60.01,0.18,2.18,239.4,84.05,2024-05-29 09:00:00,508.9,23.35,60.01,50890.0,9,2,5,150,745.0,72108.0,True
2024,5,29,10,881.5,690.22,319.13,320.68,0.59,27.96,25.01,15.15,20.08,12.83,54.19,0.12,1.99,239.2,83.98,2024-05-29 10:00:00,690.22,25.01,54.19,69022.0,10,2,5,150,750.0,76545.0,True
2024,5,29,11,923.53,777.88,381.31,331.27,0.64,23.61,26.23,14.86,20.54,12.61,49.49,0.1,1.82,241.0,83.89,2024-05-29 11:00:00,777.88,26.23,49.49,77788.0,11,2,5,150,11418.0,58495.00000000001,True
2024,5,29,12,885.88,677.97,563.57,177.01,0.58,27.59,26.95,14.63,20.79,12.45,46.79,0.18,1.65,246.8,83.8,2024-05-29 12:00:00,677.97,26.95,46.79,67797.0,12,2,5,150,28042.0,34185.0,True
2024,5,29,13,777.2,656.8,391.45,312.3,0.62,37.33,27.25,14.42,20.83,12.28,45.31,0.26,1.49,252.4,83.72,2024-05-29 13:00:00,656.8,27.25,45.31,65680.0,13,2,5,150,46860.0,14143.0,True
2024,5,29,14,605.92,521.9,488.39,196.91,0.61,49.51,26.82,14.13,20.48,12.06,45.62,0.34,1.17,255.6,83.68,2024-05-29 14:00:00,521.9,26.82,45.62,52190.0,14,2,5,150,58025.0,860.0,True
2024,5,29,15,390.23,302.67,337.75,162.91,0.5,62.71,25.97,14.05,20.01,11.99,47.7,0.27,0.96,253.6,83.7,2024-05-29 15:00:00,302.67,25.97,47.7,30267.0,15,2,5,150,70900.0,790.0,True
2024,5,29,16,162.4,122.53,209.87,65.3,0.39,76.36,24.71,14.8,19.76,12.6,54.03,0.32,0.78,237.5,83.74,2024-05-29 16:00:00,122.53,24.71,54.03,12253.0,16,2,5,150,74542.0,11455.0,True
2024,5,29,17,10.32,7.12,5.49,9.94,0.19,88.36,22.99,16.43,19.71,14.23,67.64,0.31,0.63,195.6,83.78,2024-05-29 17:00:00,7.12,22.99,67.64,712.0,17,2,5,150,72053.0,26000.0,True
2024,5,30,5,7.5,7.3,0.63,9.06,0.24,88.69,13.8,13.67,13.73,11.67,99.02,0.03,1.37,332.7,83.89,2024-05-30 05:00:00,7.3,13.8,99.02,730.0,5,3,5,151,63833.00000000001,44623.0,True
2024,5,30,6,135.77,122.85,119.65,102.77,0.41,77.08,15.82,14.14,14.98,12.04,89.71,0.02,1.97,312.1,83.94,2024-05-30 06:00:00,122.85,15.82,89.71,12285.0,6,3,5,151,55558.00000000001,61425.0,True
2024,5,30,7,353.5,294.25,328.82,137.35,0.5,63.43,18.98,14.59,16.79,12.39,75.62,0.02,1.93,274.8,83.98,2024-05-30 07:00:00,294.25,18.98,75.62,29425.0,7,3,5,151,34150.0,75370.0,True
2024,5,30,8,569.53,477.83,367.68,206.7,0.56,50.22,21.83,14.89,18.36,12.62,64.59,0.02,2.17,242.0,83.99,2024-05-30 08:00:00,477.83,21.83,64.59,47783.0,8,3,5,151,14485.0,80347.0,True
2024,5,30,9,742.72,601.42,351.52,255.19,0.58,37.98,23.89,15.08,19.49,12.79,57.76,0.01,2.26,232.7,83.96,2024-05-30 09:00:00,601.42,23.89,57.76,60141.99999999999,9,3,5,151,932.0,73697.0,True
2024,5,30,10,854.22,735.55,370.18,340.77,0.63,28.1,25.59,15.13,20.36,12.83,52.3,0.01,2.17,231.5,83.9,2024-05-30 10:00:00,735.55,25.59,52.3,73555.0,10,3,5,151,593.0,68288.0,True
2024,5,30,11,909.08,721.88,488.24,226.31,0.6,23.75,26.74,15.01,20.88,12.75,48.51,0.05,1.82,235.1,83.81,2024-05-30 11:00:00,721.88,26.74,48.51,72188.0,11,3,5,151,10132.0,54095.00000000001,True
2024,5,30,12,873.4,731.5,419.36,277.26,0.62,27.69,27.33,14.91,21.12,12.69,46.6,0.13,1.27,243.8,83.72,2024-05-30 12:00:00,731.5,27.33,46.6,73150.0,12,3,5,151,27489.999999999996,33250.0,True
2024,5,30,13,766.05,706.67,468.64,286.71,0.67,37.38,27.51,14.85,21.18,12.64,45.89,0.37,0.59,266.1,83.65,2024-05-30 13:00:00,706.67,27.51,45.89,70667.0,13,3,5,151,52375.0,13343.0,True
2024,5,30,14,596.15,533.9,432.99,214.27,0.62,49.54,27.16,14.73,20.94,12.55,46.48,0.61,0.4,28.5,83.6,2024-05-30 14:00:00,533.9,27.16,46.48,53390.0,14,3,5,151,54253.0,825.0,True
2024,5,30,15,382.23,318.27,403.08,155.91,0.52,62.71,26.33,14.79,20.56,12.61,49.04,0.7,1.25,63.8,83.6,2024-05-30 15:00:00,318.27,26.33,49.04,31827.0,15,3,5,151,51725.0,915.0,True
2024,5,30,16,157.2,130.07,154.96,81.5,0.42,76.35,24.79,15.84,20.32,13.49,57.48,0.98,1.84,76.8,83.65,2024-05-30 16:00:00,130.07,24.79,57.48,13007.0,16,3,5,151,55910.0,15218.0,True
2024,5,30,17,10.12,8.6,3.12,11.4,0.23,88.35,22.38,17.59,19.99,15.08,74.28,1.42,1.94,84.1,83.71,2024-05-30 17:00:00,8.6,22.38,74.28,860.0,17,3,5,151,53028.0,35892.0,True
2024,5,31,5,7.88,7.55,1.29,9.27,0.25,88.71,12.65,12.55,12.6,10.83,99.14,0.0,1.8,51.1,83.92,2024-05-31 05:00:00,7.55,12.65,99.14,755.0,5,4,5,152,45595.0,56247.0,True
2024,5,31,6,149.62,129.93,138.03,90.82,0.44,77.14,15.02,13.05,14.04,11.19,87.85,0.0,1.97,56.1,83.97,2024-05-31 06:00:00,129.93,15.02,87.85,12993.0,6,4,5,152,39773.0,69845.0,True
2024,5,31,7,376.35,322.42,332.24,175.84,0.55,63.5,18.51,13.81,16.16,11.76,73.99,0.0,1.53,115.6,84.03,2024-05-31 07:00:00,322.42,18.51,73.99,32242.0,7,4,5,152,26835.000000000004,78170.0,True
2024,5,31,8,595.25,532.12,447.22,236.4,0.63,50.3,22.03,14.53,18.28,12.32,62.33,0.01,1.74,146.0,84.03,2024-05-31 08:00:00,532.12,22.03,62.33,53212.0,8,4,5,152,10393.0,75462.0,True
2024,5,31,9,767.75,635.03,436.87,243.93,0.61,38.09,24.38,14.64,19.51,12.42,54.48,0.04,1.84,145.2,83.97,2024-05-31 09:00:00,635.03,24.38,54.48,63503.0,9,4,5,152,715.0,78178.0,True
2024,5,31,10,876.92,727.75,349.72,299.91,0.62,28.23,26.13,14.38,20.26,12.22,48.26,0.16,1.91,139.9,83.9,2024-05-31 10:00:00,727.75,26.13,48.26,72775.0,10,4,5,152,775.0,64266.99999999999,True
2024,5,31,11,905.5,752.58,478.28,261.09,0.62,23.89,27.2,14.15,20.68,12.05,44.65,0.15,1.8,135.7,83.82,2024-05-31 11:00:00,752.58,27.2,44.65,75258.0,11,4,5,152,13450.0,53410.0,True
2024,5,31,12,867.05,659.03,519.04,212.88,0.56,27.79,27.56,13.83,20.7,11.81,42.82,0.26,1.65,126.4,83.75,2024-05-31 12:00:00,659.03,27.56,42.82,65903.0,12,4,5,152,33277.0,31067.0,True
2024,5,31,13,750.72,677.22,335.8,331.48,0.64,37.44,27.69,13.64,20.67,11.68,42.01,0.32,1.52,119.1,83.7,2024-05-31 13:00:00,677.22,27.69,42.01,67722.0,13,4,5,152,54672.0,12143.0,True
2024,5,31,14,579.75,515.08,409.7,227.47,0.6,49.56,27.28,13.4,20.34,11.5,42.35,0.36,1.56,111.8,83.66,2024-05-31 14:00:00,515.08,27.28,42.35,51508.00000000001,14,4,5,152,63391.99999999999,705.0,True
2024,5,31,15,366.58,307.92,236.1,224.38,0.51,62.71,26.5,13.3,19.9,11.43,44.07,0.38,1.88,104.5,83.66,2024-05-31 15:00:00,307.92,26.5,44.07,30792.0,15,4,5,152,76047.0,850.0,True
2024,5,31,16,149.27,123.8,160.36,81.58,0.4,76.33,25.04,13.92,19.48,11.9,50.03,0.3,2.01,102.4,83.7,2024-05-31 16:00:00,123.8,25.04,50.03,12380.0,16,4,5,152,79653.0,13838.0,True
2024,5,31,17,9.82,8.2,2.21,11.86,0.21,88.34,22.24,16.16,19.2,13.75,68.4,0.2,2.06,99.8,83.75,2024-05-31 17:00:00,8.2,22.24,68.4,819.9999999999999,17,4,5,152,69322.0,31850.0,True
2024,6,1,5,7.28,6.43,0.0,7.82,0.22,88.73,13.4,12.56,12.98,10.83,94.46,0.0,0.37,7.7,83.97,2024-06-01 05:00:00,6.43,13.4,94.46,643.0,5,5,6,153,65805.0,48998.0,True
2024,6,1,6,133.88,118.78,113.51,93.06,0.4,77.19,14.8,12.82,13.81,11.02,87.8,0.0,0.77,261.8,84.01,2024-06-01 06:00:00,118.78,14.8,87.8,11878.0,6,5,6,153,52715.0,63558.00000000001,True
2024,6,1,7,352.48,308.12,273.6,183.37,0.52,63.56,18.51,12.76,15.64,10.97,69.07,0.0,1.85,217.6,84.06,2024-06-01 07:00:00,308.12,18.51,69.07,30812.0,7,5,6,153,31925.0,77565.0,True
2024,6,1,8,569.88,527.85,410.82,234.41,0.63,50.39,21.94,12.99,17.46,11.14,56.74,0.0,2.35,207.9,84.07,2024-06-01 08:00:00,527.85,21.94,56.74,52785.0,8,5,6,153,13093.0,79860.0,True
2024,6,1,9,749.1,682.4,453.17,263.45,0.66,38.2,24.33,13.35,18.84,11.41,50.27,0.0,2.15,199.0,84.03,2024-06-01 09:00:00,682.4,24.33,50.27,68240.0,9,5,6,153,818.0,78958.0,True
2024,6,1,10,861.35,812.47,517.48,290.44,0.7,28.36,26.23,13.32,19.77,11.4,44.82,0.0,1.8,186.4,83.97,2024-06-01 10:00:00,812.47,26.23,44.82,81247.0,10,5,6,153,480.0,70540.0,True
2024,6,1,11,905.88,857.58,472.1,351.24,0.71,24.02,27.53,12.9,20.22,11.1,40.4,0.0,1.41,173.5,83.88,2024-06-01 11:00:00,857.58,27.53,40.4,85758.0,11,5,6,153,6320.0,55115.0,True
2024,6,1,12,869.1,829.25,564.09,299.61,0.71,27.88,28.27,12.53,20.4,10.85,37.79,0.0,1.1,153.0,83.8,2024-06-01 12:00:00,829.25,28.27,37.79,82925.0,12,5,6,153,18507.0,34685.0,True
2024,6,1,13,758.58,676.67,540.75,225.75,0.64,37.48,28.43,12.18,20.3,10.61,36.58,0.01,1.12,124.1,83.73,2024-06-01 13:00:00,676.67,28.43,36.58,67667.0,13,5,6,153,30505.0,14512.0,True
2024,6,1,14,585.97,527.28,419.16,225.42,0.61,49.58,28.05,11.9,19.98,10.42,36.72,0.0,1.42,106.4,83.68,2024-06-01 14:00:00,527.28,28.05,36.72,52728.0,14,5,6,153,43295.0,910.0,True
2024,6,1,15,370.2,310.75,310.41,181.9,0.51,62.71,27.15,11.82,19.49,10.36,38.48,0.0,1.79,100.0,83.68,2024-06-01 15:00:00,310.75,27.15,38.48,31075.0,15,5,6,153,46388.0,768.0,True
2024,6,1,16,148.35,126.1,103.34,93.91,0.4,76.31,25.63,12.7,19.17,10.99,44.65,0.0,1.93,96.8,83.72,2024-06-01 16:00:00,126.1,25.63,44.65,12610.0,16,5,6,153,53715.0,11975.0,True
2024,6,1,17,9.93,8.43,1.34,12.54,0.22,88.32,22.47,15.8,19.13,13.44,65.96,0.0,2.04,90.3,83.77,2024-06-01 17:00:00,8.43,22.47,65.96,843.0,17,5,6,153,59912.0,28033.0,True
2024,6,2,5,7.22,6.55,0.0,8.3,0.23,88.75,15.1,14.87,14.98,12.61,98.35,0.29,0.99,97.6,83.93,2024-06-02 05:00:00,6.55,15.1,98.35,655.0,5,6,6,154,52810.0,49212.0,True
2024,6,2,6,133.4,96.9,34.39,68.9,0.33,77.24,16.66,15.1,15.88,12.8,90.39,0.17,0.95,129.9,83.97,2024-06-02 06:00:00,96.9,16.66,90.39,9690.0,6,6,6,154,38615.0,64766.99999999999,True
2024,6,2,7,356.8,245.25,149.64,165.19,0.42,63.63,19.21,14.92,17.07,12.64,76.08,0.03,1.15,189.0,84.02,2024-06-02 07:00:00,245.25,19.21,76.08,24525.0,7,6,6,154,20890.0,77328.0,True
2024,6,2,8,576.65,413.58,187.19,239.77,0.49,50.47,22.19,14.68,18.43,12.44,62.33,0.0,1.5,200.7,84.03,2024-06-02 08:00:00,413.58,22.19,62.33,41358.0,8,6,6,154,8109.999999999999,85567.0,True
2024,6,2,9,748.97,525.17,217.59,293.46,0.51,38.3,24.46,14.68,19.57,12.45,54.36,0.01,1.64,200.3,83.99,2024-06-02 09:00:00,525.17,24.46,54.36,52516.99999999999,9,6,6,154,488.0,85465.0,True
2024,6,2,10,860.08,687.78,211.64,369.5,0.59,28.49,26.04,14.67,20.35,12.45,49.44,0.02,1.69,202.9,83.92,2024-06-02 10:00:00,687.78,26.04,49.44,68778.0,10,6,6,154,705.0,73512.0,True
2024,6,2,11,904.35,794.9,501.85,284.28,0.66,24.15,27.09,14.61,20.85,12.42,46.32,0.1,1.61,205.3,83.83,2024-06-02 11:00:00,794.9,27.09,46.32,79490.0,11,6,6,154,12357.0,56379.99999999999,True
2024,6,2,12,868.25,812.7,478.96,333.4,0.7,27.97,27.53,14.45,20.99,12.3,44.66,0.28,1.39,205.6,83.75,2024-06-02 12:00:00,812.7,27.53,44.66,81270.0,12,6,6,154,31835.000000000004,33812.0,True
2024,6,2,13,760.4,630.55,546.39,190.03,0.6,37.53,27.47,14.27,20.87,12.17,44.31,0.49,1.1,203.1,83.67,2024-06-02 13:00:00,630.55,27.47,44.31,63054.99999999999,13,6,6,154,52958.00000000001,13565.0,True
2024,6,2,14,590.85,531.55,498.35,191.17,0.62,49.59,26.79,14.22,20.5,12.13,45.93,0.66,0.92,173.1,83.62,2024-06-02 14:00:00,531.55,26.79,45.93,53154.99999999999,14,6,6,154,64778.0,757.0,True
2024,6,2,15,378.33,311.75,317.88,158.4,0.51,62.71,25.43,14.52,19.98,12.37,50.77,0.58,1.34,134.1,83.64,2024-06-02 15:00:00,311.75,25.43,50.77,31175.0,15,6,6,154,77347.0,802.0,True
2024,6,2,16,155.98,130.05,225.58,78.15,0.41,76.29,23.77,15.38,19.58,13.08,59.3,0.51,1.81,122.4,83.7,2024-06-02 16:00:00,130.05,23.77,59.3,13005.000000000002,16,6,6,154,78395.0,12869.999999999998,True
2024,6,2,17,10.3,8.95,5.07,11.87,0.23,88.31,21.82,16.54,19.18,14.09,71.89,0.42,1.79,115.4,83.75,2024-06-02 17:00:00,8.95,21.82,71.89,894.9999999999999,17,6,6,154,76910.0,30412.0,True
2024,6,3,5,7.28,6.3,3.14,8.32,0.22,88.77,16.43,14.62,15.52,12.44,89.05,0.02,0.37,64.1,83.87,2024-06-03 05:00:00,6.3,16.43,89.05,630.0,5,0,6,155,63947.0,50648.0,True
2024,6,3,6,145.68,121.07,204.77,88.19,0.42,77.29,17.37,14.91,16.14,12.74,85.95,0.01,0.39,185.9,83.92,2024-06-03 06:00:00,121.07,17.37,85.95,12107.0,6,0,6,155,51102.0,66092.0,True
2024,6,3,7,372.08,312.92,396.39,132.73,0.53,63.7,19.5,14.93,17.21,12.71,75.08,0.01,0.87,209.5,83.97,2024-06-03 07:00:00,312.92,19.5,75.08,31292.0,7,0,6,155,29588.0,74692.0,True
2024,6,3,8,587.12,512.25,566.13,140.63,0.61,50.55,21.65,14.56,18.11,12.35,63.92,0.01,1.19,201.6,83.99,2024-06-03 08:00:00,512.25,21.65,63.92,51225.0,8,0,6,155,11590.0,81310.0,True
2024,6,3,9,758.08,697.08,542.36,241.13,0.67,38.4,23.56,14.71,19.14,12.47,57.46,0.04,1.47,199.9,83.97,2024-06-03 09:00:00,697.08,23.56,57.46,69708.0,9,0,6,155,662.0,82015.0,True
2024,6,3,10,867.95,802.28,561.08,273.65,0.69,28.61,24.7,14.69,19.7,12.46,53.57,0.16,1.75,200.7,83.9,2024-06-03 10:00:00,802.28,24.7,53.57,80228.0,10,0,6,155,695.0,69497.0,True
2024,6,3,11,906.33,810.88,494.09,285.81,0.67,24.27,24.95,14.6,19.77,12.41,52.53,0.33,2.0,200.2,83.83,2024-06-03 11:00:00,810.88,24.95,52.53,81088.0,11,0,6,155,11895.0,49210.0,True
2024,6,3,12,872.17,724.83,562.99,194.88,0.62,28.05,25.1,14.66,19.88,12.47,52.27,0.42,2.18,195.7,83.77,2024-06-03 12:00:00,724.83,25.1,52.27,72483.0,12,0,6,155,29438.0,30117.0,True
2024,6,3,13,767.05,647.85,457.02,225.95,0.62,37.57,24.98,14.72,19.85,12.52,52.81,0.74,2.18,187.9,83.7,2024-06-03 13:00:00,647.85,24.98,52.81,64785.0,13,0,6,155,47700.0,12110.0,True
2024,6,3,14,601.1,488.1,452.36,226.34,0.57,49.6,24.3,14.79,19.54,12.59,55.28,0.91,2.12,176.5,83.65,2024-06-03 14:00:00,488.1,24.3,55.28,48810.0,14,0,6,155,67280.0,760.0,True
2024,6,3,15,389.35,295.52,307.39,162.54,0.49,62.7,23.14,15.01,19.08,12.77,60.12,0.76,2.05,165.6,83.66,2024-06-03 15:00:00,295.52,23.14,60.12,29552.0,15,0,6,155,82767.0,797.0,True
2024,6,3,16,162.52,112.97,99.36,76.66,0.36,76.27,21.78,15.37,18.58,13.06,66.81,0.94,1.89,158.3,83.71,2024-06-03 16:00:00,112.97,21.78,66.81,11297.0,16,0,6,155,88220.0,11190.0,True
2024,6,3,17,10.5,6.8,3.04,8.81,0.17,88.29,20.42,16.44,18.43,13.99,77.81,2.06,1.33,154.2,83.76,2024-06-03 17:00:00,6.8,20.42,77.81,680.0,17,0,6,155,85708.0,26885.000000000004,True
2024,6,4,5,7.03,6.3,1.37,8.11,0.22,88.79,15.95,15.05,15.5,12.76,94.24,10.78,1.12,125.5,83.93,2024-06-04 05:00:00,6.3,15.95,94.24,630.0,5,1,6,156,72645.0,44620.0,True
2024,6,4,6,140.65,126.3,92.03,93.7,0.44,77.35,16.8,14.89,15.85,12.62,88.34,7.58,1.4,135.6,83.98,2024-06-04 06:00:00,126.3,16.8,88.34,12630.0,6,1,6,156,54670.00000000001,59954.99999999999,True
2024,6,4,7,363.83,335.1,323.03,203.67,0.57,63.76,18.46,15.06,16.76,12.75,80.42,3.87,1.57,149.3,84.03,2024-06-04 07:00:00,335.1,18.46,80.42,33510.0,7,1,6,156,33420.0,73178.0,True
2024,6,4,8,577.22,547.03,535.25,204.19,0.65,50.63,20.74,15.34,18.04,12.99,71.11,1.19,1.54,166.9,84.04,2024-06-04 08:00:00,547.03,20.74,71.11,54703.0,8,1,6,156,13475.0,75528.0,True
2024,6,4,9,746.95,718.05,517.61,259.9,0.69,38.5,23.03,15.27,19.15,12.94,61.58,1.28,1.79,186.7,84.02,2024-06-04 09:00:00,718.05,23.03,61.58,71805.0,9,1,6,156,861.9999999999999,71795.0,True
2024,6,4,10,855.6,840.58,647.9,235.36,0.72,28.73,24.46,15.27,19.87,12.94,56.46,1.15,2.1,200.1,83.96,2024-06-04 10:00:00,840.58,24.46,56.46,84058.0,10,1,6,156,585.0,68840.0,True
2024,6,4,11,902.17,875.85,616.3,279.18,0.73,24.39,25.68,15.15,20.42,12.86,52.13,1.71,2.31,209.3,83.88,2024-06-04 11:00:00,875.85,25.68,52.13,87585.0,11,1,6,156,8228.0,50938.0,True
2024,6,4,12,864.33,786.47,544.15,271.11,0.67,28.13,26.27,14.71,20.49,12.51,48.93,1.88,2.35,213.2,83.79,2024-06-04 12:00:00,786.47,26.27,48.93,78647.0,12,1,6,156,19498.0,30292.0,True
2024,6,4,13,762.33,638.1,450.39,231.56,0.61,37.6,26.4,14.25,20.33,12.15,47.12,1.85,2.24,213.7,83.7,2024-06-04 13:00:00,638.1,26.4,47.12,63810.0,13,1,6,156,32867.0,12360.0,True
2024,6,4,14,592.05,454.98,406.49,216.64,0.53,49.61,26.12,13.85,19.98,11.84,46.66,1.32,1.97,211.3,83.64,2024-06-04 14:00:00,454.98,26.12,46.66,45498.0,14,1,6,156,48610.0,778.0,True
2024,6,4,15,380.27,269.17,285.45,146.57,0.44,62.69,25.56,13.65,19.61,11.7,47.66,0.71,1.88,203.2,83.63,2024-06-04 15:00:00,269.17,25.56,47.66,26917.0,15,1,6,156,59472.0,700.0,True
2024,6,4,16,156.93,107.6,96.96,80.42,0.34,76.24,24.37,14.31,19.34,12.22,53.44,0.35,1.73,193.4,83.66,2024-06-04 16:00:00,107.6,24.37,53.44,10760.0,16,1,6,156,69538.0,11238.0,True
2024,6,4,17,10.48,7.28,4.39,12.62,0.18,88.27,22.0,16.96,19.48,14.48,73.03,0.35,1.43,183.2,83.71,2024-06-04 17:00:00,7.28,22.0,73.03,728.0,17,1,6,156,73767.0,26348.0,True
2024,6,5,5,7.15,6.28,4.64,8.45,0.23,88.8,15.52,15.16,15.34,12.87,97.59,0.44,2.66,98.2,83.84,2024-06-05 05:00:00,6.28,15.52,97.59,628.0,5,2,6,157,69312.0,45655.0,True
2024,6,5,6,145.3,100.25,142.46,56.62,0.35,77.4,16.58,15.52,16.05,13.16,93.29,0.32,3.63,102.6,83.89,2024-06-05 06:00:00,100.25,16.58,93.29,10025.0,6,2,6,157,56704.99999999999,57666.99999999999,True
2024,6,5,7,371.2,226.8,404.79,98.12,0.39,63.83,18.29,15.64,16.96,13.25,84.36,0.14,3.7,111.9,83.95,2024-06-05 07:00:00,226.8,18.29,84.36,22680.0,7,2,6,157,36773.0,80140.0,True
2024,6,5,8,585.53,365.6,267.78,189.2,0.44,50.71,20.93,15.34,18.14,13.01,70.33,0.21,3.56,119.2,83.97,2024-06-05 08:00:00,365.6,20.93,70.33,36560.0,8,2,6,157,15757.0,73472.0,True
2024,6,5,9,754.8,452.52,207.0,213.04,0.44,38.59,23.3,15.16,19.23,12.85,60.12,0.42,3.35,121.5,83.95,2024-06-05 09:00:00,452.52,23.3,60.12,45252.0,9,2,6,157,1010.0,68533.0,True
2024,6,5,10,859.85,560.0,210.91,260.49,0.48,28.84,25.17,15.02,20.1,12.75,53.29,0.58,3.01,117.3,83.89,2024-06-05 10:00:00,560.0,25.17,53.29,56000.0,10,2,6,157,607.0,62147.0,True
2024,6,5,11,911.0,686.25,286.32,304.82,0.57,24.49,26.51,14.78,20.65,12.55,48.41,0.63,2.77,110.5,83.81,2024-06-05 11:00:00,686.25,26.51,48.41,68625.0,11,2,6,157,7255.0,45415.0,True
2024,6,5,12,880.7,706.05,387.22,307.51,0.61,28.2,27.07,14.44,20.76,12.3,45.87,0.51,2.73,103.1,83.72,2024-06-05 12:00:00,706.05,27.07,45.87,70605.0,12,2,6,157,18607.0,27798.0,True
2024,6,5,13,777.97,664.08,399.73,314.54,0.63,37.63,27.4,14.11,20.76,12.05,44.04,0.49,2.9,97.5,83.65,2024-06-05 13:00:00,664.08,27.4,44.04,66408.0,13,2,6,157,28417.0,11488.0,True
2024,6,5,14,610.08,538.08,474.11,198.54,0.63,49.62,26.94,13.83,20.39,11.83,44.4,0.45,3.25,93.5,83.6,2024-06-05 14:00:00,538.08,26.94,44.4,53808.00000000001,14,2,6,157,50890.0,745.0,True
2024,6,5,15,396.73,337.83,413.65,156.16,0.56,62.67,25.95,13.7,19.83,11.73,46.68,0.32,3.66,91.9,83.61,2024-06-05 15:00:00,337.83,25.95,46.68,33783.0,15,2,6,157,69022.0,750.0,True
2024,6,5,16,167.45,142.77,230.64,72.94,0.45,76.22,24.36,14.01,19.18,11.96,52.34,0.25,3.82,94.4,83.66,2024-06-05 16:00:00,142.77,24.36,52.34,14277.000000000002,16,2,6,157,77788.0,11418.0,True
2024,6,5,17,11.12,9.55,13.49,11.01,0.24,88.26,21.58,15.32,18.45,13.03,67.48,0.15,2.88,96.6,83.71,2024-06-05 17:00:00,9.55,21.58,67.48,955.0000000000001,17,2,6,157,67797.0,28042.0,True
2024,6,6,5,7.18,5.8,4.55,7.65,0.21,88.82,14.39,14.36,14.38,12.21,99.63,0.52,1.71,94.7,83.85,2024-06-06 05:00:00,5.8,14.39,99.63,580.0,5,3,6,158,65680.0,46860.0,True
2024,6,6,6,146.3,76.03,103.52,61.19,0.26,77.45,16.02,14.8,15.41,12.56,92.33,0.49,2.79,100.3,83.91,2024-06-06 06:00:00,76.03,16.02,92.33,7603.0,6,3,6,158,52190.0,58025.0,True
2024,6,6,7,374.17,159.82,151.71,99.19,0.27,63.89,18.08,14.97,16.52,12.69,81.92,0.37,3.01,116.8,83.97,2024-06-06 07:00:00,159.82,18.08,81.92,15982.0,7,3,6,158,30267.0,70900.0,True
2024,6,6,8,592.22,248.62,61.22,144.96,0.3,50.79,20.99,14.66,17.82,12.43,66.99,0.81,2.95,129.9,83.99,2024-06-06 08:00:00,248.62,20.99,66.99,24862.0,8,3,6,158,12253.0,74542.0,True
2024,6,6,9,763.78,318.98,24.35,199.91,0.31,38.69,23.4,14.46,18.93,12.27,57.1,0.95,2.77,136.2,83.98,2024-06-06 09:00:00,318.98,23.4,57.1,31898.0,9,3,6,158,712.0,72053.0,True
2024,6,6,10,873.92,457.85,26.09,323.43,0.4,28.94,25.1,14.39,19.74,12.22,51.33,1.43,2.58,138.5,83.94,2024-06-06 10:00:00,457.85,25.1,51.33,45785.0,10,3,6,158,730.0,63833.00000000001,True
2024,6,6,11,884.3,498.0,11.53,357.68,0.41,24.59,26.28,14.19,20.24,12.08,47.29,1.05,2.45,137.3,83.88,2024-06-06 11:00:00,498.0,26.28,47.29,49800.0,11,3,6,158,12285.0,55558.00000000001,True
2024,6,6,12,846.72,563.62,91.19,333.3,0.48,28.26,26.94,13.85,20.39,11.82,44.48,0.9,2.44,131.2,83.82,2024-06-06 12:00:00,563.62,26.94,44.48,56362.0,12,3,6,158,29425.0,34150.0,True
2024,6,6,13,730.83,602.53,324.89,270.21,0.58,37.66,27.07,13.59,20.33,11.63,43.41,0.94,2.59,123.5,83.76,2024-06-06 13:00:00,602.53,27.07,43.41,60253.0,13,3,6,158,47783.0,14485.0,True
2024,6,6,14,557.15,454.12,271.78,209.46,0.53,49.62,26.57,13.33,19.95,11.44,43.96,0.91,2.88,117.0,83.73,2024-06-06 14:00:00,454.12,26.57,43.96,45412.0,14,3,6,158,60141.99999999999,932.0,True
2024,6,6,15,347.05,286.88,164.03,185.98,0.47,62.66,25.78,13.14,19.46,11.3,45.5,0.72,3.17,113.0,83.73,2024-06-06 15:00:00,286.88,25.78,45.5,28688.0,15,3,6,158,73555.0,593.0,True
2024,6,6,16,138.73,115.65,76.93,91.11,0.37,76.19,24.23,13.44,18.83,11.53,50.93,0.26,3.2,110.7,83.76,2024-06-06 16:00:00,115.65,24.23,50.93,11565.0,16,3,6,158,72188.0,10132.0,True
2024,6,6,17,9.8,8.15,1.59,10.58,0.2,88.24,21.43,15.06,18.24,12.8,66.98,0.14,2.48,108.8,83.81,2024-06-06 17:00:00,8.15,21.43,66.98,815.0,17,3,6,158,73150.0,27489.999999999996,True
2024,6,7,5,6.55,5.65,1.08,7.89,0.21,88.84,14.27,13.83,14.05,11.78,97.01,0.26,0.77,115.2,83.95,2024-06-07 05:00:00,5.65,14.27,97.01,565.0,5,4,6,159,70667.0,52375.0,True
2024,6,7,6,132.77,98.12,97.42,77.72,0.34,77.51,15.69,14.1,14.89,11.98,90.08,0.21,1.1,143.1,84.01,2024-06-07 06:00:00,98.12,15.69,90.08,9812.0,6,4,6,159,53390.0,54253.0,True
2024,6,7,7,354.25,233.57,164.69,158.37,0.4,63.96,18.21,14.14,16.18,12.01,77.02,0.13,1.82,173.7,84.06,2024-06-07 07:00:00,233.57,18.21,77.02,23357.0,7,4,6,159,31827.0,51725.0,True
2024,6,7,8,571.45,379.75,202.57,225.67,0.45,50.86,21.53,13.75,17.64,11.71,61.14,0.52,2.46,185.4,84.07,2024-06-07 08:00:00,379.75,21.53,61.14,37975.0,8,4,6,159,13007.0,55910.0,True
2024,6,7,9,745.33,511.48,199.26,266.11,0.5,38.77,23.38,13.93,18.65,11.84,55.22,1.31,2.43,189.7,84.05,2024-06-07 09:00:00,511.48,23.38,55.22,51148.0,9,4,6,159,860.0,53028.0,True
2024,6,7,10,857.17,625.58,261.47,296.01,0.54,29.05,24.77,14.11,19.44,11.99,51.4,2.08,2.13,193.0,83.99,2024-06-07 10:00:00,625.58,24.77,51.4,62558.00000000001,10,4,6,159,755.0,45595.0,True
2024,6,7,11,904.47,720.4,343.14,308.5,0.6,24.69,25.91,14.14,20.02,12.03,48.15,1.71,1.75,195.2,83.91,2024-06-07 11:00:00,720.4,25.91,48.15,72040.0,11,4,6,159,12993.0,39773.0,True
2024,6,7,12,870.38,743.22,379.53,337.82,0.64,28.32,26.64,13.99,20.32,11.92,45.66,1.61,1.37,196.1,83.83,2024-06-07 12:00:00,743.22,26.64,45.66,74322.0,12,4,6,159,32242.0,26835.000000000004,True
2024,6,7,13,764.97,694.4,447.71,274.58,0.66,37.68,26.89,13.72,20.3,11.72,44.2,1.52,1.09,193.3,83.75,2024-06-07 13:00:00,694.4,26.89,44.2,69440.0,13,4,6,159,53212.0,10393.0,True
2024,6,7,14,594.47,542.28,440.09,218.34,0.63,49.61,26.62,13.41,20.01,11.5,44.05,1.18,0.93,183.7,83.71,2024-06-07 14:00:00,542.28,26.62,44.05,54228.0,14,4,6,159,63503.0,715.0,True
2024,6,7,15,380.15,332.73,323.21,168.51,0.55,62.64,25.96,13.26,19.61,11.38,45.33,0.78,1.04,167.2,83.71,2024-06-07 15:00:00,332.73,25.96,45.33,33273.0,15,4,6,159,72775.0,775.0,True
2024,6,7,16,156.95,133.98,191.76,89.06,0.42,76.16,24.57,13.98,19.27,11.94,51.67,0.49,1.37,150.6,83.77,2024-06-07 16:00:00,133.98,24.57,51.67,13397.999999999998,16,4,6,159,75258.0,13450.0,True
2024,6,7,17,10.77,8.98,5.86,12.05,0.22,88.22,22.05,16.9,19.48,14.42,72.62,0.56,1.46,132.8,83.85,2024-06-07 17:00:00,8.98,22.05,72.62,898.0,17,4,6,159,65903.0,33277.0,True
2024,6,8,5,6.57,4.32,0.0,7.17,0.16,88.86,14.48,14.06,14.27,11.96,97.16,0.25,0.84,184.1,83.96,2024-06-08 05:00:00,4.32,14.48,97.16,432.0,5,5,6,160,67722.0,54672.0,True
2024,6,8,6,136.18,61.75,50.21,46.33,0.22,77.56,15.74,14.34,15.04,12.17,91.2,0.17,1.76,205.5,84.0,2024-06-08 06:00:00,61.75,15.74,91.2,6175.0,6,5,6,160,51508.00000000001,63391.99999999999,True
2024,6,8,7,361.2,177.52,191.46,113.0,0.31,64.02,18.04,14.52,16.28,12.3,79.7,0.13,2.5,218.7,84.05,2024-06-08 07:00:00,177.52,18.04,79.7,17752.0,7,5,6,160,30792.0,76047.0,True
2024,6,8,8,576.67,301.48,152.99,156.3,0.36,50.94,20.5,14.26,17.38,12.1,67.29,0.38,2.95,221.8,84.07,2024-06-08 08:00:00,301.48,20.5,67.29,30148.0,8,5,6,160,12380.0,79653.0,True
2024,6,8,9,747.1,454.83,177.17,244.58,0.44,38.86,22.67,14.21,18.44,12.07,58.76,1.11,3.2,220.6,84.04,2024-06-08 09:00:00,454.83,22.67,58.76,45483.0,9,5,6,160,819.9999999999999,69322.0,True
2024,6,8,10,857.5,585.38,212.02,274.96,0.51,29.14,24.12,14.17,19.14,12.05,53.71,1.4,3.36,220.4,83.98,2024-06-08 10:00:00,585.38,24.12,53.71,58538.0,10,5,6,160,643.0,65805.0,True
2024,6,8,11,897.22,666.3,252.74,319.31,0.56,24.78,25.26,14.25,19.76,12.13,50.45,1.49,3.48,220.6,83.89,2024-06-08 11:00:00,666.3,25.26,50.45,66630.0,11,5,6,160,11878.0,52715.0,True
2024,6,8,12,862.08,670.67,228.91,368.88,0.58,28.37,26.06,14.27,20.17,12.15,48.14,1.52,3.38,220.0,83.81,2024-06-08 12:00:00,670.67,26.06,48.14,67067.0,12,5,6,160,30812.0,31925.0,True
2024,6,8,13,755.2,642.33,455.61,231.98,0.61,37.7,26.27,14.21,20.24,12.12,47.38,1.43,3.21,218.9,83.72,2024-06-08 13:00:00,642.33,26.27,47.38,64233.00000000001,13,5,6,160,52785.0,13093.0,True
2024,6,8,14,586.88,476.42,295.04,265.51,0.56,49.61,26.0,14.23,20.11,12.14,48.19,1.31,3.03,212.7,83.67,2024-06-08 14:00:00,476.42,26.0,48.19,47642.0,14,5,6,160,68240.0,818.0,True
2024,6,8,15,376.27,248.2,283.96,118.09,0.41,62.62,24.62,14.33,19.48,12.22,52.65,0.97,2.78,196.1,83.67,2024-06-08 15:00:00,248.2,24.62,52.65,24820.0,15,5,6,160,81247.0,480.0,True
2024,6,8,16,153.77,100.53,121.0,68.86,0.32,76.12,23.05,14.75,18.9,12.55,59.45,0.6,2.84,172.3,83.71,2024-06-08 16:00:00,100.53,23.05,59.45,10053.0,16,5,6,160,85758.0,6320.0,True
2024,6,8,17,10.65,6.7,3.52,9.29,0.16,88.2,20.85,16.1,18.47,13.7,74.22,0.56,2.18,151.2,83.76,2024-06-08 17:00:00,6.7,20.85,74.22,670.0,17,5,6,160,82925.0,18507.0,True
2024,6,9,5,6.38,2.55,0.0,3.47,0.1,88.88,14.52,14.07,14.3,11.98,97.08,0.41,1.13,160.9,83.97,2024-06-09 05:00:00,2.55,14.52,97.08,254.99999999999997,5,6,6,161,67667.0,30505.0,True
2024,6,9,6,132.55,28.4,0.71,26.04,0.1,77.62,15.38,14.1,14.74,11.98,91.9,0.33,2.27,178.5,84.02,2024-06-09 06:00:00,28.4,15.38,91.9,2840.0,6,6,6,161,52728.0,43295.0,True
2024,6,9,7,356.48,97.28,17.65,78.01,0.17,64.08,16.98,14.09,15.54,11.97,82.97,0.57,3.28,188.8,84.08,2024-06-09 07:00:00,97.28,16.98,82.97,9728.0,7,6,6,161,31075.0,46388.0,True
2024,6,9,8,576.15,165.85,23.81,110.61,0.2,51.01,19.46,13.59,16.53,11.59,68.78,0.87,3.67,192.9,84.1,2024-06-09 08:00:00,165.85,19.46,68.78,16585.0,8,6,6,161,12610.0,53715.0,True
2024,6,9,9,750.9,300.38,32.25,187.76,0.29,38.94,21.81,13.21,17.51,11.3,58.01,0.9,3.75,194.7,84.07,2024-06-09 09:00:00,300.38,21.81,58.01,30038.0,9,6,6,161,843.0,59912.0,True
2024,6,9,10,862.97,361.6,19.91,255.6,0.31,29.24,23.68,13.08,18.38,11.21,51.34,0.87,3.72,192.6,84.01,2024-06-09 10:00:00,361.6,23.68,51.34,36160.0,10,6,6,161,655.0,52810.0,True
2024,6,9,11,899.28,381.92,66.8,221.56,0.32,24.86,24.77,12.98,18.88,11.15,47.79,1.21,3.51,188.4,83.93,2024-06-09 11:00:00,381.92,24.77,47.79,38192.0,11,6,6,161,9690.0,38615.0,True
2024,6,9,12,867.3,401.77,147.93,206.04,0.35,28.41,25.01,12.96,18.99,11.14,47.03,2.06,3.18,182.3,83.85,2024-06-09 12:00:00,401.77,25.01,47.03,40177.0,12,6,6,161,24525.0,20890.0,True
2024,6,9,13,763.97,308.95,25.65,196.06,0.3,37.71,25.38,13.04,19.21,11.22,46.29,2.93,2.91,174.9,83.78,2024-06-09 13:00:00,308.95,25.38,46.29,30895.0,13,6,6,161,41358.0,8109.999999999999,True
2024,6,9,14,598.33,264.92,163.27,163.87,0.31,49.6,25.01,13.06,19.04,11.23,47.34,2.74,2.81,166.4,83.73,2024-06-09 14:00:00,264.92,25.01,47.34,26492.0,14,6,6,161,52516.99999999999,488.0,True
2024,6,9,15,388.1,172.65,273.64,94.72,0.28,62.59,23.87,13.14,18.51,11.29,50.95,2.14,2.93,156.1,83.73,2024-06-09 15:00:00,172.65,23.87,50.95,17265.0,15,6,6,161,68778.0,705.0,True
2024,6,9,16,162.55,68.35,118.91,41.05,0.22,76.09,22.22,13.61,17.91,11.65,58.11,1.52,3.09,145.7,83.77,2024-06-09 16:00:00,68.35,22.22,58.11,6834.999999999999,16,6,6,161,79490.0,12357.0,True
2024,6,9,17,11.43,5.68,6.06,7.48,0.14,88.18,19.94,14.97,17.45,12.73,73.05,0.93,2.35,137.1,83.83,2024-06-09 17:00:00,5.68,19.94,73.05,568.0,17,6,6,161,81270.0,31835.000000000004,True
2024,6,10,5,6.38,3.65,2.52,5.82,0.14,88.9,13.67,12.97,13.32,11.12,95.36,0.39,0.57,161.6,84.05,2024-06-10 05:00:00,3.65,13.67,95.36,365.0,5,0,6,162,63054.99999999999,52958.00000000001,True
2024,6,10,6,135.95,92.85,152.37,63.53,0.33,77.67,14.8,13.2,14.0,11.29,90.03,0.33,1.35,181.7,84.1,2024-06-10 06:00:00,92.85,14.8,90.03,9285.0,6,0,6,162,53154.99999999999,64778.0,True
2024,6,10,7,358.9,270.98,338.83,120.69,0.47,64.15,16.71,13.33,15.02,11.37,80.28,0.48,2.07,183.3,84.15,2024-06-10 07:00:00,270.98,16.71,80.28,27098.0,7,0,6,162,31175.0,77347.0,True
2024,6,10,8,578.2,503.48,382.72,214.92,0.61,51.08,18.92,13.01,15.96,11.14,68.45,0.69,2.32,181.0,84.17,2024-06-10 08:00:00,503.48,18.92,68.45,50348.0,8,0,6,162,13005.000000000002,78395.0,True
2024,6,10,9,752.28,622.8,558.57,183.64,0.61,39.03,20.98,12.91,16.94,11.07,59.86,1.04,2.22,180.8,84.15,2024-06-10 09:00:00,622.8,20.98,59.86,62279.99999999999,9,0,6,162,894.9999999999999,76910.0,True
2024,6,10,10,864.53,741.12,376.92,323.81,0.64,29.32,23.0,13.05,18.02,11.18,53.41,1.27,1.69,177.6,84.1,2024-06-10 10:00:00,741.12,23.0,53.41,74112.0,10,0,6,162,630.0,63947.0,True
2024,6,10,11,886.65,721.72,313.05,332.73,0.6,24.94,24.66,13.08,18.87,11.21,48.42,1.45,0.99,170.7,84.02,2024-06-10 11:00:00,721.72,24.66,48.42,72172.0,11,0,6,162,12107.0,51102.0,True
2024,6,10,12,856.28,615.65,380.3,257.76,0.53,28.45,25.59,13.0,19.3,11.16,45.56,1.04,0.54,129.0,83.93,2024-06-10 12:00:00,615.65,25.59,45.56,61565.0,12,0,6,162,31292.0,29588.0,True
2024,6,10,13,753.1,538.47,371.63,226.85,0.52,37.72,26.15,12.82,19.49,11.05,43.59,1.05,0.95,81.5,83.84,2024-06-10 13:00:00,538.47,26.15,43.59,53847.0,13,0,6,162,51225.0,11590.0,True
2024,6,10,14,587.9,411.6,392.08,180.44,0.48,49.59,25.92,12.7,19.31,10.97,43.84,0.73,1.81,77.9,83.78,2024-06-10 14:00:00,411.6,25.92,43.84,41160.0,14,0,6,162,69708.0,662.0,True
2024,6,10,15,379.48,253.23,221.7,151.63,0.42,62.57,25.08,12.74,18.91,10.99,46.17,0.82,2.66,81.4,83.78,2024-06-10 15:00:00,253.23,25.08,46.17,25323.0,15,0,6,162,80228.0,695.0,True
2024,6,10,16,158.65,106.65,98.85,88.86,0.33,76.05,23.39,13.33,18.36,11.43,53.15,1.08,3.04,89.1,83.83,2024-06-10 16:00:00,106.65,23.39,53.15,10665.0,16,0,6,162,81088.0,11895.0,True
2024,6,10,17,11.27,7.95,5.92,9.95,0.19,88.16,20.86,15.0,17.93,12.74,69.11,1.73,2.54,97.9,83.88,2024-06-10 17:00:00,7.95,20.86,69.11,795.0,17,0,6,162,72483.0,29438.0,True
2024,6,11,5,6.4,5.18,2.05,8.69,0.21,88.92,12.8,12.5,12.65,10.79,97.87,0.24,1.47,191.0,83.97,2024-06-11 05:00:00,5.18,12.8,97.87,518.0,5,1,6,163,64785.0,47700.0,True
2024,6,11,6,139.73,105.9,160.93,67.29,0.38,77.73,13.92,12.56,13.24,10.82,91.29,0.14,2.51,208.8,84.03,2024-06-11 06:00:00,105.9,13.92,91.29,10590.0,6,1,6,163,48810.0,67280.0,True
2024,6,11,7,368.02,265.58,424.66,114.45,0.46,64.21,15.7,12.32,14.01,10.65,80.19,0.06,2.73,213.3,84.11,2024-06-11 07:00:00,265.58,15.7,80.19,26558.0,7,1,6,163,29552.0,82767.0,True
2024,6,11,8,589.78,426.48,441.72,150.88,0.51,51.15,18.22,11.8,15.01,10.29,66.07,0.06,2.58,211.8,84.13,2024-06-11 08:00:00,426.48,18.22,66.07,42648.0,8,1,6,163,11297.0,88220.0,True
2024,6,11,9,764.67,642.47,382.95,299.64,0.63,39.1,20.51,11.69,16.1,10.21,56.84,0.11,2.16,206.3,84.11,2024-06-11 09:00:00,642.47,20.51,56.84,64247.0,9,1,6,163,680.0,85708.0,True
2024,6,11,10,876.6,758.83,433.16,315.32,0.66,29.4,22.39,11.84,17.12,10.32,51.16,0.16,1.55,198.1,84.05,2024-06-11 10:00:00,758.83,22.39,51.16,75883.0,10,1,6,163,630.0,72645.0,True
2024,6,11,11,901.6,765.0,389.3,321.61,0.64,25.0,23.99,11.87,17.93,10.35,46.53,0.16,1.04,179.4,83.97,2024-06-11 11:00:00,765.0,23.99,46.53,76500.0,11,1,6,163,12630.0,54670.00000000001,True
2024,6,11,12,866.28,768.67,450.7,314.1,0.66,28.49,25.18,11.77,18.48,10.3,43.08,0.15,0.99,148.2,83.88,2024-06-11 12:00:00,768.67,25.18,43.08,76867.0,12,1,6,163,33510.0,33420.0,True
2024,6,11,13,756.58,636.55,503.94,209.9,0.61,37.72,25.54,11.47,18.5,10.1,41.32,0.12,1.27,123.4,83.81,2024-06-11 13:00:00,636.55,25.54,41.32,63654.99999999999,13,1,6,163,54703.0,13475.0,True
2024,6,11,14,585.9,505.65,410.26,215.24,0.59,49.57,25.57,11.28,18.43,9.98,40.74,0.11,1.68,113.5,83.76,2024-06-11 14:00:00,505.65,25.57,40.74,50565.0,14,1,6,163,71805.0,861.9999999999999,True
2024,6,11,15,372.23,299.45,280.06,190.09,0.49,62.54,24.75,11.14,17.95,9.89,42.39,0.05,2.18,111.5,83.76,2024-06-11 15:00:00,299.45,24.75,42.39,29945.0,15,1,6,163,84058.0,585.0,True
2024,6,11,16,153.88,122.1,119.68,86.66,0.38,76.02,23.29,11.53,17.41,10.15,47.5,0.03,2.61,116.2,83.79,2024-06-11 16:00:00,122.1,23.29,47.5,12210.0,16,1,6,163,87585.0,8228.0,True
2024,6,11,17,11.23,8.02,3.58,10.81,0.19,88.13,20.54,14.06,17.3,11.99,66.32,0.02,2.1,122.6,83.82,2024-06-11 17:00:00,8.02,20.54,66.32,802.0,17,1,6,163,78647.0,19498.0,True
2024,6,12,5,6.18,5.72,2.59,9.07,0.23,88.94,11.82,11.56,11.69,10.14,98.16,0.18,0.88,225.5,83.99,2024-06-12 05:00:00,5.72,11.82,98.16,572.0,5,2,6,164,63810.0,32867.0,True
2024,6,12,6,135.6,123.72,156.55,88.34,0.44,77.78,13.74,11.92,12.83,10.38,88.66,0.08,1.8,240.7,84.06,2024-06-12 06:00:00,123.72,13.74,88.66,12372.0,6,2,6,164,45498.0,48610.0,True
2024,6,12,7,358.98,319.92,465.41,125.1,0.56,64.27,16.96,11.83,14.4,10.31,71.66,0.02,2.61,230.4,84.11,2024-06-12 07:00:00,319.92,16.96,71.66,31992.0,7,2,6,164,26917.0,59472.0,True
2024,6,12,8,575.85,519.58,539.47,189.04,0.63,51.22,19.9,11.78,15.84,10.28,59.43,0.01,2.92,220.3,84.12,2024-06-12 08:00:00,519.58,19.9,59.43,51958.00000000001,8,2,6,164,10760.0,69538.0,True
2024,6,12,9,748.95,608.1,359.74,280.19,0.59,39.18,22.27,11.83,17.05,10.31,51.51,0.01,2.88,211.4,84.1,2024-06-12 09:00:00,608.1,22.27,51.51,60810.0,9,2,6,164,728.0,73767.0,True
2024,6,12,10,860.8,694.55,306.76,321.94,0.6,29.48,24.08,11.8,17.94,10.3,46.09,0.01,2.67,204.8,84.03,2024-06-12 10:00:00,694.55,24.08,46.09,69455.0,10,2,6,164,628.0,69312.0,True
2024,6,12,11,890.47,749.78,340.88,329.19,0.63,25.07,25.25,11.74,18.49,10.27,42.82,0.04,2.23,199.7,83.95,2024-06-12 11:00:00,749.78,25.25,42.82,74978.0,11,2,6,164,10025.0,56704.99999999999,True
2024,6,12,12,856.97,717.9,415.22,307.97,0.62,28.51,25.89,11.73,18.81,10.28,41.22,0.09,1.68,188.9,83.86,2024-06-12 12:00:00,717.9,25.89,41.22,71790.0,12,2,6,164,22680.0,36773.0,True
2024,6,12,13,751.4,662.58,466.35,229.93,0.63,37.72,25.95,11.61,18.78,10.2,40.71,0.15,1.28,165.5,83.78,2024-06-12 13:00:00,662.58,25.95,40.71,66258.0,13,2,6,164,36560.0,15757.0,True
2024,6,12,14,584.45,529.83,457.55,214.69,0.62,49.55,25.61,11.47,18.54,10.11,41.15,0.2,1.3,138.7,83.74,2024-06-12 14:00:00,529.83,25.61,41.15,52983.00000000001,14,2,6,164,45252.0,1010.0,True
2024,6,12,15,373.95,343.55,331.82,193.37,0.56,62.51,24.59,11.48,18.04,10.12,43.78,0.1,1.65,127.8,83.74,2024-06-12 15:00:00,343.55,24.59,43.78,34355.0,15,2,6,164,56000.0,607.0,True
2024,6,12,16,154.27,145.07,175.74,92.94,0.45,75.98,23.42,12.1,17.76,10.55,48.97,0.03,1.79,128.2,83.77,2024-06-12 16:00:00,145.07,23.42,48.97,14507.0,16,2,6,164,68625.0,7255.0,True
2024,6,12,17,11.27,10.95,3.43,13.17,0.25,88.11,20.93,15.25,18.09,12.96,69.94,0.01,1.67,125.0,83.82,2024-06-12 17:00:00,10.95,20.93,69.94,1095.0,17,2,6,164,70605.0,18607.0,True
2024,6,13,5,5.88,5.85,0.64,7.93,0.24,88.96,11.17,9.8,10.48,9.01,91.1,0.0,1.52,321.9,83.97,2024-06-13 05:00:00,5.85,11.17,91.1,585.0,5,3,6,165,66408.0,28417.0,True
2024,6,13,6,126.15,124.03,167.23,81.35,0.45,77.83,13.61,10.2,11.9,9.25,79.71,0.0,2.48,288.8,84.03,2024-06-13 06:00:00,124.03,13.61,79.71,12403.0,6,3,6,165,53808.00000000001,50890.0,True
2024,6,13,7,342.77,328.75,346.49,177.43,0.57,64.33,17.13,10.56,13.85,9.47,65.13,0.0,3.21,262.9,84.1,2024-06-13 07:00:00,328.75,17.13,65.13,32875.0,7,3,6,165,33783.0,69022.0,True
2024,6,13,8,559.9,533.95,446.36,236.11,0.65,51.28,20.05,11.32,15.68,9.96,57.06,0.0,3.2,249.3,84.12,2024-06-13 08:00:00,533.95,20.05,57.06,53395.00000000001,8,3,6,165,14277.000000000002,77788.0,True
2024,6,13,9,736.05,676.62,438.03,260.94,0.66,39.25,22.46,11.66,17.06,10.19,50.33,0.0,2.48,239.2,84.1,2024-06-13 09:00:00,676.62,22.46,50.33,67662.0,9,3,6,165,955.0000000000001,67797.0,True
2024,6,13,10,851.1,806.25,440.42,349.04,0.7,29.55,24.88,11.41,18.14,10.03,42.79,0.0,1.76,232.2,84.03,2024-06-13 10:00:00,806.25,24.88,42.79,80625.0,10,3,6,165,580.0,65680.0,True
2024,6,13,11,924.17,889.97,617.75,259.52,0.74,25.12,26.47,11.03,18.75,9.79,37.98,0.0,1.12,236.3,83.94,2024-06-13 11:00:00,889.97,26.47,37.98,88997.0,11,3,6,165,7603.0,52190.0,True
2024,6,13,12,891.17,876.83,642.67,269.33,0.76,28.54,27.48,10.68,19.08,9.58,34.99,0.0,0.35,239.0,83.85,2024-06-13 12:00:00,876.83,27.48,34.99,87683.0,12,3,6,165,15982.0,30267.0,True
2024,6,13,13,788.72,770.62,700.25,201.19,0.74,37.71,28.01,10.35,19.18,9.39,33.22,0.0,0.56,70.3,83.76,2024-06-13 13:00:00,770.62,28.01,33.22,77062.0,13,3,6,165,24862.0,12253.0,True
2024,6,13,14,623.45,595.17,391.57,276.66,0.69,49.53,27.56,10.01,18.79,9.18,33.32,0.0,1.46,69.1,83.71,2024-06-13 14:00:00,595.17,27.56,33.32,59516.99999999999,14,3,6,165,31898.0,712.0,True
2024,6,13,15,410.48,376.85,580.16,125.97,0.62,62.48,26.29,9.91,18.1,9.11,35.63,0.02,2.18,71.2,83.7,2024-06-13 15:00:00,376.85,26.29,35.63,37685.0,15,3,6,165,45785.0,730.0,True
2024,6,13,16,179.95,165.45,290.11,105.96,0.52,75.94,24.75,11.16,17.95,9.92,42.5,0.01,2.33,74.6,83.73,2024-06-13 16:00:00,165.45,24.75,42.5,16545.0,16,3,6,165,49800.0,12285.0,True
2024,6,13,17,13.05,11.75,20.52,11.75,0.27,88.09,21.53,14.19,17.86,12.11,62.99,0.01,2.24,78.7,83.77,2024-06-13 17:00:00,11.75,21.53,62.99,1175.0,17,3,6,165,56362.0,29425.0,True
2024,6,14,5,6.38,5.65,6.44,8.79,0.24,88.98,11.95,11.0,11.48,9.77,93.77,0.0,1.61,45.5,83.97,2024-06-14 05:00:00,5.65,11.95,93.77,565.0,5,4,6,166,60253.0,47783.0,True
2024,6,14,6,144.68,138.32,281.73,73.85,0.5,77.89,14.01,10.98,12.49,9.75,81.82,0.0,2.18,46.9,84.02,2024-06-14 06:00:00,138.32,14.01,81.82,13832.0,6,4,6,166,45412.0,60141.99999999999,True
2024,6,14,7,373.65,358.55,534.61,128.54,0.63,64.39,17.53,11.25,14.39,9.92,66.48,0.0,1.38,74.9,84.07,2024-06-14 07:00:00,358.55,17.53,66.48,35855.0,7,4,6,166,28688.0,73555.0,True
2024,6,14,8,590.08,572.2,595.84,164.18,0.69,51.35,20.99,11.72,16.35,10.23,55.26,0.0,0.77,113.9,84.07,2024-06-14 08:00:00,572.2,20.99,55.26,57220.00000000001,8,4,6,166,11565.0,72188.0,True
2024,6,14,9,762.35,761.58,739.22,171.51,0.75,39.31,23.44,11.93,17.68,10.39,48.32,0.0,0.59,146.0,84.04,2024-06-14 09:00:00,761.58,23.44,48.32,76158.0,9,4,6,166,815.0,73150.0,True
2024,6,14,10,873.67,867.88,722.65,179.13,0.76,29.62,25.4,11.85,18.62,10.33,42.69,0.0,0.59,180.0,83.97,2024-06-14 10:00:00,867.88,25.4,42.69,86788.0,10,4,6,166,565.0,70667.0,True
2024,6,14,11,910.72,895.05,677.65,253.22,0.75,25.17,26.86,11.54,19.2,10.14,38.41,0.0,0.75,207.9,83.89,2024-06-14 11:00:00,895.05,26.86,38.41,89505.0,11,4,6,166,9812.0,53390.0,True
2024,6,14,12,877.25,794.22,588.42,229.69,0.68,28.55,27.42,11.05,19.23,9.83,36.0,0.01,0.88,226.4,83.8,2024-06-14 12:00:00,794.22,27.42,36.0,79422.0,12,4,6,166,23357.0,31827.0,True
2024,6,14,13,775.5,689.75,480.55,268.52,0.66,37.7,27.87,10.7,19.29,9.61,34.25,0.07,0.95,236.6,83.71,2024-06-14 13:00:00,689.75,27.87,34.25,68975.0,13,4,6,166,37975.0,13007.0,True
2024,6,14,14,611.03,526.2,508.33,197.83,0.61,49.51,27.48,10.46,18.97,9.46,34.47,0.1,0.91,237.5,83.65,2024-06-14 14:00:00,526.2,27.48,34.47,52620.00000000001,14,4,6,166,51148.0,860.0,True
2024,6,14,15,399.0,315.83,415.16,151.21,0.52,62.44,26.56,10.41,18.48,9.43,36.26,0.14,0.69,214.4,83.64,2024-06-14 15:00:00,315.83,26.56,36.26,31583.0,15,4,6,166,62558.00000000001,755.0,True
2024,6,14,16,171.65,131.65,221.87,76.02,0.41,75.9,25.1,11.47,18.28,10.13,42.47,0.07,0.7,157.4,83.66,2024-06-14 16:00:00,131.65,25.1,42.47,13165.0,16,4,6,166,72040.0,12993.0,True
2024,6,14,17,12.6,9.18,11.15,13.04,0.21,88.06,22.58,15.62,19.1,13.37,65.12,0.06,1.26,124.7,83.7,2024-06-14 17:00:00,9.18,22.58,65.12,918.0,17,4,6,166,74322.0,32242.0,True
2024,6,15,5,6.05,5.85,5.15,7.97,0.25,89.0,13.06,11.7,12.38,10.25,91.27,0.06,1.65,47.7,83.82,2024-06-15 05:00:00,5.85,13.06,91.27,585.0,5,5,6,167,69440.0,53212.0,True
2024,6,15,6,141.82,138.07,265.76,69.1,0.5,77.94,14.43,11.41,12.92,10.06,81.99,0.08,2.22,47.2,83.86,2024-06-15 06:00:00,138.07,14.43,81.99,13807.0,6,5,6,167,54228.0,63503.0,True
2024,6,15,7,368.88,358.1,534.25,128.72,0.63,64.44,17.34,11.57,14.46,10.16,68.77,0.02,1.35,58.9,83.91,2024-06-15 07:00:00,358.1,17.34,68.77,35810.0,7,5,6,167,33273.0,72775.0,True
2024,6,15,8,584.6,584.12,699.03,127.19,0.71,51.41,21.06,11.77,16.42,10.29,55.23,0.01,0.21,37.4,83.91,2024-06-15 08:00:00,584.12,21.06,55.23,58412.0,8,5,6,167,13397.999999999998,75258.0,True
2024,6,15,9,755.85,735.6,602.37,236.02,0.72,39.38,23.68,11.99,17.83,10.44,47.75,0.03,0.4,280.2,83.86,2024-06-15 09:00:00,735.6,23.68,47.75,73560.0,9,5,6,167,898.0,65903.0,True
2024,6,15,10,867.03,794.62,490.18,299.18,0.69,29.68,25.31,11.94,18.62,10.42,43.2,0.04,0.76,265.5,83.79,2024-06-15 10:00:00,794.62,25.31,43.2,79462.0,10,5,6,167,432.0,67722.0,True
2024,6,15,11,891.58,763.12,402.24,311.83,0.64,25.21,26.23,11.89,19.06,10.41,40.82,0.06,1.04,260.6,83.7,2024-06-15 11:00:00,763.12,26.23,40.82,76312.0,11,5,6,167,6175.0,51508.00000000001,True
2024,6,15,12,857.2,688.0,496.61,224.21,0.59,28.56,26.83,11.96,19.4,10.46,39.55,0.12,1.13,259.3,83.61,2024-06-15 12:00:00,688.0,26.83,39.55,68800.0,12,5,6,167,17752.0,30792.0,True
2024,6,15,13,752.47,648.75,422.88,259.79,0.62,37.69,26.88,12.02,19.45,10.51,39.59,0.23,0.82,246.9,83.53,2024-06-15 13:00:00,648.75,26.88,39.59,64875.0,13,5,6,167,30148.0,12380.0,True
2024,6,15,14,585.03,509.23,464.88,209.85,0.59,49.48,25.94,12.17,19.05,10.62,42.26,0.49,0.57,184.0,83.49,2024-06-15 14:00:00,509.23,25.94,42.26,50923.0,14,5,6,167,45483.0,819.9999999999999,True
2024,6,15,15,376.42,296.48,281.54,179.88,0.49,62.41,24.64,12.6,18.62,10.92,46.94,0.55,1.36,135.6,83.51,2024-06-15 15:00:00,296.48,24.64,46.94,29648.0,15,5,6,167,58538.0,643.0,True
2024,6,15,16,156.7,122.22,201.11,82.54,0.38,75.85,22.87,13.3,18.08,11.43,54.68,0.7,2.35,122.1,83.57,2024-06-15 16:00:00,122.22,22.87,54.68,12222.0,16,5,6,167,66630.0,11878.0,True
2024,6,15,17,11.65,9.2,6.08,12.29,0.2,88.04,20.78,14.77,17.78,12.58,68.39,1.02,2.22,114.7,83.65,2024-06-15 17:00:00,9.2,20.78,68.39,919.9999999999999,17,5,6,167,67067.0,30812.0,True
2024,6,16,5,5.47,3.8,1.41,6.14,0.17,89.02,14.45,12.38,13.42,10.74,87.31,1.69,0.48,68.2,83.79,2024-06-16 05:00:00,3.8,14.45,87.31,380.0,5,6,6,168,64233.00000000001,52785.0,True
2024,6,16,6,126.78,83.45,42.06,59.13,0.3,78.0,15.01,12.22,13.61,10.61,83.24,1.64,0.66,183.5,83.84,2024-06-16 06:00:00,83.45,15.01,83.24,8345.0,6,6,6,168,47642.0,68240.0,True
2024,6,16,7,344.62,244.65,255.91,145.33,0.43,64.5,16.36,12.32,14.34,10.67,76.83,1.66,1.52,198.8,83.9,2024-06-16 07:00:00,244.65,16.36,76.83,24465.0,7,6,6,168,24820.0,81247.0,True
2024,6,16,8,559.05,422.3,303.17,205.61,0.51,51.47,18.41,12.49,15.45,10.79,68.26,1.6,2.05,201.4,83.91,2024-06-16 08:00:00,422.3,18.41,68.26,42230.0,8,6,6,168,10053.0,85758.0,True
2024,6,16,9,731.65,663.85,523.83,218.28,0.65,39.44,21.15,12.56,16.86,10.85,57.88,1.31,2.55,203.3,83.88,2024-06-16 09:00:00,663.85,21.15,57.88,66385.0,9,6,6,168,670.0,82925.0,True
2024,6,16,10,843.3,823.0,522.9,309.94,0.72,29.74,23.57,12.63,18.1,10.91,50.19,1.06,2.9,208.4,83.81,2024-06-16 10:00:00,823.0,23.57,50.19,82300.0,10,6,6,168,254.99999999999997,67667.0,True
2024,6,16,11,877.62,821.05,503.93,290.52,0.69,25.25,24.96,12.65,18.81,10.94,46.25,1.07,2.98,213.8,83.72,2024-06-16 11:00:00,821.05,24.96,46.25,82105.0,11,6,6,168,2840.0,52728.0,True
2024,6,16,12,842.88,701.9,461.45,232.85,0.61,28.57,25.43,12.66,19.04,10.96,45.02,1.36,2.79,215.5,83.63,2024-06-16 12:00:00,701.9,25.43,45.02,70190.0,12,6,6,168,9728.0,31075.0,True
2024,6,16,13,738.55,613.08,400.64,254.53,0.59,37.67,25.28,12.75,19.02,11.02,45.63,1.65,2.39,213.6,83.57,2024-06-16 13:00:00,613.08,25.28,45.63,61308.00000000001,13,6,6,168,16585.0,12610.0,True
2024,6,16,14,563.33,451.45,299.47,245.61,0.53,49.45,24.6,12.84,18.72,11.09,47.8,1.68,1.84,208.2,83.54,2024-06-16 14:00:00,451.45,24.6,47.8,45145.0,14,6,6,168,30038.0,843.0,True
2024,6,16,15,366.0,276.55,240.45,149.49,0.45,62.37,23.73,12.99,18.36,11.2,50.87,1.19,1.46,188.3,83.56,2024-06-16 15:00:00,276.55,23.73,50.87,27655.0,15,6,6,168,36160.0,655.0,True
2024,6,16,16,153.27,114.22,118.42,91.63,0.35,75.81,22.53,13.5,18.02,11.58,56.58,0.66,1.24,163.2,83.62,2024-06-16 16:00:00,114.22,22.53,56.58,11422.0,16,6,6,168,38192.0,9690.0,True
2024,6,16,17,11.3,7.9,2.55,10.2,0.17,88.01,20.8,16.3,18.55,13.91,75.49,0.71,1.03,134.2,83.67,2024-06-16 17:00:00,7.9,20.8,75.49,790.0,17,6,6,168,40177.0,24525.0,True
2024,6,17,5,5.3,5.0,2.16,7.47,0.23,89.04,12.49,11.61,12.05,10.17,94.17,0.03,0.93,29.6,83.97,2024-06-17 05:00:00,5.0,12.49,94.17,500.0,5,0,6,169,30895.0,41358.0,True
2024,6,17,6,123.07,109.07,119.12,79.63,0.4,78.05,14.29,11.34,12.82,9.98,82.24,0.01,1.28,308.0,84.02,2024-06-17 06:00:00,109.07,14.29,82.24,10907.0,6,0,6,169,26492.0,52516.99999999999,True
2024,6,17,7,340.0,286.2,326.29,141.97,0.51,64.55,17.45,11.4,14.43,10.02,67.49,0.01,2.74,257.1,84.07,2024-06-17 07:00:00,286.2,17.45,67.49,28620.0,7,0,6,169,17265.0,68778.0,True
2024,6,17,8,552.1,461.77,448.08,180.24,0.56,51.52,20.38,11.72,16.05,10.24,57.42,0.05,3.91,243.2,84.06,2024-06-17 08:00:00,461.77,20.38,57.42,46177.0,8,0,6,169,6834.999999999999,79490.0,True
2024,6,17,9,721.55,540.33,239.83,279.84,0.53,39.49,22.71,12.02,17.37,10.45,50.78,0.11,4.28,235.8,84.01,2024-06-17 09:00:00,540.33,22.71,50.78,54033.00000000001,9,0,6,169,568.0,81270.0,True
2024,6,17,10,832.95,649.38,225.42,357.46,0.57,29.79,24.67,12.1,18.38,10.51,45.35,0.09,4.3,229.2,83.95,2024-06-17 10:00:00,649.38,24.67,45.35,64938.0,10,0,6,169,365.0,63054.99999999999,True
2024,6,17,11,901.58,839.8,487.24,314.59,0.7,25.28,25.94,12.07,19.01,10.51,42.01,0.05,4.16,224.7,83.87,2024-06-17 11:00:00,839.8,25.94,42.01,83980.0,11,0,6,169,9285.0,53154.99999999999,True
2024,6,17,12,874.35,860.6,669.13,240.35,0.74,28.57,26.64,11.75,19.2,10.3,39.48,0.04,3.74,220.3,83.81,2024-06-17 12:00:00,860.6,26.64,39.48,86060.0,12,0,6,169,27098.0,31175.0,True
2024,6,17,13,774.1,756.75,633.45,239.15,0.72,37.65,26.83,11.3,19.07,10.0,37.88,0.04,3.21,216.0,83.75,2024-06-17 13:00:00,756.75,26.83,37.88,75675.0,13,0,6,169,50348.0,13005.000000000002,True
2024,6,17,14,610.03,599.55,600.98,198.59,0.7,49.41,26.51,10.91,18.71,9.75,37.63,0.09,2.68,210.5,83.71,2024-06-17 14:00:00,599.55,26.51,37.63,59954.99999999999,14,0,6,169,62279.99999999999,894.9999999999999,True
2024,6,17,15,397.23,379.33,457.82,138.68,0.62,62.33,25.72,10.81,18.26,9.68,39.14,0.06,2.25,206.5,83.71,2024-06-17 15:00:00,379.33,25.72,39.14,37933.0,15,0,6,169,74112.0,630.0,True
2024,6,17,16,172.75,161.7,303.83,91.27,0.5,75.76,24.35,11.58,17.96,10.2,44.76,0.02,1.81,204.2,83.74,2024-06-17 16:00:00,161.7,24.35,44.76,16169.999999999998,16,0,6,169,72172.0,12107.0,True
2024,6,17,17,13.35,12.55,20.82,14.15,0.27,87.99,21.97,15.46,18.71,13.18,66.69,0.02,1.29,205.8,83.77,2024-06-17 17:00:00,12.55,21.97,66.69,1255.0,17,0,6,169,61565.0,31292.0,True
2024,6,18,5,5.9,5.88,12.13,11.79,0.27,89.06,12.94,9.43,11.18,8.8,79.09,0.0,0.61,17.2,83.87,2024-06-18 05:00:00,5.88,12.94,79.09,588.0,5,1,6,170,53847.0,51225.0,True
2024,6,18,6,143.07,138.25,264.76,72.53,0.51,78.1,14.28,9.96,12.12,9.12,75.16,0.0,0.93,319.8,83.93,2024-06-18 06:00:00,138.25,14.28,75.16,13825.0,6,1,6,170,41160.0,69708.0,True
2024,6,18,7,374.05,364.27,494.22,138.84,0.64,64.61,18.29,9.6,13.94,8.89,56.78,0.0,1.08,191.2,83.99,2024-06-18 07:00:00,364.27,18.29,56.78,36427.0,7,1,6,170,25323.0,80228.0,True
2024,6,18,8,596.22,585.12,701.43,135.75,0.71,51.58,21.66,9.5,15.58,8.83,45.78,0.0,2.1,164.0,84.0,2024-06-18 08:00:00,585.12,21.66,45.78,58512.0,8,1,6,170,10665.0,81088.0,True
2024,6,18,9,770.28,758.17,714.25,175.02,0.75,39.55,23.88,9.44,16.66,8.8,39.86,0.0,2.51,158.5,83.97,2024-06-18 09:00:00,758.17,23.88,39.86,75817.0,9,1,6,170,795.0,72483.0,True
2024,6,18,10,883.75,845.4,641.34,248.28,0.74,29.83,25.7,9.1,17.4,8.61,34.96,0.0,2.68,155.3,83.9,2024-06-18 10:00:00,845.4,25.7,34.96,84540.0,10,1,6,170,518.0,64785.0,True
2024,6,18,11,907.7,827.9,472.62,316.58,0.69,25.3,27.13,8.55,17.84,8.3,30.96,0.0,2.67,150.7,83.83,2024-06-18 11:00:00,827.9,27.13,30.96,82790.0,11,1,6,170,10590.0,48810.0,True
2024,6,18,12,877.58,772.55,491.39,285.06,0.67,28.56,28.02,8.08,18.05,8.05,28.48,0.0,2.65,142.7,83.75,2024-06-18 12:00:00,772.55,28.02,28.48,77255.0,12,1,6,170,26558.0,29552.0,True
2024,6,18,13,774.4,604.1,526.74,178.6,0.58,37.62,28.32,7.87,18.1,7.94,27.58,0.01,2.78,133.4,83.67,2024-06-18 13:00:00,604.1,28.32,27.58,60410.0,13,1,6,170,42648.0,11297.0,True
2024,6,18,14,610.28,529.17,383.4,225.72,0.62,49.37,28.03,7.87,17.95,7.94,28.04,0.03,3.1,124.1,83.63,2024-06-18 14:00:00,529.17,28.03,28.04,52916.99999999999,14,1,6,170,64247.0,680.0,True
2024,6,18,15,399.2,341.6,380.54,160.58,0.56,62.28,27.11,7.99,17.55,8.0,29.81,0.08,3.66,115.7,83.64,2024-06-18 15:00:00,341.6,27.11,29.81,34160.0,15,1,6,170,75883.0,630.0,True
2024,6,18,16,173.02,149.15,230.08,76.41,0.46,75.72,25.16,8.89,17.02,8.51,35.6,0.04,4.18,109.9,83.7,2024-06-18 16:00:00,149.15,25.16,35.6,14915.0,16,1,6,170,76500.0,12630.0,True
2024,6,18,17,13.38,11.23,13.28,13.37,0.24,87.96,21.94,11.68,16.81,10.25,52.05,0.06,3.74,106.8,83.77,2024-06-18 17:00:00,11.23,21.94,52.05,1123.0,17,1,6,170,76867.0,33510.0,True
2024,6,19,5,5.47,5.12,3.81,7.29,0.24,89.08,13.9,13.69,13.8,11.68,98.47,0.16,1.8,109.1,83.9,2024-06-19 05:00:00,5.12,13.9,98.47,512.0,5,2,6,171,63654.99999999999,54703.0,True
2024,6,19,6,134.75,112.93,160.77,81.49,0.42,78.15,15.66,13.84,14.75,11.78,88.72,0.05,2.99,113.5,83.97,2024-06-19 06:00:00,112.93,15.66,88.72,11293.0,6,2,6,171,50565.0,71805.0,True
2024,6,19,7,359.8,288.6,275.13,160.95,0.51,64.66,18.5,13.83,16.17,11.77,74.1,0.01,3.97,128.1,84.03,2024-06-19 07:00:00,288.6,18.5,74.1,28860.000000000004,7,2,6,171,29945.0,84058.0,True
2024,6,19,8,576.65,463.33,324.89,220.96,0.57,51.63,21.24,13.39,17.32,11.43,60.73,0.13,4.4,130.9,84.04,2024-06-19 08:00:00,463.33,21.24,60.73,46333.0,8,2,6,171,12210.0,87585.0,True
2024,6,19,9,751.35,606.88,391.61,272.56,0.6,39.59,23.31,13.01,18.16,11.15,52.22,0.51,4.67,130.9,84.0,2024-06-19 09:00:00,606.88,23.31,52.22,60688.0,9,2,6,171,802.0,78647.0,True
2024,6,19,10,863.67,731.92,319.76,360.84,0.64,29.87,24.82,12.82,18.82,11.03,47.14,0.91,4.92,130.9,83.92,2024-06-19 10:00:00,731.92,24.82,47.14,73192.0,10,2,6,171,572.0,63810.0,True
2024,6,19,11,900.9,810.22,548.17,278.03,0.68,25.32,25.83,12.7,19.27,10.95,44.03,1.28,5.05,130.3,83.84,2024-06-19 11:00:00,810.22,25.83,44.03,81022.0,11,2,6,171,12372.0,45498.0,True
2024,6,19,12,868.6,722.35,564.33,204.3,0.62,28.54,26.41,12.55,19.48,10.85,42.12,2.34,5.08,127.6,83.77,2024-06-19 12:00:00,722.35,26.41,42.12,72235.0,12,2,6,171,31992.0,26917.0,True
2024,6,19,13,766.0,676.3,500.98,244.83,0.65,37.59,26.38,12.39,19.39,10.74,41.74,3.36,5.17,123.9,83.71,2024-06-19 13:00:00,676.3,26.38,41.74,67630.0,13,2,6,171,51958.00000000001,10760.0,True
2024,6,19,14,601.58,523.75,421.61,200.66,0.61,49.33,25.51,12.28,18.9,10.68,43.68,3.46,5.44,119.5,83.67,2024-06-19 14:00:00,523.75,25.51,43.68,52375.0,14,2,6,171,60810.0,728.0,True
2024,6,19,15,389.67,320.62,282.17,166.62,0.52,62.24,23.54,12.65,18.1,10.93,50.31,3.22,5.83,117.1,83.71,2024-06-19 15:00:00,320.62,23.54,50.31,32062.0,15,2,6,171,69455.0,628.0,True
2024,6,19,16,167.38,134.95,145.91,127.93,0.41,75.67,21.38,13.49,17.43,11.54,60.62,2.29,6.19,116.1,83.8,2024-06-19 16:00:00,134.95,21.38,60.62,13494.999999999998,16,2,6,171,74978.0,10025.0,True
2024,6,19,17,12.95,10.02,9.26,14.47,0.21,87.93,19.23,14.35,16.79,12.2,73.23,0.89,5.35,114.9,83.88,2024-06-19 17:00:00,10.02,19.23,73.23,1002.0,17,2,6,171,71790.0,22680.0,True
2024,6,20,5,5.45,3.92,0.0,5.34,0.19,89.1,12.97,12.6,12.78,10.85,97.44,0.36,1.91,94.2,84.07,2024-06-20 05:00:00,3.92,12.97,97.44,392.0,5,3,6,172,66258.0,36560.0,True
2024,6,20,6,139.02,60.6,39.42,57.13,0.22,78.2,14.65,13.16,13.9,11.25,90.6,0.38,3.28,111.9,84.11,2024-06-20 06:00:00,60.6,14.65,90.6,6060.0,6,3,6,172,52983.00000000001,45252.0,True
2024,6,20,7,369.38,175.7,99.5,132.02,0.31,64.71,17.13,13.06,15.1,11.18,76.87,0.41,5.0,129.3,84.15,2024-06-20 07:00:00,175.7,17.13,76.87,17570.0,7,3,6,172,34355.0,56000.0,True
2024,6,20,8,587.78,315.17,162.25,155.79,0.39,51.68,20.14,12.3,16.22,10.63,60.55,0.39,5.8,131.2,84.15,2024-06-20 08:00:00,315.17,20.14,60.55,31517.0,8,3,6,172,14507.0,68625.0,True
2024,6,20,9,760.58,415.3,79.72,298.0,0.41,39.64,22.2,12.31,17.26,10.64,53.39,0.77,6.15,129.4,84.12,2024-06-20 09:00:00,415.3,22.2,53.39,41530.0,9,3,6,172,1095.0,70605.0,True
2024,6,20,10,872.2,459.02,53.01,330.62,0.4,29.9,22.79,12.4,17.6,10.7,51.76,1.2,6.31,126.9,84.06,2024-06-20 10:00:00,459.02,22.79,51.76,45902.0,10,3,6,172,585.0,66408.0,True
2024,6,20,11,901.2,459.58,7.5,330.83,0.39,25.33,22.25,12.48,17.36,10.77,53.8,2.28,6.38,124.6,84.01,2024-06-20 11:00:00,459.58,22.25,53.8,45958.0,11,3,6,172,12403.0,53808.00000000001,True
2024,6,20,12,869.17,389.08,206.1,174.63,0.34,28.53,21.56,12.69,17.12,10.93,56.92,5.39,6.2,122.8,83.96,2024-06-20 12:00:00,389.08,21.56,56.92,38908.0,12,3,6,172,32875.0,33783.0,True
2024,6,20,13,766.92,388.12,158.72,197.09,0.37,37.56,21.2,12.85,17.02,11.04,58.74,8.28,5.92,122.5,83.92,2024-06-20 13:00:00,388.12,21.2,58.74,38812.0,13,3,6,172,53395.00000000001,14277.000000000002,True
2024,6,20,14,603.92,353.98,128.83,225.59,0.41,49.29,21.05,12.87,16.96,11.06,59.37,7.13,5.66,122.4,83.9,2024-06-20 14:00:00,353.98,21.05,59.37,35398.0,14,3,6,172,67662.0,955.0000000000001,True
2024,6,20,15,394.62,220.73,217.76,134.91,0.36,62.19,20.45,12.84,16.65,11.05,61.56,5.12,5.37,120.3,83.91,2024-06-20 15:00:00,220.73,20.45,61.56,22073.0,15,3,6,172,80625.0,580.0,True
2024,6,20,16,171.23,94.9,45.81,58.56,0.29,75.62,19.26,12.97,16.11,11.14,66.83,1.64,4.86,116.9,83.93,2024-06-20 16:00:00,94.9,19.26,66.83,9490.0,16,3,6,172,88997.0,7603.0,True
2024,6,20,17,13.5,9.65,9.18,11.6,0.2,87.91,17.43,13.59,15.51,11.59,78.0,0.2,3.22,112.7,83.97,2024-06-20 17:00:00,9.65,17.43,78.0,965.0,17,3,6,172,87683.0,15982.0,True
2024,6,21,5,5.47,4.4,8.05,7.47,0.22,89.11,12.79,12.73,12.76,10.94,99.4,0.65,2.42,108.6,84.06,2024-06-21 05:00:00,4.4,12.79,99.4,440.00000000000006,5,4,6,173,77062.0,24862.0,True
2024,6,21,6,140.12,81.6,128.72,57.53,0.3,78.25,14.07,13.1,13.58,11.2,93.65,0.38,3.82,109.4,84.11,2024-06-21 06:00:00,81.6,14.07,93.65,8159.999999999999,6,4,6,173,59516.99999999999,31898.0,True
2024,6,21,7,368.2,232.68,246.54,137.29,0.41,64.76,16.15,13.01,14.58,11.14,81.53,0.12,4.56,122.1,84.16,2024-06-21 07:00:00,232.68,16.15,81.53,23268.0,7,4,6,173,37685.0,45785.0,True
2024,6,21,8,585.05,395.1,278.19,222.53,0.48,51.72,19.42,11.53,15.48,10.11,60.25,0.1,4.67,130.5,84.16,2024-06-21 08:00:00,395.1,19.42,60.25,39510.0,8,4,6,173,16545.0,49800.0,True
2024,6,21,9,759.0,567.67,344.39,228.83,0.56,39.68,22.17,10.39,16.28,9.36,47.09,0.1,4.58,133.6,84.12,2024-06-21 09:00:00,567.67,22.17,47.09,56766.99999999999,9,4,6,173,1175.0,56362.0,True
2024,6,21,10,872.75,661.42,348.27,306.57,0.58,29.93,24.21,9.65,16.93,8.91,39.61,0.05,4.65,135.2,84.05,2024-06-21 10:00:00,661.42,24.21,39.61,66142.0,10,4,6,173,565.0,60253.0,True
2024,6,21,11,925.55,678.83,263.63,313.6,0.57,25.33,25.65,9.13,17.39,8.61,35.09,0.01,4.77,136.3,83.97,2024-06-21 11:00:00,678.83,25.65,35.09,67883.0,11,4,6,173,13832.0,45412.0,True
2024,6,21,12,895.35,581.78,413.74,238.68,0.5,28.5,26.49,8.91,17.7,8.5,32.94,0.01,4.94,135.8,83.9,2024-06-21 12:00:00,581.78,26.49,32.94,58178.0,12,4,6,173,35855.0,28688.0,True
2024,6,21,13,795.2,503.85,81.29,290.94,0.48,37.52,26.68,8.81,17.74,8.45,32.36,0.0,5.17,134.0,83.83,2024-06-21 13:00:00,503.85,26.68,32.36,50385.0,13,4,6,173,57220.00000000001,11565.0,True
2024,6,21,14,633.62,376.38,165.94,210.9,0.44,49.25,26.26,8.82,17.54,8.45,33.15,0.0,5.53,130.5,83.79,2024-06-21 14:00:00,376.38,26.26,33.15,37638.0,14,4,6,173,76158.0,815.0,True
2024,6,21,15,423.1,254.55,327.67,130.96,0.41,62.14,25.0,9.01,17.01,8.56,36.19,0.0,5.93,126.5,83.8,2024-06-21 15:00:00,254.55,25.0,36.19,25455.0,15,4,6,173,86788.0,565.0,True
2024,6,21,16,191.38,113.78,235.16,82.08,0.35,75.57,22.93,9.68,16.3,8.96,42.91,0.0,6.08,123.2,83.84,2024-06-21 16:00:00,113.78,22.93,42.91,11378.0,16,4,6,173,89505.0,9812.0,True
2024,6,21,17,15.57,11.35,43.42,11.83,0.23,87.88,19.93,10.89,15.41,9.71,55.9,0.01,4.98,118.6,83.89,2024-06-21 17:00:00,11.35,19.93,55.9,1135.0,17,4,6,173,79422.0,23357.0,True
2024,6,22,5,5.47,4.72,7.97,7.74,0.24,89.13,12.94,13.19,13.07,11.29,100.0,0.79,1.69,162.7,83.97,2024-06-22 05:00:00,4.72,12.94,100.0,472.0,5,5,6,174,68975.0,37975.0,True
2024,6,22,6,141.02,96.75,136.46,64.84,0.36,78.3,14.73,13.42,14.07,11.47,91.78,0.64,2.78,173.4,84.02,2024-06-22 06:00:00,96.75,14.73,91.78,9675.0,6,5,6,174,52620.00000000001,51148.0,True
2024,6,22,7,370.0,249.9,254.11,150.32,0.45,64.81,16.68,13.07,14.88,11.19,79.09,0.3,3.29,185.6,84.08,2024-06-22 07:00:00,249.9,16.68,79.09,24990.0,7,5,6,174,31583.0,62558.00000000001,True
2024,6,22,8,587.33,410.38,241.57,216.01,0.5,51.77,19.36,12.28,15.82,10.63,63.51,0.15,3.35,195.1,84.09,2024-06-22 08:00:00,410.38,19.36,63.51,41038.0,8,5,6,174,13165.0,72040.0,True
2024,6,22,9,761.38,512.3,222.35,290.79,0.51,39.72,21.84,11.81,16.83,10.3,52.8,0.02,3.42,200.7,84.06,2024-06-22 09:00:00,512.3,21.84,52.8,51229.99999999999,9,5,6,174,918.0,74322.0,True
2024,6,22,10,873.83,635.35,277.73,319.71,0.56,29.96,23.88,11.51,17.7,10.11,45.77,0.0,3.51,203.0,83.99,2024-06-22 10:00:00,635.35,23.88,45.77,63535.0,10,5,6,174,585.0,69440.0,True
2024,6,22,11,915.0,726.3,309.81,360.08,0.61,25.33,25.54,11.17,18.35,9.89,40.51,0.0,3.49,203.6,83.91,2024-06-22 11:00:00,726.3,25.54,40.51,72630.0,11,5,6,174,13807.0,54228.0,True
2024,6,22,12,884.3,772.2,333.44,391.25,0.67,28.47,26.52,10.8,18.66,9.66,37.31,0.0,3.4,201.7,83.83,2024-06-22 12:00:00,772.2,26.52,37.31,77220.0,12,5,6,174,35810.0,33273.0,True
2024,6,22,13,783.6,698.05,531.0,239.6,0.67,37.47,26.75,10.42,18.58,9.43,35.91,0.02,3.28,198.3,83.75,2024-06-22 13:00:00,698.05,26.75,35.91,69805.0,13,5,6,174,58412.0,13397.999999999998,True
2024,6,22,14,620.72,571.9,572.37,207.14,0.66,49.2,26.35,10.13,18.24,9.25,36.05,0.08,3.11,193.4,83.71,2024-06-22 14:00:00,571.9,26.35,36.05,57190.0,14,5,6,174,73560.0,898.0,True
2024,6,22,15,410.6,367.5,448.63,133.93,0.6,62.09,25.68,10.04,17.86,9.19,37.26,0.12,3.01,186.1,83.71,2024-06-22 15:00:00,367.5,25.68,37.26,36750.0,15,5,6,174,79462.0,432.0,True
2024,6,22,16,182.07,161.15,328.77,76.76,0.49,75.52,24.04,10.7,17.37,9.62,43.02,0.15,2.67,175.3,83.74,2024-06-22 16:00:00,161.15,24.04,43.02,16115.0,16,5,6,174,76312.0,6175.0,True
2024,6,22,17,14.73,13.18,22.91,13.9,0.27,87.85,21.03,14.03,17.53,11.98,64.26,0.1,2.01,159.9,83.78,2024-06-22 17:00:00,13.18,21.03,64.26,1318.0,17,5,6,174,68800.0,17752.0,True
2024,6,23,5,5.12,5.12,3.74,7.18,0.26,89.15,11.91,11.51,11.71,10.11,97.28,0.79,0.66,269.1,83.98,2024-06-23 05:00:00,5.12,11.91,97.28,512.0,5,6,6,175,64875.0,30148.0,True
2024,6,23,6,134.02,128.52,241.08,69.41,0.48,78.35,13.21,11.86,12.54,10.33,91.32,0.75,1.28,254.5,84.04,2024-06-23 06:00:00,128.52,13.21,91.32,12852.000000000002,6,6,6,175,50923.0,45483.0,True
2024,6,23,7,361.38,333.15,393.13,147.6,0.59,64.85,16.07,12.42,14.24,10.72,78.81,0.77,1.83,212.0,84.09,2024-06-23 07:00:00,333.15,16.07,78.81,33315.0,7,6,6,175,29648.0,58538.0,True
2024,6,23,8,578.78,529.35,525.59,191.05,0.65,51.81,19.24,12.01,15.62,10.43,62.8,0.8,2.07,194.2,84.1,2024-06-23 08:00:00,529.35,19.24,62.8,52935.0,8,6,6,175,12222.0,66630.0,True
2024,6,23,9,753.95,621.95,470.88,232.96,0.61,39.75,21.86,11.72,16.79,10.24,52.43,0.43,2.18,184.5,84.06,2024-06-23 09:00:00,621.95,21.86,52.43,62195.00000000001,9,6,6,175,919.9999999999999,67067.0,True
2024,6,23,10,868.65,713.2,306.64,350.4,0.62,29.97,24.0,11.52,17.76,10.12,45.48,0.21,2.34,177.8,83.98,2024-06-23 10:00:00,713.2,24.0,45.48,71320.0,10,6,6,175,380.0,64233.00000000001,True
2024,6,23,11,906.15,781.12,427.4,328.0,0.66,25.32,25.6,11.32,18.46,9.98,40.73,0.14,2.44,173.7,83.89,2024-06-23 11:00:00,781.12,25.6,40.73,78112.0,11,6,6,175,8345.0,47642.0,True
2024,6,23,12,876.28,776.38,471.73,292.93,0.67,28.43,26.61,11.04,18.82,9.81,37.68,0.11,2.52,166.9,83.8,2024-06-23 12:00:00,776.38,26.61,37.68,77638.0,12,6,6,175,24465.0,24820.0,True
2024,6,23,13,776.05,580.12,584.86,147.83,0.55,37.42,27.02,10.74,18.88,9.63,36.08,0.09,2.69,158.9,83.72,2024-06-23 13:00:00,580.12,27.02,36.08,58012.0,13,6,6,175,42230.0,10053.0,True
2024,6,23,14,614.35,540.85,412.68,259.39,0.63,49.15,26.77,10.5,18.64,9.47,35.99,0.22,2.97,152.1,83.68,2024-06-23 14:00:00,540.85,26.77,35.99,54085.0,14,6,6,175,66385.0,670.0,True
2024,6,23,15,405.33,335.45,436.46,118.84,0.54,62.04,25.96,10.29,18.12,9.35,37.27,0.03,3.35,145.8,83.68,2024-06-23 15:00:00,335.45,25.96,37.27,33545.0,15,6,6,175,82300.0,254.99999999999997,True
2024,6,23,16,178.75,154.3,375.09,70.64,0.47,75.47,24.34,10.6,17.47,9.54,41.89,0.03,3.51,138.8,83.72,2024-06-23 16:00:00,154.3,24.34,41.89,15430.000000000002,16,6,6,175,82105.0,2840.0,True
2024,6,23,17,14.57,12.9,28.86,14.19,0.26,87.82,21.21,12.85,17.03,11.09,58.86,0.05,2.73,129.6,83.78,2024-06-23 17:00:00,12.9,21.21,58.86,1290.0,17,6,6,175,70190.0,9728.0,True
2024,6,24,5,5.1,4.2,4.84,6.45,0.22,89.17,11.76,10.99,11.38,9.76,94.86,0.03,1.36,195.0,83.98,2024-06-24 05:00:00,4.2,11.76,94.86,420.0,5,0,6,176,61308.00000000001,16585.0,True
2024,6,24,6,135.98,82.68,147.51,49.74,0.31,78.39,13.6,11.01,12.3,9.77,84.22,0.06,2.42,203.9,84.03,2024-06-24 06:00:00,82.68,13.6,84.22,8268.0,6,0,6,176,45145.0,30038.0,True
2024,6,24,7,364.35,199.4,282.78,100.63,0.36,64.89,16.02,11.05,13.54,9.79,72.24,0.11,3.14,197.6,84.09,2024-06-24 07:00:00,199.4,16.02,72.24,19940.0,7,0,6,176,27655.0,36160.0,True
2024,6,24,8,584.65,341.98,108.15,210.5,0.42,51.84,18.18,10.97,14.57,9.73,62.63,0.18,3.36,197.7,84.11,2024-06-24 08:00:00,341.98,18.18,62.63,34198.0,8,0,6,176,11422.0,38192.0,True
2024,6,24,9,760.05,513.2,275.3,232.69,0.51,39.78,20.39,10.97,15.68,9.74,54.62,0.17,3.56,202.0,84.09,2024-06-24 09:00:00,513.2,20.39,54.62,51320.00000000001,9,0,6,176,790.0,40177.0,True
2024,6,24,10,875.83,663.17,318.88,324.41,0.58,29.98,22.52,10.86,16.69,9.67,47.56,0.05,3.84,207.6,84.02,2024-06-24 10:00:00,663.17,22.52,47.56,66317.0,10,0,6,176,500.0,30895.0,True
2024,6,24,11,922.95,708.4,332.79,338.47,0.59,25.3,24.48,10.56,17.52,9.5,41.47,0.0,4.07,213.4,83.93,2024-06-24 11:00:00,708.4,24.48,41.47,70840.0,11,0,6,176,10907.0,26492.0,True
2024,6,24,12,893.2,759.78,273.72,382.74,0.66,28.39,25.77,10.08,17.93,9.21,37.2,0.0,4.16,217.3,83.83,2024-06-24 12:00:00,759.78,25.77,37.2,75978.0,12,0,6,176,28620.0,17265.0,True
2024,6,24,13,793.33,652.83,605.44,161.69,0.62,37.37,26.39,9.53,17.96,8.88,34.54,0.0,4.04,218.5,83.74,2024-06-24 13:00:00,652.83,26.39,34.54,65283.00000000001,13,0,6,176,46177.0,6834.999999999999,True
2024,6,24,14,631.7,587.83,518.79,229.08,0.68,49.09,26.34,9.08,17.71,8.62,33.62,0.0,3.64,216.2,83.69,2024-06-24 14:00:00,587.83,26.34,33.62,58783.00000000001,14,0,6,176,54033.00000000001,568.0,True
2024,6,24,15,419.98,389.52,484.92,165.93,0.63,61.99,25.67,8.74,17.2,8.42,34.16,0.01,3.13,211.2,83.68,2024-06-24 15:00:00,389.52,25.67,34.16,38952.0,15,0,6,176,64938.0,365.0,True
2024,6,24,16,188.52,172.45,344.3,72.57,0.52,75.42,23.93,9.41,16.67,8.84,39.79,0.02,2.27,202.5,83.7,2024-06-24 16:00:00,172.45,23.93,39.79,17245.0,16,0,6,176,83980.0,9285.0,True
2024,6,24,17,15.65,14.35,36.56,15.31,0.28,87.79,20.98,14.13,17.55,12.07,64.9,0.01,1.64,186.0,83.73,2024-06-24 17:00:00,14.35,20.98,64.9,1435.0,17,0,6,176,86060.0,27098.0,True
2024,6,25,5,4.93,4.88,4.12,7.54,0.26,89.18,9.64,9.43,9.54,8.8,98.48,0.16,1.51,233.1,83.9,2024-06-25 05:00:00,4.88,9.64,98.48,488.0,5,1,6,177,75675.0,50348.0,True
2024,6,25,6,129.55,128.48,224.61,66.8,0.49,78.44,12.11,10.0,11.05,9.14,86.82,0.22,2.55,224.8,83.96,2024-06-25 06:00:00,128.48,12.11,86.82,12847.999999999998,6,1,6,177,59954.99999999999,62279.99999999999,True
2024,6,25,7,354.52,341.8,460.71,148.27,0.61,64.93,15.35,10.33,12.84,9.34,71.91,0.11,3.96,199.8,84.02,2024-06-25 07:00:00,341.8,15.35,71.91,34180.0,7,1,6,177,37933.0,74112.0,True
2024,6,25,8,573.72,551.45,574.0,182.6,0.68,51.88,17.98,10.09,14.04,9.19,59.88,0.15,4.22,194.8,84.04,2024-06-25 08:00:00,551.45,17.98,59.88,55145.00000000001,8,1,6,177,16169.999999999998,72172.0,True
2024,6,25,9,751.2,696.5,579.69,220.94,0.69,39.8,20.26,9.99,15.12,9.12,51.53,0.15,4.11,195.5,84.01,2024-06-25 09:00:00,696.5,20.26,51.53,69650.0,9,1,6,177,1255.0,61565.0,True
2024,6,25,10,869.58,793.08,466.75,341.95,0.69,29.99,22.26,9.75,16.01,8.99,44.9,0.06,4.01,196.9,83.94,2024-06-25 10:00:00,793.08,22.26,44.9,79308.0,10,1,6,177,588.0,53847.0,True
2024,6,25,11,934.22,862.2,582.08,270.22,0.72,25.27,24.04,9.38,16.71,8.77,39.29,0.01,3.83,201.7,83.85,2024-06-25 11:00:00,862.2,24.04,39.29,86220.0,11,1,6,177,13825.0,41160.0,True
2024,6,25,12,904.7,845.67,726.55,181.82,0.73,28.34,25.35,8.88,17.11,8.5,35.18,0.0,3.57,208.2,83.75,2024-06-25 12:00:00,845.67,25.35,35.18,84567.0,12,1,6,177,36427.0,25323.0,True
2024,6,25,13,804.17,766.2,623.25,227.62,0.73,37.32,26.03,8.29,17.16,8.17,32.45,0.0,3.34,213.0,83.66,2024-06-25 13:00:00,766.2,26.03,32.45,76620.0,13,1,6,177,58512.0,10665.0,True
2024,6,25,14,637.8,610.97,571.57,215.01,0.71,49.04,26.03,7.78,16.91,7.9,31.36,0.0,3.15,215.5,83.6,2024-06-25 14:00:00,610.97,26.03,31.36,61097.0,14,1,6,177,75817.0,795.0,True
2024,6,25,15,422.62,388.27,502.34,151.36,0.63,61.94,25.36,7.37,16.36,7.68,31.72,0.0,2.99,215.2,83.58,2024-06-25 15:00:00,388.27,25.36,31.72,38827.0,15,1,6,177,84540.0,518.0,True
2024,6,25,16,190.65,173.07,367.85,80.84,0.52,75.37,23.78,7.81,15.8,7.93,36.0,0.0,2.58,211.5,83.6,2024-06-25 16:00:00,173.07,23.78,36.0,17307.0,16,1,6,177,82790.0,10590.0,True
2024,6,25,17,16.12,14.5,41.21,14.08,0.28,87.77,19.34,11.82,15.58,10.37,61.7,0.0,2.26,201.8,83.62,2024-06-25 17:00:00,14.5,19.34,61.7,1450.0,17,1,6,177,77255.0,26558.0,True
2024,6,26,5,4.78,3.58,3.57,5.38,0.19,89.2,10.83,10.61,10.72,9.53,98.42,0.31,2.14,266.0,83.88,2024-06-26 05:00:00,3.58,10.83,98.42,358.0,5,2,6,178,60410.0,42648.0,True
2024,6,26,6,130.6,103.28,197.98,67.02,0.39,78.48,12.51,10.94,11.73,9.73,89.99,0.26,3.16,250.0,83.95,2024-06-26 06:00:00,103.28,12.51,89.99,10328.0,6,2,6,178,52916.99999999999,64247.0,True
2024,6,26,7,353.23,290.35,326.13,146.34,0.52,64.97,15.57,10.8,13.18,9.63,73.08,0.22,3.51,215.7,84.01,2024-06-26 07:00:00,290.35,15.57,73.08,29035.000000000004,7,2,6,178,34160.0,75883.0,True
2024,6,26,8,568.65,475.95,448.66,165.3,0.59,51.91,18.83,10.04,14.43,9.15,56.51,0.23,3.95,202.3,84.02,2024-06-26 08:00:00,475.95,18.83,56.51,47595.0,8,2,6,178,14915.0,76500.0,True
2024,6,26,9,742.1,722.47,593.32,256.09,0.71,39.82,21.5,9.64,15.57,8.91,46.63,0.16,3.82,198.8,83.98,2024-06-26 09:00:00,722.47,21.5,46.63,72247.0,9,2,6,178,1123.0,76867.0,True
2024,6,26,10,856.0,764.83,522.79,252.17,0.67,29.99,23.59,9.54,16.57,8.86,40.81,0.2,3.56,195.3,83.9,2024-06-26 10:00:00,764.83,23.59,40.81,76483.0,10,2,6,178,512.0,63654.99999999999,True
2024,6,26,11,910.65,745.2,468.24,277.53,0.63,25.24,24.61,9.66,17.13,8.94,38.69,0.15,3.07,192.4,83.81,2024-06-26 11:00:00,745.2,24.61,38.69,74520.0,11,2,6,178,11293.0,50565.0,True
2024,6,26,12,878.8,611.97,331.79,272.79,0.53,28.29,25.28,9.88,17.58,9.09,37.75,0.14,2.56,185.4,83.73,2024-06-26 12:00:00,611.97,25.28,37.75,61197.0,12,2,6,178,28860.000000000004,29945.0,True
2024,6,26,13,775.35,615.15,275.81,332.66,0.59,37.26,25.24,9.99,17.61,9.17,38.14,0.1,2.38,167.6,83.66,2024-06-26 13:00:00,615.15,25.24,38.14,61515.0,13,2,6,178,46333.0,12210.0,True
2024,6,26,14,619.2,500.73,278.65,270.11,0.58,48.98,25.22,10.06,17.64,9.21,38.34,0.09,2.69,147.1,83.62,2024-06-26 14:00:00,500.73,25.22,38.34,50073.0,14,2,6,178,60688.0,802.0,True
2024,6,26,15,412.12,315.5,313.26,175.16,0.51,61.88,24.22,10.01,17.11,9.18,40.57,0.06,3.37,134.4,83.63,2024-06-26 15:00:00,315.5,24.22,40.57,31550.0,15,2,6,178,73192.0,572.0,True
2024,6,26,16,187.48,131.65,301.12,65.23,0.39,75.32,22.93,10.01,16.47,9.18,43.87,0.04,3.89,127.2,83.68,2024-06-26 16:00:00,131.65,22.93,43.87,13165.0,16,2,6,178,81022.0,12372.0,True
2024,6,26,17,16.02,9.48,19.06,12.89,0.18,87.74,20.18,11.25,15.71,9.99,56.51,0.01,2.88,121.6,83.73,2024-06-26 17:00:00,9.48,20.18,56.51,948.0,17,2,6,178,72235.0,31992.0,True
2024,6,27,5,4.82,3.42,1.81,5.61,0.19,89.21,12.99,12.67,12.83,10.92,97.79,0.32,1.87,124.5,83.95,2024-06-27 05:00:00,3.42,12.99,97.79,342.0,5,3,6,179,67630.0,51958.00000000001,True
2024,6,27,6,134.93,65.3,96.53,52.21,0.25,78.52,14.3,12.73,13.51,10.95,90.12,0.15,3.0,133.6,84.02,2024-06-27 06:00:00,65.3,14.3,90.12,6530.0,6,3,6,179,52375.0,60810.0,True
2024,6,27,7,365.2,182.88,178.52,111.24,0.33,65.01,16.55,12.38,14.46,10.69,76.22,0.27,4.03,150.6,84.08,2024-06-27 07:00:00,182.88,16.55,76.22,18288.0,7,3,6,179,32062.0,69455.0,True
2024,6,27,8,584.42,306.83,68.72,186.68,0.38,51.94,19.26,11.64,15.45,10.18,61.22,0.44,4.3,151.2,84.09,2024-06-27 08:00:00,306.83,19.26,61.22,30683.0,8,3,6,179,13494.999999999998,74978.0,True
2024,6,27,9,760.47,418.58,171.87,211.19,0.41,39.84,21.73,11.25,16.49,9.92,51.21,0.53,4.22,148.4,84.05,2024-06-27 09:00:00,418.58,21.73,51.21,41858.0,9,3,6,179,1002.0,71790.0,True
2024,6,27,10,875.3,508.65,141.27,283.85,0.45,29.98,23.7,11.03,17.37,9.79,44.81,0.55,4.29,144.7,83.98,2024-06-27 10:00:00,508.65,23.7,44.81,50865.0,10,3,6,179,392.0,66258.0,True
2024,6,27,11,891.53,503.5,141.94,269.89,0.42,25.21,25.05,10.95,18.0,9.74,41.08,0.43,4.42,141.0,83.9,2024-06-27 11:00:00,503.5,25.05,41.08,50350.0,11,3,6,179,6060.0,52983.00000000001,True
2024,6,27,12,859.17,539.95,203.14,276.65,0.46,28.23,25.66,10.86,18.26,9.69,39.38,0.33,4.47,137.2,83.82,2024-06-27 12:00:00,539.95,25.66,39.38,53995.00000000001,12,3,6,179,17570.0,34355.0,True
2024,6,27,13,758.38,511.17,145.09,306.41,0.49,37.2,25.64,10.83,18.24,9.69,39.39,0.26,4.54,134.6,83.76,2024-06-27 13:00:00,511.17,25.64,39.39,51117.0,13,3,6,179,31517.0,14507.0,True
2024,6,27,14,594.58,350.92,177.05,214.44,0.41,48.92,24.96,10.98,17.97,9.79,41.42,0.21,4.73,134.2,83.72,2024-06-27 14:00:00,350.92,24.96,41.42,35092.0,14,3,6,179,41530.0,1095.0,True
2024,6,27,15,384.08,212.95,138.02,132.93,0.34,61.82,24.11,11.23,17.67,9.95,44.29,0.16,5.01,133.4,83.72,2024-06-27 15:00:00,212.95,24.11,44.29,21295.0,15,3,6,179,45902.0,585.0,True
2024,6,27,16,164.7,100.62,148.54,81.89,0.3,75.26,22.27,11.62,16.95,10.2,50.77,0.11,5.34,129.2,83.77,2024-06-27 16:00:00,100.62,22.27,50.77,10062.0,16,3,6,179,45958.0,12403.0,True
2024,6,27,17,14.07,10.2,3.78,11.64,0.19,87.71,19.9,12.28,16.09,10.65,61.35,0.12,5.01,123.3,83.84,2024-06-27 17:00:00,10.2,19.9,61.35,1019.9999999999999,17,3,6,179,38908.0,32875.0,True
2024,6,28,5,4.43,4.1,1.84,6.35,0.23,89.23,12.14,12.02,12.08,10.44,99.02,0.25,1.44,121.0,84.06,2024-06-28 05:00:00,4.1,12.14,99.02,409.99999999999994,5,4,6,180,38812.0,53395.00000000001,True
2024,6,28,6,124.1,104.8,145.84,66.33,0.4,78.57,13.84,12.37,13.11,10.68,90.66,0.19,2.33,133.3,84.1,2024-06-28 06:00:00,104.8,13.84,90.66,10480.0,6,4,6,180,35398.0,67662.0,True
2024,6,28,7,346.88,274.38,405.63,110.39,0.49,65.04,16.3,12.25,14.27,10.59,76.77,0.06,2.99,148.1,84.13,2024-06-28 07:00:00,274.38,16.3,76.77,27438.0,7,4,6,180,22073.0,80625.0,True
2024,6,28,8,569.2,458.65,477.37,159.01,0.56,51.96,19.42,11.12,15.27,9.83,58.56,0.06,3.54,152.1,84.12,2024-06-28 08:00:00,458.65,19.42,58.56,45865.0,8,4,6,180,9490.0,88997.0,True
2024,6,28,9,747.03,610.42,326.85,284.03,0.6,39.85,22.09,10.36,16.23,9.35,47.24,0.06,3.77,150.6,84.06,2024-06-28 09:00:00,610.42,22.09,47.24,61041.99999999999,9,4,6,180,965.0,87683.0,True
2024,6,28,10,863.12,731.95,308.85,362.24,0.64,29.97,24.13,10.03,17.08,9.15,40.83,0.03,3.9,147.2,83.99,2024-06-28 10:00:00,731.95,24.13,40.83,73195.0,10,4,6,180,440.00000000000006,77062.0,True
2024,6,28,11,902.83,755.65,405.48,292.5,0.63,25.16,25.59,9.77,17.68,9.0,36.77,0.01,3.94,144.0,83.9,2024-06-28 11:00:00,755.65,25.59,36.77,75565.0,11,4,6,180,8159.999999999999,59516.99999999999,True
2024,6,28,12,873.83,658.22,440.99,244.54,0.57,28.17,26.45,9.55,18.0,8.88,34.45,0.01,4.0,140.2,83.8,2024-06-28 12:00:00,658.22,26.45,34.45,65822.0,12,4,6,180,23268.0,37685.0,True
2024,6,28,13,774.28,492.08,439.77,164.41,0.47,37.13,26.58,9.42,18.0,8.81,33.88,0.01,4.07,136.9,83.72,2024-06-28 13:00:00,492.08,26.58,33.88,49208.0,13,4,6,180,39510.0,16545.0,True
2024,6,28,14,613.05,455.65,369.79,205.57,0.53,48.86,25.69,9.37,17.53,8.79,35.61,0.01,4.14,132.6,83.66,2024-06-28 14:00:00,455.65,25.69,35.61,45565.0,14,4,6,180,56766.99999999999,1175.0,True
2024,6,28,15,404.45,299.15,357.76,161.75,0.48,61.77,24.73,9.47,17.1,8.85,37.96,0.03,4.36,125.8,83.66,2024-06-28 15:00:00,299.15,24.73,37.96,29914.999999999996,15,4,6,180,66142.0,565.0,True
2024,6,28,16,179.07,132.93,167.49,94.54,0.4,75.21,23.13,9.98,16.55,9.16,43.26,0.07,4.73,118.7,83.7,2024-06-28 16:00:00,132.93,23.13,43.26,13293.0,16,4,6,180,67883.0,13832.0,True
2024,6,28,17,15.23,12.27,18.79,14.03,0.23,87.68,20.74,11.08,15.91,9.85,53.84,0.17,4.48,112.8,83.75,2024-06-28 17:00:00,12.27,20.74,53.84,1227.0,17,4,6,180,58178.0,35855.0,True
2024,6,29,5,4.38,3.88,2.58,5.97,0.22,89.24,12.53,12.1,12.32,10.51,96.98,0.15,1.39,132.7,83.91,2024-06-29 05:00:00,3.88,12.53,96.98,388.0,5,5,6,181,50385.0,57220.00000000001,True
2024,6,29,6,126.2,100.38,138.97,67.77,0.39,78.61,13.84,12.01,12.93,10.45,88.59,0.09,2.1,143.7,83.97,2024-06-29 06:00:00,100.38,13.84,88.59,10038.0,6,5,6,181,37638.0,76158.0,True
2024,6,29,7,350.08,269.58,315.37,131.49,0.49,65.08,16.68,11.67,14.17,10.21,72.17,0.02,2.38,168.1,84.03,2024-06-29 07:00:00,269.58,16.68,72.17,26958.0,7,5,6,181,25455.0,86788.0,True
2024,6,29,8,568.3,440.08,334.04,183.96,0.54,51.99,20.03,11.14,15.59,9.85,56.43,0.02,2.69,184.3,84.02,2024-06-29 08:00:00,440.08,20.03,56.43,44008.0,8,5,6,181,11378.0,89505.0,True
2024,6,29,9,745.03,515.35,432.91,216.39,0.51,39.86,22.74,10.82,16.78,9.66,46.85,0.01,2.72,193.8,83.97,2024-06-29 09:00:00,515.35,22.74,46.85,51535.0,9,5,6,181,1135.0,79422.0,True
2024,6,29,10,861.08,675.03,312.33,317.87,0.59,29.96,24.88,10.49,17.68,9.46,40.31,0.01,2.8,201.2,83.89,2024-06-29 10:00:00,675.03,24.88,40.31,67503.0,10,5,6,181,472.0,68975.0,True
2024,6,29,11,911.88,859.45,561.64,281.97,0.72,25.11,26.58,10.07,18.33,9.21,35.45,0.0,2.97,207.3,83.8,2024-06-29 11:00:00,859.45,26.58,35.45,85945.0,11,5,6,181,9675.0,52620.00000000001,True
2024,6,29,12,883.03,877.97,793.45,171.38,0.76,28.1,27.68,9.55,18.61,8.9,32.09,0.0,3.0,209.1,83.71,2024-06-29 12:00:00,877.97,27.68,32.09,87797.0,12,5,6,181,24990.0,31583.0,True
2024,6,29,13,784.97,731.83,594.99,189.04,0.7,37.06,28.16,9.04,18.6,8.6,30.13,0.0,2.83,205.8,83.63,2024-06-29 13:00:00,731.83,28.16,30.13,73183.0,13,5,6,181,41038.0,13165.0,True
2024,6,29,14,621.75,599.5,532.59,207.42,0.69,48.79,27.98,8.57,18.27,8.34,29.51,0.0,2.6,195.6,83.58,2024-06-29 14:00:00,599.5,27.98,29.51,59950.0,14,5,6,181,51229.99999999999,918.0,True
2024,6,29,15,410.0,375.12,497.78,135.69,0.6,61.71,27.09,8.23,17.66,8.15,30.38,0.01,2.51,181.6,83.58,2024-06-29 15:00:00,375.12,27.09,30.38,37512.0,15,5,6,181,63535.0,585.0,True
2024,6,29,16,181.85,168.35,270.8,95.39,0.5,75.16,25.26,9.49,17.38,8.94,37.13,0.01,2.17,168.3,83.61,2024-06-29 16:00:00,168.35,25.26,37.13,16835.0,16,5,6,181,72630.0,13807.0,True
2024,6,29,17,15.48,14.0,15.34,15.74,0.26,87.65,22.12,13.68,17.9,11.82,59.23,0.01,1.81,152.7,83.65,2024-06-29 17:00:00,14.0,22.12,59.23,1400.0,17,5,6,181,77220.0,35810.0,True
2024,6,30,5,4.53,4.1,7.64,6.15,0.24,89.26,13.08,12.65,12.87,10.91,97.07,0.51,1.11,121.4,83.9,2024-06-30 05:00:00,4.1,13.08,97.07,409.99999999999994,5,6,6,182,69805.0,58412.0,True
2024,6,30,6,133.73,102.62,218.88,59.4,0.4,78.64,14.3,12.69,13.49,10.93,89.9,0.42,1.29,140.0,83.97,2024-06-30 06:00:00,102.62,14.3,89.9,10262.0,6,6,6,182,57190.0,73560.0,True
2024,6,30,7,363.67,263.12,320.69,136.25,0.47,65.11,16.7,12.29,14.49,10.63,75.03,0.21,1.62,171.8,84.03,2024-06-30 07:00:00,263.12,16.7,75.03,26312.0,7,6,6,182,36750.0,79462.0,True
2024,6,30,8,583.67,433.95,394.99,173.59,0.53,52.01,20.01,11.37,15.69,10.01,57.43,0.25,1.9,176.1,84.04,2024-06-30 08:00:00,433.95,20.01,57.43,43395.0,8,6,6,182,16115.0,76312.0,True
2024,6,30,9,757.53,447.38,181.65,223.09,0.44,39.86,22.65,11.0,16.83,9.77,47.67,0.17,2.03,164.6,84.01,2024-06-30 09:00:00,447.38,22.65,47.67,44738.0,9,6,6,182,1318.0,68800.0,True
2024,6,30,10,872.1,471.75,149.02,248.03,0.41,29.93,24.66,10.69,17.67,9.57,41.34,0.03,2.3,151.2,83.96,2024-06-30 10:00:00,471.75,24.66,41.34,47175.0,10,6,6,182,512.0,64875.0,True
2024,6,30,11,933.53,516.58,132.86,293.72,0.43,25.06,26.34,10.25,18.3,9.3,36.34,0.01,2.58,143.4,83.88,2024-06-30 11:00:00,516.58,26.34,36.34,51658.00000000001,11,6,6,182,12852.000000000002,50923.0,True
2024,6,30,12,903.1,657.42,398.24,273.29,0.57,28.02,27.55,9.84,18.7,9.06,32.94,0.0,2.82,140.9,83.8,2024-06-30 12:00:00,657.42,27.55,32.94,65742.0,12,6,6,182,33315.0,29648.0,True
2024,6,30,13,802.45,582.2,219.55,296.89,0.55,36.99,28.08,9.44,18.76,8.82,31.07,0.0,3.02,140.0,83.72,2024-06-30 13:00:00,582.2,28.08,31.07,58220.00000000001,13,6,6,182,52935.0,12222.0,True
2024,6,30,14,639.05,560.38,483.07,185.84,0.64,48.73,27.92,9.11,18.51,8.64,30.7,0.0,3.39,135.4,83.67,2024-06-30 14:00:00,560.38,27.92,30.7,56038.0,14,6,6,182,62195.00000000001,919.9999999999999,True
2024,6,30,15,429.6,384.6,399.27,181.44,0.61,61.65,27.07,8.86,17.96,8.49,31.71,0.0,3.9,130.8,83.66,2024-06-30 15:00:00,384.6,27.07,31.71,38460.0,15,6,6,182,71320.0,380.0,True
2024,6,30,16,200.5,180.32,404.24,74.28,0.53,75.1,25.28,8.9,17.09,8.51,35.34,0.0,4.34,126.2,83.68,2024-06-30 16:00:00,180.32,25.28,35.34,18032.0,16,6,6,182,78112.0,8345.0,True
2024,6,30,17,18.65,16.58,88.92,14.49,0.3,87.62,22.29,10.31,16.3,9.37,46.59,0.0,3.73,118.4,83.74,2024-06-30 17:00:00,16.58,22.29,46.59,1657.9999999999998,17,6,6,182,77638.0,24465.0,True
2024,7,1,5,4.65,4.15,8.91,7.28,0.25,89.27,12.98,12.35,12.66,10.67,95.74,0.35,1.55,108.1,84.04,2024-07-01 05:00:00,4.15,12.98,95.74,415.00000000000006,5,0,7,183,58012.0,42230.0,True
2024,7,1,6,139.7,110.12,226.96,71.44,0.43,78.68,14.21,12.22,13.21,10.57,87.61,0.27,1.98,107.1,84.11,2024-07-01 06:00:00,110.12,14.21,87.61,11012.0,6,0,7,183,54085.0,66385.0,True
2024,7,1,7,375.42,286.58,354.41,134.22,0.52,65.13,16.77,11.52,14.15,10.1,71.11,0.05,1.56,124.8,84.17,2024-07-01 07:00:00,286.58,16.77,71.11,28658.0,7,0,7,183,33545.0,82300.0,True
2024,7,1,8,598.08,457.83,566.33,177.11,0.56,52.02,20.22,10.08,15.15,9.16,51.99,0.04,1.61,141.1,84.18,2024-07-01 08:00:00,457.83,20.22,51.99,45783.0,8,0,7,183,15430.000000000002,82105.0,True
2024,7,1,9,772.17,624.53,454.88,239.28,0.62,39.86,22.99,9.13,16.06,8.6,41.19,0.02,1.9,142.0,84.14,2024-07-01 09:00:00,624.53,22.99,41.19,62453.0,9,0,7,183,1290.0,70190.0,True
2024,7,1,10,887.12,794.47,463.16,324.99,0.7,29.9,25.24,8.08,16.66,8.02,33.54,0.01,2.25,142.2,84.06,2024-07-01 10:00:00,794.47,25.24,33.54,79447.0,10,0,7,183,420.0,61308.00000000001,True
2024,7,1,11,920.92,857.83,545.17,312.54,0.72,24.99,26.95,6.91,16.93,7.41,27.99,0.0,2.59,140.8,83.96,2024-07-01 11:00:00,857.83,26.95,27.99,85783.0,11,0,7,183,8268.0,45145.0,True
2024,7,1,12,891.03,816.53,558.29,259.73,0.7,27.94,28.05,5.95,17.0,6.94,24.56,0.0,2.91,136.3,83.87,2024-07-01 12:00:00,816.53,28.05,24.56,81653.0,12,0,7,183,19940.0,27655.0,True
2024,7,1,13,783.95,719.75,513.82,270.81,0.68,36.91,28.39,5.35,16.87,6.66,23.09,0.0,3.09,134.1,83.77,2024-07-01 13:00:00,719.75,28.39,23.09,71975.0,13,0,7,183,34198.0,11422.0,True
2024,7,1,14,622.28,569.3,471.56,226.19,0.65,48.66,28.09,5.08,16.59,6.55,23.09,0.0,3.21,133.2,83.7,2024-07-01 14:00:00,569.3,28.09,23.09,56929.99999999999,14,0,7,183,51320.00000000001,790.0,True
2024,7,1,15,413.35,362.38,430.67,154.41,0.58,61.59,27.35,5.13,16.24,6.57,24.17,0.0,3.45,131.8,83.68,2024-07-01 15:00:00,362.38,27.35,24.17,36238.0,15,0,7,183,66317.0,500.0,True
2024,7,1,16,190.25,171.38,343.31,98.18,0.5,75.05,25.65,5.85,15.75,6.91,28.1,0.01,3.65,127.3,83.69,2024-07-01 16:00:00,171.38,25.65,28.1,17138.0,16,0,7,183,70840.0,10907.0,True
2024,7,1,17,16.77,15.02,29.09,23.0,0.27,87.59,21.02,9.18,15.1,8.7,46.77,0.0,3.0,119.1,83.74,2024-07-01 17:00:00,15.02,21.02,46.77,1502.0,17,0,7,183,75978.0,28620.0,True
2024,7,2,5,4.43,4.0,0.0,6.19,0.24,89.28,13.78,12.8,13.29,11.01,93.67,0.12,0.34,36.5,83.98,2024-07-02 05:00:00,4.0,13.78,93.67,400.0,5,1,7,184,65283.00000000001,46177.0,True
2024,7,2,6,136.7,119.93,86.42,78.89,0.46,78.71,14.76,12.77,13.77,10.99,87.78,0.05,0.39,264.1,84.01,2024-07-02 06:00:00,119.93,14.76,87.78,11993.0,6,1,7,184,58783.00000000001,54033.00000000001,True
2024,7,2,7,368.45,309.52,231.89,209.53,0.56,65.16,17.46,12.12,14.79,10.52,70.78,0.01,1.13,192.8,84.05,2024-07-02 07:00:00,309.52,17.46,70.78,30952.0,7,1,7,184,38952.0,64938.0,True
2024,7,2,8,587.9,489.62,271.32,277.68,0.6,52.03,20.26,11.05,15.65,9.79,55.32,0.01,1.56,167.8,84.06,2024-07-02 08:00:00,489.62,20.26,55.32,48962.0,8,1,7,184,17245.0,83980.0,True
2024,7,2,9,763.42,641.0,354.85,316.61,0.63,39.85,23.29,9.61,16.45,8.9,41.79,0.0,1.92,155.3,84.01,2024-07-02 09:00:00,641.0,23.29,41.79,64100.0,9,1,7,184,1435.0,86060.0,True
2024,7,2,10,878.4,769.6,391.48,377.31,0.67,29.87,25.83,8.28,17.06,8.15,32.86,0.0,1.99,154.1,83.93,2024-07-02 10:00:00,769.6,25.83,32.86,76960.0,10,1,7,184,488.0,75675.0,True
2024,7,2,11,912.9,782.83,368.25,358.86,0.65,24.92,27.57,7.75,17.66,7.86,28.58,0.0,1.79,153.4,83.83,2024-07-02 11:00:00,782.83,27.57,28.58,78283.0,11,1,7,184,12847.999999999998,59954.99999999999,True
2024,7,2,12,888.08,773.85,355.71,410.8,0.66,27.86,28.65,7.64,18.15,7.81,26.63,0.0,1.79,144.5,83.73,2024-07-02 12:00:00,773.85,28.65,26.63,77385.0,12,1,7,184,34180.0,37933.0,True
2024,7,2,13,788.97,637.6,253.38,304.42,0.6,36.83,29.09,7.57,18.33,7.78,25.84,0.0,2.07,131.5,83.64,2024-07-02 13:00:00,637.6,29.09,25.84,63760.0,13,1,7,184,55145.00000000001,16169.999999999998,True
2024,7,2,14,625.25,509.98,259.34,270.39,0.58,48.59,28.73,7.53,18.13,7.76,26.3,0.0,2.28,123.6,83.58,2024-07-02 14:00:00,509.98,28.73,26.3,50998.0,14,1,7,184,69650.0,1255.0,True
2024,7,2,15,416.55,347.42,170.6,237.88,0.55,61.52,27.83,7.51,17.67,7.75,27.67,0.0,2.55,120.7,83.57,2024-07-02 15:00:00,347.42,27.83,27.67,34742.0,15,1,7,184,79308.0,588.0,True
2024,7,2,16,188.5,156.55,183.38,90.74,0.46,75.0,26.03,8.18,17.11,8.13,32.27,0.0,2.47,125.3,83.6,2024-07-02 16:00:00,156.55,26.03,32.27,15655.000000000002,16,1,7,184,86220.0,13825.0,True
2024,7,2,17,16.77,13.5,15.8,18.47,0.24,87.57,22.9,11.59,17.25,10.25,49.03,0.0,2.11,121.7,83.65,2024-07-02 17:00:00,13.5,22.9,49.03,1350.0,17,1,7,184,84567.0,36427.0,True
2024,7,3,5,4.05,3.85,2.35,6.07,0.24,89.3,13.8,12.67,13.23,10.92,92.68,0.01,0.59,355.2,83.88,2024-07-03 05:00:00,3.85,13.8,92.68,385.0,5,2,7,185,76620.0,58512.0,True
2024,7,3,6,122.93,114.88,192.96,78.45,0.45,78.75,15.29,12.3,13.79,10.66,82.22,0.0,1.21,300.2,83.93,2024-07-03 06:00:00,114.88,15.29,82.22,11488.0,6,2,7,185,61097.0,75817.0,True
2024,7,3,7,343.33,319.38,369.86,159.56,0.58,65.18,18.53,12.04,15.29,10.47,65.8,0.0,1.92,258.6,83.98,2024-07-03 07:00:00,319.38,18.53,65.8,31938.0,7,2,7,185,38827.0,84540.0,True
2024,7,3,8,560.47,536.12,512.27,189.33,0.66,52.04,21.37,11.81,16.59,10.3,54.3,0.01,2.25,243.9,83.98,2024-07-03 08:00:00,536.12,21.37,54.3,53612.0,8,2,7,185,17307.0,82790.0,True
2024,7,3,9,738.22,710.28,555.54,253.41,0.7,39.84,23.63,11.67,17.65,10.22,46.95,0.01,2.16,244.5,83.96,2024-07-03 09:00:00,710.28,23.63,46.95,71028.0,9,2,7,185,1450.0,77255.0,True
2024,7,3,10,856.45,794.65,601.27,229.35,0.7,29.83,25.45,11.49,18.47,10.11,41.62,0.04,2.19,251.4,83.89,2024-07-03 10:00:00,794.65,25.45,41.62,79465.0,10,2,7,185,358.0,60410.0,True
2024,7,3,11,891.17,802.78,491.55,282.56,0.67,24.85,26.54,11.27,18.9,9.97,38.45,0.15,2.22,253.5,83.81,2024-07-03 11:00:00,802.78,26.54,38.45,80278.0,11,2,7,185,10328.0,52916.99999999999,True
2024,7,3,12,863.72,781.65,414.3,326.59,0.67,27.77,26.99,11.21,19.1,9.94,37.3,0.66,1.88,245.8,83.73,2024-07-03 12:00:00,781.65,26.99,37.3,78165.0,12,2,7,185,29035.000000000004,34160.0,True
2024,7,3,13,767.35,634.08,458.81,279.52,0.6,36.75,27.17,11.2,19.18,9.94,36.88,1.41,1.38,229.4,83.66,2024-07-03 13:00:00,634.08,27.17,36.88,63408.00000000001,13,2,7,185,47595.0,14915.0,True
2024,7,3,14,604.85,480.8,310.41,236.34,0.55,48.51,26.64,11.24,18.94,9.97,38.14,1.24,1.09,192.1,83.62,2024-07-03 14:00:00,480.8,26.64,38.14,48080.0,14,2,7,185,72247.0,1123.0,True
2024,7,3,15,397.85,302.27,192.44,200.65,0.48,61.46,25.4,11.49,18.45,10.14,41.75,0.94,1.62,150.9,83.64,2024-07-03 15:00:00,302.27,25.4,41.75,30227.0,15,2,7,185,76483.0,512.0,True
2024,7,3,16,175.57,129.35,90.04,94.4,0.38,74.94,24.07,11.98,18.02,10.46,46.64,0.65,2.43,134.5,83.69,2024-07-03 16:00:00,129.35,24.07,46.64,12935.0,16,2,7,185,74520.0,11293.0,True
2024,7,3,17,15.73,14.1,2.23,17.74,0.25,87.54,21.86,13.88,17.87,11.88,60.54,0.33,1.97,128.2,83.74,2024-07-03 17:00:00,14.1,21.86,60.54,1410.0,17,2,7,185,61197.0,28860.000000000004,True
2024,7,4,5,3.95,3.95,1.38,6.35,0.25,89.31,14.17,13.46,13.82,11.5,95.35,0.24,2.3,84.0,83.96,2024-07-04 05:00:00,3.95,14.17,95.35,395.0,5,3,7,186,61515.0,46333.0,True
2024,7,4,6,123.82,114.6,221.11,76.88,0.45,78.78,15.23,13.5,14.36,11.52,89.25,0.14,2.79,90.4,84.02,2024-07-04 06:00:00,114.6,15.23,89.25,11460.0,6,3,7,186,50073.0,60688.0,True
2024,7,4,7,347.42,316.75,380.49,157.29,0.57,65.2,17.66,13.37,15.51,11.41,75.77,0.04,1.97,100.8,84.06,2024-07-04 07:00:00,316.75,17.66,75.77,31675.0,7,3,7,186,31550.0,73192.0,True
2024,7,4,8,564.7,525.38,485.77,206.74,0.65,52.05,20.88,12.97,16.92,11.12,60.43,0.05,1.35,115.0,84.05,2024-07-04 08:00:00,525.38,20.88,60.43,52538.0,8,3,7,186,13165.0,81022.0,True
2024,7,4,9,740.28,689.3,507.02,237.99,0.68,39.83,23.63,12.66,18.14,10.91,50.12,0.09,1.43,125.0,84.0,2024-07-04 09:00:00,689.3,23.63,50.12,68930.0,9,3,7,186,948.0,72235.0,True
2024,7,4,10,856.55,792.05,606.16,224.8,0.69,29.78,25.66,12.36,19.01,10.7,43.51,0.42,1.63,125.5,83.92,2024-07-04 10:00:00,792.05,25.66,43.51,79205.0,10,3,7,186,342.0,67630.0,True
2024,7,4,11,899.28,856.4,571.2,266.3,0.72,24.76,26.8,12.18,19.49,10.58,40.18,0.71,1.99,117.6,83.84,2024-07-04 11:00:00,856.4,26.8,40.18,85640.0,11,3,7,186,6530.0,52375.0,True
2024,7,4,12,870.85,797.58,495.61,301.55,0.68,27.67,26.95,12.19,19.57,10.6,39.87,1.16,2.63,114.2,83.77,2024-07-04 12:00:00,797.58,26.95,39.87,79758.0,12,3,7,186,18288.0,32062.0,True
2024,7,4,13,770.08,600.15,427.74,236.1,0.57,36.66,26.39,12.25,19.32,10.66,41.41,1.44,3.47,116.9,83.71,2024-07-04 13:00:00,600.15,26.39,41.41,60015.0,13,3,7,186,30683.0,13494.999999999998,True
2024,7,4,14,607.0,496.17,376.61,209.88,0.57,48.44,24.97,12.38,18.67,10.74,45.37,0.93,4.22,120.6,83.69,2024-07-04 14:00:00,496.17,24.97,45.37,49617.0,14,3,7,186,41858.0,1002.0,True
2024,7,4,15,393.35,305.23,200.97,183.42,0.48,61.4,23.73,12.48,18.1,10.82,49.25,0.35,4.57,120.9,83.73,2024-07-04 15:00:00,305.23,23.73,49.25,30523.0,15,3,7,186,50865.0,392.0,True
2024,7,4,16,171.43,134.98,154.01,100.88,0.39,74.89,22.61,12.57,17.59,10.88,53.03,0.05,4.55,118.1,83.78,2024-07-04 16:00:00,134.98,22.61,53.03,13497.999999999998,16,3,7,186,50350.0,6060.0,True
2024,7,4,17,15.68,12.27,8.98,14.66,0.21,87.51,21.11,12.8,16.95,11.04,58.99,0.02,3.64,113.8,83.82,2024-07-04 17:00:00,12.27,21.11,58.99,1227.0,17,3,7,186,53995.00000000001,17570.0,True
2024,7,5,5,3.65,2.92,1.18,5.14,0.19,89.32,13.83,13.25,13.54,11.35,96.11,0.25,1.03,69.4,83.87,2024-07-05 05:00:00,2.92,13.83,96.11,292.0,5,4,7,187,51117.0,31517.0,True
2024,7,5,6,110.03,70.97,58.29,49.98,0.28,78.81,15.25,13.35,14.3,11.42,88.26,0.18,1.03,96.7,83.91,2024-07-05 06:00:00,70.97,15.25,88.26,7097.0,6,4,7,187,35092.0,41530.0,True
2024,7,5,7,320.55,188.15,204.59,120.91,0.34,65.22,17.9,13.14,15.52,11.27,73.64,0.02,1.47,153.3,83.96,2024-07-05 07:00:00,188.15,17.9,73.64,18815.0,7,4,7,187,21295.0,45902.0,True
2024,7,5,8,537.28,315.35,167.64,178.77,0.39,52.05,21.43,12.53,16.98,10.82,56.79,0.01,1.64,170.9,83.95,2024-07-05 08:00:00,315.35,21.43,56.79,31535.000000000004,8,4,7,187,10062.0,45958.0,True
2024,7,5,9,707.62,543.28,241.49,276.16,0.54,39.81,24.2,12.2,18.2,10.59,46.96,0.0,1.66,175.5,83.89,2024-07-05 09:00:00,543.28,24.2,46.96,54328.0,9,4,7,187,1019.9999999999999,38908.0,True
2024,7,5,10,824.47,675.3,303.56,331.02,0.59,29.73,26.17,11.98,19.07,10.45,41.17,0.0,1.7,176.6,83.8,2024-07-05 10:00:00,675.3,26.17,41.17,67530.0,10,4,7,187,409.99999999999994,38812.0,True
2024,7,5,11,905.58,838.42,522.31,291.76,0.7,24.67,27.45,11.8,19.62,10.34,37.74,0.04,1.7,173.3,83.7,2024-07-05 11:00:00,838.42,27.45,37.74,83842.0,11,4,7,187,10480.0,35398.0,True
2024,7,5,12,877.83,700.72,501.03,190.64,0.6,27.57,28.2,11.65,19.93,10.24,35.74,0.12,1.74,165.0,83.61,2024-07-05 12:00:00,700.72,28.2,35.74,70072.0,12,4,7,187,27438.0,22073.0,True
2024,7,5,13,779.08,691.85,445.55,272.52,0.65,36.57,28.42,11.46,19.94,10.12,34.84,0.2,1.94,155.0,83.53,2024-07-05 13:00:00,691.85,28.42,34.84,69185.0,13,4,7,187,45865.0,9490.0,True
2024,7,5,14,618.38,532.4,434.52,221.54,0.61,48.37,27.4,11.39,19.4,10.08,36.82,0.16,2.47,140.6,83.5,2024-07-05 14:00:00,532.4,27.4,36.82,53240.0,14,4,7,187,61041.99999999999,965.0,True
2024,7,5,15,409.08,304.08,351.38,144.55,0.48,61.34,26.27,11.49,18.88,10.15,39.63,0.11,3.25,130.9,83.52,2024-07-05 15:00:00,304.08,26.27,39.63,30408.0,15,4,7,187,73195.0,440.00000000000006,True
2024,7,5,16,183.68,136.85,292.34,73.55,0.4,74.84,24.81,11.65,18.23,10.25,43.67,0.04,4.04,124.2,83.58,2024-07-05 16:00:00,136.85,24.81,43.67,13685.0,16,4,7,187,75565.0,8159.999999999999,True
2024,7,5,17,16.73,12.6,14.9,15.22,0.22,87.48,22.75,11.99,17.37,10.48,50.58,0.02,3.72,120.4,83.64,2024-07-05 17:00:00,12.6,22.75,50.58,1260.0,17,4,7,187,65822.0,23268.0,True
2024,7,6,5,3.62,3.12,0.0,4.69,0.2,89.33,15.05,13.07,14.06,11.22,87.76,1.47,1.63,50.5,83.82,2024-07-06 05:00:00,3.12,15.05,87.76,312.0,5,5,7,188,49208.0,39510.0,True
2024,7,6,6,112.8,81.45,32.6,71.64,0.32,78.83,15.58,13.19,14.39,11.31,85.54,1.14,1.43,62.5,83.87,2024-07-06 06:00:00,81.45,15.58,85.54,8145.0,6,5,7,188,45565.0,56766.99999999999,True
2024,7,6,7,330.05,229.38,93.4,160.35,0.42,65.23,16.94,13.2,15.07,11.3,78.41,1.19,1.18,108.3,83.92,2024-07-06 07:00:00,229.38,16.94,78.41,22938.0,7,5,7,188,29914.999999999996,66142.0,True
2024,7,6,8,545.38,391.65,100.0,236.89,0.48,52.05,18.44,13.1,15.77,11.24,70.97,1.18,1.2,158.6,83.93,2024-07-06 08:00:00,391.65,18.44,70.97,39165.0,8,5,7,188,13293.0,67883.0,True
2024,7,6,9,724.03,489.17,48.16,353.95,0.48,39.79,19.93,13.0,16.46,11.16,64.19,1.17,1.49,193.2,83.9,2024-07-06 09:00:00,489.17,19.93,64.19,48917.0,9,5,7,188,1227.0,58178.0,True
2024,7,6,10,841.72,571.85,91.25,334.9,0.5,29.67,21.51,12.85,17.18,11.06,57.68,1.57,1.83,212.3,83.84,2024-07-06 10:00:00,571.85,21.51,57.68,57185.0,10,5,7,188,388.0,50385.0,True
2024,7,6,11,856.88,588.88,87.68,345.2,0.49,24.58,22.67,12.71,17.69,10.98,53.3,1.96,2.03,226.0,83.76,2024-07-06 11:00:00,588.88,22.67,53.3,58888.0,11,5,7,188,10038.0,37638.0,True
2024,7,6,12,830.38,593.78,171.97,317.4,0.51,27.46,23.17,12.67,17.92,10.95,51.52,2.4,2.16,236.2,83.68,2024-07-06 12:00:00,593.78,23.17,51.52,59378.0,12,5,7,188,26958.0,25455.0,True
2024,7,6,13,727.55,497.6,169.87,240.28,0.47,36.48,23.13,12.74,17.93,11.01,51.89,2.38,2.24,239.1,83.62,2024-07-06 13:00:00,497.6,23.13,51.89,49760.0,13,5,7,188,44008.0,11378.0,True
2024,7,6,14,564.8,401.0,305.5,161.52,0.46,48.29,22.69,12.9,17.8,11.12,53.81,2.16,2.26,234.2,83.6,2024-07-06 14:00:00,401.0,22.69,53.81,40100.0,14,5,7,188,51535.0,1135.0,True
2024,7,6,15,358.92,235.4,107.61,177.63,0.37,61.27,22.04,13.13,17.58,11.29,56.84,1.84,2.28,225.4,83.61,2024-07-06 15:00:00,235.4,22.04,56.84,23540.0,15,5,7,188,67503.0,472.0,True
2024,7,6,16,152.48,95.05,19.17,77.85,0.27,74.78,21.14,13.42,17.28,11.51,61.24,1.49,2.21,218.2,83.64,2024-07-06 16:00:00,95.05,21.14,61.24,9505.0,16,5,7,188,85945.0,9675.0,True
2024,7,6,17,14.38,7.22,1.91,9.79,0.12,87.46,19.77,14.82,17.3,12.62,73.06,1.28,1.23,207.0,83.68,2024-07-06 17:00:00,7.22,19.77,73.06,722.0,17,5,7,188,87797.0,24990.0,True
2024,7,7,5,3.3,2.3,0.0,3.13,0.15,89.34,15.38,14.65,15.02,12.46,95.28,1.95,1.37,118.2,83.77,2024-07-07 05:00:00,2.3,15.38,95.28,229.99999999999997,5,6,7,189,73183.0,41038.0,True
2024,7,7,6,99.22,50.78,28.23,49.23,0.2,78.86,15.93,14.66,15.29,12.46,92.05,1.87,1.94,123.4,83.84,2024-07-07 06:00:00,50.78,15.93,92.05,5078.0,6,6,7,189,59950.0,51229.99999999999,True
2024,7,7,7,303.23,148.1,23.31,130.14,0.27,65.25,17.27,14.79,16.03,12.55,85.2,1.83,1.71,154.0,83.9,2024-07-07 07:00:00,148.1,17.27,85.2,14810.0,7,6,7,189,37512.0,63535.0,True
2024,7,7,8,516.5,244.68,28.47,194.07,0.3,52.05,19.22,14.67,16.94,12.45,74.8,2.83,1.93,206.2,83.92,2024-07-07 08:00:00,244.68,19.22,74.8,24468.0,8,6,7,189,16835.0,72630.0,True
2024,7,7,9,694.65,359.8,39.15,206.84,0.36,39.76,21.4,14.17,17.79,12.05,63.27,2.57,2.77,226.2,83.89,2024-07-07 09:00:00,359.8,21.4,63.27,35980.0,9,6,7,189,1400.0,77220.0,True
2024,7,7,10,812.92,488.12,27.38,323.09,0.43,29.61,23.48,13.74,18.61,11.73,54.24,2.69,3.2,231.5,83.83,2024-07-07 10:00:00,488.12,23.48,54.24,48812.0,10,6,7,189,409.99999999999994,69805.0,True
2024,7,7,11,858.28,546.08,34.64,356.39,0.46,24.47,25.21,13.35,19.28,11.45,47.69,2.65,3.34,233.6,83.74,2024-07-07 11:00:00,546.08,25.21,47.69,54608.00000000001,11,6,7,189,10262.0,57190.0,True
2024,7,7,12,829.0,500.4,48.47,361.52,0.43,27.35,25.82,12.87,19.35,11.11,44.59,2.47,3.44,233.6,83.65,2024-07-07 12:00:00,500.4,25.82,44.59,50040.0,12,6,7,189,26312.0,36750.0,True
2024,7,7,13,725.53,508.25,29.94,376.81,0.48,36.38,25.7,12.65,19.18,10.95,44.23,2.77,3.48,233.1,83.58,2024-07-07 13:00:00,508.25,25.7,44.23,50825.0,13,6,7,189,43395.0,16115.0,True
2024,7,7,14,560.78,418.65,112.09,210.02,0.48,48.21,24.92,12.74,18.83,11.02,46.61,2.22,3.19,230.2,83.55,2024-07-07 14:00:00,418.65,24.92,46.61,41865.0,14,6,7,189,44738.0,1318.0,True
2024,7,7,15,356.23,266.17,96.21,182.81,0.42,61.21,24.14,12.92,18.53,11.15,49.41,1.64,2.76,223.2,83.56,2024-07-07 15:00:00,266.17,24.14,49.41,26617.0,15,6,7,189,47175.0,512.0,True
2024,7,7,16,148.1,111.95,32.78,92.63,0.32,74.73,23.06,13.16,18.11,11.33,53.6,0.79,2.31,212.2,83.59,2024-07-07 16:00:00,111.95,23.06,53.6,11195.0,16,6,7,189,51658.00000000001,12852.000000000002,True
2024,7,7,17,14.23,9.12,0.0,12.02,0.15,87.43,20.86,15.33,18.1,13.07,70.67,0.68,1.42,193.1,83.63,2024-07-07 17:00:00,9.12,20.86,70.67,911.9999999999999,17,6,7,189,65742.0,33315.0,True
2024,7,8,5,3.17,2.62,0.0,4.36,0.18,89.35,14.54,14.22,14.38,12.13,97.84,3.99,2.04,245.4,83.7,2024-07-08 05:00:00,2.62,14.54,97.84,262.0,5,0,7,190,58220.00000000001,52935.0,True
2024,7,8,6,96.12,71.95,28.05,56.77,0.28,78.88,15.83,14.6,15.21,12.41,92.18,4.62,3.09,251.9,83.76,2024-07-08 06:00:00,71.95,15.83,92.18,7195.0,6,0,7,190,56038.0,62195.00000000001,True
2024,7,8,7,292.62,213.12,111.62,159.59,0.39,65.26,17.44,14.72,16.08,12.52,84.01,4.61,3.43,253.6,83.82,2024-07-08 07:00:00,213.12,17.44,84.01,21312.0,7,0,7,190,38460.0,71320.0,True
2024,7,8,8,498.4,337.55,181.59,191.14,0.42,52.04,19.43,14.43,16.93,12.27,72.7,3.1,3.71,252.7,83.84,2024-07-08 08:00:00,337.55,19.43,72.7,33755.0,8,0,7,190,18032.0,78112.0,True
2024,7,8,9,681.38,500.48,191.61,293.86,0.49,39.73,21.98,13.92,17.95,11.88,60.16,2.55,3.8,251.3,83.82,2024-07-08 09:00:00,500.48,21.98,60.16,50048.0,9,0,7,190,1657.9999999999998,77638.0,True
2024,7,8,10,807.15,636.65,196.81,338.0,0.56,29.54,23.89,13.6,18.74,11.64,52.48,3.25,3.75,250.1,83.78,2024-07-08 10:00:00,636.65,23.89,52.48,63665.0,10,0,7,190,415.00000000000006,58012.0,True
2024,7,8,11,848.55,612.22,241.87,275.86,0.51,24.36,24.97,13.34,19.15,11.45,48.36,3.81,3.57,249.5,83.71,2024-07-08 11:00:00,612.22,24.97,48.36,61222.0,11,0,7,190,11012.0,54085.0,True
2024,7,8,12,821.15,601.4,192.26,321.82,0.51,27.23,25.51,13.12,19.32,11.3,46.19,4.23,3.2,248.0,83.65,2024-07-08 12:00:00,601.4,25.51,46.19,60140.0,12,0,7,190,28658.0,33545.0,True
2024,7,8,13,721.92,509.75,193.73,244.33,0.48,36.28,25.29,12.96,19.12,11.19,46.31,5.03,2.77,243.4,83.58,2024-07-08 13:00:00,509.75,25.29,46.31,50975.0,13,0,7,190,45783.0,15430.000000000002,True
2024,7,8,14,564.6,373.1,131.08,199.48,0.42,48.13,24.67,13.02,18.85,11.22,48.16,5.34,2.34,233.0,83.55,2024-07-08 14:00:00,373.1,24.67,48.16,37310.0,14,0,7,190,62453.0,1290.0,True
2024,7,8,15,364.15,222.23,43.34,166.44,0.35,61.14,23.65,13.28,18.47,11.42,52.11,7.19,2.07,212.8,83.55,2024-07-08 15:00:00,222.23,23.65,52.11,22223.0,15,0,7,190,79447.0,420.0,True
2024,7,8,16,154.82,101.03,31.5,79.38,0.29,74.68,22.43,13.96,18.2,11.94,58.65,10.46,1.93,189.2,83.58,2024-07-08 16:00:00,101.03,22.43,58.65,10103.0,16,0,7,190,85783.0,8268.0,True
2024,7,8,17,14.73,9.02,0.0,11.73,0.15,87.41,20.65,16.21,18.43,13.85,75.81,11.94,1.5,167.7,83.6,2024-07-08 17:00:00,9.02,20.65,75.81,902.0,17,0,7,190,81653.0,19940.0,True
2024,7,9,5,3.25,2.1,0.0,2.86,0.14,89.36,15.68,15.32,15.5,13.01,97.59,4.08,1.24,171.7,83.81,2024-07-09 05:00:00,2.1,15.68,97.59,210.0,5,1,7,191,71975.0,34198.0,True
2024,7,9,6,104.95,55.9,2.98,54.67,0.22,78.9,16.56,15.44,16.0,13.09,92.88,3.2,2.05,174.4,83.86,2024-07-09 06:00:00,55.9,16.56,92.88,5590.0,6,1,7,191,56929.99999999999,51320.00000000001,True
2024,7,9,7,316.2,160.5,23.04,126.56,0.29,65.26,18.04,15.5,16.77,13.14,84.95,3.19,2.39,190.8,83.91,2024-07-09 07:00:00,160.5,18.04,84.95,16050.0,7,1,7,191,36238.0,66317.0,True
2024,7,9,8,529.28,222.8,25.21,153.0,0.27,52.03,19.93,14.92,17.42,12.66,72.77,4.13,2.89,203.9,83.92,2024-07-09 08:00:00,222.8,19.93,72.77,22280.0,8,1,7,191,17138.0,70840.0,True
2024,7,9,9,706.47,456.62,33.16,281.75,0.45,39.69,21.82,13.99,17.9,11.92,61.0,6.04,3.35,213.1,83.89,2024-07-09 09:00:00,456.62,21.82,61.0,45662.0,9,1,7,191,1502.0,75978.0,True
2024,7,9,10,821.05,609.2,184.4,321.69,0.53,29.47,23.02,13.54,18.28,11.58,55.08,7.39,3.65,218.1,83.85,2024-07-09 10:00:00,609.2,23.02,55.08,60920.00000000001,10,1,7,191,400.0,65283.00000000001,True
2024,7,9,11,875.17,658.1,193.9,336.9,0.55,24.25,23.33,13.41,18.37,11.48,53.57,8.54,3.73,219.0,83.81,2024-07-09 11:00:00,658.1,23.33,53.57,65810.0,11,1,7,191,11993.0,58783.00000000001,True
2024,7,9,12,842.58,639.97,179.64,343.13,0.55,27.11,23.38,13.3,18.34,11.41,53.05,9.22,3.72,220.0,83.76,2024-07-09 12:00:00,639.97,23.38,53.05,63997.0,12,1,7,191,30952.0,38952.0,True
2024,7,9,13,740.1,549.28,238.34,284.65,0.52,36.18,23.04,13.23,18.13,11.36,53.88,10.13,3.66,223.3,83.71,2024-07-09 13:00:00,549.28,23.04,53.88,54928.0,13,1,7,191,48962.0,17245.0,True
2024,7,9,14,572.33,391.92,153.02,207.23,0.44,48.05,22.3,13.39,17.85,11.49,56.97,9.35,3.37,223.8,83.67,2024-07-09 14:00:00,391.92,22.3,56.97,39192.0,14,1,7,191,64100.0,1435.0,True
2024,7,9,15,368.2,235.38,50.3,175.25,0.37,61.08,21.3,13.76,17.53,11.77,62.04,7.41,2.8,213.3,83.69,2024-07-09 15:00:00,235.38,21.3,62.04,23538.0,15,1,7,191,76960.0,488.0,True
2024,7,9,16,154.65,107.18,27.85,84.61,0.31,74.63,20.21,14.29,17.25,12.18,68.66,5.44,2.19,194.3,83.72,2024-07-09 16:00:00,107.18,20.21,68.66,10718.0,16,1,7,191,78283.0,12847.999999999998,True
2024,7,9,17,14.4,11.38,0.0,14.96,0.19,87.38,18.74,16.05,17.39,13.65,84.27,3.17,1.18,178.5,83.74,2024-07-09 17:00:00,11.38,18.74,84.27,1138.0,17,1,7,191,77385.0,34180.0,True
2024,7,10,5,3.05,2.58,0.0,3.96,0.18,89.37,13.67,12.03,12.85,10.48,89.74,1.21,1.1,95.8,83.89,2024-07-10 05:00:00,2.58,13.67,89.74,258.0,5,2,7,192,63760.0,55145.00000000001,True
2024,7,10,6,96.32,54.85,15.62,47.43,0.22,78.92,14.84,11.52,13.18,10.11,80.33,0.97,1.61,90.4,83.96,2024-07-10 06:00:00,54.85,14.84,80.33,5485.0,6,2,7,192,50998.0,69650.0,True
2024,7,10,7,297.73,163.3,81.65,109.46,0.3,65.27,17.11,11.44,14.27,10.05,69.13,0.63,1.87,109.4,84.02,2024-07-10 07:00:00,163.3,17.11,69.13,16330.000000000002,7,2,7,192,34742.0,79308.0,True
2024,7,10,8,511.6,292.05,49.44,180.98,0.36,52.01,20.13,10.5,15.32,9.44,53.77,0.32,2.45,121.2,84.03,2024-07-10 08:00:00,292.05,20.13,53.77,29205.0,8,2,7,192,15655.000000000002,86220.0,True
2024,7,10,9,682.97,415.9,104.28,242.44,0.41,39.65,22.71,10.04,16.38,9.16,44.53,0.12,2.94,125.0,83.99,2024-07-10 09:00:00,415.9,22.71,44.53,41590.0,9,2,7,192,1350.0,84567.0,True
2024,7,10,10,792.3,446.4,54.11,285.39,0.39,29.39,24.71,10.03,17.37,9.16,39.45,0.05,3.42,127.4,83.91,2024-07-10 10:00:00,446.4,24.71,39.45,44640.0,10,2,7,192,385.0,76620.0,True
2024,7,10,11,888.12,533.55,111.47,311.75,0.44,24.13,26.24,9.99,18.11,9.15,35.94,0.02,3.85,127.1,83.82,2024-07-10 11:00:00,533.55,26.24,35.94,53354.99999999999,11,2,7,192,11488.0,61097.0,True
2024,7,10,12,865.05,535.85,102.46,313.25,0.46,26.99,27.2,9.89,18.55,9.09,33.71,0.01,4.27,125.8,83.74,2024-07-10 12:00:00,535.85,27.2,33.71,53585.0,12,2,7,192,31938.0,38827.0,True
2024,7,10,13,770.53,384.45,347.99,151.64,0.36,36.08,27.17,9.71,18.44,8.99,33.38,0.01,4.69,123.4,83.67,2024-07-10 13:00:00,384.45,27.17,33.38,38445.0,13,2,7,192,53612.0,17307.0,True
2024,7,10,14,609.65,315.55,24.72,240.55,0.36,47.97,26.7,9.53,18.12,8.88,33.88,0.0,5.21,120.7,83.65,2024-07-10 14:00:00,315.55,26.7,33.88,31555.0,14,2,7,192,71028.0,1450.0,True
2024,7,10,15,403.45,207.32,93.06,162.53,0.32,61.02,25.53,9.41,17.47,8.81,36.04,0.0,5.71,117.8,83.68,2024-07-10 15:00:00,207.32,25.53,36.04,20732.0,15,2,7,192,79465.0,358.0,True
2024,7,10,16,181.25,91.9,61.6,79.01,0.26,74.58,23.67,9.62,16.64,8.93,40.85,0.0,5.81,115.2,83.73,2024-07-10 16:00:00,91.9,23.67,40.85,9190.0,16,2,7,192,80278.0,10328.0,True
2024,7,10,17,17.23,9.88,0.0,12.84,0.16,87.36,20.89,10.49,15.69,9.47,51.32,0.0,4.95,110.2,83.79,2024-07-10 17:00:00,9.88,20.89,51.32,988.0000000000001,17,2,7,192,78165.0,29035.000000000004,True
2024,7,11,5,3.53,3.5,4.49,5.5,0.24,89.37,12.83,12.4,12.62,10.73,97.1,0.27,1.4,139.4,83.94,2024-07-11 05:00:00,3.5,12.83,97.1,350.0,5,3,7,193,63408.00000000001,47595.0,True
2024,7,11,6,118.5,114.65,173.9,69.35,0.45,78.94,14.21,12.2,13.21,10.58,87.58,0.07,2.16,145.0,84.0,2024-07-11 06:00:00,114.65,14.21,87.58,11465.0,6,3,7,193,48080.0,72247.0,True
2024,7,11,7,337.12,320.2,342.42,181.1,0.58,65.27,16.76,11.49,14.12,10.09,70.99,0.0,2.57,149.3,84.06,2024-07-11 07:00:00,320.2,16.76,70.99,32020.0,7,3,7,193,30227.0,76483.0,True
2024,7,11,8,555.05,531.62,490.65,196.18,0.66,52.0,19.75,10.98,15.36,9.74,56.82,0.0,2.66,150.7,84.08,2024-07-11 08:00:00,531.62,19.75,56.82,53162.0,8,3,7,193,12935.0,74520.0,True
2024,7,11,9,734.38,641.1,466.07,260.52,0.63,39.61,22.17,10.79,16.48,9.63,48.4,0.0,2.68,148.7,84.05,2024-07-11 09:00:00,641.1,22.17,48.4,64110.0,9,3,7,193,1410.0,61197.0,True
2024,7,11,10,854.08,704.28,410.16,286.34,0.61,29.3,24.3,10.53,17.42,9.47,41.82,0.0,2.63,147.1,83.99,2024-07-11 10:00:00,704.28,24.3,41.82,70428.0,10,3,7,193,395.0,61515.0,True
2024,7,11,11,911.5,774.9,394.95,316.8,0.64,24.0,26.0,10.03,18.02,9.16,36.53,0.0,2.63,143.3,83.91,2024-07-11 11:00:00,774.9,26.0,36.53,77490.0,11,3,7,193,11460.0,50073.0,True
2024,7,11,12,885.75,742.67,498.69,296.71,0.63,26.86,27.15,9.31,18.23,8.74,32.55,0.0,2.85,138.3,83.83,2024-07-11 12:00:00,742.67,27.15,32.55,74267.0,12,3,7,193,31675.0,31550.0,True
2024,7,11,13,786.75,700.05,440.57,302.09,0.66,35.97,27.63,8.6,18.11,8.34,30.18,0.0,3.27,133.5,83.75,2024-07-11 13:00:00,700.05,27.63,30.18,70005.0,13,3,7,193,52538.0,13165.0,True
2024,7,11,14,625.67,541.55,415.82,263.46,0.61,47.89,27.44,8.06,17.75,8.04,29.4,0.0,3.82,130.4,83.69,2024-07-11 14:00:00,541.55,27.44,29.4,54154.99999999999,14,3,7,193,68930.0,948.0,True
2024,7,11,15,413.5,348.62,358.56,215.6,0.54,60.95,26.51,7.76,17.14,7.87,30.4,0.0,4.53,127.7,83.68,2024-07-11 15:00:00,348.62,26.51,30.4,34862.0,15,3,7,193,79205.0,342.0,True
2024,7,11,16,183.32,154.62,148.71,115.79,0.44,74.53,24.61,8.07,16.34,8.04,34.77,0.0,5.18,123.9,83.71,2024-07-11 16:00:00,154.62,24.61,34.77,15462.0,16,3,7,193,85640.0,6530.0,True
2024,7,11,17,17.17,15.05,7.6,17.86,0.25,87.33,21.3,9.32,15.31,8.75,46.25,0.0,5.18,119.9,83.77,2024-07-11 17:00:00,15.05,21.3,46.25,1505.0,17,3,7,193,79758.0,18288.0,True
2024,7,12,5,3.47,3.45,1.82,5.42,0.24,89.38,10.32,9.73,10.02,8.97,96.04,0.12,1.32,72.8,84.02,2024-07-12 05:00:00,3.45,10.32,96.04,345.0,5,4,7,194,60015.0,30683.0,True
2024,7,12,6,119.1,117.68,193.48,77.75,0.47,78.95,12.74,10.17,11.45,9.23,84.23,0.11,1.54,80.3,84.07,2024-07-12 06:00:00,117.68,12.74,84.23,11768.0,6,4,7,194,49617.0,41858.0,True
2024,7,12,7,343.42,339.42,474.16,134.08,0.62,65.27,17.1,11.23,14.16,9.9,68.22,0.18,2.98,124.5,84.11,2024-07-12 07:00:00,339.42,17.1,68.22,33942.0,7,4,7,194,30523.0,50865.0,True
2024,7,12,8,565.67,562.05,569.57,172.09,0.69,51.97,20.41,12.09,16.25,10.48,58.68,0.5,4.11,133.3,84.1,2024-07-12 08:00:00,562.05,20.41,58.68,56204.99999999999,8,4,7,194,13497.999999999998,50350.0,True
2024,7,12,9,746.88,741.6,659.16,214.7,0.73,39.56,22.82,12.04,17.43,10.46,50.51,0.52,4.42,136.4,84.06,2024-07-12 09:00:00,741.6,22.82,50.51,74160.0,9,4,7,194,1227.0,53995.00000000001,True
2024,7,12,10,866.4,848.47,661.95,247.99,0.74,29.21,24.81,11.57,18.19,10.15,43.46,0.38,4.6,136.1,83.98,2024-07-12 10:00:00,848.47,24.81,43.46,84847.0,10,4,7,194,292.0,51117.0,True
2024,7,12,11,930.4,866.33,642.46,249.51,0.72,23.87,25.87,11.13,18.5,9.86,39.61,0.51,4.78,134.8,83.9,2024-07-12 11:00:00,866.33,25.87,39.61,86633.0,11,4,7,194,7097.0,35092.0,True
2024,7,12,12,903.83,731.9,550.93,249.03,0.62,26.72,25.53,10.83,18.18,9.67,39.61,0.91,4.94,133.4,83.84,2024-07-12 12:00:00,731.9,25.53,39.61,73190.0,12,4,7,194,18815.0,21295.0,True
2024,7,12,13,803.78,681.33,474.56,270.33,0.64,35.87,25.7,10.74,18.22,9.63,39.03,0.89,4.79,130.8,83.79,2024-07-12 13:00:00,681.33,25.7,39.03,68133.0,13,4,7,194,31535.000000000004,10062.0,True
2024,7,12,14,637.35,503.0,338.56,233.7,0.57,47.8,25.89,10.73,18.31,9.62,38.54,0.72,4.51,127.6,83.76,2024-07-12 14:00:00,503.0,25.89,38.54,50300.0,14,4,7,194,54328.0,1019.9999999999999,True
2024,7,12,15,422.75,341.98,450.49,155.24,0.53,60.89,25.18,10.72,17.95,9.61,40.15,0.45,4.33,124.3,83.76,2024-07-12 15:00:00,341.98,25.18,40.15,34198.0,15,4,7,194,67530.0,409.99999999999994,True
2024,7,12,16,188.75,160.43,248.12,95.61,0.46,74.48,23.56,11.11,17.33,9.87,45.45,0.28,4.47,120.1,83.79,2024-07-12 16:00:00,160.43,23.56,45.45,16043.0,16,4,7,194,83842.0,10480.0,True
2024,7,12,17,17.83,15.1,9.88,14.48,0.24,87.31,20.65,12.75,16.7,11.0,60.48,0.65,3.84,114.3,83.84,2024-07-12 17:00:00,15.1,20.65,60.48,1510.0,17,4,7,194,70072.0,27438.0,True
2024,7,13,5,3.58,1.92,0.0,2.96,0.14,89.39,12.96,12.53,12.75,10.82,97.16,1.61,2.23,105.9,84.01,2024-07-13 05:00:00,1.92,12.96,97.16,192.0,5,5,7,195,69185.0,45865.0,True
2024,7,13,6,124.88,41.9,68.99,39.89,0.17,78.96,13.95,12.65,13.3,10.88,91.64,1.5,3.32,111.4,84.06,2024-07-13 06:00:00,41.9,13.95,91.64,4190.0,6,5,7,195,53240.0,61041.99999999999,True
2024,7,13,7,356.83,153.85,136.64,99.97,0.28,65.26,16.26,12.91,14.58,11.06,80.34,1.12,3.74,127.6,84.12,2024-07-13 07:00:00,153.85,16.26,80.34,15385.0,7,5,7,195,30408.0,73195.0,True
2024,7,13,8,582.7,256.0,194.51,150.21,0.32,51.95,18.96,12.67,15.82,10.9,66.8,1.01,3.57,137.0,84.14,2024-07-13 08:00:00,256.0,18.96,66.8,25600.0,8,5,7,195,13685.0,75565.0,True
2024,7,13,9,762.65,383.05,147.33,219.68,0.38,39.5,21.65,12.51,17.08,10.78,55.93,1.77,3.03,142.9,84.12,2024-07-13 09:00:00,383.05,21.65,55.93,38305.0,9,5,7,195,1260.0,65822.0,True
2024,7,13,10,881.83,501.92,118.14,306.66,0.44,29.12,23.76,12.36,18.06,10.68,48.72,2.66,2.76,146.1,84.05,2024-07-13 10:00:00,501.92,23.76,48.72,50192.0,10,5,7,195,312.0,49208.0,True
2024,7,13,11,900.85,521.08,95.53,324.32,0.43,23.73,25.22,12.14,18.68,10.54,44.02,2.86,2.63,147.3,83.96,2024-07-13 11:00:00,521.08,25.22,44.02,52108.00000000001,11,5,7,195,8145.0,45565.0,True
2024,7,13,12,874.62,575.65,161.71,334.14,0.49,26.58,26.01,11.89,18.95,10.38,41.32,3.47,2.62,146.1,83.87,2024-07-13 12:00:00,575.65,26.01,41.32,57565.0,12,5,7,195,22938.0,29914.999999999996,True
2024,7,13,13,774.85,494.35,397.73,173.5,0.46,35.76,26.35,11.66,19.0,10.24,39.92,3.43,2.71,142.8,83.79,2024-07-13 13:00:00,494.35,26.35,39.92,49435.0,13,5,7,195,39165.0,13293.0,True
2024,7,13,14,612.8,412.65,445.34,170.95,0.47,47.72,26.09,11.45,18.77,10.09,39.93,2.77,2.9,139.8,83.75,2024-07-13 14:00:00,412.65,26.09,39.93,41265.0,14,5,7,195,48917.0,1227.0,True
2024,7,13,15,402.77,277.33,368.69,122.3,0.43,60.82,24.98,11.33,18.15,10.01,42.32,1.74,3.19,136.7,83.76,2024-07-13 15:00:00,277.33,24.98,42.32,27733.0,15,5,7,195,57185.0,388.0,True
2024,7,13,16,178.98,126.55,289.67,81.73,0.36,74.44,23.46,11.69,17.58,10.25,47.48,0.86,3.39,133.9,83.8,2024-07-13 16:00:00,126.55,23.46,47.48,12655.0,16,5,7,195,58888.0,10038.0,True
2024,7,13,17,17.17,12.0,10.72,13.93,0.19,87.29,20.69,13.59,17.14,11.62,63.71,0.89,2.72,129.0,83.85,2024-07-13 17:00:00,12.0,20.69,63.71,1200.0,17,5,7,195,59378.0,26958.0,True
2024,7,14,5,3.62,2.9,2.01,4.49,0.21,89.39,10.79,9.33,10.06,8.72,90.48,0.53,1.63,298.1,84.01,2024-07-14 05:00:00,2.9,10.79,90.48,290.0,5,6,7,196,49760.0,44008.0,True
2024,7,14,6,125.15,77.38,60.83,57.45,0.31,78.97,12.97,10.01,11.49,9.14,82.15,0.35,2.71,282.8,84.05,2024-07-14 06:00:00,77.38,12.97,82.15,7738.0,6,6,7,196,40100.0,51535.0,True
2024,7,14,7,355.67,218.8,192.85,130.58,0.4,65.26,16.12,10.82,13.47,9.64,70.7,0.39,3.56,251.5,84.1,2024-07-14 07:00:00,218.8,16.12,70.7,21880.0,7,6,7,196,23540.0,67503.0,True
2024,7,14,8,579.15,381.85,211.91,214.56,0.47,51.92,19.56,10.87,15.21,9.67,57.1,0.39,4.27,233.0,84.1,2024-07-14 08:00:00,381.85,19.56,57.1,38185.0,8,6,7,196,9505.0,85945.0,True
2024,7,14,9,758.9,471.48,182.07,254.57,0.46,39.44,22.35,10.84,16.6,9.65,47.98,0.28,4.61,227.1,84.06,2024-07-14 09:00:00,471.48,22.35,47.98,47148.0,9,6,7,196,722.0,87797.0,True
2024,7,14,10,878.25,543.15,220.62,279.55,0.47,29.01,24.52,10.7,17.61,9.58,41.75,0.11,4.67,225.0,83.99,2024-07-14 10:00:00,543.15,24.52,41.75,54315.0,10,6,7,196,229.99999999999997,73183.0,True
2024,7,14,11,925.17,529.17,168.96,255.0,0.44,23.58,26.17,10.39,18.28,9.38,37.03,0.05,4.61,223.4,83.91,2024-07-14 11:00:00,529.17,26.17,37.03,52916.99999999999,11,6,7,196,5078.0,59950.0,True
2024,7,14,12,899.62,573.38,188.71,295.3,0.49,26.44,27.29,10.02,18.65,9.16,33.83,0.04,4.44,221.1,83.83,2024-07-14 12:00:00,573.38,27.29,33.83,57338.0,12,6,7,196,14810.0,37512.0,True
2024,7,14,13,801.38,674.35,486.87,251.25,0.63,35.65,27.78,9.7,18.74,8.98,32.2,0.03,4.19,218.2,83.76,2024-07-14 13:00:00,674.35,27.78,32.2,67435.0,13,6,7,196,24468.0,16835.0,True
2024,7,14,14,639.38,543.7,396.57,240.46,0.61,47.64,27.61,9.38,18.49,8.79,31.83,0.03,3.83,215.0,83.72,2024-07-14 14:00:00,543.7,27.61,31.83,54370.00000000001,14,6,7,196,35980.0,1400.0,True
2024,7,14,15,427.52,341.12,318.42,182.85,0.53,60.76,26.57,9.18,17.88,8.68,33.41,0.03,3.45,210.3,83.72,2024-07-14 15:00:00,341.12,26.57,33.41,34112.0,15,6,7,196,48812.0,409.99999999999994,True
2024,7,14,16,196.35,145.4,327.52,94.45,0.41,74.39,24.84,9.96,17.4,9.15,39.02,0.02,2.75,201.5,83.75,2024-07-14 16:00:00,145.4,24.84,39.02,14540.0,16,6,7,196,54608.00000000001,10262.0,True
2024,7,14,17,19.12,11.98,16.72,14.26,0.19,87.27,21.75,14.01,17.88,11.96,61.39,0.02,1.94,181.2,83.79,2024-07-14 17:00:00,11.98,21.75,61.39,1198.0,17,6,7,196,50040.0,26312.0,True
2024,7,15,5,3.53,3.38,4.02,4.61,0.24,89.4,11.51,10.89,11.2,9.7,95.83,0.0,1.8,68.8,83.95,2024-07-15 05:00:00,3.38,11.51,95.83,338.0,5,0,7,197,50825.0,43395.0,True
2024,7,15,6,120.57,116.65,210.28,84.17,0.46,78.98,14.01,11.36,12.68,10.0,83.9,0.0,2.51,75.9,84.01,2024-07-15 06:00:00,116.65,14.01,83.9,11665.0,6,0,7,197,41865.0,44738.0,True
2024,7,15,7,345.42,341.15,505.01,109.42,0.62,65.24,17.67,10.99,14.33,9.75,64.77,0.0,2.34,106.3,84.06,2024-07-15 07:00:00,341.15,17.67,64.77,34115.0,7,0,7,197,26617.0,47175.0,True
2024,7,15,8,565.3,562.33,597.72,164.8,0.69,51.89,20.87,10.43,15.65,9.4,51.17,0.0,2.13,126.2,84.06,2024-07-15 08:00:00,562.33,20.87,51.17,56233.00000000001,8,0,7,197,11195.0,51658.00000000001,True
2024,7,15,9,744.05,741.45,666.68,209.51,0.73,39.38,23.45,10.22,16.83,9.27,43.1,0.0,1.8,139.1,84.01,2024-07-15 09:00:00,741.45,23.45,43.1,74145.0,9,0,7,197,911.9999999999999,65742.0,True
2024,7,15,10,863.0,860.83,710.82,192.26,0.75,28.91,25.37,10.34,17.86,9.35,38.72,0.0,1.44,148.1,83.94,2024-07-15 10:00:00,860.83,25.37,38.72,86083.0,10,0,7,197,262.0,58220.00000000001,True
2024,7,15,11,910.2,874.35,590.02,270.64,0.72,23.43,26.71,10.54,18.62,9.49,36.27,0.01,1.03,152.9,83.86,2024-07-15 11:00:00,874.35,26.71,36.27,87435.0,11,0,7,197,7195.0,56038.0,True
2024,7,15,12,884.17,782.8,510.26,283.82,0.66,26.29,27.45,10.74,19.1,9.63,35.2,0.01,0.83,152.8,83.77,2024-07-15 12:00:00,782.8,27.45,35.2,78280.0,12,0,7,197,21312.0,38460.0,True
2024,7,15,13,785.42,554.47,503.91,188.4,0.52,35.53,27.69,10.85,19.27,9.7,34.93,0.02,0.96,143.5,83.69,2024-07-15 13:00:00,554.47,27.69,34.93,55447.0,13,0,7,197,33755.0,18032.0,True
2024,7,15,14,624.08,451.85,242.08,276.03,0.51,47.55,27.35,10.95,19.15,9.78,35.9,0.03,1.34,132.6,83.65,2024-07-15 14:00:00,451.85,27.35,35.9,45185.0,14,0,7,197,50048.0,1657.9999999999998,True
2024,7,15,15,414.4,269.4,232.39,146.04,0.42,60.7,26.15,11.18,18.67,9.92,39.07,0.04,1.99,129.7,83.65,2024-07-15 15:00:00,269.4,26.15,39.07,26939.999999999996,15,0,7,197,63665.0,415.00000000000006,True
2024,7,15,16,187.55,113.8,124.66,74.16,0.32,74.34,24.69,11.68,18.18,10.26,44.08,0.03,2.69,127.3,83.68,2024-07-15 16:00:00,113.8,24.69,44.08,11380.0,16,0,7,197,61222.0,11012.0,True
2024,7,15,17,18.33,9.95,5.96,12.63,0.16,87.25,22.09,13.86,17.98,11.86,59.58,0.03,2.14,125.5,83.71,2024-07-15 17:00:00,9.95,22.09,59.58,994.9999999999999,17,0,7,197,60140.0,28658.0,True
2024,7,16,5,3.38,1.95,0.0,3.09,0.14,89.4,15.51,14.61,15.06,12.41,94.23,0.84,2.07,125.2,83.88,2024-07-16 05:00:00,1.95,15.51,94.23,195.0,5,1,7,198,50975.0,45783.0,True
2024,7,16,6,115.62,58.62,37.55,47.52,0.23,78.99,15.9,14.47,15.18,12.28,91.01,0.79,2.43,132.5,83.93,2024-07-16 06:00:00,58.62,15.9,91.01,5862.0,6,1,7,198,37310.0,62453.0,True
2024,7,16,7,336.08,182.8,141.02,118.66,0.33,65.23,16.79,14.19,15.49,12.07,84.58,0.74,2.55,147.8,83.99,2024-07-16 07:00:00,182.8,16.79,84.58,18280.0,7,1,7,198,22223.0,79447.0,True
2024,7,16,8,553.97,317.9,227.02,163.02,0.39,51.85,17.96,14.01,15.99,11.91,77.54,0.75,2.29,169.2,84.01,2024-07-16 08:00:00,317.9,17.96,77.54,31789.999999999996,8,1,7,198,10103.0,85783.0,True
2024,7,16,9,733.85,411.58,125.22,215.2,0.4,39.31,19.55,13.8,16.67,11.76,69.3,0.91,2.26,192.5,83.99,2024-07-16 09:00:00,411.58,19.55,69.3,41158.0,9,1,7,198,902.0,81653.0,True
2024,7,16,10,852.4,433.38,61.43,256.51,0.37,28.79,21.36,13.5,17.43,11.53,60.73,0.85,2.53,209.9,83.93,2024-07-16 10:00:00,433.38,21.36,60.73,43338.0,10,1,7,198,210.0,71975.0,True
2024,7,16,11,920.17,410.85,27.49,267.71,0.34,23.27,22.58,13.2,17.89,11.32,55.31,0.93,2.91,217.7,83.85,2024-07-16 11:00:00,410.85,22.58,55.31,41085.0,11,1,7,198,5590.0,56929.99999999999,True
2024,7,16,12,893.03,461.48,143.11,262.73,0.39,26.14,23.29,13.0,18.14,11.19,52.33,0.92,3.23,220.9,83.78,2024-07-16 12:00:00,461.48,23.29,52.33,46148.0,12,1,7,198,16050.0,36238.0,True
2024,7,16,13,792.75,393.23,74.37,212.85,0.37,35.42,23.78,12.85,18.32,11.08,50.26,0.8,3.37,220.5,83.7,2024-07-16 13:00:00,393.23,23.78,50.26,39323.0,13,1,7,198,22280.0,17138.0,True
2024,7,16,14,626.67,340.55,141.97,185.74,0.38,47.47,23.65,12.71,18.18,10.99,50.22,0.69,3.3,215.6,83.65,2024-07-16 14:00:00,340.55,23.65,50.22,34055.0,14,1,7,198,45662.0,1502.0,True
2024,7,16,15,407.45,219.25,261.08,124.2,0.34,60.64,23.14,12.7,17.92,10.98,51.75,0.49,3.13,204.8,83.66,2024-07-16 15:00:00,219.25,23.14,51.75,21925.0,15,1,7,198,60920.00000000001,400.0,True
2024,7,16,16,176.98,95.28,153.94,64.12,0.27,74.3,22.05,12.86,17.45,11.08,55.81,0.37,3.0,188.6,83.69,2024-07-16 16:00:00,95.28,22.05,55.81,9528.0,16,1,7,198,65810.0,11993.0,True
2024,7,16,17,17.27,10.6,7.63,16.01,0.17,87.23,19.86,14.42,17.14,12.29,70.81,0.26,1.96,166.7,83.73,2024-07-16 17:00:00,10.6,19.86,70.81,1060.0,17,1,7,198,63997.0,30952.0,True
2024,7,17,5,3.2,1.95,0.0,3.24,0.14,89.41,14.74,14.04,14.39,11.95,95.39,0.84,2.06,134.4,83.9,2024-07-17 05:00:00,1.95,14.74,95.39,195.0,5,2,7,199,54928.0,48962.0,True
2024,7,17,6,108.55,62.95,28.95,49.48,0.25,78.99,15.29,13.97,14.63,11.89,91.69,0.61,2.86,137.0,83.97,2024-07-17 06:00:00,62.95,15.29,91.69,6295.0,6,2,7,199,39192.0,64100.0,True
2024,7,17,7,323.33,205.23,96.05,144.11,0.37,65.22,16.66,13.87,15.26,11.81,83.51,0.52,3.45,147.2,84.04,2024-07-17 07:00:00,205.23,16.66,83.51,20523.0,7,2,7,199,23538.0,76960.0,True
2024,7,17,8,541.08,371.67,181.77,207.12,0.46,51.81,18.52,13.48,16.0,11.5,72.35,0.49,3.62,156.4,84.06,2024-07-17 08:00:00,371.67,18.52,72.35,37167.0,8,2,7,199,10718.0,78283.0,True
2024,7,17,9,720.58,503.92,179.55,286.28,0.49,39.24,20.85,13.04,16.94,11.18,60.86,0.5,3.63,167.8,84.04,2024-07-17 09:00:00,503.92,20.85,60.86,50392.0,9,2,7,199,1138.0,77385.0,True
2024,7,17,10,840.78,578.28,190.7,314.46,0.5,28.68,22.82,12.75,17.79,10.97,52.91,0.73,3.67,177.8,83.98,2024-07-17 10:00:00,578.28,22.82,52.91,57828.0,10,2,7,199,258.0,63760.0,True
2024,7,17,11,858.8,513.7,87.22,287.52,0.42,23.1,24.22,12.47,18.34,10.78,47.74,0.93,3.55,184.2,83.89,2024-07-17 11:00:00,513.7,24.22,47.74,51370.00000000001,11,2,7,199,5485.0,50998.0,True
2024,7,17,12,832.35,451.4,23.95,291.1,0.38,25.98,24.88,12.29,18.58,10.66,45.35,0.99,3.31,188.5,83.82,2024-07-17 12:00:00,451.4,24.88,45.35,45140.0,12,2,7,199,16330.000000000002,34742.0,True
2024,7,17,13,731.75,392.77,121.25,203.22,0.36,35.3,24.64,12.24,18.44,10.63,45.84,0.85,3.06,187.5,83.75,2024-07-17 13:00:00,392.77,24.64,45.84,39277.0,13,2,7,199,29205.0,15655.000000000002,True
2024,7,17,14,564.47,292.6,83.04,215.92,0.33,47.38,24.04,12.35,18.19,10.72,47.9,0.58,2.9,178.0,83.72,2024-07-17 14:00:00,292.6,24.04,47.9,29260.000000000004,14,2,7,199,41590.0,1350.0,True
2024,7,17,15,359.55,169.55,38.67,134.84,0.26,60.58,23.17,12.53,17.85,10.85,51.09,0.43,3.05,163.2,83.73,2024-07-17 15:00:00,169.55,23.17,51.09,16955.0,15,2,7,199,44640.0,385.0,True
2024,7,17,16,150.95,71.18,22.3,68.66,0.2,74.26,21.92,12.79,17.35,11.03,56.05,0.21,3.28,149.2,83.76,2024-07-17 16:00:00,71.18,21.92,56.05,7118.000000000001,16,2,7,199,53354.99999999999,11488.0,True
2024,7,17,17,15.32,6.93,0.0,9.0,0.11,87.21,19.87,13.66,16.76,11.68,67.33,0.16,2.74,132.8,83.8,2024-07-17 17:00:00,6.93,19.87,67.33,693.0,17,2,7,199,53585.0,31938.0,True
2024,7,18,5,2.85,1.75,0.0,2.38,0.13,89.41,13.45,12.93,13.19,11.1,96.46,0.15,1.48,100.9,83.96,2024-07-18 05:00:00,1.75,13.45,96.46,175.0,5,3,7,200,38445.0,53612.0,True
2024,7,18,6,94.2,21.45,3.01,20.95,0.09,78.99,14.39,12.81,13.6,11.01,90.07,0.13,2.52,111.0,84.01,2024-07-18 06:00:00,21.45,14.39,90.07,2145.0,6,3,7,200,31555.0,71028.0,True
2024,7,18,7,297.62,120.8,20.82,106.05,0.22,65.2,16.38,12.63,14.51,10.88,78.39,0.11,3.01,131.1,84.07,2024-07-18 07:00:00,120.8,16.38,78.39,12080.0,7,3,7,200,20732.0,79465.0,True
2024,7,18,8,513.55,213.12,14.29,147.86,0.26,51.77,18.81,12.14,15.48,10.53,65.11,0.11,3.04,141.0,84.08,2024-07-18 08:00:00,213.12,18.81,65.11,21312.0,8,3,7,200,9190.0,80278.0,True
2024,7,18,9,695.45,250.45,23.23,157.25,0.24,39.17,21.0,11.87,16.43,10.34,55.81,0.13,2.86,150.7,84.06,2024-07-18 09:00:00,250.45,21.0,55.81,25045.0,9,3,7,200,988.0000000000001,78165.0,True
2024,7,18,10,816.58,336.73,43.67,214.48,0.29,28.55,23.31,11.74,17.52,10.26,48.08,0.14,2.74,160.4,84.01,2024-07-18 10:00:00,336.73,23.31,48.08,33673.0,10,3,7,200,350.0,63408.00000000001,True
2024,7,18,11,731.42,290.15,9.87,208.18,0.24,22.93,24.73,11.57,18.15,10.15,43.63,0.18,2.59,169.3,83.92,2024-07-18 11:00:00,290.15,24.73,43.63,29014.999999999996,11,3,7,200,11465.0,48080.0,True
2024,7,18,12,706.35,315.35,35.49,219.94,0.27,25.82,25.52,11.51,18.52,10.13,41.5,0.22,2.56,174.2,83.83,2024-07-18 12:00:00,315.35,25.52,41.5,31535.000000000004,12,3,7,200,32020.0,30227.0,True
2024,7,18,13,614.5,342.88,27.24,202.88,0.32,35.18,25.59,11.53,18.56,10.15,41.37,0.25,2.59,173.6,83.75,2024-07-18 13:00:00,342.88,25.59,41.37,34288.0,13,3,7,200,53162.0,12935.0,True
2024,7,18,14,459.48,299.75,48.26,198.65,0.33,47.3,24.95,11.59,18.27,10.19,43.12,0.18,2.67,168.6,83.7,2024-07-18 14:00:00,299.75,24.95,43.12,29975.0,14,3,7,200,64110.0,1410.0,True
2024,7,18,15,292.23,207.68,43.79,148.84,0.32,60.51,23.92,11.71,17.82,10.28,46.27,0.09,2.99,160.2,83.71,2024-07-18 15:00:00,207.68,23.92,46.27,20768.0,15,3,7,200,70428.0,395.0,True
2024,7,18,16,119.43,77.28,14.07,59.05,0.22,74.22,22.55,11.91,17.23,10.41,50.91,0.05,3.46,150.5,83.74,2024-07-18 16:00:00,77.28,22.55,50.91,7728.0,16,3,7,200,77490.0,11460.0,True
2024,7,18,17,13.2,8.0,0.0,9.61,0.12,87.19,20.43,12.79,16.61,11.03,61.43,0.04,2.84,137.7,83.78,2024-07-18 17:00:00,8.0,20.43,61.43,800.0,17,3,7,200,74267.0,31675.0,True
2024,7,19,5,2.72,2.22,0.0,3.75,0.16,89.41,14.49,13.7,14.1,11.7,94.94,0.22,1.74,136.9,83.91,2024-07-19 05:00:00,2.22,14.49,94.94,222.00000000000003,5,4,7,201,70005.0,52538.0,True
2024,7,19,6,86.95,64.97,12.36,54.92,0.26,78.99,15.19,13.51,14.35,11.54,89.57,0.15,2.59,151.9,83.95,2024-07-19 06:00:00,64.97,15.19,89.57,6497.0,6,4,7,201,54154.99999999999,68930.0,True
2024,7,19,7,280.67,216.65,71.47,155.12,0.39,65.17,16.91,13.22,15.06,11.31,78.71,0.12,2.82,173.1,84.0,2024-07-19 07:00:00,216.65,16.91,78.71,21665.0,7,4,7,201,34862.0,79205.0,True
2024,7,19,8,482.95,349.05,127.08,212.37,0.43,51.72,19.42,12.72,16.07,10.95,65.1,0.11,2.81,193.8,84.0,2024-07-19 08:00:00,349.05,19.42,65.1,34905.0,8,4,7,201,15462.0,85640.0,True
2024,7,19,9,668.25,456.08,115.5,267.97,0.45,39.09,21.63,12.34,16.99,10.68,55.38,0.13,3.03,205.6,83.95,2024-07-19 09:00:00,456.08,21.63,55.38,45608.0,9,4,7,201,1505.0,79758.0,True
2024,7,19,10,799.92,551.78,85.01,319.35,0.48,28.42,23.79,12.1,17.94,10.53,47.85,0.2,3.22,209.7,83.86,2024-07-19 10:00:00,551.78,23.79,47.85,55178.0,10,4,7,201,345.0,60015.0,True
2024,7,19,11,868.7,556.72,139.44,311.85,0.46,22.76,25.65,11.99,18.82,10.46,42.48,0.18,3.24,210.8,83.76,2024-07-19 11:00:00,556.72,25.65,42.48,55672.0,11,4,7,201,11768.0,49617.0,True
2024,7,19,12,836.7,566.67,116.87,331.01,0.48,25.66,26.25,11.86,19.05,10.39,40.68,0.16,3.17,208.3,83.67,2024-07-19 12:00:00,566.67,26.25,40.68,56666.99999999999,12,4,7,201,33942.0,30523.0,True
2024,7,19,13,731.58,561.3,223.94,280.23,0.52,35.06,26.33,11.83,19.08,10.38,40.41,0.17,3.05,201.9,83.58,2024-07-19 13:00:00,561.3,26.33,40.41,56129.99999999999,13,4,7,201,56204.99999999999,13497.999999999998,True
2024,7,19,14,566.53,404.9,195.25,222.19,0.45,47.21,25.88,11.87,18.88,10.41,41.59,0.15,2.96,191.3,83.53,2024-07-19 14:00:00,404.9,25.88,41.59,40490.0,14,4,7,201,74160.0,1227.0,True
2024,7,19,15,363.58,236.43,175.11,136.52,0.36,60.45,25.01,11.96,18.49,10.47,44.06,0.11,3.05,174.0,83.54,2024-07-19 15:00:00,236.43,25.01,44.06,23643.0,15,4,7,201,84847.0,292.0,True
2024,7,19,16,162.95,113.07,83.09,96.16,0.31,74.18,23.58,12.17,17.88,10.61,48.67,0.06,3.47,156.2,83.6,2024-07-19 16:00:00,113.07,23.58,48.67,11307.0,16,4,7,201,86633.0,7097.0,True
2024,7,19,17,16.55,10.25,1.44,12.31,0.16,87.18,21.38,13.0,17.19,11.2,58.75,0.04,2.89,140.5,83.66,2024-07-19 17:00:00,10.25,21.38,58.75,1025.0,17,4,7,201,73190.0,18815.0,True
2024,7,20,5,2.88,1.8,0.0,2.79,0.13,89.41,14.99,13.63,14.31,11.65,91.45,0.13,0.95,141.0,83.83,2024-07-20 05:00:00,1.8,14.99,91.45,180.0,5,5,7,202,68133.0,31535.000000000004,True
2024,7,20,6,94.1,49.78,13.79,42.41,0.2,78.98,15.78,13.49,14.64,11.54,86.17,0.13,1.68,153.1,83.89,2024-07-20 06:00:00,49.78,15.78,86.17,4978.0,6,5,7,202,50300.0,54328.0,True
2024,7,20,7,295.83,179.82,34.85,125.82,0.32,65.15,17.62,13.27,15.45,11.36,75.54,0.12,2.11,162.9,83.96,2024-07-20 07:00:00,179.82,17.62,75.54,17982.0,7,5,7,202,34198.0,67530.0,True
2024,7,20,8,505.6,313.95,58.26,166.41,0.38,51.67,19.64,13.07,16.36,11.2,65.65,0.22,2.27,167.6,83.98,2024-07-20 08:00:00,313.95,19.64,65.65,31395.0,8,5,7,202,16043.0,83842.0,True
2024,7,20,9,689.35,442.65,142.37,250.74,0.43,39.0,21.62,12.98,17.3,11.14,57.78,0.47,2.23,169.1,83.95,2024-07-20 09:00:00,442.65,21.62,57.78,44265.0,9,5,7,202,1510.0,70072.0,True
2024,7,20,10,804.42,519.35,136.38,282.36,0.45,28.29,23.57,12.89,18.23,11.09,51.06,0.75,2.06,172.2,83.88,2024-07-20 10:00:00,519.35,23.57,51.06,51935.0,10,5,7,202,192.0,69185.0,True
2024,7,20,11,874.05,547.25,121.82,302.05,0.45,22.58,25.16,12.79,18.97,11.03,46.11,0.95,1.87,176.0,83.78,2024-07-20 11:00:00,547.25,25.16,46.11,54725.0,11,5,7,202,4190.0,53240.0,True
2024,7,20,12,844.53,598.88,90.5,350.38,0.5,25.49,26.19,12.75,19.47,11.01,43.25,1.14,1.8,172.3,83.68,2024-07-20 12:00:00,598.88,26.19,43.25,59888.0,12,5,7,202,15385.0,30408.0,True
2024,7,20,13,742.95,439.1,363.43,178.53,0.41,34.94,26.34,12.78,19.56,11.04,42.94,1.34,1.94,157.5,83.59,2024-07-20 13:00:00,439.1,26.34,42.94,43910.0,13,5,7,202,25600.0,13685.0,True
2024,7,20,14,567.78,413.48,185.58,236.44,0.46,47.13,25.53,12.86,19.2,11.11,45.31,1.25,2.36,139.8,83.54,2024-07-20 14:00:00,413.48,25.53,45.31,41348.0,14,5,7,202,38305.0,1260.0,True
2024,7,20,15,368.38,225.5,142.88,152.29,0.35,60.4,24.26,13.06,18.66,11.26,49.54,1.09,3.06,126.8,83.56,2024-07-20 15:00:00,225.5,24.26,49.54,22550.0,15,5,7,202,50192.0,312.0,True
2024,7,20,16,159.1,104.28,53.4,83.59,0.29,74.14,22.73,13.42,18.07,11.51,55.57,1.53,3.63,119.5,83.63,2024-07-20 16:00:00,104.28,22.73,55.57,10428.0,16,5,7,202,52108.00000000001,8145.0,True
2024,7,20,17,16.2,10.55,1.94,12.31,0.16,87.16,21.03,13.99,17.51,11.94,63.99,1.3,3.27,113.4,83.71,2024-07-20 17:00:00,10.55,21.03,63.99,1055.0,17,5,7,202,57565.0,22938.0,True
2024,7,21,5,2.9,2.45,0.0,3.89,0.18,89.42,13.45,12.74,13.1,10.97,95.28,0.27,1.39,79.7,83.91,2024-07-21 05:00:00,2.45,13.45,95.28,245.00000000000003,5,6,7,203,49435.0,39165.0,True
2024,7,21,6,95.2,75.53,19.7,66.68,0.3,78.97,14.82,12.93,13.88,11.11,88.36,0.16,2.14,92.1,83.98,2024-07-21 06:00:00,75.53,14.82,88.36,7553.0,6,6,7,203,41265.0,48917.0,True
2024,7,21,7,307.4,232.75,148.3,155.57,0.42,65.12,17.84,13.13,15.49,11.24,73.8,0.11,2.15,119.0,84.05,2024-07-21 07:00:00,232.75,17.84,73.8,23275.0,7,6,7,203,27733.0,57185.0,True
2024,7,21,8,521.55,366.83,177.13,204.87,0.45,51.62,21.0,13.0,17.0,11.14,60.1,0.34,1.83,142.6,84.06,2024-07-21 08:00:00,366.83,21.0,60.1,36683.0,8,6,7,203,12655.0,58888.0,True
2024,7,21,9,710.67,536.85,230.81,290.12,0.52,38.91,23.6,12.92,18.26,11.09,51.05,0.53,1.75,161.7,84.01,2024-07-21 09:00:00,536.85,23.6,51.05,53685.0,9,6,7,203,1200.0,59378.0,True
2024,7,21,10,831.03,715.45,273.14,383.58,0.62,28.15,25.33,12.75,19.04,10.98,45.53,0.72,1.98,171.9,83.93,2024-07-21 10:00:00,715.45,25.33,45.53,71545.0,10,6,7,203,290.0,49760.0,True
2024,7,21,11,881.2,727.3,363.71,288.43,0.6,22.39,26.22,12.62,19.42,10.9,42.83,1.05,2.24,174.1,83.84,2024-07-21 11:00:00,727.3,26.22,42.83,72730.0,11,6,7,203,7738.0,40100.0,True
2024,7,21,12,849.22,711.22,401.36,293.28,0.6,25.32,27.43,12.47,19.95,10.8,39.48,1.04,2.42,172.9,83.74,2024-07-21 12:00:00,711.22,27.43,39.48,71122.0,12,6,7,203,21880.0,23540.0,True
2024,7,21,13,749.7,622.8,264.9,302.14,0.57,34.82,27.67,12.13,19.9,10.58,38.1,0.78,2.63,169.0,83.65,2024-07-21 13:00:00,622.8,27.67,38.1,62279.99999999999,13,6,7,203,38185.0,9505.0,True
2024,7,21,14,585.35,470.23,215.35,281.04,0.52,47.04,27.41,11.96,19.68,10.46,38.22,0.46,2.85,158.4,83.6,2024-07-21 14:00:00,470.23,27.41,38.22,47023.0,14,6,7,203,47148.0,722.0,True
2024,7,21,15,377.85,287.52,130.69,176.14,0.44,60.34,26.17,12.0,19.08,10.49,41.24,0.21,3.17,144.9,83.62,2024-07-21 15:00:00,287.52,26.17,41.24,28752.0,15,6,7,203,54315.0,229.99999999999997,True
2024,7,21,16,167.68,134.32,85.85,116.7,0.37,74.1,24.7,12.27,18.49,10.67,45.81,0.15,3.62,130.1,83.68,2024-07-21 16:00:00,134.32,24.7,45.81,13432.0,16,6,7,203,52916.99999999999,5078.0,True
2024,7,21,17,17.08,13.68,5.04,19.59,0.21,87.15,22.53,13.02,17.78,11.21,54.88,0.23,3.34,115.6,83.76,2024-07-21 17:00:00,13.68,22.53,54.88,1368.0,17,6,7,203,57338.0,14810.0,True
2024,7,22,5,2.95,2.03,0.0,3.17,0.15,89.42,14.31,13.41,13.86,11.45,94.13,0.49,2.89,110.7,84.0,2024-07-22 05:00:00,2.03,14.31,94.13,202.99999999999997,5,0,7,204,67435.0,24468.0,True
2024,7,22,6,96.45,63.45,37.1,52.49,0.25,78.96,15.03,13.22,14.12,11.3,88.76,0.31,3.36,115.0,84.08,2024-07-22 06:00:00,63.45,15.03,88.76,6345.0,6,0,7,204,54370.00000000001,35980.0,True
2024,7,22,7,295.45,178.98,107.84,109.56,0.32,65.09,17.24,13.12,15.18,11.23,76.65,0.23,3.01,136.2,84.12,2024-07-22 07:00:00,178.98,17.24,76.65,17898.0,7,0,7,204,34112.0,48812.0,True
2024,7,22,8,507.38,356.52,76.83,234.28,0.43,51.56,21.1,12.7,16.9,10.92,58.59,0.22,3.18,174.6,84.1,2024-07-22 08:00:00,356.52,21.1,58.59,35652.0,8,0,7,204,14540.0,54608.00000000001,True
2024,7,22,9,695.08,443.25,73.98,272.08,0.43,38.82,23.97,12.13,18.05,10.53,47.44,0.23,3.89,187.5,84.05,2024-07-22 09:00:00,443.25,23.97,47.44,44325.0,9,0,7,204,1198.0,50040.0,True
2024,7,22,10,810.2,588.58,138.78,337.58,0.51,28.01,25.98,11.59,18.79,10.16,40.57,0.21,4.19,184.1,83.97,2024-07-22 10:00:00,588.58,25.98,40.57,58858.00000000001,10,0,7,204,338.0,50825.0,True
2024,7,22,11,890.15,640.72,225.59,321.01,0.52,22.2,27.45,10.95,19.2,9.75,35.69,0.21,4.28,176.8,83.9,2024-07-22 11:00:00,640.72,27.45,35.69,64072.0,11,0,7,204,11665.0,41865.0,True
2024,7,22,12,871.53,717.78,450.76,311.76,0.6,25.15,28.19,10.38,19.29,9.39,32.9,0.33,4.27,170.0,83.82,2024-07-22 12:00:00,717.78,28.19,32.9,71778.0,12,0,7,204,34115.0,26617.0,True
2024,7,22,13,777.75,656.03,385.12,293.82,0.6,34.69,28.34,9.9,19.12,9.1,31.59,0.31,4.21,163.6,83.76,2024-07-22 13:00:00,656.03,28.34,31.59,65603.0,13,0,7,204,56233.00000000001,11195.0,True
2024,7,22,14,613.2,532.3,445.45,177.57,0.59,46.96,27.7,9.53,18.62,8.88,31.99,0.19,3.98,158.7,83.73,2024-07-22 14:00:00,532.3,27.7,31.99,53229.99999999999,14,0,7,204,74145.0,911.9999999999999,True
2024,7,22,15,399.7,343.45,342.99,173.85,0.52,60.28,26.44,9.43,17.93,8.81,34.18,0.07,3.82,150.3,83.75,2024-07-22 15:00:00,343.45,26.44,34.18,34345.0,15,0,7,204,86083.0,262.0,True
2024,7,22,16,176.43,157.57,127.13,129.57,0.43,74.07,25.13,9.57,17.35,8.9,37.33,0.02,3.91,137.9,83.8,2024-07-22 16:00:00,157.57,25.13,37.33,15757.0,16,0,7,204,87435.0,7195.0,True
2024,7,22,17,17.55,14.88,8.4,17.87,0.23,87.13,23.04,10.2,16.62,9.28,44.15,0.01,3.48,124.2,83.86,2024-07-22 17:00:00,14.88,23.04,44.15,1488.0,17,0,7,204,78280.0,21312.0,True
2024,7,23,5,3.28,3.22,2.83,4.78,0.24,89.42,10.4,9.33,9.87,8.72,93.02,0.02,1.8,350.4,84.15,2024-07-23 05:00:00,3.22,10.4,93.02,322.0,5,1,7,205,55447.0,33755.0,True
2024,7,23,6,120.0,112.15,208.89,67.8,0.44,78.95,13.19,9.19,11.19,8.62,76.54,0.0,1.75,0.7,84.22,2024-07-23 06:00:00,112.15,13.19,76.54,11215.0,6,1,7,205,45185.0,50048.0,True
2024,7,23,7,351.02,315.33,374.77,146.41,0.57,65.06,17.5,6.36,11.93,7.13,48.07,0.0,1.43,119.8,84.27,2024-07-23 07:00:00,315.33,17.5,48.07,31533.0,7,1,7,205,26939.999999999996,63665.0,True
2024,7,23,8,580.95,523.65,458.86,204.2,0.64,51.5,21.24,3.23,12.23,5.72,30.58,0.0,2.34,137.6,84.26,2024-07-23 08:00:00,523.65,21.24,30.58,52365.0,8,1,7,205,11380.0,61222.0,True
2024,7,23,9,766.67,602.28,498.61,219.4,0.58,38.72,24.03,1.55,12.79,5.09,22.97,0.0,2.76,140.4,84.22,2024-07-23 09:00:00,602.28,24.03,22.97,60228.0,9,1,7,205,994.9999999999999,60140.0,True
2024,7,23,10,890.95,759.6,383.4,347.66,0.65,27.86,26.37,-0.64,12.86,4.36,17.11,0.0,3.18,138.7,84.15,2024-07-23 10:00:00,759.6,26.37,17.11,75960.0,10,1,7,205,195.0,50975.0,True
2024,7,23,11,950.65,842.22,559.64,297.56,0.69,22.0,28.1,-3.2,12.45,3.6,12.76,0.0,3.36,137.1,84.07,2024-07-23 11:00:00,842.22,28.1,12.76,84222.0,11,1,7,205,5862.0,37310.0,True
2024,7,23,12,925.12,833.22,642.16,218.3,0.7,24.97,29.1,-5.03,12.03,3.1,10.36,0.0,3.54,134.1,83.99,2024-07-23 12:00:00,833.22,29.1,10.36,83322.0,12,1,7,205,18280.0,22223.0,True
2024,7,23,13,821.35,753.8,587.31,215.3,0.69,34.57,29.4,-5.84,11.78,2.9,9.52,0.0,3.73,130.7,83.92,2024-07-23 13:00:00,753.8,29.4,9.52,75380.0,13,1,7,205,31789.999999999996,10103.0,True
2024,7,23,14,659.15,609.05,445.72,292.08,0.67,46.87,29.02,-5.56,11.73,2.96,9.93,0.0,3.98,127.0,83.88,2024-07-23 14:00:00,609.05,29.02,9.93,60904.99999999999,14,1,7,205,41158.0,902.0,True
2024,7,23,15,434.1,378.05,512.3,141.2,0.58,60.23,27.9,-4.25,11.83,3.29,11.77,0.0,4.38,123.3,83.89,2024-07-23 15:00:00,378.05,27.9,11.77,37805.0,15,1,7,205,43338.0,210.0,True
2024,7,23,16,193.3,177.07,274.4,101.74,0.49,74.03,25.93,-1.79,12.07,4.01,16.11,0.0,4.64,118.9,83.92,2024-07-23 16:00:00,177.07,25.93,16.11,17707.0,16,1,7,205,41085.0,5590.0,True
2024,7,23,17,19.15,17.35,14.9,21.45,0.26,87.12,21.28,3.47,12.38,5.88,31.24,0.0,3.42,113.4,83.96,2024-07-23 17:00:00,17.35,21.28,31.24,1735.0000000000002,17,1,7,205,46148.0,16050.0,True
2024,7,24,5,3.35,3.1,0.0,4.77,0.23,89.41,13.62,13.26,13.44,11.33,97.53,0.26,1.62,101.7,84.1,2024-07-24 05:00:00,3.1,13.62,97.53,310.0,5,2,7,206,39323.0,22280.0,True
2024,7,24,6,124.45,101.95,128.25,76.35,0.4,78.93,15.15,13.2,14.18,11.28,87.99,0.2,2.82,114.5,84.14,2024-07-24 06:00:00,101.95,15.15,87.99,10195.0,6,2,7,206,34055.0,45662.0,True
2024,7,24,7,355.02,277.7,355.0,165.79,0.5,65.02,17.79,12.69,15.24,10.91,71.97,0.14,2.65,129.0,84.17,2024-07-24 07:00:00,277.7,17.79,71.97,27770.0,7,2,7,206,21925.0,60920.00000000001,True
2024,7,24,8,577.75,461.98,455.51,173.38,0.56,51.44,21.25,11.45,16.35,10.05,53.48,0.2,1.98,148.4,84.15,2024-07-24 08:00:00,461.98,21.25,53.48,46198.0,8,2,7,206,9528.0,65810.0,True
2024,7,24,9,757.45,600.62,457.99,244.66,0.58,38.62,24.15,10.53,17.34,9.46,42.2,0.25,1.7,170.5,84.08,2024-07-24 09:00:00,600.62,24.15,42.2,60062.0,9,2,7,206,1060.0,63997.0,True
2024,7,24,10,875.97,671.78,370.43,297.6,0.57,27.7,26.41,10.01,18.21,9.14,35.62,0.48,1.59,181.4,84.01,2024-07-24 10:00:00,671.78,26.41,35.62,67178.0,10,2,7,206,195.0,54928.0,True
2024,7,24,11,921.38,692.72,341.6,275.79,0.56,21.79,28.1,9.74,18.92,8.98,31.67,0.49,1.47,183.9,83.93,2024-07-24 11:00:00,692.72,28.1,31.67,69272.0,11,2,7,206,6295.0,39192.0,True
2024,7,24,12,896.03,650.1,294.29,309.81,0.54,24.79,28.46,9.57,19.02,8.89,30.68,0.39,1.43,180.4,83.85,2024-07-24 12:00:00,650.1,28.46,30.68,65010.0,12,2,7,206,20523.0,23538.0,True
2024,7,24,13,796.38,563.42,452.4,211.64,0.52,34.45,28.91,9.41,19.16,8.8,29.56,0.34,1.49,175.4,83.78,2024-07-24 13:00:00,563.42,28.91,29.56,56341.99999999999,13,2,7,206,37167.0,10718.0,True
2024,7,24,14,625.9,472.85,350.9,207.09,0.52,46.79,28.43,9.09,18.76,8.62,29.76,0.21,1.71,167.5,83.73,2024-07-24 14:00:00,472.85,28.43,29.76,47285.0,14,2,7,206,50392.0,1138.0,True
2024,7,24,15,410.85,304.7,221.5,163.72,0.46,60.17,27.54,8.97,18.25,8.55,31.08,0.09,2.13,162.5,83.71,2024-07-24 15:00:00,304.7,27.54,31.08,30470.0,15,2,7,206,57828.0,258.0,True
2024,7,24,16,183.32,138.7,187.85,96.29,0.38,74.0,26.35,9.12,17.73,8.64,33.68,0.03,2.57,156.4,83.71,2024-07-24 16:00:00,138.7,26.35,33.68,13869.999999999998,16,2,7,206,51370.00000000001,5485.0,True
2024,7,24,17,18.12,13.98,8.4,16.84,0.21,87.11,23.74,10.73,17.23,9.63,43.85,0.03,1.92,143.9,83.73,2024-07-24 17:00:00,13.98,23.74,43.85,1398.0,17,2,7,206,45140.0,16330.000000000002,True
2024,7,25,5,3.25,3.17,1.41,4.74,0.23,89.41,14.86,14.36,14.61,12.21,96.72,0.61,1.23,112.4,83.91,2024-07-25 05:00:00,3.17,14.86,96.72,317.0,5,3,7,207,39277.0,29205.0,True
2024,7,25,6,115.9,103.32,127.96,73.9,0.41,78.91,16.07,14.33,15.2,12.17,89.24,0.61,1.77,135.5,83.95,2024-07-25 06:00:00,103.32,16.07,89.24,10332.0,6,3,7,207,29260.000000000004,41590.0,True
2024,7,25,7,339.58,278.17,270.31,158.53,0.5,64.98,18.2,13.99,16.1,11.91,76.35,1.43,1.55,185.6,83.98,2024-07-25 07:00:00,278.17,18.2,76.35,27817.0,7,3,7,207,16955.0,44640.0,True
2024,7,25,8,561.88,461.4,314.14,228.35,0.56,51.37,21.34,13.23,17.29,11.33,59.79,1.62,2.3,228.7,83.98,2024-07-25 08:00:00,461.4,21.34,59.79,46140.0,8,3,7,207,7118.000000000001,53354.99999999999,True
2024,7,25,9,746.33,698.7,521.76,249.34,0.68,38.52,23.56,12.64,18.1,10.9,50.25,1.26,3.07,240.9,83.94,2024-07-25 09:00:00,698.7,23.56,50.25,69870.0,9,3,7,207,693.0,53585.0,True
2024,7,25,10,866.12,821.12,607.47,249.92,0.7,27.54,25.5,12.41,18.95,10.74,44.06,2.17,3.69,244.5,83.87,2024-07-25 10:00:00,821.12,25.5,44.06,82112.0,10,3,7,207,175.0,38445.0,True
2024,7,25,11,921.0,837.83,518.08,288.08,0.68,21.58,26.15,12.36,19.26,10.72,42.28,2.39,4.04,243.6,83.79,2024-07-25 11:00:00,837.83,26.15,42.28,83783.0,11,3,7,207,2145.0,31555.0,True
2024,7,25,12,895.0,807.6,482.68,298.37,0.67,24.61,26.53,12.41,19.47,10.76,41.46,2.34,4.21,239.8,83.73,2024-07-25 12:00:00,807.6,26.53,41.46,80760.0,12,3,7,207,12080.0,20732.0,True
2024,7,25,13,797.38,701.8,529.42,247.82,0.64,34.32,26.49,12.47,19.48,10.81,41.72,2.13,4.37,236.2,83.67,2024-07-25 13:00:00,701.8,26.49,41.72,70180.0,13,3,7,207,21312.0,9190.0,True
2024,7,25,14,634.53,543.15,406.59,244.94,0.6,46.71,25.91,12.52,19.21,10.85,43.31,1.59,4.2,230.3,83.63,2024-07-25 14:00:00,543.15,25.91,43.31,54315.0,14,3,7,207,25045.0,988.0000000000001,True
2024,7,25,15,420.02,333.52,300.71,182.03,0.51,60.12,25.12,12.49,18.8,10.83,45.31,1.0,3.78,223.3,83.62,2024-07-25 15:00:00,333.52,25.12,45.31,33352.0,15,3,7,207,33673.0,350.0,True
2024,7,25,16,190.05,141.98,152.56,99.37,0.39,73.97,23.99,12.44,18.21,10.8,48.36,0.36,3.22,215.7,83.65,2024-07-25 16:00:00,141.98,23.99,48.36,14197.999999999998,16,3,7,207,29014.999999999996,11465.0,True
2024,7,25,17,18.88,11.68,4.8,14.12,0.18,87.1,22.3,13.28,17.79,11.42,56.63,0.53,1.58,198.8,83.68,2024-07-25 17:00:00,11.68,22.3,56.63,1168.0,17,3,7,207,31535.000000000004,32020.0,True
2024,7,26,5,3.25,2.85,1.25,4.82,0.21,89.41,15.25,14.19,14.72,12.09,93.3,5.26,1.13,135.7,83.83,2024-07-26 05:00:00,2.85,15.25,93.3,285.0,5,4,7,208,34288.0,53162.0,True
2024,7,26,6,116.75,83.47,118.23,62.7,0.33,78.89,16.34,14.24,15.29,12.12,87.28,4.43,1.48,176.5,83.87,2024-07-26 06:00:00,83.47,16.34,87.28,8347.0,6,4,7,208,29975.0,64110.0,True
2024,7,26,7,338.12,219.43,240.11,108.96,0.39,64.93,18.6,14.37,16.48,12.22,76.33,3.22,2.58,218.7,83.92,2024-07-26 07:00:00,219.43,18.6,76.33,21943.0,7,4,7,208,20768.0,70428.0,True
2024,7,26,8,564.35,376.5,298.76,167.05,0.46,51.3,20.93,13.78,17.36,11.76,63.57,2.06,4.02,227.2,83.9,2024-07-26 08:00:00,376.5,20.93,63.57,37650.0,8,4,7,208,7728.0,77490.0,True
2024,7,26,9,751.15,549.4,345.18,252.66,0.53,38.41,23.1,13.15,18.12,11.29,53.45,1.85,4.96,231.8,83.86,2024-07-26 09:00:00,549.4,23.1,53.45,54940.0,9,4,7,208,800.0,74267.0,True
2024,7,26,10,872.2,727.22,327.83,309.02,0.62,27.38,24.67,12.63,18.65,10.91,46.98,1.58,5.58,234.9,83.8,2024-07-26 10:00:00,727.22,24.67,46.98,72722.0,10,4,7,208,222.00000000000003,70005.0,True
2024,7,26,11,915.88,797.8,452.09,318.23,0.65,21.37,25.11,12.26,18.68,10.66,44.69,1.22,5.7,236.1,83.73,2024-07-26 11:00:00,797.8,25.11,44.69,79780.0,11,4,7,208,6497.0,54154.99999999999,True
2024,7,26,12,888.28,792.08,414.93,339.09,0.66,24.42,25.46,12.06,18.76,10.53,43.21,1.28,5.41,236.2,83.68,2024-07-26 12:00:00,792.08,25.46,43.21,79208.0,12,4,7,208,21665.0,34862.0,True
2024,7,26,13,783.1,650.9,511.78,182.11,0.6,34.2,25.67,11.9,18.79,10.42,42.2,1.52,4.89,235.7,83.63,2024-07-26 13:00:00,650.9,25.67,42.2,65090.0,13,4,7,208,34905.0,15462.0,True
2024,7,26,14,610.12,451.33,264.69,232.78,0.5,46.63,25.51,11.78,18.65,10.34,42.27,1.08,4.2,233.8,83.6,2024-07-26 14:00:00,451.33,25.51,42.27,45133.0,14,4,7,208,45608.0,1505.0,True
2024,7,26,15,397.75,244.62,203.04,121.93,0.37,60.07,25.03,11.64,18.34,10.24,43.08,0.64,3.59,227.6,83.61,2024-07-26 15:00:00,244.62,25.03,43.08,24462.0,15,4,7,208,55178.0,345.0,True
2024,7,26,16,175.1,105.6,98.78,72.74,0.29,73.94,24.07,11.53,17.8,10.17,45.33,0.29,3.06,218.1,83.65,2024-07-26 16:00:00,105.6,24.07,45.33,10560.0,16,4,7,208,55672.0,11768.0,True
2024,7,26,17,17.75,9.82,1.85,12.23,0.15,87.1,21.46,13.51,17.49,11.61,60.6,0.22,1.85,200.9,83.68,2024-07-26 17:00:00,9.82,21.46,60.6,982.0,17,4,7,208,56666.99999999999,33942.0,True
2024,7,27,5,3.03,2.08,0.0,3.44,0.15,89.41,13.74,12.63,13.18,10.89,92.87,0.37,0.78,19.4,83.95,2024-07-27 05:00:00,2.08,13.74,92.87,208.0,5,5,7,209,56129.99999999999,56204.99999999999,True
2024,7,27,6,101.6,68.6,25.89,56.49,0.27,78.87,14.75,12.65,13.7,10.89,87.05,0.25,0.7,317.9,84.02,2024-07-27 06:00:00,68.6,14.75,87.05,6859.999999999999,6,5,7,209,40490.0,74160.0,True
2024,7,27,7,310.42,212.8,139.16,138.24,0.38,64.89,17.55,12.6,15.07,10.85,72.58,0.28,1.7,251.1,84.06,2024-07-27 07:00:00,212.8,17.55,72.58,21280.0,7,5,7,209,23643.0,84847.0,True
2024,7,27,8,532.03,384.3,183.92,223.02,0.46,51.23,21.1,11.89,16.49,10.36,55.57,0.31,2.66,233.1,84.05,2024-07-27 08:00:00,384.3,21.1,55.57,38430.0,8,5,7,209,11307.0,86633.0,True
2024,7,27,9,714.92,511.73,167.39,266.26,0.49,38.3,23.78,11.25,17.52,9.94,45.28,0.32,3.3,225.4,84.0,2024-07-27 09:00:00,511.73,23.78,45.28,51173.0,9,5,7,209,1025.0,73190.0,True
2024,7,27,10,837.47,560.5,163.88,305.8,0.48,27.21,25.75,10.82,18.29,9.66,39.09,0.31,3.67,222.9,83.92,2024-07-27 10:00:00,560.5,25.75,39.09,56050.0,10,5,7,209,180.0,68133.0,True
2024,7,27,11,929.85,610.65,165.37,349.17,0.5,21.15,26.93,10.39,18.66,9.4,35.45,0.31,3.78,221.4,83.82,2024-07-27 11:00:00,610.65,26.93,35.45,61065.0,11,5,7,209,4978.0,50300.0,True
2024,7,27,12,899.35,583.75,177.79,305.26,0.48,24.23,27.39,10.05,18.72,9.2,33.74,0.27,3.69,217.5,83.73,2024-07-27 12:00:00,583.75,27.39,33.74,58375.0,12,5,7,209,17982.0,34198.0,True
2024,7,27,13,799.75,588.3,198.57,333.34,0.54,34.07,27.06,9.81,18.43,9.06,33.84,0.37,3.45,209.7,83.65,2024-07-27 13:00:00,588.3,27.06,33.84,58829.99999999999,13,5,7,209,31395.0,16043.0,True
2024,7,27,14,631.3,481.45,376.41,202.39,0.53,46.55,26.59,9.72,18.15,9.0,34.55,0.4,3.0,195.7,83.62,2024-07-27 14:00:00,481.45,26.59,34.55,48145.0,14,5,7,209,44265.0,1510.0,True
2024,7,27,15,419.8,296.2,297.66,156.85,0.45,60.02,25.78,9.73,17.76,9.0,36.25,0.19,2.57,174.2,83.64,2024-07-27 15:00:00,296.2,25.78,36.25,29620.0,15,5,7,209,51935.0,192.0,True
2024,7,27,16,190.95,139.6,159.39,85.77,0.38,73.92,24.53,9.94,17.24,9.13,39.64,0.08,2.57,147.1,83.7,2024-07-27 16:00:00,139.6,24.53,39.64,13960.0,16,5,7,209,54725.0,4190.0,True
2024,7,27,17,19.0,14.18,9.49,16.53,0.21,87.09,22.21,11.97,17.09,10.49,52.39,0.05,2.14,122.2,83.76,2024-07-27 17:00:00,14.18,22.21,52.39,1418.0,17,5,7,209,59888.0,15385.0,True
2024,7,28,5,2.95,2.33,0.0,3.6,0.17,89.4,13.45,12.11,12.78,10.52,91.44,0.1,0.64,345.5,83.95,2024-07-28 05:00:00,2.33,13.45,91.44,233.0,5,6,7,210,43910.0,25600.0,True
2024,7,28,6,94.25,72.75,23.89,61.32,0.28,78.84,14.78,12.18,13.48,10.56,84.24,0.1,1.1,302.4,83.99,2024-07-28 06:00:00,72.75,14.78,84.24,7275.0,6,6,7,210,41348.0,38305.0,True
2024,7,28,7,289.83,223.07,61.6,134.05,0.4,64.84,17.64,11.99,14.82,10.42,69.3,0.06,1.83,258.0,84.03,2024-07-28 07:00:00,223.07,17.64,69.3,22307.0,7,6,7,210,22550.0,50192.0,True
2024,7,28,8,494.15,390.7,104.4,217.57,0.47,51.15,20.77,11.53,16.15,10.11,55.32,0.05,2.34,242.2,84.01,2024-07-28 08:00:00,390.7,20.77,55.32,39070.0,8,6,7,210,10428.0,52108.00000000001,True
2024,7,28,9,673.47,528.97,97.23,289.9,0.51,38.18,23.52,11.05,17.29,9.81,45.38,0.02,2.65,232.0,83.96,2024-07-28 09:00:00,528.97,23.52,45.38,52897.0,9,6,7,210,1055.0,57565.0,True
2024,7,28,10,783.8,577.75,100.99,331.05,0.49,27.04,25.94,10.53,18.24,9.48,37.92,0.01,2.97,227.5,83.87,2024-07-28 10:00:00,577.75,25.94,37.92,57775.0,10,6,7,210,245.00000000000003,49435.0,True
2024,7,28,11,882.72,682.78,202.51,341.37,0.55,20.92,27.78,10.1,18.94,9.22,33.06,0.05,3.1,227.1,83.76,2024-07-28 11:00:00,682.78,27.78,33.06,68278.0,11,6,7,210,7553.0,41265.0,True
2024,7,28,12,864.92,629.97,277.35,312.07,0.52,24.04,28.92,9.79,19.35,9.04,30.31,0.14,2.96,226.4,83.67,2024-07-28 12:00:00,629.97,28.92,30.31,62997.0,12,6,7,210,23275.0,27733.0,True
2024,7,28,13,759.58,565.72,222.31,311.01,0.52,33.94,29.03,9.65,19.34,8.96,29.82,0.37,2.6,223.1,83.59,2024-07-28 13:00:00,565.72,29.03,29.82,56572.0,13,6,7,210,36683.0,12655.0,True
2024,7,28,14,579.38,472.48,231.19,275.2,0.52,46.47,27.9,9.71,18.81,9.01,32.01,0.66,2.06,211.5,83.55,2024-07-28 14:00:00,472.48,27.9,32.01,47248.0,14,6,7,210,53685.0,1200.0,True
2024,7,28,15,374.58,322.02,209.41,211.2,0.49,59.97,26.87,9.92,18.39,9.13,34.45,0.48,1.62,182.8,83.56,2024-07-28 15:00:00,322.02,26.87,34.45,32202.0,15,6,7,210,71545.0,290.0,True
2024,7,28,16,162.02,138.32,115.38,97.74,0.38,73.89,25.56,10.63,18.1,9.58,39.06,0.29,1.56,143.9,83.6,2024-07-28 16:00:00,138.32,25.56,39.06,13832.0,16,6,7,210,72730.0,7738.0,True
2024,7,28,17,16.58,13.8,3.76,15.62,0.21,87.09,23.24,13.28,18.26,11.43,53.52,0.49,1.59,120.3,83.65,2024-07-28 17:00:00,13.8,23.24,53.52,1380.0,17,6,7,210,71122.0,21880.0,True
2024,7,29,5,2.92,2.7,0.0,4.22,0.19,89.4,14.99,13.22,14.1,11.34,89.03,3.39,1.58,69.6,83.83,2024-07-29 05:00:00,2.7,14.99,89.03,270.0,5,0,7,211,62279.99999999999,38185.0,True
2024,7,29,6,97.32,71.15,23.95,61.14,0.28,78.81,15.51,13.28,14.4,11.37,86.38,4.4,1.52,65.5,83.88,2024-07-29 06:00:00,71.15,15.51,86.38,7115.000000000001,6,0,7,211,47023.0,47148.0,True
2024,7,29,7,302.62,210.07,70.65,148.79,0.37,64.79,16.79,13.35,15.07,11.42,80.0,4.52,0.88,49.6,83.93,2024-07-29 07:00:00,210.07,16.79,80.0,21007.0,7,0,7,211,28752.0,54315.0,True
2024,7,29,8,521.9,372.25,94.5,194.44,0.45,51.07,18.94,13.31,16.12,11.39,69.69,4.52,0.45,286.8,83.93,2024-07-29 08:00:00,372.25,18.94,69.69,37225.0,8,0,7,211,13432.0,52916.99999999999,True
2024,7,29,9,728.1,521.5,119.04,298.02,0.5,38.06,20.71,13.24,16.98,11.34,62.15,4.22,1.11,253.2,83.9,2024-07-29 09:00:00,521.5,20.71,62.15,52150.0,9,0,7,211,1368.0,57338.0,True
2024,7,29,10,848.53,629.75,276.01,304.97,0.53,26.86,22.05,13.12,17.58,11.26,56.81,3.49,1.68,237.6,83.85,2024-07-29 10:00:00,629.75,22.05,56.81,62975.0,10,0,7,211,202.99999999999997,67435.0,True
2024,7,29,11,784.6,546.0,152.35,292.42,0.44,20.69,22.93,13.0,17.96,11.19,53.47,2.62,2.3,228.0,83.77,2024-07-29 11:00:00,546.0,22.93,53.47,54600.0,11,0,7,211,6345.0,54370.00000000001,True
2024,7,29,12,761.72,494.3,46.17,345.56,0.41,23.85,23.39,12.94,18.17,11.15,51.77,2.29,2.9,222.1,83.69,2024-07-29 12:00:00,494.3,23.39,51.77,49430.0,12,0,7,211,17898.0,34112.0,True
2024,7,29,13,659.38,390.17,0.55,290.91,0.36,33.82,23.39,12.97,18.18,11.18,51.87,2.33,3.34,213.9,83.63,2024-07-29 13:00:00,390.17,23.39,51.87,39017.0,13,0,7,211,35652.0,14540.0,True
2024,7,29,14,502.4,279.6,42.95,178.75,0.31,46.39,23.02,13.01,18.02,11.21,53.17,2.07,3.52,205.6,83.6,2024-07-29 14:00:00,279.6,23.02,53.17,27960.000000000004,14,0,7,211,44325.0,1198.0,True
2024,7,29,15,308.35,144.0,18.07,102.17,0.22,59.92,22.35,13.08,17.71,11.26,55.62,2.35,3.41,198.3,83.6,2024-07-29 15:00:00,144.0,22.35,55.62,14400.0,15,0,7,211,58858.00000000001,338.0,True
2024,7,29,16,123.62,61.25,6.74,54.27,0.17,73.87,21.36,13.25,17.3,11.39,59.78,3.59,2.98,191.0,83.63,2024-07-29 16:00:00,61.25,21.36,59.78,6125.0,16,0,7,211,64072.0,11665.0,True
2024,7,29,17,12.77,7.2,0.0,8.78,0.11,87.08,20.02,14.59,17.31,12.45,70.96,5.32,1.51,180.8,83.67,2024-07-29 17:00:00,7.2,20.02,70.96,720.0,17,0,7,211,71778.0,34115.0,True
2024,7,30,5,2.55,2.0,0.0,2.72,0.14,89.39,14.69,13.47,14.08,11.53,92.27,5.66,1.42,56.2,83.81,2024-07-30 05:00:00,2.0,14.69,92.27,200.0,5,1,7,212,65603.0,56233.00000000001,True
2024,7,30,6,77.6,52.45,7.38,51.22,0.2,78.78,15.36,13.45,14.4,11.5,88.21,5.72,1.36,61.4,83.88,2024-07-30 06:00:00,52.45,15.36,88.21,5245.0,6,1,7,212,53229.99999999999,74145.0,True
2024,7,30,7,248.15,152.23,22.71,120.53,0.27,64.73,17.01,13.35,15.18,11.42,78.91,5.05,0.82,102.0,83.94,2024-07-30 07:00:00,152.23,17.01,78.91,15222.999999999998,7,1,7,212,34345.0,86083.0,True
2024,7,30,8,442.55,263.8,74.42,170.76,0.32,50.99,19.23,13.23,16.23,11.33,68.11,3.73,0.92,168.1,83.96,2024-07-30 08:00:00,263.8,19.23,68.11,26380.0,8,1,7,212,15757.0,87435.0,True
2024,7,30,9,611.28,364.5,65.72,260.97,0.35,37.94,21.24,13.06,17.15,11.21,59.49,2.54,1.3,184.8,83.92,2024-07-30 09:00:00,364.5,21.24,59.49,36450.0,9,1,7,212,1488.0,78280.0,True
2024,7,30,10,723.42,517.62,64.71,313.15,0.44,26.68,22.8,12.89,17.85,11.1,53.52,2.72,1.55,187.0,83.86,2024-07-30 10:00:00,517.62,22.8,53.52,51762.0,10,1,7,212,322.0,55447.0,True
2024,7,30,11,876.65,522.33,66.4,328.4,0.42,20.45,24.07,12.7,18.39,10.97,48.95,2.31,1.73,186.0,83.77,2024-07-30 11:00:00,522.33,24.07,48.95,52233.00000000001,11,1,7,212,11215.0,45185.0,True
2024,7,30,12,850.15,550.88,150.73,304.55,0.46,23.65,24.75,12.53,18.64,10.86,46.47,1.77,1.89,175.4,83.68,2024-07-30 12:00:00,550.88,24.75,46.47,55088.0,12,1,7,212,31533.0,26939.999999999996,True
2024,7,30,13,752.38,558.05,87.26,350.41,0.51,33.69,24.28,12.51,18.4,10.85,47.72,1.33,2.15,157.6,83.62,2024-07-30 13:00:00,558.05,24.28,47.72,55804.99999999999,13,1,7,212,52365.0,11380.0,True
2024,7,30,14,575.62,368.02,59.79,238.64,0.4,46.31,23.75,12.74,18.24,11.02,50.02,1.09,2.7,142.1,83.59,2024-07-30 14:00:00,368.02,23.75,50.02,36802.0,14,1,7,212,60228.0,994.9999999999999,True
2024,7,30,15,369.5,223.95,99.42,150.86,0.34,59.88,22.84,13.01,17.93,11.21,53.76,0.81,3.34,133.1,83.61,2024-07-30 15:00:00,223.95,22.84,53.76,22395.0,15,1,7,212,75960.0,195.0,True
2024,7,30,16,156.93,95.65,39.26,78.25,0.26,73.85,21.45,13.4,17.43,11.5,60.05,0.6,3.74,128.4,83.66,2024-07-30 16:00:00,95.65,21.45,60.05,9565.0,16,1,7,212,84222.0,5862.0,True
2024,7,30,17,16.15,10.1,2.13,12.5,0.15,87.08,19.76,14.24,17.0,12.14,70.38,0.45,3.09,125.6,83.72,2024-07-30 17:00:00,10.1,19.76,70.38,1010.0,17,1,7,212,83322.0,18280.0,True
2024,7,31,5,3.1,2.35,0.0,3.47,0.17,89.39,14.76,13.99,14.38,11.92,95.06,0.28,1.48,94.3,83.92,2024-07-31 05:00:00,2.35,14.76,95.06,235.0,5,2,7,213,75380.0,31789.999999999996,True
2024,7,31,6,101.62,42.75,18.75,36.22,0.17,78.74,15.45,13.74,14.6,11.71,89.4,0.3,2.43,107.2,83.97,2024-07-31 06:00:00,42.75,15.45,89.4,4275.0,6,2,7,213,60904.99999999999,41158.0,True
2024,7,31,7,317.73,141.88,60.08,108.56,0.25,64.67,16.71,13.46,15.09,11.49,81.0,0.24,2.73,127.0,84.03,2024-07-31 07:00:00,141.88,16.71,81.0,14188.0,7,2,7,213,37805.0,43338.0,True
2024,7,31,8,541.3,280.65,0.0,214.05,0.34,50.9,18.32,13.14,15.73,11.25,71.67,0.19,2.74,139.1,84.05,2024-07-31 08:00:00,280.65,18.32,71.67,28064.999999999996,8,2,7,213,17707.0,41085.0,True
2024,7,31,9,729.65,453.55,5.76,340.61,0.43,37.81,19.91,12.85,16.38,11.03,63.63,0.19,2.45,147.7,84.03,2024-07-31 09:00:00,453.55,19.91,63.63,45355.0,9,2,7,213,1735.0000000000002,46148.0,True
2024,7,31,10,852.05,647.33,170.96,340.95,0.55,26.49,21.23,12.64,16.93,10.89,57.87,0.18,2.16,155.1,83.97,2024-07-31 10:00:00,647.33,21.23,57.87,64733.00000000001,10,2,7,213,310.0,39323.0,True
2024,7,31,11,920.03,718.55,374.71,294.46,0.58,20.21,22.45,12.4,17.43,10.74,52.93,0.14,1.97,160.7,83.89,2024-07-31 11:00:00,718.55,22.45,52.93,71855.0,11,2,7,213,10195.0,34055.0,True
2024,7,31,12,895.65,653.72,347.17,279.76,0.54,23.46,23.47,12.03,17.75,10.49,48.56,0.08,1.91,165.2,83.81,2024-07-31 12:00:00,653.72,23.47,48.56,65372.0,12,2,7,213,27770.0,21925.0,True
2024,7,31,13,798.47,442.42,299.98,200.75,0.4,33.57,24.14,11.62,17.88,10.22,45.41,0.03,1.92,169.5,83.73,2024-07-31 13:00:00,442.42,24.14,45.41,44242.0,13,2,7,213,46198.0,9528.0,True
2024,7,31,14,634.65,465.02,158.39,297.18,0.51,46.23,24.33,11.18,17.76,9.93,43.6,0.01,2.03,172.9,83.68,2024-07-31 14:00:00,465.02,24.33,43.6,46502.0,14,2,7,213,60062.0,1060.0,True
2024,7,31,15,419.4,319.73,174.81,187.75,0.48,59.84,23.94,10.79,17.36,9.68,43.51,0.01,2.2,171.9,83.67,2024-07-31 15:00:00,319.73,23.94,43.51,31973.0,15,2,7,213,67178.0,195.0,True
2024,7,31,16,189.98,145.15,164.22,99.39,0.39,73.83,22.95,11.94,17.45,10.5,50.09,0.0,1.71,169.9,83.68,2024-07-31 16:00:00,145.15,22.95,50.09,14515.0,16,2,7,213,69272.0,6295.0,True
2024,7,31,17,18.85,15.77,13.37,19.14,0.23,87.08,20.74,14.63,17.68,12.5,68.18,0.0,1.5,163.7,83.72,2024-07-31 17:00:00,15.77,20.74,68.18,1577.0,17,2,7,213,65010.0,20523.0,True
2024,8,1,5,3.4,3.33,2.01,5.07,0.23,89.38,12.72,12.55,12.63,10.82,98.73,0.15,1.27,93.6,84.04,2024-08-01 05:00:00,3.33,12.72,98.73,333.0,5,3,8,214,56341.99999999999,37167.0,True
2024,8,1,6,119.8,111.05,171.39,77.91,0.43,78.71,14.41,12.71,13.56,10.93,89.39,0.14,1.99,120.4,84.09,2024-08-01 06:00:00,111.05,14.41,89.39,11105.0,6,3,8,214,47285.0,50392.0,True
2024,8,1,7,348.92,308.12,377.54,142.32,0.54,64.61,16.83,12.32,14.58,10.65,74.64,0.12,2.91,148.1,84.13,2024-08-01 07:00:00,308.12,16.83,74.64,30812.0,7,3,8,214,30470.0,57828.0,True
2024,8,1,8,574.85,509.5,436.97,201.68,0.61,50.81,19.64,11.75,15.7,10.25,60.23,0.27,2.83,155.3,84.14,2024-08-01 08:00:00,509.5,19.64,60.23,50950.0,8,3,8,214,13869.999999999998,51370.00000000001,True
2024,8,1,9,759.5,567.92,404.73,206.52,0.54,37.68,21.96,11.42,16.69,10.03,51.08,0.41,2.71,156.9,84.1,2024-08-01 09:00:00,567.92,21.96,51.08,56791.99999999999,9,3,8,214,1398.0,45140.0,True
2024,8,1,10,882.78,704.88,407.73,291.67,0.59,26.3,23.83,11.23,17.53,9.91,45.03,0.39,2.69,157.7,84.03,2024-08-01 10:00:00,704.88,23.83,45.03,70488.0,10,3,8,214,317.0,39277.0,True
2024,8,1,11,950.2,815.08,572.78,243.23,0.66,19.97,25.39,10.99,18.19,9.77,40.4,0.32,2.64,156.3,83.94,2024-08-01 11:00:00,815.08,25.39,40.4,81508.0,11,3,8,214,10332.0,29260.000000000004,True
2024,8,1,12,925.42,729.97,590.44,170.36,0.6,23.26,26.49,10.67,18.58,9.57,37.04,0.24,2.61,150.7,83.85,2024-08-01 12:00:00,729.97,26.49,37.04,72997.0,12,3,8,214,27817.0,16955.0,True
2024,8,1,13,825.95,710.62,476.53,261.18,0.64,33.45,26.86,10.29,18.57,9.34,35.34,0.19,2.73,141.2,83.77,2024-08-01 13:00:00,710.62,26.86,35.34,71062.0,13,3,8,214,46140.0,7118.000000000001,True
2024,8,1,14,660.72,574.33,506.7,231.5,0.63,46.16,26.57,9.9,18.24,9.11,35.05,0.11,3.0,130.0,83.72,2024-08-01 14:00:00,574.33,26.57,35.05,57433.00000000001,14,3,8,214,69870.0,693.0,True
2024,8,1,15,444.38,389.17,371.25,177.32,0.59,59.79,25.51,9.52,17.52,8.88,36.38,0.03,3.48,119.7,83.72,2024-08-01 15:00:00,389.17,25.51,36.38,38917.0,15,3,8,214,82112.0,175.0,True
2024,8,1,16,205.57,175.5,324.5,94.48,0.48,73.82,24.21,9.29,16.75,8.74,38.72,0.01,3.94,112.7,83.76,2024-08-01 16:00:00,175.5,24.21,38.72,17550.0,16,3,8,214,83783.0,2145.0,True
2024,8,1,17,20.23,17.08,30.78,18.85,0.25,87.08,21.44,10.41,15.92,9.45,49.53,0.0,3.27,109.5,83.81,2024-08-01 17:00:00,17.08,21.44,49.53,1707.9999999999998,17,3,8,214,80760.0,12080.0,True
2024,8,2,5,3.53,3.1,3.03,5.55,0.21,89.37,11.98,11.3,11.64,9.96,95.46,0.12,0.6,231.0,84.03,2024-08-02 05:00:00,3.1,11.98,95.46,310.0,5,4,8,215,70180.0,21312.0,True
2024,8,2,6,121.25,89.85,165.7,63.34,0.35,78.67,13.57,11.16,12.36,9.86,85.2,0.11,1.41,239.2,84.07,2024-08-02 06:00:00,89.85,13.57,85.2,8985.0,6,4,8,215,54315.0,25045.0,True
2024,8,2,7,351.85,237.5,287.19,97.49,0.42,64.55,16.44,10.52,13.48,9.45,67.92,0.09,2.22,227.7,84.11,2024-08-02 07:00:00,237.5,16.44,67.92,23750.0,7,4,8,215,33352.0,33673.0,True
2024,8,2,8,582.95,425.7,287.23,210.13,0.51,50.72,19.73,10.02,14.88,9.13,53.37,0.16,2.67,220.4,84.11,2024-08-02 08:00:00,425.7,19.73,53.37,42570.0,8,4,8,215,14197.999999999998,29014.999999999996,True
2024,8,2,9,773.25,473.25,165.67,253.38,0.45,37.55,22.54,9.88,16.21,9.05,44.5,0.15,2.92,217.8,84.06,2024-08-02 09:00:00,473.25,22.54,44.5,47325.0,9,4,8,215,1168.0,31535.000000000004,True
2024,8,2,10,897.0,555.53,194.32,272.1,0.47,26.11,24.78,9.69,17.24,8.95,38.42,0.1,3.02,219.0,83.99,2024-08-02 10:00:00,555.53,24.78,38.42,55553.0,10,4,8,215,285.0,34288.0,True
2024,8,2,11,922.2,592.15,56.18,351.66,0.48,19.71,26.52,9.34,17.93,8.75,33.84,0.05,3.07,220.2,83.89,2024-08-02 11:00:00,592.15,26.52,33.84,59215.0,11,4,8,215,8347.0,29975.0,True
2024,8,2,12,896.67,503.15,473.09,168.37,0.41,23.06,27.7,8.92,18.31,8.52,30.72,0.02,2.95,218.8,83.8,2024-08-02 12:00:00,503.15,27.7,30.72,50315.0,12,4,8,215,21943.0,20768.0,True
2024,8,2,13,796.62,574.03,268.98,268.31,0.52,33.32,28.25,8.51,18.38,8.29,28.92,0.02,2.69,214.9,83.71,2024-08-02 13:00:00,574.03,28.25,28.92,57403.0,13,4,8,215,37650.0,7728.0,True
2024,8,2,14,630.55,467.48,205.35,261.83,0.51,46.09,28.06,8.13,18.1,8.08,28.49,0.01,2.34,208.0,83.65,2024-08-02 14:00:00,467.48,28.06,28.49,46748.0,14,4,8,215,54940.0,800.0,True
2024,8,2,15,416.35,290.73,196.74,171.22,0.44,59.76,27.28,7.87,17.58,7.95,29.33,0.0,2.18,201.3,83.64,2024-08-02 15:00:00,290.73,27.28,29.33,29073.0,15,4,8,215,72722.0,222.00000000000003,True
2024,8,2,16,187.3,122.45,124.45,85.97,0.33,73.8,25.86,8.21,17.04,8.14,32.65,0.01,2.0,191.8,83.65,2024-08-02 16:00:00,122.45,25.86,32.65,12245.0,16,4,8,215,79780.0,6497.0,True
2024,8,2,17,18.77,12.6,13.94,15.66,0.19,87.09,22.55,12.95,17.75,11.27,55.06,0.0,1.71,154.3,83.69,2024-08-02 17:00:00,12.6,22.55,55.06,1260.0,17,4,8,215,79208.0,21665.0,True
2024,8,3,5,3.47,3.12,0.0,5.19,0.21,89.36,13.86,12.65,13.26,10.91,92.27,0.0,1.12,200.4,83.91,2024-08-03 05:00:00,3.12,13.86,92.27,312.0,5,5,8,216,65090.0,34905.0,True
2024,8,3,6,117.43,95.85,88.31,64.74,0.37,78.62,15.18,12.18,13.68,10.57,82.17,0.0,2.19,199.5,83.98,2024-08-03 06:00:00,95.85,15.18,82.17,9585.0,6,5,8,216,45133.0,45608.0,True
2024,8,3,7,345.65,279.98,379.71,168.5,0.49,64.48,17.79,11.76,14.77,10.27,67.67,0.0,2.43,196.5,84.04,2024-08-03 07:00:00,279.98,17.79,67.67,27998.0,7,5,8,216,24462.0,55178.0,True
2024,8,3,8,574.97,472.58,503.38,224.77,0.56,50.63,20.63,11.35,15.99,9.99,55.17,0.01,2.39,197.5,84.05,2024-08-03 08:00:00,472.58,20.63,55.17,47258.0,8,5,8,216,10560.0,55672.0,True
2024,8,3,9,763.12,645.33,274.57,347.83,0.61,37.42,23.16,11.16,17.16,9.86,46.64,0.04,2.31,196.6,84.02,2024-08-03 09:00:00,645.33,23.16,46.64,64533.00000000001,9,5,8,216,982.0,56666.99999999999,True
2024,8,3,10,886.33,716.47,273.19,354.97,0.6,25.91,25.29,11.04,18.16,9.8,40.77,0.11,2.17,189.3,83.95,2024-08-03 10:00:00,716.47,25.29,40.77,71647.0,10,5,8,216,208.0,56129.99999999999,True
2024,8,3,11,882.38,714.83,194.84,364.67,0.57,19.46,26.62,10.94,18.78,9.75,37.44,0.29,2.31,186.2,83.84,2024-08-03 11:00:00,714.83,26.62,37.44,71483.0,11,5,8,216,6859.999999999999,40490.0,True
2024,8,3,12,832.0,571.2,207.28,370.13,0.47,22.86,27.32,10.83,19.08,9.68,35.64,0.51,2.62,182.0,83.74,2024-08-03 12:00:00,571.2,27.32,35.64,57120.00000000001,12,5,8,216,21280.0,23643.0,True
2024,8,3,13,723.38,556.75,177.49,287.63,0.5,33.2,27.45,10.67,19.06,9.59,35.01,0.48,2.93,174.1,83.67,2024-08-03 13:00:00,556.75,27.45,35.01,55675.0,13,5,8,216,38430.0,11307.0,True
2024,8,3,14,535.3,403.62,135.73,258.23,0.44,46.02,26.76,10.52,18.64,9.5,36.1,0.29,3.22,164.2,83.64,2024-08-03 14:00:00,403.62,26.76,36.1,40362.0,14,5,8,216,51173.0,1025.0,True
2024,8,3,15,331.8,261.62,150.09,178.07,0.39,59.72,26.14,10.47,18.3,9.47,37.33,0.13,3.46,153.0,83.65,2024-08-03 15:00:00,261.62,26.14,37.33,26162.0,15,5,8,216,56050.0,180.0,True
2024,8,3,16,133.23,100.22,37.92,90.54,0.27,73.79,24.87,10.51,17.69,9.48,40.32,0.04,3.88,138.1,83.69,2024-08-03 16:00:00,100.22,24.87,40.32,10022.0,16,5,8,216,61065.0,4978.0,True
2024,8,3,17,13.9,10.3,1.33,12.66,0.15,87.09,22.64,11.24,16.94,9.97,48.52,0.01,3.54,125.2,83.76,2024-08-03 17:00:00,10.3,22.64,48.52,1030.0,17,5,8,216,58375.0,17982.0,True
2024,8,4,5,3.0,1.92,0.0,3.11,0.13,89.35,13.03,11.96,12.5,10.41,93.05,0.27,1.01,70.8,83.98,2024-08-04 05:00:00,1.92,13.03,93.05,192.0,5,6,8,217,58829.99999999999,31395.0,True
2024,8,4,6,96.72,64.05,23.12,55.2,0.24,78.58,14.37,11.97,13.17,10.41,85.34,0.2,0.75,107.0,84.05,2024-08-04 06:00:00,64.05,14.37,85.34,6405.0,6,6,8,217,48145.0,44265.0,True
2024,8,4,7,305.48,228.95,132.22,152.15,0.4,64.42,17.18,11.72,14.45,10.24,70.17,0.1,1.22,199.2,84.1,2024-08-04 07:00:00,228.95,17.18,70.17,22895.0,7,6,8,217,29620.0,51935.0,True
2024,8,4,8,529.03,362.65,249.14,182.44,0.43,50.53,20.36,11.28,15.82,9.94,55.84,0.04,2.06,213.3,84.09,2024-08-04 08:00:00,362.65,20.36,55.84,36265.0,8,6,8,217,13960.0,54725.0,True
2024,8,4,9,728.6,552.2,250.6,274.04,0.52,37.28,23.12,10.78,16.95,9.62,45.63,0.01,2.52,215.3,84.03,2024-08-04 09:00:00,552.2,23.12,45.63,55220.00000000001,9,6,8,217,1418.0,59888.0,True
2024,8,4,10,859.0,676.85,205.81,352.74,0.57,25.71,25.51,9.93,17.72,9.1,37.37,0.0,2.87,217.1,83.94,2024-08-04 10:00:00,676.85,25.51,37.37,67685.0,10,6,8,217,233.0,43910.0,True
2024,8,4,11,972.08,861.47,531.54,299.6,0.69,19.2,27.43,8.73,18.08,8.4,30.78,0.0,3.17,218.7,83.82,2024-08-04 11:00:00,861.47,27.43,30.78,86147.0,11,6,8,217,7275.0,41348.0,True
2024,8,4,12,946.72,919.45,625.55,276.78,0.75,22.65,28.7,7.74,18.22,7.86,26.72,0.0,3.32,218.1,83.71,2024-08-04 12:00:00,919.45,28.7,26.72,91945.0,12,6,8,217,22307.0,22550.0,True
2024,8,4,13,846.0,775.38,662.62,179.79,0.7,33.08,29.28,7.07,18.18,7.52,24.7,0.0,3.25,215.4,83.63,2024-08-04 13:00:00,775.38,29.28,24.7,77538.0,13,6,8,217,39070.0,10428.0,True
2024,8,4,14,675.15,651.12,624.86,204.83,0.71,45.95,29.21,6.59,17.9,7.28,24.0,0.0,3.04,208.2,83.58,2024-08-04 14:00:00,651.12,29.21,24.0,65112.0,14,6,8,217,52897.0,1055.0,True
2024,8,4,15,451.05,434.62,526.63,167.94,0.65,59.68,28.5,6.22,17.36,7.1,24.39,0.0,2.78,194.6,83.58,2024-08-04 15:00:00,434.62,28.5,24.39,43462.0,15,6,8,217,57775.0,245.00000000000003,True
2024,8,4,16,200.62,183.0,254.35,111.74,0.5,73.78,27.01,6.14,16.58,7.05,26.44,0.0,2.61,172.1,83.63,2024-08-04 16:00:00,183.0,27.01,26.44,18300.0,16,6,8,217,68278.0,7553.0,True
2024,8,4,17,19.9,17.42,31.24,18.15,0.26,87.09,22.58,9.72,16.15,9.06,44.24,0.0,2.11,148.6,83.68,2024-08-04 17:00:00,17.42,22.58,44.24,1742.0000000000002,17,6,8,217,62997.0,23275.0,True
2024,8,5,5,3.8,3.78,3.89,5.36,0.25,89.34,12.39,11.34,11.87,10.0,93.12,0.14,0.77,310.3,83.88,2024-08-05 05:00:00,3.78,12.39,93.12,378.0,5,0,8,218,56572.0,36683.0,True
2024,8,5,6,129.77,128.95,273.67,58.51,0.49,78.53,13.7,11.31,12.51,9.98,85.35,0.05,1.98,272.9,83.93,2024-08-05 06:00:00,128.95,13.7,85.35,12894.999999999998,6,0,8,218,47248.0,53685.0,True
2024,8,5,7,365.62,357.9,499.75,118.95,0.62,64.34,17.4,10.87,14.14,9.68,65.35,0.01,3.44,249.2,83.98,2024-08-05 07:00:00,357.9,17.4,65.35,35790.0,7,0,8,218,32202.0,71545.0,True
2024,8,5,8,594.83,590.5,563.88,197.88,0.7,50.43,20.85,10.13,15.49,9.22,50.21,0.01,4.19,240.4,83.98,2024-08-05 08:00:00,590.5,20.85,50.21,59050.0,8,0,8,218,13832.0,72730.0,True
2024,8,5,9,781.6,780.83,729.42,174.18,0.74,37.13,23.6,9.34,16.47,8.74,40.26,0.0,4.25,235.3,83.96,2024-08-05 09:00:00,780.83,23.6,40.26,78083.0,9,0,8,218,1380.0,71122.0,True
2024,8,5,10,914.92,914.1,799.37,161.62,0.77,25.5,25.86,8.44,17.15,8.23,33.11,0.0,4.06,231.3,83.9,2024-08-05 10:00:00,914.1,25.86,33.11,91410.0,10,0,8,218,270.0,62279.99999999999,True
2024,8,5,11,986.4,986.0,828.72,114.97,0.79,18.93,27.54,7.49,17.51,7.72,28.12,0.0,3.74,229.1,83.82,2024-08-05 11:00:00,986.0,27.54,28.12,98600.0,11,0,8,218,7115.000000000001,47023.0,True
2024,8,5,12,949.95,948.45,824.99,150.18,0.78,22.45,28.67,6.58,17.62,7.26,24.74,0.0,3.43,227.7,83.74,2024-08-05 12:00:00,948.45,28.67,24.74,94845.0,12,0,8,218,21007.0,28752.0,True
2024,8,5,13,848.95,824.45,763.51,162.11,0.74,32.96,29.19,5.85,17.52,6.91,22.83,0.0,3.2,225.4,83.65,2024-08-05 13:00:00,824.45,29.19,22.83,82445.0,13,0,8,218,37225.0,13432.0,True
2024,8,5,14,677.8,642.65,654.95,191.74,0.7,45.88,29.1,5.3,17.2,6.65,22.08,0.0,3.08,222.0,83.6,2024-08-05 14:00:00,642.65,29.1,22.08,64265.0,14,0,8,218,52150.0,1368.0,True
2024,8,5,15,452.08,426.77,538.34,157.72,0.64,59.65,28.39,4.93,16.66,6.48,22.41,0.0,3.06,218.4,83.59,2024-08-05 15:00:00,426.77,28.39,22.41,42677.0,15,0,8,218,62975.0,202.99999999999997,True
2024,8,5,16,206.27,196.3,275.28,118.93,0.53,73.78,26.94,4.85,15.89,6.45,24.29,0.01,3.03,214.0,83.61,2024-08-05 16:00:00,196.3,26.94,24.29,19630.0,16,0,8,218,54600.0,6345.0,True
2024,8,5,17,19.8,18.9,28.5,18.64,0.28,87.1,23.07,8.42,15.74,8.28,39.25,0.0,2.08,206.3,83.65,2024-08-05 17:00:00,18.9,23.07,39.25,1889.9999999999998,17,0,8,218,49430.0,17898.0,True
2024,8,6,5,3.62,3.58,3.08,5.38,0.23,89.33,12.51,11.36,11.93,10.03,92.58,0.05,0.93,1.2,83.8,2024-08-06 05:00:00,3.58,12.51,92.58,358.0,5,1,8,219,39017.0,35652.0,True
2024,8,6,6,122.9,116.03,182.6,72.01,0.44,78.48,13.92,11.26,12.59,9.95,83.82,0.03,1.26,318.2,83.86,2024-08-06 06:00:00,116.03,13.92,83.82,11603.0,6,1,8,219,27960.000000000004,44325.0,True
2024,8,6,7,355.8,316.58,455.69,126.08,0.55,64.27,17.53,10.64,14.09,9.55,63.9,0.0,1.86,262.6,83.92,2024-08-06 07:00:00,316.58,17.53,63.9,31658.0,7,1,8,219,14400.0,58858.00000000001,True
2024,8,6,8,584.4,514.9,517.4,171.77,0.61,50.32,21.78,9.18,15.48,8.65,44.48,0.0,3.13,241.1,83.92,2024-08-06 08:00:00,514.9,21.78,44.48,51490.0,8,1,8,219,6125.0,64072.0,True
2024,8,6,9,769.42,670.88,480.01,218.01,0.63,36.99,24.44,8.46,16.45,8.24,36.06,0.0,3.68,236.7,83.87,2024-08-06 09:00:00,670.88,24.44,36.06,67088.0,9,1,8,219,720.0,71778.0,True
2024,8,6,10,891.58,822.17,496.86,317.14,0.69,25.29,26.52,7.77,17.15,7.88,30.46,0.0,4.0,235.8,83.8,2024-08-06 10:00:00,822.17,26.52,30.46,82217.0,10,1,8,219,200.0,65603.0,True
2024,8,6,11,945.28,845.65,440.16,332.56,0.67,18.66,27.86,7.14,17.5,7.56,26.99,0.0,4.14,236.7,83.72,2024-08-06 11:00:00,845.65,27.86,26.99,84565.0,11,1,8,219,5245.0,53229.99999999999,True
2024,8,6,12,926.35,763.3,567.61,218.32,0.62,22.24,28.35,6.51,17.43,7.24,25.11,0.0,4.17,239.1,83.64,2024-08-06 12:00:00,763.3,28.35,25.11,76330.0,12,1,8,219,15222.999999999998,34345.0,True
2024,8,6,13,823.75,662.45,286.41,329.37,0.6,32.84,28.43,6.02,17.23,7.0,24.15,0.0,4.16,242.5,83.58,2024-08-06 13:00:00,662.45,28.43,24.15,66245.0,13,1,8,219,26380.0,15757.0,True
2024,8,6,14,657.35,499.58,288.63,262.13,0.54,45.82,27.93,5.67,16.8,6.84,24.29,0.0,4.15,246.9,83.56,2024-08-06 14:00:00,499.58,27.93,24.29,49958.0,14,1,8,219,36450.0,1488.0,True
2024,8,6,15,444.98,239.35,186.95,146.72,0.36,59.62,26.78,5.46,16.12,6.73,25.57,0.0,4.15,252.3,83.58,2024-08-06 15:00:00,239.35,26.78,25.57,23935.0,15,1,8,219,51762.0,322.0,True
2024,8,6,16,207.43,108.1,121.67,77.34,0.29,73.77,25.37,5.56,15.46,6.77,27.97,0.0,4.31,258.5,83.63,2024-08-06 16:00:00,108.1,25.37,27.97,10810.0,16,1,8,219,52233.00000000001,11215.0,True
2024,8,6,17,20.2,10.35,11.62,11.34,0.16,87.11,22.84,6.53,14.69,7.24,34.83,0.0,3.4,264.1,83.68,2024-08-06 17:00:00,10.35,22.84,34.83,1035.0,17,1,8,219,55088.0,31533.0,True
2024,8,7,5,3.97,3.85,6.67,5.19,0.24,89.32,12.24,9.42,10.83,8.8,82.73,0.06,1.73,17.2,83.79,2024-08-07 05:00:00,3.85,12.24,82.73,385.0,5,2,8,220,55804.99999999999,52365.0,True
2024,8,7,6,136.2,128.77,273.54,66.38,0.49,78.42,14.74,9.37,12.05,8.77,70.1,0.03,2.13,40.0,83.85,2024-08-07 06:00:00,128.77,14.74,70.1,12877.000000000002,6,2,8,220,36802.0,60228.0,True
2024,8,7,7,376.62,348.25,503.31,120.37,0.6,64.19,18.46,8.27,13.37,8.13,51.35,0.01,2.57,103.3,83.91,2024-08-07 07:00:00,348.25,18.46,51.35,34825.0,7,2,8,220,22395.0,75960.0,True
2024,8,7,8,606.42,561.83,594.38,174.92,0.66,50.22,21.62,7.49,14.55,7.7,40.01,0.03,3.3,111.5,83.93,2024-08-07 08:00:00,561.83,21.62,40.01,56183.00000000001,8,2,8,220,9565.0,84222.0,True
2024,8,7,9,791.22,736.53,602.26,221.97,0.7,36.84,24.2,7.24,15.72,7.58,33.68,0.03,3.84,110.9,83.91,2024-08-07 09:00:00,736.53,24.2,33.68,73653.0,9,2,8,220,1010.0,83322.0,True
2024,8,7,10,914.53,835.35,547.9,272.54,0.7,25.08,26.28,7.11,16.7,7.52,29.51,0.01,4.07,112.7,83.85,2024-08-07 10:00:00,835.35,26.28,29.51,83535.0,10,2,8,220,235.0,75380.0,True
2024,8,7,11,967.4,874.58,606.37,273.6,0.7,18.39,27.96,7.05,17.51,7.49,26.6,0.01,3.95,117.3,83.75,2024-08-07 11:00:00,874.58,27.96,26.6,87458.0,11,2,8,220,4275.0,60904.99999999999,True
2024,8,7,12,940.88,803.38,528.69,276.38,0.66,22.04,29.05,7.1,18.07,7.53,25.07,0.0,3.91,119.9,83.65,2024-08-07 12:00:00,803.38,29.05,25.07,80338.0,12,2,8,220,14188.0,37805.0,True
2024,8,7,13,839.6,731.03,464.75,271.21,0.66,32.73,29.38,7.26,18.32,7.62,24.87,0.0,4.16,119.0,83.56,2024-08-07 13:00:00,731.03,29.38,24.87,73103.0,13,2,8,220,28064.999999999996,17707.0,True
2024,8,7,14,672.95,599.6,530.95,238.85,0.65,45.75,28.62,7.56,18.09,7.78,26.51,0.0,4.68,114.4,83.52,2024-08-07 14:00:00,599.6,28.62,26.51,59960.0,14,2,8,220,45355.0,1735.0000000000002,True
2024,8,7,15,452.9,384.25,377.42,161.13,0.57,59.59,27.2,8.16,17.68,8.1,29.98,0.01,5.45,109.6,83.53,2024-08-07 15:00:00,384.25,27.2,29.98,38425.0,15,2,8,220,64733.00000000001,310.0,True
2024,8,7,16,209.65,166.38,266.59,80.86,0.45,73.77,25.31,9.11,17.21,8.65,35.82,0.02,6.25,105.4,83.6,2024-08-07 16:00:00,166.38,25.31,35.82,16638.0,16,2,8,220,71855.0,10195.0,True
2024,8,7,17,20.08,15.3,33.53,14.74,0.23,87.12,23.07,10.22,16.64,9.31,44.11,0.01,6.42,101.8,83.67,2024-08-07 17:00:00,15.3,23.07,44.11,1530.0,17,2,8,220,65372.0,27770.0,True
2024,8,8,5,3.9,3.05,3.37,5.07,0.19,89.31,14.51,13.81,14.16,11.77,95.33,0.6,3.17,100.5,83.86,2024-08-08 05:00:00,3.05,14.51,95.33,305.0,5,3,8,221,44242.0,46198.0,True
2024,8,8,6,128.7,70.85,79.27,42.15,0.27,78.37,15.25,13.51,14.38,11.55,89.27,0.56,4.67,106.8,83.92,2024-08-08 06:00:00,70.85,15.25,89.27,7084.999999999999,6,3,8,221,46502.0,60062.0,True
2024,8,8,7,363.75,196.77,213.73,112.78,0.34,64.11,17.36,13.29,15.32,11.37,76.87,0.61,5.14,114.4,83.98,2024-08-08 07:00:00,196.77,17.36,76.87,19677.0,7,3,8,221,31973.0,67178.0,True
2024,8,8,8,593.78,340.42,187.95,211.39,0.4,50.11,20.52,12.71,16.62,10.94,60.75,1.0,4.38,119.3,84.0,2024-08-08 08:00:00,340.42,20.52,60.75,34042.0,8,3,8,221,14515.0,69272.0,True
2024,8,8,9,779.25,455.02,150.07,223.38,0.43,36.69,23.64,11.94,17.79,10.4,47.74,1.0,3.17,127.7,83.96,2024-08-08 09:00:00,455.02,23.64,47.74,45502.0,9,3,8,221,1577.0,65010.0,True
2024,8,8,10,902.55,484.48,47.44,303.62,0.4,24.86,25.75,11.37,18.56,10.03,40.56,1.32,2.55,137.4,83.88,2024-08-08 10:00:00,484.48,25.75,40.56,48448.0,10,3,8,221,333.0,56341.99999999999,True
2024,8,8,11,935.08,465.73,34.38,322.55,0.37,18.11,27.29,11.04,19.16,9.82,36.23,1.83,2.41,143.9,83.79,2024-08-08 11:00:00,465.73,27.29,36.23,46573.0,11,3,8,221,11105.0,47285.0,True
2024,8,8,12,906.78,448.52,140.31,234.38,0.37,21.83,28.13,10.81,19.47,9.68,33.97,1.78,2.48,147.0,83.7,2024-08-08 12:00:00,448.52,28.13,33.97,44852.0,12,3,8,221,30812.0,30470.0,True
2024,8,8,13,805.28,536.35,115.51,285.6,0.48,32.61,28.25,10.64,19.45,9.58,33.36,1.93,2.68,146.3,83.62,2024-08-08 13:00:00,536.35,28.25,33.36,53635.0,13,3,8,221,50950.0,13869.999999999998,True
2024,8,8,14,637.8,439.65,112.92,257.3,0.48,45.69,27.97,10.57,19.27,9.54,33.75,1.64,2.95,141.6,83.57,2024-08-08 14:00:00,439.65,27.97,33.75,43965.0,14,3,8,221,56791.99999999999,1398.0,True
2024,8,8,15,421.2,253.88,127.41,157.27,0.38,59.57,27.06,10.67,18.86,9.6,35.81,1.28,3.48,134.5,83.56,2024-08-08 15:00:00,253.88,27.06,35.81,25388.0,15,3,8,221,70488.0,317.0,True
2024,8,8,16,186.12,107.68,161.55,76.92,0.29,73.77,25.46,10.94,18.2,9.77,40.07,0.55,4.13,127.2,83.6,2024-08-08 16:00:00,107.68,25.46,40.07,10768.0,16,3,8,221,81508.0,10332.0,True
2024,8,8,17,17.8,11.95,11.14,13.63,0.18,87.13,23.2,11.71,17.46,10.29,48.34,0.33,4.53,118.8,83.66,2024-08-08 17:00:00,11.95,23.2,48.34,1195.0,17,3,8,221,72997.0,27817.0,True
2024,8,9,5,3.85,2.55,0.0,3.72,0.16,89.29,13.86,13.07,13.46,11.21,94.78,0.67,2.86,96.6,83.9,2024-08-09 05:00:00,2.55,13.86,94.78,254.99999999999997,5,4,8,222,71062.0,46140.0,True
2024,8,9,6,120.88,46.75,59.49,33.4,0.17,78.31,14.78,12.89,13.84,11.07,88.26,0.54,3.63,106.8,83.97,2024-08-09 06:00:00,46.75,14.78,88.26,4675.0,6,4,8,222,57433.00000000001,69870.0,True
2024,8,9,7,350.25,153.5,82.38,106.73,0.26,64.03,16.93,12.72,14.82,10.94,76.09,0.43,3.35,118.6,84.05,2024-08-09 07:00:00,153.5,16.93,76.09,15350.0,7,4,8,222,38917.0,82112.0,True
2024,8,9,8,576.0,255.27,46.55,169.75,0.3,50.0,19.88,12.33,16.11,10.67,61.71,0.37,2.7,132.9,84.07,2024-08-09 08:00:00,255.27,19.88,61.71,25527.0,8,4,8,222,17550.0,83783.0,True
2024,8,9,9,760.45,394.33,42.48,219.33,0.37,36.53,23.0,11.86,17.43,10.33,49.33,0.49,2.23,150.4,84.03,2024-08-09 09:00:00,394.33,23.0,49.33,39433.0,9,4,8,222,1707.9999999999998,80760.0,True
2024,8,9,10,882.45,464.45,66.93,263.13,0.39,24.64,25.31,11.43,18.37,10.06,41.79,0.48,2.12,157.2,83.95,2024-08-09 10:00:00,464.45,25.31,41.79,46445.0,10,4,8,222,310.0,70180.0,True
2024,8,9,11,940.58,526.08,79.25,287.0,0.42,17.83,27.07,11.02,19.05,9.8,36.65,0.59,2.02,155.7,83.85,2024-08-09 11:00:00,526.08,27.07,36.65,52608.00000000001,11,4,8,222,8985.0,54315.0,True
2024,8,9,12,906.35,576.53,82.61,324.39,0.47,21.63,28.02,10.62,19.32,9.55,33.75,0.71,1.99,147.7,83.75,2024-08-09 12:00:00,576.53,28.02,33.75,57653.0,12,4,8,222,23750.0,33352.0,True
2024,8,9,13,790.55,540.35,205.76,282.76,0.48,32.5,28.12,10.4,19.26,9.42,33.07,0.66,2.14,139.5,83.67,2024-08-09 13:00:00,540.35,28.12,33.07,54035.0,13,4,8,222,42570.0,14197.999999999998,True
2024,8,9,14,610.3,374.33,312.92,143.15,0.4,45.64,27.09,10.44,18.77,9.44,35.19,0.8,2.42,129.5,83.64,2024-08-09 14:00:00,374.33,27.09,35.19,37433.0,14,4,8,222,47325.0,1168.0,True
2024,8,9,15,384.23,258.77,163.65,145.83,0.39,59.54,26.1,10.57,18.33,9.53,37.66,0.61,2.84,119.1,83.65,2024-08-09 15:00:00,258.77,26.1,37.66,25877.0,15,4,8,222,55553.0,285.0,True
2024,8,9,16,159.02,104.05,120.22,64.23,0.28,73.77,24.82,10.81,17.82,9.68,41.29,0.36,3.35,111.0,83.7,2024-08-09 16:00:00,104.05,24.82,41.29,10405.0,16,4,8,222,59215.0,8347.0,True
2024,8,9,17,15.15,9.85,5.63,11.72,0.15,87.14,22.97,11.45,17.21,10.1,48.17,0.3,3.4,105.3,83.75,2024-08-09 17:00:00,9.85,22.97,48.17,985.0,17,4,8,222,50315.0,21943.0,True
2024,8,10,5,3.58,2.7,0.0,4.82,0.16,89.28,14.06,13.23,13.64,11.33,94.62,0.14,1.89,100.4,83.96,2024-08-10 05:00:00,2.7,14.06,94.62,270.0,5,5,8,223,57403.0,37650.0,True
2024,8,10,6,110.35,75.32,87.49,58.07,0.28,78.25,15.02,12.98,14.0,11.13,87.41,0.11,2.97,114.9,84.0,2024-08-10 06:00:00,75.32,15.02,87.41,7531.999999999999,6,5,8,223,46748.0,54940.0,True
2024,8,10,7,330.88,220.5,232.8,110.6,0.38,63.95,17.68,12.51,15.1,10.79,71.57,0.07,3.02,131.5,84.04,2024-08-10 07:00:00,220.5,17.68,71.57,22050.0,7,5,8,223,29073.0,72722.0,True
2024,8,10,8,558.58,389.02,399.46,161.88,0.46,49.88,21.0,11.98,16.49,10.42,56.22,0.12,2.68,145.7,84.03,2024-08-10 08:00:00,389.02,21.0,56.22,38902.0,8,5,8,223,12245.0,79780.0,True
2024,8,10,9,747.45,544.15,239.27,249.77,0.51,36.38,23.55,11.63,17.59,10.18,47.0,0.07,2.51,152.5,83.97,2024-08-10 09:00:00,544.15,23.55,47.0,54415.0,9,5,8,223,1260.0,79208.0,True
2024,8,10,10,873.83,702.88,398.36,272.32,0.58,24.42,25.73,11.28,18.51,9.97,40.38,0.03,2.33,149.6,83.9,2024-08-10 10:00:00,702.88,25.73,40.38,70288.0,10,5,8,223,312.0,65090.0,True
2024,8,10,11,957.9,901.75,618.96,264.29,0.71,17.54,27.19,10.96,19.08,9.76,36.23,0.03,2.12,145.6,83.81,2024-08-10 11:00:00,901.75,27.19,36.23,90175.0,11,5,8,223,9585.0,45133.0,True
2024,8,10,12,931.83,892.2,645.11,249.63,0.72,21.42,27.67,10.73,19.2,9.63,34.73,0.04,2.09,139.7,83.72,2024-08-10 12:00:00,892.2,27.67,34.73,89220.0,12,5,8,223,27998.0,24462.0,True
2024,8,10,13,830.33,740.78,550.24,235.62,0.66,32.39,28.13,10.63,19.38,9.57,33.57,0.08,2.31,132.2,83.65,2024-08-10 13:00:00,740.78,28.13,33.57,74078.0,13,5,8,223,47258.0,10560.0,True
2024,8,10,14,662.5,557.35,489.24,227.51,0.6,45.58,27.38,10.51,18.95,9.5,34.8,0.12,2.9,124.7,83.61,2024-08-10 14:00:00,557.35,27.38,34.8,55735.0,14,5,8,223,64533.00000000001,982.0,True
2024,8,10,15,443.88,363.42,273.46,190.13,0.54,59.52,26.48,10.47,18.47,9.47,36.57,0.05,3.62,116.8,83.61,2024-08-10 15:00:00,363.42,26.48,36.57,36342.0,15,5,8,223,71647.0,208.0,True
2024,8,10,16,204.05,156.23,250.03,94.03,0.42,73.78,25.13,10.44,17.79,9.44,39.52,0.02,4.37,111.2,83.66,2024-08-10 16:00:00,156.23,25.13,39.52,15622.999999999998,16,5,8,223,71483.0,6859.999999999999,True
2024,8,10,17,19.35,14.23,23.2,15.72,0.22,87.16,23.25,10.51,16.88,9.49,44.5,0.01,4.45,106.4,83.72,2024-08-10 17:00:00,14.23,23.25,44.5,1423.0,17,5,8,223,57120.00000000001,21280.0,True
2024,8,11,5,4.32,3.25,2.96,5.08,0.19,89.26,14.04,13.24,13.64,11.35,94.8,0.13,2.72,106.9,83.87,2024-08-11 05:00:00,3.25,14.04,94.8,325.0,5,6,8,224,55675.0,38430.0,True
2024,8,11,6,136.7,67.95,78.47,51.77,0.25,78.19,15.06,12.8,13.93,11.02,86.24,0.07,3.76,117.9,83.91,2024-08-11 06:00:00,67.95,15.06,86.24,6795.0,6,6,8,224,40362.0,51173.0,True
2024,8,11,7,380.23,201.43,160.36,131.45,0.34,63.86,17.61,12.1,14.85,10.51,69.96,0.02,3.38,127.1,83.95,2024-08-11 07:00:00,201.43,17.61,69.96,20143.0,7,6,8,224,26162.0,56050.0,True
2024,8,11,8,612.95,329.5,174.02,203.04,0.38,49.77,21.08,11.25,16.17,9.93,53.28,0.01,2.44,140.6,83.95,2024-08-11 08:00:00,329.5,21.08,53.28,32950.0,8,6,8,224,10022.0,61065.0,True
2024,8,11,9,800.3,472.8,86.86,255.27,0.44,36.22,23.92,10.64,17.28,9.55,43.1,0.01,2.08,151.6,83.9,2024-08-11 09:00:00,472.8,23.92,43.1,47280.0,9,6,8,224,1030.0,58375.0,True
2024,8,11,10,924.05,578.92,91.55,317.63,0.48,24.19,26.3,10.01,18.15,9.16,35.85,0.0,2.02,152.9,83.81,2024-08-11 10:00:00,578.92,26.3,35.85,57891.99999999999,10,6,8,224,192.0,58829.99999999999,True
2024,8,11,11,981.65,694.03,57.88,414.75,0.55,17.25,28.25,9.13,18.69,8.64,30.14,0.0,2.09,152.1,83.71,2024-08-11 11:00:00,694.03,28.25,30.14,69403.0,11,6,8,224,6405.0,48145.0,True
2024,8,11,12,954.08,740.92,189.96,427.23,0.6,21.21,29.52,8.39,18.96,8.23,26.65,0.0,2.33,151.0,83.61,2024-08-11 12:00:00,740.92,29.52,26.65,74092.0,12,6,8,224,22895.0,29620.0,True
2024,8,11,13,845.2,580.5,309.3,266.89,0.52,32.28,30.1,7.88,18.99,7.96,24.91,0.01,2.73,147.7,83.53,2024-08-11 13:00:00,580.5,30.1,24.91,58050.0,13,6,8,224,36265.0,13960.0,True
2024,8,11,14,670.0,481.15,301.58,237.78,0.52,45.53,29.84,7.57,18.71,7.79,24.73,0.01,3.26,141.7,83.49,2024-08-11 14:00:00,481.15,29.84,24.73,48115.0,14,6,8,224,55220.00000000001,1418.0,True
2024,8,11,15,441.6,290.48,207.43,163.61,0.43,59.5,28.81,7.45,18.13,7.73,26.04,0.0,3.94,134.7,83.48,2024-08-11 15:00:00,290.48,28.81,26.04,29048.0,15,6,8,224,67685.0,233.0,True
2024,8,11,16,198.7,124.95,183.4,85.34,0.34,73.78,27.03,7.69,17.36,7.85,29.35,0.0,4.8,128.4,83.51,2024-08-11 16:00:00,124.95,27.03,29.35,12495.0,16,6,8,224,86147.0,7275.0,True
2024,8,11,17,18.88,12.8,18.24,15.18,0.2,87.17,24.63,8.59,16.61,8.35,36.0,0.0,5.59,122.1,83.57,2024-08-11 17:00:00,12.8,24.63,36.0,1280.0,17,6,8,224,91945.0,22307.0,True
2024,8,12,5,4.3,3.15,2.18,5.22,0.18,89.24,13.81,13.02,13.42,11.19,94.82,0.34,3.04,106.2,83.81,2024-08-12 05:00:00,3.15,13.81,94.82,315.0,5,0,8,225,77538.0,39070.0,True
2024,8,12,6,132.3,53.03,53.52,34.85,0.19,78.12,14.63,12.63,13.63,10.9,87.65,0.29,3.87,116.2,83.86,2024-08-12 06:00:00,53.03,14.63,87.65,5303.0,6,0,8,225,65112.0,52897.0,True
2024,8,12,7,371.25,150.75,98.46,101.4,0.26,63.77,17.47,12.26,14.86,10.63,71.35,0.3,3.74,130.1,83.91,2024-08-12 07:00:00,150.75,17.47,71.35,15075.0,7,0,8,225,43462.0,57775.0,True
2024,8,12,8,602.35,244.12,8.99,188.95,0.28,49.65,21.23,11.67,16.45,10.22,54.3,0.26,3.24,145.4,83.93,2024-08-12 08:00:00,244.12,21.23,54.3,24412.0,8,0,8,225,18300.0,68278.0,True
2024,8,12,9,789.83,365.17,10.3,273.29,0.34,36.06,24.31,11.11,17.71,9.85,43.41,0.2,3.14,156.5,83.89,2024-08-12 09:00:00,365.17,24.31,43.41,36517.0,9,0,8,225,1742.0000000000002,62997.0,True
2024,8,12,10,913.83,519.58,22.6,368.81,0.43,23.96,26.62,10.58,18.6,9.51,36.52,0.08,3.2,160.8,83.82,2024-08-12 10:00:00,519.58,26.62,36.52,51958.00000000001,10,0,8,225,378.0,56572.0,True
2024,8,12,11,955.97,581.75,80.03,359.46,0.46,16.96,28.23,9.95,19.09,9.13,31.87,0.05,3.21,165.0,83.71,2024-08-12 11:00:00,581.75,28.23,31.87,58175.0,11,0,8,225,12894.999999999998,47248.0,True
2024,8,12,12,920.72,690.35,329.69,332.72,0.56,21.01,29.25,9.23,19.24,8.71,28.63,0.07,3.2,168.1,83.61,2024-08-12 12:00:00,690.35,29.25,28.63,69035.0,12,0,8,225,35790.0,32202.0,True
2024,8,12,13,803.62,634.38,321.32,290.49,0.57,32.17,29.58,8.55,19.07,8.33,26.85,0.16,3.11,169.4,83.53,2024-08-12 13:00:00,634.38,29.58,26.85,63438.0,13,0,8,225,59050.0,13832.0,True
2024,8,12,14,631.9,490.23,279.96,245.97,0.53,45.48,29.15,7.98,18.57,8.02,26.49,0.39,2.94,169.2,83.48,2024-08-12 14:00:00,490.23,29.15,26.49,49023.0,14,0,8,225,78083.0,1380.0,True
2024,8,12,15,411.73,305.17,233.46,180.33,0.45,59.49,27.93,7.58,17.76,7.8,27.66,0.32,2.69,165.3,83.48,2024-08-12 15:00:00,305.17,27.93,27.66,30517.0,15,0,8,225,91410.0,270.0,True
2024,8,12,16,180.62,130.43,146.78,94.8,0.35,73.79,26.65,7.54,17.1,7.77,29.71,0.37,2.55,152.7,83.52,2024-08-12 16:00:00,130.43,26.65,29.71,13043.0,16,0,8,225,98600.0,7115.000000000001,True
2024,8,12,17,17.12,12.95,12.9,15.36,0.2,87.19,24.16,9.28,16.72,8.77,38.88,0.55,2.02,130.0,83.58,2024-08-12 17:00:00,12.95,24.16,38.88,1295.0,17,0,8,225,94845.0,21007.0,True
2024,8,13,5,4.38,3.2,3.12,5.49,0.18,89.23,13.82,12.77,13.3,11.01,93.27,0.1,1.08,105.6,83.84,2024-08-13 05:00:00,3.2,13.82,93.27,320.0,5,1,8,226,82445.0,37225.0,True
2024,8,13,6,134.27,87.6,115.59,58.33,0.32,78.05,15.02,12.57,13.8,10.86,85.19,0.08,1.48,117.4,83.89,2024-08-13 06:00:00,87.6,15.02,85.19,8760.0,6,1,8,226,64265.0,52150.0,True
2024,8,13,7,373.8,248.95,298.81,137.14,0.42,63.68,18.66,11.86,15.26,10.35,64.5,0.02,1.88,151.4,83.95,2024-08-13 07:00:00,248.95,18.66,64.5,24895.0,7,1,8,226,42677.0,62975.0,True
2024,8,13,8,606.3,435.88,300.53,240.98,0.51,49.53,22.26,11.09,16.68,9.83,49.08,0.05,2.26,168.2,83.96,2024-08-13 08:00:00,435.88,22.26,49.08,43588.0,8,1,8,226,19630.0,54600.0,True
2024,8,13,9,794.03,522.47,470.84,173.76,0.49,35.9,24.69,10.64,17.67,9.54,41.13,0.1,2.38,175.7,83.93,2024-08-13 09:00:00,522.47,24.69,41.13,52247.0,9,1,8,226,1889.9999999999998,49430.0,True
2024,8,13,10,918.45,735.83,354.08,348.49,0.61,23.73,26.87,10.1,18.48,9.21,34.88,0.1,2.43,180.5,83.87,2024-08-13 10:00:00,735.83,26.87,34.88,73583.0,10,1,8,226,358.0,39017.0,True
2024,8,13,11,964.6,702.5,486.28,219.56,0.55,16.66,28.53,9.47,19.0,8.84,30.35,0.08,2.48,183.0,83.77,2024-08-13 11:00:00,702.5,28.53,30.35,70250.0,11,1,8,226,11603.0,27960.000000000004,True
2024,8,13,12,935.45,752.6,428.1,255.83,0.61,20.8,29.36,8.89,19.12,8.51,27.82,0.09,2.53,179.1,83.67,2024-08-13 12:00:00,752.6,29.36,27.82,75260.0,12,1,8,226,31658.0,14400.0,True
2024,8,13,13,827.42,690.0,377.93,285.09,0.61,32.07,29.52,8.41,18.96,8.24,26.68,0.1,2.63,172.4,83.6,2024-08-13 13:00:00,690.0,29.52,26.68,69000.0,13,1,8,226,51490.0,6125.0,True
2024,8,13,14,656.03,553.33,340.96,269.58,0.59,45.43,29.1,8.05,18.57,8.04,26.66,0.1,2.73,164.9,83.56,2024-08-13 14:00:00,553.33,29.1,26.66,55333.00000000001,14,1,8,226,67088.0,720.0,True
2024,8,13,15,436.38,374.4,352.32,199.49,0.56,59.48,28.13,7.89,18.01,7.95,27.88,0.05,2.98,154.4,83.56,2024-08-13 15:00:00,374.4,28.13,27.88,37440.0,15,1,8,226,82217.0,200.0,True
2024,8,13,16,197.4,166.02,209.82,121.54,0.45,73.81,26.72,7.91,17.31,7.97,30.37,0.02,3.61,141.9,83.59,2024-08-13 16:00:00,166.02,26.72,30.37,16602.0,16,1,8,226,84565.0,5245.0,True
2024,8,13,17,18.35,14.93,19.64,16.96,0.23,87.21,24.75,8.11,16.43,8.08,34.62,0.01,3.7,129.4,83.63,2024-08-13 17:00:00,14.93,24.75,34.62,1493.0,17,1,8,226,76330.0,15222.999999999998,True
2024,8,14,5,4.55,4.2,4.63,6.57,0.23,89.21,14.31,12.8,13.55,11.02,90.48,0.15,1.19,105.1,83.88,2024-08-14 05:00:00,4.2,14.31,90.48,420.0,5,2,8,227,66245.0,26380.0,True
2024,8,14,6,136.57,120.35,205.59,74.36,0.44,77.98,15.46,12.54,14.0,10.83,82.63,0.07,1.33,115.4,83.93,2024-08-14 06:00:00,120.35,15.46,82.63,12035.0,6,2,8,227,49958.0,36450.0,True
2024,8,14,7,375.02,321.62,379.47,165.26,0.54,63.59,18.41,11.55,14.98,10.14,64.22,0.0,1.27,165.9,83.97,2024-08-14 07:00:00,321.62,18.41,64.22,32162.0,7,2,8,227,23935.0,51762.0,True
2024,8,14,8,604.8,530.17,437.58,241.65,0.61,49.41,22.39,10.31,16.35,9.33,46.23,0.0,2.1,199.2,83.97,2024-08-14 08:00:00,530.17,22.39,46.23,53016.99999999999,8,2,8,227,10810.0,52233.00000000001,True
2024,8,14,9,790.72,591.4,458.94,193.6,0.55,35.73,25.15,9.89,17.52,9.07,38.05,0.0,2.59,208.1,83.92,2024-08-14 09:00:00,591.4,25.15,38.05,59140.0,9,2,8,227,1035.0,55088.0,True
2024,8,14,10,913.35,760.92,405.1,342.62,0.63,23.49,27.26,9.57,18.42,8.89,32.9,0.01,2.93,214.6,83.85,2024-08-14 10:00:00,760.92,27.26,32.9,76092.0,10,2,8,227,385.0,55804.99999999999,True
2024,8,14,11,963.35,886.6,520.91,314.05,0.7,16.36,28.69,9.41,19.05,8.8,29.93,0.03,3.13,218.4,83.76,2024-08-14 11:00:00,886.6,28.69,29.93,88660.0,11,2,8,227,12877.000000000002,36802.0,True
2024,8,14,12,934.58,877.78,559.19,302.41,0.71,20.6,29.38,9.34,19.36,8.77,28.64,0.05,3.14,220.3,83.67,2024-08-14 12:00:00,877.78,29.38,28.64,87778.0,12,2,8,227,34825.0,22395.0,True
2024,8,14,13,827.28,744.17,479.36,264.1,0.66,31.97,29.35,9.28,19.32,8.74,28.56,0.13,2.96,219.4,83.6,2024-08-14 13:00:00,744.17,29.35,28.56,74417.0,13,2,8,227,56183.00000000001,9565.0,True
2024,8,14,14,653.53,583.45,467.6,222.53,0.63,45.38,28.83,9.3,19.07,8.76,29.49,0.21,2.63,214.8,83.56,2024-08-14 14:00:00,583.45,28.83,29.49,58345.00000000001,14,2,8,227,73653.0,1010.0,True
2024,8,14,15,430.45,377.52,341.88,179.77,0.56,59.47,27.67,9.36,18.51,8.79,31.65,0.14,2.32,205.8,83.56,2024-08-14 15:00:00,377.52,27.67,31.65,37752.0,15,2,8,227,83535.0,235.0,True
2024,8,14,16,189.45,167.9,171.79,127.39,0.45,73.82,26.47,9.51,17.99,8.88,34.32,0.03,2.02,187.7,83.59,2024-08-14 16:00:00,167.9,26.47,34.32,16790.0,16,2,8,227,87458.0,4275.0,True
2024,8,14,17,17.33,15.45,12.77,18.33,0.24,87.23,24.5,10.92,17.71,9.77,42.45,0.01,1.37,156.4,83.63,2024-08-14 17:00:00,15.45,24.5,42.45,1545.0,17,2,8,227,80338.0,14188.0,True
2024,8,15,5,4.38,3.65,0.76,6.03,0.19,89.19,15.3,14.23,14.76,12.1,93.21,0.16,0.96,115.2,83.94,2024-08-15 05:00:00,3.65,15.3,93.21,365.0,5,3,8,228,73103.0,28064.999999999996,True
2024,8,15,6,122.88,97.3,129.12,70.59,0.35,77.91,16.38,13.93,15.15,11.85,85.26,0.12,1.69,153.3,84.0,2024-08-15 06:00:00,97.3,16.38,85.26,9730.0,6,3,8,228,59960.0,45355.0,True
2024,8,15,7,346.98,264.38,254.86,156.54,0.45,63.49,18.43,13.45,15.94,11.48,72.62,0.18,2.33,190.4,84.05,2024-08-15 07:00:00,264.38,18.43,72.62,26438.0,7,3,8,228,38425.0,64733.00000000001,True
2024,8,15,8,573.6,457.55,357.24,196.42,0.53,49.28,21.55,12.95,17.25,11.1,57.9,0.43,3.41,206.9,84.06,2024-08-15 08:00:00,457.55,21.55,57.9,45755.0,8,3,8,228,16638.0,71855.0,True
2024,8,15,9,777.78,630.3,376.88,270.09,0.58,35.56,24.08,12.26,18.17,10.62,47.51,0.55,4.35,211.2,84.02,2024-08-15 09:00:00,630.3,24.08,47.51,63029.99999999999,9,3,8,228,1530.0,65372.0,True
2024,8,15,10,901.92,752.65,367.02,335.29,0.62,23.26,25.86,11.55,18.7,10.14,40.77,0.39,4.8,211.3,83.95,2024-08-15 10:00:00,752.65,25.86,40.77,75265.0,10,3,8,228,305.0,44242.0,True
2024,8,15,11,968.08,836.1,495.25,288.99,0.66,16.06,26.8,11.05,18.92,9.82,37.32,0.32,5.04,211.2,83.86,2024-08-15 11:00:00,836.1,26.8,37.32,83610.0,11,3,8,228,7084.999999999999,46502.0,True
2024,8,15,12,938.58,835.8,536.02,308.53,0.67,20.4,28.1,10.64,19.37,9.56,33.63,0.16,5.43,215.5,83.73,2024-08-15 12:00:00,835.8,28.1,33.63,83580.0,12,3,8,228,19677.0,31973.0,True
2024,8,15,13,827.85,709.12,493.49,267.64,0.63,31.87,28.81,10.13,19.47,9.25,31.19,0.1,5.33,215.9,83.64,2024-08-15 13:00:00,709.12,28.81,31.19,70912.0,13,3,8,228,34042.0,14515.0,True
2024,8,15,14,653.53,530.47,345.36,222.08,0.57,45.34,28.57,9.82,19.2,9.07,31.0,0.22,5.09,213.9,83.59,2024-08-15 14:00:00,530.47,28.57,31.0,53047.0,14,3,8,228,45502.0,1577.0,True
2024,8,15,15,428.08,329.23,243.8,167.79,0.49,59.46,27.6,9.69,18.64,8.98,32.48,0.17,4.62,207.3,83.6,2024-08-15 15:00:00,329.23,27.6,32.48,32923.0,15,3,8,228,48448.0,333.0,True
2024,8,15,16,190.57,142.15,215.42,85.75,0.38,73.84,26.04,9.79,17.91,9.04,35.86,0.14,3.96,192.1,83.65,2024-08-15 16:00:00,142.15,26.04,35.86,14215.0,16,3,8,228,46573.0,11105.0,True
2024,8,15,17,17.88,13.15,18.86,20.75,0.21,87.25,24.0,10.66,17.33,9.58,42.94,0.62,2.69,163.8,83.72,2024-08-15 17:00:00,13.15,24.0,42.94,1315.0,17,3,8,228,44852.0,30812.0,True
2024,8,16,5,4.45,2.85,1.27,4.46,0.15,89.17,14.77,14.04,14.4,11.95,95.22,0.3,2.33,109.3,83.91,2024-08-16 05:00:00,2.85,14.77,95.22,285.0,5,4,8,229,53635.0,50950.0,True
2024,8,16,6,120.07,53.4,47.33,39.73,0.19,77.83,16.06,13.87,14.96,11.81,86.68,0.32,3.82,123.1,83.95,2024-08-16 06:00:00,53.4,16.06,86.68,5340.0,6,4,8,229,43965.0,56791.99999999999,True
2024,8,16,7,350.33,161.93,103.44,109.02,0.27,63.4,18.57,13.34,15.96,11.41,71.49,0.4,3.96,140.5,83.98,2024-08-16 07:00:00,161.93,18.57,71.49,16193.0,7,4,8,229,25388.0,70488.0,True
2024,8,16,8,583.08,277.15,94.42,179.97,0.32,49.16,21.73,12.55,17.14,10.83,55.83,0.42,3.51,157.0,83.99,2024-08-16 08:00:00,277.15,21.73,55.83,27714.999999999996,8,4,8,229,10768.0,81508.0,True
2024,8,16,9,773.53,381.55,44.78,277.34,0.35,35.4,24.3,11.9,18.1,10.38,45.8,0.4,3.28,168.6,83.96,2024-08-16 09:00:00,381.55,24.3,45.8,38155.0,9,4,8,229,1195.0,72997.0,True
2024,8,16,10,898.08,529.08,31.61,376.71,0.43,23.02,26.44,11.13,18.79,9.87,38.33,0.2,3.39,176.8,83.89,2024-08-16 10:00:00,529.08,26.44,38.33,52908.00000000001,10,4,8,229,254.99999999999997,71062.0,True
2024,8,16,11,946.8,593.97,21.81,421.44,0.46,15.75,27.8,10.28,19.04,9.33,33.43,0.22,3.55,183.7,83.8,2024-08-16 11:00:00,593.97,27.8,33.43,59397.0,11,4,8,229,4675.0,57433.00000000001,True
2024,8,16,12,915.67,692.92,47.46,445.11,0.56,20.2,28.61,9.62,19.11,8.94,30.53,0.16,3.52,186.9,83.7,2024-08-16 12:00:00,692.92,28.61,30.53,69292.0,12,4,8,229,15350.0,38917.0,True
2024,8,16,13,801.72,557.22,367.46,196.89,0.49,31.77,28.71,9.17,18.94,8.67,29.41,0.18,3.34,183.3,83.62,2024-08-16 13:00:00,557.22,28.71,29.41,55722.0,13,4,8,229,25527.0,17550.0,True
2024,8,16,14,612.1,506.7,278.67,208.97,0.54,45.3,28.21,9.07,18.64,8.62,30.09,0.26,3.18,173.0,83.58,2024-08-16 14:00:00,506.7,28.21,30.09,50670.0,14,4,8,229,39433.0,1707.9999999999998,True
2024,8,16,15,393.2,340.92,228.64,218.37,0.5,59.45,26.89,9.22,18.05,8.71,32.84,0.27,3.24,158.7,83.58,2024-08-16 15:00:00,340.92,26.89,32.84,34092.0,15,4,8,229,46445.0,310.0,True
2024,8,16,16,168.57,144.98,133.5,105.39,0.39,73.86,25.46,9.57,17.52,8.91,36.57,0.26,3.68,145.1,83.63,2024-08-16 16:00:00,144.98,25.46,36.57,14497.999999999998,16,4,8,229,52608.00000000001,8985.0,True
2024,8,16,17,15.73,13.45,8.57,17.3,0.21,87.27,23.68,10.25,16.96,9.32,42.57,0.27,3.76,134.1,83.68,2024-08-16 17:00:00,13.45,23.68,42.57,1345.0,17,4,8,229,57653.0,23750.0,True
2024,8,17,5,4.5,4.28,0.72,7.11,0.22,89.15,14.16,10.74,12.45,9.61,79.75,0.05,1.97,229.1,83.89,2024-08-17 05:00:00,4.28,14.16,79.75,428.0,5,5,8,230,54035.0,42570.0,True
2024,8,17,6,121.68,115.68,129.97,79.14,0.41,77.76,15.64,10.64,13.14,9.53,71.93,0.04,3.06,218.1,83.93,2024-08-17 06:00:00,115.68,15.64,71.93,11568.0,6,5,8,230,37433.0,47325.0,True
2024,8,17,7,350.0,315.08,305.55,185.38,0.53,63.3,18.29,10.33,14.31,9.34,59.62,0.05,3.57,210.4,83.97,2024-08-17 07:00:00,315.08,18.29,59.62,31508.0,7,5,8,230,25877.0,55553.0,True
2024,8,17,8,584.9,538.25,483.26,220.05,0.62,49.03,21.03,10.16,15.6,9.23,49.71,0.14,3.68,211.7,83.97,2024-08-17 08:00:00,538.25,21.03,49.71,53825.0,8,5,8,230,10405.0,59215.0,True
2024,8,17,9,777.83,657.88,412.92,255.02,0.61,35.22,23.54,9.91,16.72,9.09,42.0,0.17,3.59,212.1,83.93,2024-08-17 09:00:00,657.88,23.54,42.0,65788.0,9,5,8,230,985.0,50315.0,True
2024,8,17,10,906.25,797.08,448.26,322.42,0.65,22.78,25.95,9.54,17.74,8.87,35.46,0.06,3.43,211.4,83.85,2024-08-17 10:00:00,797.08,25.95,35.46,79708.0,10,5,8,230,270.0,57403.0,True
2024,8,17,11,986.62,912.75,624.08,264.15,0.71,15.44,27.82,9.08,18.45,8.61,30.8,0.02,3.23,208.2,83.74,2024-08-17 11:00:00,912.75,27.82,30.8,91275.0,11,5,8,230,7531.999999999999,46748.0,True
2024,8,17,12,956.08,859.62,655.76,183.28,0.69,20.0,29.17,8.57,18.87,8.33,27.53,0.01,2.89,199.6,83.64,2024-08-17 12:00:00,859.62,29.17,27.53,85962.0,12,5,8,230,22050.0,29073.0,True
2024,8,17,13,851.35,781.83,554.38,243.42,0.69,31.68,29.63,8.17,18.9,8.11,26.08,0.0,2.57,186.0,83.56,2024-08-17 13:00:00,781.83,29.63,26.08,78183.0,13,5,8,230,38902.0,12245.0,True
2024,8,17,14,680.55,633.85,525.18,225.88,0.68,45.26,29.24,7.9,18.57,7.96,26.16,0.0,2.54,173.7,83.5,2024-08-17 14:00:00,633.85,29.24,26.16,63385.0,14,5,8,230,54415.0,1260.0,True
2024,8,17,15,455.58,397.05,475.69,156.77,0.59,59.45,28.21,7.72,17.96,7.87,27.45,0.0,2.67,163.5,83.49,2024-08-17 15:00:00,397.05,28.21,27.45,39705.0,15,5,8,230,70288.0,312.0,True
2024,8,17,16,209.23,182.98,305.34,93.22,0.5,73.88,27.04,7.59,17.32,7.8,29.14,0.0,2.95,151.9,83.51,2024-08-17 16:00:00,182.98,27.04,29.14,18298.0,16,5,8,230,90175.0,9585.0,True
2024,8,17,17,19.33,16.92,45.99,16.74,0.27,87.3,24.94,7.95,16.45,7.99,33.82,0.0,2.45,134.2,83.57,2024-08-17 17:00:00,16.92,24.94,33.82,1692.0000000000002,17,5,8,230,89220.0,27998.0,True
2024,8,18,5,5.32,3.92,7.05,5.74,0.19,89.12,13.68,12.55,13.11,10.83,92.77,0.28,0.89,105.0,83.99,2024-08-18 05:00:00,3.92,13.68,92.77,392.0,5,6,8,231,74078.0,47258.0,True
2024,8,18,6,149.05,81.07,135.22,54.15,0.29,77.68,14.89,12.34,13.62,10.67,84.58,0.27,1.99,146.7,84.06,2024-08-18 06:00:00,81.07,14.89,84.58,8106.999999999999,6,6,8,231,55735.0,64533.00000000001,True
2024,8,18,7,396.25,221.23,215.77,124.24,0.37,63.2,17.39,11.67,14.53,10.2,68.99,0.52,3.29,168.8,84.11,2024-08-18 07:00:00,221.23,17.39,68.99,22123.0,7,6,8,231,36342.0,71647.0,True
2024,8,18,8,632.28,381.2,218.07,226.83,0.44,48.9,20.53,10.67,15.6,9.54,53.05,0.28,3.73,180.8,84.1,2024-08-18 08:00:00,381.2,20.53,53.05,38120.0,8,6,8,231,15622.999999999998,71483.0,True
2024,8,18,9,819.9,523.62,248.1,265.92,0.48,35.05,23.06,10.0,16.53,9.13,43.48,0.44,3.89,188.4,84.04,2024-08-18 09:00:00,523.62,23.06,43.48,52362.0,9,6,8,231,1423.0,57120.00000000001,True
2024,8,18,10,943.7,562.85,312.85,251.55,0.46,22.53,25.27,9.49,17.38,8.83,36.8,0.27,3.99,190.5,83.94,2024-08-18 10:00:00,562.85,25.27,36.8,56285.0,10,6,8,231,325.0,55675.0,True
2024,8,18,11,949.95,554.33,217.23,249.05,0.43,15.12,27.22,8.93,18.07,8.52,31.61,0.07,3.94,191.6,83.83,2024-08-18 11:00:00,554.33,27.22,31.61,55433.00000000001,11,6,8,231,6795.0,40362.0,True
2024,8,18,12,906.25,616.5,280.25,288.48,0.49,19.81,28.37,8.39,18.38,8.22,28.48,0.05,3.91,190.5,83.72,2024-08-18 12:00:00,616.5,28.37,28.48,61650.0,12,6,8,231,20143.0,26162.0,True
2024,8,18,13,801.0,609.25,245.69,286.0,0.54,31.59,29.04,7.92,18.48,7.97,26.54,0.02,3.87,186.5,83.64,2024-08-18 13:00:00,609.25,29.04,26.54,60925.0,13,6,8,231,32950.0,10022.0,True
2024,8,18,14,627.75,499.83,269.06,251.35,0.53,45.23,28.92,7.55,18.23,7.77,26.04,0.01,3.88,180.1,83.59,2024-08-18 14:00:00,499.83,28.92,26.04,49983.0,14,6,8,231,47280.0,1030.0,True
2024,8,18,15,406.17,323.62,194.39,185.27,0.48,59.45,28.06,7.33,17.7,7.65,26.96,0.01,4.02,170.0,83.59,2024-08-18 15:00:00,323.62,28.06,26.96,32362.0,15,6,8,231,57891.99999999999,192.0,True
2024,8,18,16,174.95,141.73,173.73,86.17,0.38,73.9,26.4,7.37,16.89,7.67,29.8,0.01,4.2,156.1,83.62,2024-08-18 16:00:00,141.73,26.4,29.8,14172.999999999998,16,6,8,231,69403.0,6405.0,True
2024,8,18,17,15.4,14.1,4.54,16.86,0.23,87.32,23.89,7.89,15.89,7.95,35.88,0.01,3.32,141.2,83.67,2024-08-18 17:00:00,14.1,23.89,35.88,1410.0,17,6,8,231,74092.0,22895.0,True
2024,8,19,5,4.6,4.43,0.0,5.98,0.21,89.1,14.02,13.03,13.53,11.18,93.64,0.27,1.2,135.3,83.98,2024-08-19 05:00:00,4.43,14.02,93.64,443.0,5,0,8,232,58050.0,36265.0,True
2024,8,19,6,123.28,103.38,91.23,88.2,0.36,77.6,15.23,12.75,13.99,10.96,84.95,0.6,2.77,149.6,84.03,2024-08-19 06:00:00,103.38,15.23,84.95,10338.0,6,0,8,232,48115.0,55220.00000000001,True
2024,8,19,7,356.65,290.15,451.45,209.02,0.48,63.09,17.75,12.0,14.88,10.43,68.92,0.44,3.77,164.6,84.07,2024-08-19 07:00:00,290.15,17.75,68.92,29014.999999999996,7,0,8,232,29048.0,67685.0,True
2024,8,19,8,591.0,486.98,617.62,314.75,0.56,48.77,20.59,11.07,15.83,9.8,54.28,0.33,3.86,175.0,84.08,2024-08-19 08:00:00,486.98,20.59,54.28,48698.0,8,0,8,232,12495.0,86147.0,True
2024,8,19,9,782.55,590.28,60.45,420.44,0.54,34.88,23.13,10.42,16.77,9.39,44.53,0.18,3.7,180.6,84.06,2024-08-19 09:00:00,590.28,23.13,44.53,59028.0,9,0,8,232,1280.0,91945.0,True
2024,8,19,10,909.25,642.3,203.17,361.51,0.52,22.29,25.34,9.65,17.5,8.92,37.03,0.03,3.59,182.6,83.99,2024-08-19 10:00:00,642.3,25.34,37.03,64229.99999999999,10,0,8,232,315.0,77538.0,True
2024,8,19,11,969.6,712.95,611.74,400.6,0.55,14.81,27.21,8.94,18.08,8.52,31.65,0.02,3.56,182.9,83.89,2024-08-19 11:00:00,712.95,27.21,31.65,71295.0,11,0,8,232,5303.0,65112.0,True
2024,8,19,12,937.25,750.67,673.92,382.51,0.6,19.61,28.48,8.33,18.4,8.18,28.19,0.01,3.57,181.9,83.79,2024-08-19 12:00:00,750.67,28.48,28.19,75067.0,12,0,8,232,15075.0,43462.0,True
2024,8,19,13,824.65,715.17,414.2,290.84,0.63,31.51,28.97,7.77,18.37,7.88,26.37,0.01,3.6,181.1,83.71,2024-08-19 13:00:00,715.17,28.97,26.37,71517.0,13,0,8,232,24412.0,18300.0,True
2024,8,19,14,642.6,583.25,447.13,230.54,0.62,45.2,28.88,7.3,18.09,7.63,25.65,0.0,3.61,180.6,83.64,2024-08-19 14:00:00,583.25,28.88,25.65,58325.0,14,0,8,232,36517.0,1742.0000000000002,True
2024,8,19,15,412.77,374.55,365.13,211.37,0.55,59.45,28.09,6.95,17.52,7.45,26.22,0.02,3.55,177.9,83.63,2024-08-19 15:00:00,374.55,28.09,26.22,37455.0,15,0,8,232,51958.00000000001,378.0,True
2024,8,19,16,172.98,162.3,184.8,120.32,0.44,73.93,26.67,6.84,16.76,7.39,28.27,0.01,3.55,170.3,83.66,2024-08-19 16:00:00,162.3,26.67,28.27,16230.000000000002,16,0,8,232,58175.0,12894.999999999998,True
2024,8,19,17,15.07,14.02,4.39,16.46,0.23,87.35,23.77,7.42,15.6,7.69,34.98,0.0,2.36,159.2,83.7,2024-08-19 17:00:00,14.02,23.77,34.98,1402.0,17,0,8,232,69035.0,35790.0,True
2024,8,20,5,4.62,4.22,0.97,6.56,0.2,89.08,14.18,12.94,13.56,11.11,92.04,0.1,1.02,210.6,83.93,2024-08-20 05:00:00,4.22,14.18,92.04,422.0,5,1,8,233,63438.0,59050.0,True
2024,8,20,6,120.8,83.8,37.42,62.36,0.29,77.51,15.41,12.7,14.05,10.94,83.76,0.11,2.62,219.3,83.97,2024-08-20 06:00:00,83.8,15.41,83.76,8380.0,6,1,8,233,49023.0,78083.0,True
2024,8,20,7,349.1,232.3,154.04,154.11,0.38,62.99,18.02,11.97,14.99,10.42,67.64,0.24,3.99,218.6,84.0,2024-08-20 07:00:00,232.3,18.02,67.64,23230.0,7,1,8,233,30517.0,91410.0,True
2024,8,20,8,578.35,392.15,157.08,233.55,0.45,48.64,20.94,11.03,15.99,9.79,53.02,0.15,4.59,215.0,84.01,2024-08-20 08:00:00,392.15,20.94,53.02,39215.0,8,1,8,233,13043.0,98600.0,True
2024,8,20,9,764.08,583.22,365.57,269.24,0.53,34.71,23.29,10.34,16.82,9.34,43.83,0.3,4.77,215.1,83.98,2024-08-20 09:00:00,583.22,23.29,43.83,58322.0,9,1,8,233,1295.0,94845.0,True
2024,8,20,10,889.42,593.38,343.25,222.91,0.48,22.04,25.21,10.01,17.61,9.15,38.25,0.87,4.87,220.6,83.93,2024-08-20 10:00:00,593.38,25.21,38.25,59338.0,10,1,8,233,320.0,82445.0,True
2024,8,20,11,922.12,685.03,274.03,297.68,0.53,14.49,25.71,9.81,17.76,9.03,36.61,0.52,5.28,226.4,83.85,2024-08-20 11:00:00,685.03,25.71,36.61,68503.0,11,1,8,233,8760.0,64265.0,True
2024,8,20,12,889.97,679.03,258.98,337.55,0.54,19.42,26.15,9.68,17.92,8.96,35.36,0.27,5.5,230.2,83.76,2024-08-20 12:00:00,679.03,26.15,35.36,67903.0,12,1,8,233,24895.0,42677.0,True
2024,8,20,13,769.85,435.27,303.33,169.69,0.38,31.42,26.08,9.64,17.86,8.94,35.4,0.14,5.2,232.3,83.71,2024-08-20 13:00:00,435.27,26.08,35.4,43527.0,13,1,8,233,43588.0,19630.0,True
2024,8,20,14,599.4,368.52,135.69,205.01,0.39,45.17,25.29,9.67,17.48,8.97,37.21,0.1,4.89,231.2,83.67,2024-08-20 14:00:00,368.52,25.29,37.21,36852.0,14,1,8,233,52247.0,1889.9999999999998,True
2024,8,20,15,384.83,201.95,84.07,123.0,0.3,59.46,24.33,9.73,17.03,9.0,39.54,0.07,4.55,224.4,83.68,2024-08-20 15:00:00,201.95,24.33,39.54,20195.0,15,1,8,233,73583.0,358.0,True
2024,8,20,16,162.15,81.57,47.76,71.53,0.22,73.96,23.26,9.83,16.55,9.06,42.46,0.22,4.28,217.8,83.7,2024-08-20 16:00:00,81.57,23.26,42.46,8156.999999999999,16,1,8,233,70250.0,11603.0,True
2024,8,20,17,14.48,7.4,3.79,9.7,0.12,87.37,21.72,10.24,15.98,9.31,47.92,0.53,3.0,210.0,83.73,2024-08-20 17:00:00,7.4,21.72,47.92,740.0,17,1,8,233,75260.0,31658.0,True
2024,8,21,5,4.95,2.7,1.94,4.42,0.12,89.05,14.77,13.13,13.95,11.26,89.72,0.41,2.15,176.8,83.87,2024-08-21 05:00:00,2.7,14.77,89.72,270.0,5,2,8,234,69000.0,51490.0,True
2024,8,21,6,127.82,49.35,108.85,39.1,0.17,77.43,15.73,12.6,14.16,10.88,81.55,0.34,3.68,174.7,83.9,2024-08-21 06:00:00,49.35,15.73,81.55,4935.0,6,2,8,234,55333.00000000001,67088.0,True
2024,8,21,7,364.55,137.25,172.72,84.76,0.23,62.88,17.82,11.43,14.62,10.06,66.07,0.09,4.79,173.8,83.91,2024-08-21 07:00:00,137.25,17.82,66.07,13725.0,7,2,8,234,37440.0,82217.0,True
2024,8,21,8,599.08,233.35,1.51,180.27,0.26,48.5,19.96,10.47,15.21,9.44,54.26,0.06,5.02,176.1,83.91,2024-08-21 08:00:00,233.35,19.96,54.26,23335.0,8,2,8,234,16602.0,84565.0,True
2024,8,21,9,789.67,405.9,65.8,226.41,0.37,34.53,22.3,9.92,16.11,9.1,45.3,0.05,4.74,180.5,83.88,2024-08-21 09:00:00,405.9,22.3,45.3,40590.0,9,2,8,234,1493.0,76330.0,True
2024,8,21,10,914.72,514.6,117.45,277.83,0.42,21.79,24.22,9.51,16.86,8.86,39.25,0.06,4.5,188.6,83.81,2024-08-21 10:00:00,514.6,24.22,39.25,51460.0,10,2,8,234,420.0,66245.0,True
2024,8,21,11,953.75,485.35,55.23,337.6,0.38,14.17,25.47,9.13,17.3,8.65,35.52,0.11,4.39,197.2,83.7,2024-08-21 11:00:00,485.35,25.47,35.52,48535.0,11,2,8,234,12035.0,49958.0,True
2024,8,21,12,923.08,526.45,92.72,302.93,0.42,19.23,26.37,8.85,17.61,8.49,33.01,0.22,4.28,203.4,83.59,2024-08-21 12:00:00,526.45,26.37,33.01,52645.00000000001,12,2,8,234,32162.0,23935.0,True
2024,8,21,13,814.67,461.58,140.02,228.71,0.41,31.35,26.28,8.68,17.48,8.4,32.81,0.24,4.23,207.2,83.52,2024-08-21 13:00:00,461.58,26.28,32.81,46158.0,13,2,8,234,53016.99999999999,10810.0,True
2024,8,21,14,640.33,374.25,67.96,246.03,0.4,45.15,25.41,8.68,17.04,8.4,34.54,0.22,4.1,206.8,83.49,2024-08-21 14:00:00,374.25,25.41,34.54,37425.0,14,2,8,234,59140.0,1035.0,True
2024,8,21,15,416.6,156.65,88.41,124.29,0.23,59.46,24.34,8.84,16.59,8.49,37.22,0.28,3.93,200.2,83.52,2024-08-21 15:00:00,156.65,24.34,37.22,15665.0,15,2,8,234,76092.0,385.0,True
2024,8,21,16,179.95,62.28,41.12,59.09,0.17,73.99,22.97,9.21,16.09,8.7,41.44,0.49,3.69,185.4,83.57,2024-08-21 16:00:00,62.28,22.97,41.44,6228.0,16,2,8,234,88660.0,12877.000000000002,True
2024,8,21,17,15.68,5.0,6.48,6.5,0.08,87.4,21.34,9.8,15.57,9.05,47.64,0.55,3.21,162.6,83.65,2024-08-21 17:00:00,5.0,21.34,47.64,500.0,17,2,8,234,87778.0,34825.0,True
2024,8,22,5,5.12,3.4,0.0,5.11,0.15,89.02,13.66,12.54,13.1,10.83,92.74,0.35,0.89,183.2,83.86,2024-08-22 05:00:00,3.4,13.66,92.74,340.0,5,3,8,235,74417.0,56183.00000000001,True
2024,8,22,6,126.07,50.88,21.43,45.93,0.17,77.34,14.85,12.43,13.64,10.74,85.21,0.53,1.92,181.2,83.92,2024-08-22 06:00:00,50.88,14.85,85.21,5088.0,6,3,8,235,58345.00000000001,73653.0,True
2024,8,22,7,360.67,168.6,71.89,135.31,0.28,62.77,16.97,11.85,14.41,10.34,71.7,0.42,2.98,182.3,83.97,2024-08-22 07:00:00,168.6,16.97,71.7,16860.0,7,3,8,235,37752.0,83535.0,True
2024,8,22,8,595.03,234.62,15.74,179.23,0.27,48.37,19.73,10.92,15.32,9.71,56.66,0.38,3.64,189.6,83.99,2024-08-22 08:00:00,234.62,19.73,56.66,23462.0,8,3,8,235,16790.0,87458.0,True
2024,8,22,9,785.97,382.08,32.05,217.23,0.35,34.36,22.61,10.3,16.45,9.33,45.61,0.56,4.2,199.3,83.94,2024-08-22 09:00:00,382.08,22.61,45.61,38208.0,9,3,8,235,1545.0,80338.0,True
2024,8,22,10,910.7,535.28,9.2,382.92,0.43,21.54,24.61,9.86,17.23,9.06,39.22,0.56,4.63,208.2,83.85,2024-08-22 10:00:00,535.28,24.61,39.22,53528.0,10,3,8,235,365.0,73103.0,True
2024,8,22,11,954.05,622.45,40.89,432.04,0.48,13.84,26.15,9.47,17.81,8.84,34.88,0.57,4.79,215.1,83.73,2024-08-22 11:00:00,622.45,26.15,34.88,62245.00000000001,11,3,8,235,9730.0,59960.0,True
2024,8,22,12,920.28,710.2,496.08,228.06,0.56,19.05,27.15,9.14,18.15,8.65,32.14,0.53,4.74,219.6,83.62,2024-08-22 12:00:00,710.2,27.15,32.14,71020.0,12,3,8,235,26438.0,38425.0,True
2024,8,22,13,803.17,629.58,270.41,325.16,0.55,31.27,27.35,8.93,18.14,8.54,31.33,0.45,4.36,218.1,83.54,2024-08-22 13:00:00,629.58,27.35,31.33,62958.00000000001,13,3,8,235,45755.0,16638.0,True
2024,8,22,14,620.78,458.5,211.48,269.02,0.49,45.13,26.86,8.89,17.88,8.52,32.16,0.43,3.73,210.1,83.5,2024-08-22 14:00:00,458.5,26.86,32.16,45850.0,14,3,8,235,63029.99999999999,1530.0,True
2024,8,22,15,402.73,243.82,91.05,147.98,0.36,59.47,25.49,9.04,17.26,8.6,35.2,0.33,3.08,191.4,83.52,2024-08-22 15:00:00,243.82,25.49,35.2,24382.0,15,3,8,235,75265.0,305.0,True
2024,8,22,16,171.25,88.68,54.89,70.59,0.24,74.02,23.98,9.34,16.66,8.78,39.35,0.31,2.84,164.2,83.57,2024-08-22 16:00:00,88.68,23.98,39.35,8868.0,16,3,8,235,83610.0,7084.999999999999,True
2024,8,22,17,14.8,6.65,3.87,8.72,0.11,87.43,22.28,9.85,16.07,9.08,45.12,0.25,2.67,135.0,83.63,2024-08-22 17:00:00,6.65,22.28,45.12,665.0,17,3,8,235,83580.0,19677.0,True
2024,8,23,5,5.28,3.33,0.0,4.99,0.14,88.99,14.01,12.68,13.35,10.94,91.6,0.17,1.88,104.2,83.88,2024-08-23 05:00:00,3.33,14.01,91.6,333.0,5,4,8,236,70912.0,34042.0,True
2024,8,23,6,126.62,73.28,17.6,62.01,0.25,77.25,14.96,12.48,13.72,10.78,84.95,0.14,3.04,121.3,83.94,2024-08-23 06:00:00,73.28,14.96,84.95,7328.0,6,4,8,236,53047.0,45502.0,True
2024,8,23,7,355.38,233.02,72.21,170.63,0.38,62.67,17.25,11.95,14.6,10.4,70.85,0.18,3.24,142.1,83.98,2024-08-23 07:00:00,233.02,17.25,70.85,23302.0,7,4,8,236,32923.0,48448.0,True
2024,8,23,8,587.58,403.38,174.5,210.84,0.45,48.23,20.38,11.32,15.85,9.98,55.92,0.21,3.26,157.4,83.99,2024-08-23 08:00:00,403.38,20.38,55.92,40338.0,8,4,8,236,14215.0,46573.0,True
2024,8,23,9,780.0,487.25,59.37,272.86,0.44,34.18,23.1,10.85,16.97,9.68,45.92,0.27,3.24,166.4,83.94,2024-08-23 09:00:00,487.25,23.1,45.92,48725.0,9,4,8,236,1315.0,44852.0,True
2024,8,23,10,908.47,536.38,19.99,381.55,0.43,21.29,25.21,10.43,17.82,9.42,39.34,0.19,3.22,177.9,83.86,2024-08-23 10:00:00,536.38,25.21,39.34,53638.0,10,4,8,236,285.0,53635.0,True
2024,8,23,11,927.0,556.72,63.79,349.44,0.43,13.51,26.8,10.08,18.44,9.21,34.97,0.14,3.28,185.8,83.76,2024-08-23 11:00:00,556.72,26.8,34.97,55672.0,11,4,8,236,5340.0,43965.0,True
2024,8,23,12,892.6,583.97,123.82,310.24,0.46,18.87,27.46,9.86,18.66,9.08,33.14,0.16,3.28,187.7,83.67,2024-08-23 12:00:00,583.97,27.46,33.14,58397.0,12,4,8,236,16193.0,25388.0,True
2024,8,23,13,788.45,571.2,127.9,301.71,0.5,31.2,27.64,9.76,18.7,9.03,32.59,0.17,3.34,183.4,83.6,2024-08-23 13:00:00,571.2,27.64,32.59,57120.00000000001,13,4,8,236,27714.999999999996,10768.0,True
2024,8,23,14,616.8,328.83,115.74,188.4,0.35,45.11,26.91,9.82,18.36,9.07,34.15,0.17,3.51,175.3,83.58,2024-08-23 14:00:00,328.83,26.91,34.15,32883.0,14,4,8,236,38155.0,1195.0,True
2024,8,23,15,398.08,245.7,42.84,172.67,0.36,59.49,25.92,9.99,17.95,9.17,36.61,0.13,3.66,164.9,83.6,2024-08-23 15:00:00,245.7,25.92,36.61,24570.0,15,4,8,236,52908.00000000001,254.99999999999997,True
2024,8,23,16,167.12,100.68,23.42,88.57,0.28,74.06,24.41,10.26,17.33,9.33,40.77,0.1,3.91,152.1,83.65,2024-08-23 16:00:00,100.68,24.41,40.77,10068.0,16,4,8,236,59397.0,4675.0,True
2024,8,23,17,14.25,11.18,0.0,14.53,0.19,87.46,22.61,10.64,16.62,9.57,46.64,0.08,4.16,137.7,83.7,2024-08-23 17:00:00,11.18,22.61,46.64,1118.0,17,4,8,236,69292.0,15350.0,True
2024,8,24,5,5.65,3.65,0.0,5.48,0.15,88.97,13.62,12.44,13.03,10.76,92.46,0.72,1.13,149.8,83.92,2024-08-24 05:00:00,3.65,13.62,92.46,365.0,5,5,8,237,55722.0,25527.0,True
2024,8,24,6,135.45,43.75,9.04,42.87,0.15,77.16,14.78,12.38,13.58,10.71,85.41,0.76,2.44,158.4,83.97,2024-08-24 06:00:00,43.75,14.78,85.41,4375.0,6,5,8,237,50670.0,39433.0,True
2024,8,24,7,372.15,158.18,35.29,129.3,0.26,62.56,17.22,11.98,14.6,10.42,71.16,0.96,3.16,161.6,84.02,2024-08-24 07:00:00,158.18,17.22,71.16,15818.0,7,5,8,237,34092.0,46445.0,True
2024,8,24,8,608.08,295.48,76.1,217.75,0.33,48.1,19.95,11.3,15.62,9.96,57.36,0.94,3.14,165.8,84.04,2024-08-24 08:00:00,295.48,19.95,57.36,29548.0,8,5,8,237,14497.999999999998,52608.00000000001,True
2024,8,24,9,798.95,382.83,47.84,240.53,0.35,34.0,22.59,10.84,16.72,9.66,47.3,1.22,3.1,169.6,84.01,2024-08-24 09:00:00,382.83,22.59,47.3,38283.0,9,5,8,237,1345.0,57653.0,True
2024,8,24,10,924.2,411.25,54.79,250.89,0.33,21.04,24.48,10.48,17.48,9.44,41.22,1.54,3.02,171.0,83.95,2024-08-24 10:00:00,411.25,24.48,41.22,41125.0,10,5,8,237,428.0,54035.0,True
2024,8,24,11,953.83,455.48,34.22,315.32,0.35,13.19,26.13,10.26,18.2,9.31,36.82,1.66,2.83,168.6,83.85,2024-08-24 11:00:00,455.48,26.13,36.82,45548.0,11,5,8,237,11568.0,37433.0,True
2024,8,24,12,920.1,513.83,146.56,263.44,0.41,18.69,26.65,10.18,18.42,9.27,35.51,1.45,2.8,162.5,83.75,2024-08-24 12:00:00,513.83,26.65,35.51,51383.00000000001,12,5,8,237,31508.0,25877.0,True
2024,8,24,13,812.03,496.77,45.82,298.43,0.44,31.13,26.66,10.19,18.42,9.29,35.53,1.74,2.88,152.7,83.67,2024-08-24 13:00:00,496.77,26.66,35.53,49677.0,13,5,8,237,53825.0,10405.0,True
2024,8,24,14,635.35,382.48,102.76,213.76,0.41,45.09,26.25,10.3,18.27,9.36,36.65,1.64,3.1,140.6,83.62,2024-08-24 14:00:00,382.48,26.25,36.65,38248.0,14,5,8,237,65788.0,985.0,True
2024,8,24,15,408.55,227.93,127.01,139.25,0.34,59.5,25.13,10.54,17.83,9.51,39.79,1.36,3.65,126.4,83.62,2024-08-24 15:00:00,227.93,25.13,39.79,22793.0,15,5,8,237,79708.0,270.0,True
2024,8,24,16,175.0,102.65,96.26,83.7,0.28,74.09,23.47,10.87,17.17,9.72,44.95,0.59,4.5,115.1,83.67,2024-08-24 16:00:00,102.65,23.47,44.95,10265.0,16,5,8,237,91275.0,7531.999999999999,True
2024,8,24,17,14.73,9.68,5.97,11.55,0.17,87.49,21.59,11.16,16.38,9.9,51.36,0.28,4.92,107.9,83.75,2024-08-24 17:00:00,9.68,21.59,51.36,968.0,17,5,8,237,85962.0,22050.0,True
2024,8,25,5,5.7,1.55,0.0,2.11,0.06,88.94,13.88,12.62,13.25,10.87,91.92,0.7,3.34,106.2,84.0,2024-08-25 05:00:00,1.55,13.88,91.92,155.0,5,6,8,238,78183.0,38902.0,True
2024,8,25,6,135.48,25.4,0.0,25.02,0.09,77.07,14.55,12.32,13.43,10.66,86.38,0.51,4.24,119.7,84.06,2024-08-25 06:00:00,25.4,14.55,86.38,2540.0,6,6,8,238,63385.0,54415.0,True
2024,8,25,7,375.17,93.03,13.82,76.64,0.15,62.44,16.56,11.8,14.18,10.29,73.36,0.41,4.1,131.7,84.11,2024-08-25 07:00:00,93.03,16.56,73.36,9303.0,7,6,8,238,39705.0,70288.0,True
2024,8,25,8,610.12,170.45,20.37,128.92,0.19,47.96,19.43,11.22,15.32,9.9,58.94,0.59,3.19,137.4,84.12,2024-08-25 08:00:00,170.45,19.43,58.94,17045.0,8,6,8,238,18298.0,90175.0,True
2024,8,25,9,800.38,254.43,19.96,185.03,0.23,33.83,22.32,10.87,16.6,9.68,48.22,0.94,2.74,138.9,84.07,2024-08-25 09:00:00,254.43,22.32,48.22,25443.0,9,6,8,238,1692.0000000000002,89220.0,True
2024,8,25,10,924.75,404.98,101.1,243.11,0.33,20.79,24.75,10.64,17.7,9.53,40.95,1.37,2.53,136.9,83.96,2024-08-25 10:00:00,404.98,24.75,40.95,40498.0,10,6,8,238,392.0,74078.0,True
2024,8,25,11,973.65,458.38,80.61,308.45,0.35,12.85,26.36,10.45,18.4,9.43,36.78,1.6,2.51,131.1,83.83,2024-08-25 11:00:00,458.38,26.36,36.78,45838.0,11,6,8,238,8106.999999999999,55735.0,True
2024,8,25,12,940.9,589.6,157.76,321.51,0.47,18.52,27.1,10.35,18.72,9.38,34.98,1.1,2.78,124.1,83.72,2024-08-25 12:00:00,589.6,27.1,34.98,58960.0,12,6,8,238,22123.0,36342.0,True
2024,8,25,13,828.38,657.65,331.46,313.75,0.58,31.07,26.71,10.38,18.55,9.41,35.87,0.78,3.44,117.7,83.64,2024-08-25 13:00:00,657.65,26.71,35.87,65765.0,13,6,8,238,38120.0,15622.999999999998,True
2024,8,25,14,651.28,480.23,335.02,177.19,0.51,45.08,25.74,10.57,18.15,9.53,38.46,0.68,4.47,111.5,83.62,2024-08-25 14:00:00,480.23,25.74,38.46,48023.0,14,6,8,238,52362.0,1423.0,True
2024,8,25,15,417.95,295.88,253.19,166.78,0.44,59.52,24.3,10.82,17.56,9.69,42.61,0.29,5.39,106.9,83.65,2024-08-25 15:00:00,295.88,24.3,42.61,29588.0,15,6,8,238,56285.0,325.0,True
2024,8,25,16,181.48,123.07,89.45,69.73,0.34,74.13,22.55,11.0,16.77,9.79,47.88,0.08,5.92,104.2,83.72,2024-08-25 16:00:00,123.07,22.55,47.88,12307.0,16,6,8,238,55433.00000000001,6795.0,True
2024,8,25,17,14.98,10.25,18.15,11.89,0.18,87.52,20.88,10.9,15.89,9.73,52.75,0.02,5.99,104.0,83.78,2024-08-25 17:00:00,10.25,20.88,52.75,1025.0,17,6,8,238,61650.0,20143.0,True
2024,8,26,5,6.18,5.6,4.0,8.72,0.22,88.9,12.94,11.57,12.26,10.15,91.26,0.25,2.6,103.6,83.97,2024-08-26 05:00:00,5.6,12.94,91.26,560.0,5,0,8,239,60925.0,32950.0,True
2024,8,26,6,144.52,116.6,151.49,83.93,0.39,76.98,14.2,11.42,12.81,10.04,83.22,0.14,2.93,107.5,84.02,2024-08-26 06:00:00,116.6,14.2,83.22,11660.0,6,0,8,239,49983.0,47280.0,True
2024,8,26,7,385.8,298.25,317.75,147.59,0.48,62.33,17.63,10.65,14.14,9.53,63.49,0.03,3.62,118.9,84.08,2024-08-26 07:00:00,298.25,17.63,63.49,29825.0,7,0,8,239,32362.0,57891.99999999999,True
2024,8,26,8,620.33,486.38,369.42,207.24,0.54,47.82,21.0,9.89,15.45,9.05,48.91,0.09,3.89,115.6,84.1,2024-08-26 08:00:00,486.38,21.0,48.91,48638.0,8,0,8,239,14172.999999999998,69403.0,True
2024,8,26,9,808.12,609.88,299.49,289.62,0.55,33.65,23.76,9.42,16.59,8.78,40.1,0.08,4.16,112.3,84.06,2024-08-26 09:00:00,609.88,23.76,40.1,60988.0,9,0,8,239,1410.0,74092.0,True
2024,8,26,10,929.55,696.03,306.66,313.62,0.56,20.54,26.0,9.09,17.55,8.59,34.29,0.05,4.32,109.6,83.97,2024-08-26 10:00:00,696.03,26.0,34.29,69603.0,10,0,8,239,443.0,58050.0,True
2024,8,26,11,965.8,755.95,240.78,353.59,0.58,12.52,27.64,8.87,18.26,8.47,30.67,0.03,4.42,105.8,83.86,2024-08-26 11:00:00,755.95,27.64,30.67,75595.0,11,0,8,239,10338.0,48115.0,True
2024,8,26,12,932.7,772.67,373.37,336.17,0.61,18.35,28.49,8.72,18.6,8.4,28.91,0.02,4.66,101.6,83.75,2024-08-26 12:00:00,772.67,28.49,28.91,77267.0,12,0,8,239,29014.999999999996,29048.0,True
2024,8,26,13,827.5,661.45,300.45,311.41,0.58,31.01,28.3,8.64,18.47,8.36,29.07,0.05,4.99,100.2,83.68,2024-08-26 13:00:00,661.45,28.3,29.07,66145.0,13,0,8,239,48698.0,12495.0,True
2024,8,26,14,650.75,462.45,246.37,241.61,0.49,45.07,27.93,8.72,18.32,8.41,29.87,0.15,5.34,98.8,83.64,2024-08-26 14:00:00,462.45,27.93,29.87,46245.0,14,0,8,239,59028.0,1280.0,True
2024,8,26,15,424.35,262.35,111.59,179.0,0.39,59.54,26.6,8.92,17.76,8.53,32.75,0.25,5.7,97.3,83.65,2024-08-26 15:00:00,262.35,26.6,32.75,26235.000000000004,15,0,8,239,64229.99999999999,315.0,True
2024,8,26,16,179.4,108.43,35.81,83.85,0.3,74.18,24.97,9.26,17.11,8.72,36.89,0.08,6.06,97.8,83.71,2024-08-26 16:00:00,108.43,24.97,36.89,10843.0,16,0,8,239,71295.0,5303.0,True
2024,8,26,17,14.62,9.25,0.0,12.15,0.16,87.55,22.93,9.82,16.38,9.05,43.3,0.03,6.09,100.0,83.77,2024-08-26 17:00:00,9.25,22.93,43.3,925.0,17,0,8,239,75067.0,15075.0,True
2024,8,27,5,6.53,5.4,1.1,9.26,0.21,88.87,14.87,14.05,14.46,11.96,94.71,0.45,3.53,87.4,83.93,2024-08-27 05:00:00,5.4,14.87,94.71,540.0,5,1,8,240,71517.0,24412.0,True
2024,8,27,6,151.7,90.47,74.38,72.71,0.3,76.88,15.88,14.06,14.97,11.95,88.75,0.41,4.48,99.0,83.98,2024-08-27 06:00:00,90.47,15.88,88.75,9047.0,6,1,8,240,58325.0,36517.0,True
2024,8,27,7,400.1,251.65,198.95,163.75,0.4,62.22,18.65,13.91,16.28,11.83,73.77,0.49,5.53,112.7,84.02,2024-08-27 07:00:00,251.65,18.65,73.77,25165.0,7,1,8,240,37455.0,51958.00000000001,True
2024,8,27,8,636.4,420.23,100.09,281.9,0.47,47.68,22.09,13.2,17.65,11.3,57.0,0.47,5.43,115.4,84.04,2024-08-27 08:00:00,420.23,22.09,57.0,42023.0,8,1,8,240,16230.000000000002,58175.0,True
2024,8,27,9,825.25,573.15,117.59,314.0,0.51,33.47,24.97,12.59,18.78,10.85,46.01,0.43,5.23,115.2,84.01,2024-08-27 09:00:00,573.15,24.97,46.01,57315.0,9,1,8,240,1402.0,69035.0,True
2024,8,27,10,948.03,651.0,91.09,415.11,0.52,20.29,26.96,12.06,19.51,10.49,39.52,0.7,5.32,114.1,83.95,2024-08-27 10:00:00,651.0,26.96,39.52,65100.0,10,1,8,240,422.0,63438.0,True
2024,8,27,11,1001.1,749.08,177.71,410.6,0.57,12.19,28.37,11.65,20.01,10.22,35.43,1.08,5.52,113.1,83.87,2024-08-27 11:00:00,749.08,28.37,35.43,74908.0,11,1,8,240,8380.0,49023.0,True
2024,8,27,12,967.9,792.28,332.96,367.42,0.63,18.19,28.89,11.32,20.11,10.0,33.61,1.43,5.74,112.4,83.78,2024-08-27 12:00:00,792.28,28.89,33.61,79228.0,12,1,8,240,23230.0,30517.0,True
2024,8,27,13,857.47,668.22,388.95,269.54,0.58,30.96,28.49,11.12,19.8,9.88,33.96,1.91,6.02,111.3,83.71,2024-08-27 13:00:00,668.22,28.49,33.96,66822.0,13,1,8,240,39215.0,13043.0,True
2024,8,27,14,679.67,531.25,292.75,272.56,0.56,45.07,27.49,11.15,19.32,9.9,36.06,1.99,6.22,110.1,83.68,2024-08-27 14:00:00,531.25,27.49,36.06,53125.0,14,1,8,240,58322.0,1295.0,True
2024,8,27,15,449.38,336.67,288.26,191.56,0.5,59.57,26.83,11.28,19.06,9.98,37.78,1.8,6.35,109.8,83.68,2024-08-27 15:00:00,336.67,26.83,37.78,33667.0,15,1,8,240,59338.0,320.0,True
2024,8,27,16,198.0,144.48,93.04,86.88,0.4,74.22,25.13,11.57,18.35,10.17,42.59,1.0,6.56,109.7,83.73,2024-08-27 16:00:00,144.48,25.13,42.59,14447.999999999998,16,1,8,240,68503.0,8760.0,True
2024,8,27,17,15.75,12.45,11.33,13.42,0.22,87.59,22.83,12.23,17.53,10.62,51.1,0.34,6.44,108.2,83.8,2024-08-27 17:00:00,12.45,22.83,51.1,1245.0,17,1,8,240,67903.0,24895.0,True
2024,8,28,5,7.07,5.78,7.38,7.45,0.21,88.84,14.15,13.18,13.67,11.29,93.75,0.28,4.08,93.5,83.97,2024-08-28 05:00:00,5.78,14.15,93.75,578.0,5,2,8,241,43527.0,43588.0,True
2024,8,28,6,158.12,132.52,245.34,78.13,0.43,76.79,15.21,12.92,14.07,11.09,86.06,0.34,4.86,94.5,84.03,2024-08-28 06:00:00,132.52,15.21,86.06,13252.000000000002,6,2,8,241,36852.0,52247.0,True
2024,8,28,7,408.4,355.67,384.73,202.3,0.57,62.1,18.09,12.58,15.34,10.84,70.1,0.37,5.18,102.0,84.08,2024-08-28 07:00:00,355.67,18.09,70.1,35567.0,7,2,8,241,20195.0,73583.0,True
2024,8,28,8,646.75,584.85,592.3,192.59,0.65,47.54,21.66,12.25,16.95,10.6,54.96,0.24,5.28,107.4,84.1,2024-08-28 08:00:00,584.85,21.66,54.96,58485.0,8,2,8,241,8156.999999999999,70250.0,True
2024,8,28,9,836.1,751.03,516.9,255.34,0.67,33.29,24.59,11.89,18.24,10.35,44.94,0.18,5.14,110.5,84.07,2024-08-28 09:00:00,751.03,24.59,44.94,75103.0,9,2,8,241,740.0,75260.0,True
2024,8,28,10,959.72,828.62,374.78,409.84,0.66,20.04,26.84,11.55,19.2,10.13,38.46,0.22,5.12,113.9,83.99,2024-08-28 10:00:00,828.62,26.84,38.46,82862.0,10,2,8,241,270.0,69000.0,True
2024,8,28,11,1024.07,899.03,459.51,363.01,0.69,11.85,28.3,11.39,19.85,10.04,34.96,0.41,5.32,115.8,83.88,2024-08-28 11:00:00,899.03,28.3,34.96,89903.0,11,2,8,241,4935.0,55333.00000000001,True
2024,8,28,12,990.75,787.35,673.09,151.95,0.62,18.03,29.08,11.38,20.23,10.04,33.37,0.52,5.75,115.7,83.78,2024-08-28 12:00:00,787.35,29.08,33.37,78735.0,12,2,8,241,13725.0,37440.0,True
2024,8,28,13,878.35,750.22,456.84,285.46,0.65,30.91,29.07,11.61,20.34,10.21,33.92,0.69,6.11,113.8,83.7,2024-08-28 13:00:00,750.22,29.07,33.92,75022.0,13,2,8,241,23335.0,16602.0,True
2024,8,28,14,698.1,589.12,398.98,265.02,0.62,45.07,28.41,11.92,20.16,10.43,35.98,0.63,6.36,112.4,83.66,2024-08-28 14:00:00,589.12,28.41,35.98,58912.0,14,2,8,241,40590.0,1493.0,True
2024,8,28,15,465.35,401.75,473.35,162.15,0.59,59.59,27.04,12.26,19.65,10.66,39.83,0.69,6.59,111.0,83.66,2024-08-28 15:00:00,401.75,27.04,39.83,40175.0,15,2,8,241,51460.0,420.0,True
2024,8,28,16,209.23,179.68,340.01,92.75,0.5,74.27,25.06,12.59,18.83,10.9,45.81,0.44,6.76,108.7,83.71,2024-08-28 16:00:00,179.68,25.06,45.81,17968.0,16,2,8,241,48535.0,12035.0,True
2024,8,28,17,16.8,15.15,46.68,17.62,0.27,87.62,22.83,13.14,17.99,11.29,54.29,0.14,6.54,105.9,83.78,2024-08-28 17:00:00,15.15,22.83,54.29,1515.0,17,2,8,241,52645.00000000001,32162.0,True
2024,8,29,5,7.5,6.38,15.76,9.35,0.23,88.8,14.85,13.87,14.36,11.82,93.75,0.24,2.11,106.2,83.94,2024-08-29 05:00:00,6.38,14.85,93.75,638.0,5,3,8,242,46158.0,53016.99999999999,True
2024,8,29,6,165.95,140.48,223.24,75.0,0.46,76.69,16.06,13.63,14.85,11.63,85.41,0.08,2.81,106.8,83.99,2024-08-29 06:00:00,140.48,16.06,85.41,14047.999999999998,6,3,8,242,37425.0,59140.0,True
2024,8,29,7,419.8,355.48,577.13,108.26,0.57,61.99,18.88,12.73,15.8,10.96,67.41,0.01,2.58,120.7,84.03,2024-08-29 07:00:00,355.48,18.88,67.41,35548.0,7,3,8,242,15665.0,76092.0,True
2024,8,29,8,658.33,565.4,668.68,138.26,0.63,47.4,22.86,10.96,16.91,9.73,46.89,0.0,2.93,139.6,84.04,2024-08-29 08:00:00,565.4,22.86,46.89,56540.0,8,3,8,242,6228.0,88660.0,True
2024,8,29,9,848.3,836.25,692.77,216.37,0.75,33.12,25.88,9.82,17.85,9.02,36.27,0.0,3.4,142.1,84.0,2024-08-29 09:00:00,836.25,25.88,36.27,83625.0,9,3,8,242,500.0,87778.0,True
2024,8,29,10,971.92,956.58,715.0,225.82,0.76,19.79,28.17,8.89,18.53,8.48,29.79,0.0,3.89,139.6,83.92,2024-08-29 10:00:00,956.58,28.17,29.79,95658.0,10,3,8,242,340.0,74417.0,True
2024,8,29,11,1030.85,1007.17,692.48,240.5,0.77,11.52,29.75,8.14,18.95,8.07,25.85,0.0,4.27,136.7,83.82,2024-08-29 11:00:00,1007.17,29.75,25.85,100717.0,11,3,8,242,5088.0,58345.00000000001,True
2024,8,29,12,998.15,949.33,739.87,193.01,0.75,17.88,30.66,7.68,19.17,7.83,23.78,0.0,4.71,132.8,83.7,2024-08-29 12:00:00,949.33,30.66,23.78,94933.0,12,3,8,242,16860.0,37752.0,True
2024,8,29,13,886.97,844.7,654.59,210.43,0.74,30.86,30.88,7.31,19.1,7.64,22.89,0.0,5.29,128.9,83.61,2024-08-29 13:00:00,844.7,30.88,22.89,84470.0,13,3,8,242,23462.0,16790.0,True
2024,8,29,14,707.92,658.08,667.63,173.97,0.7,45.07,30.17,7.06,18.61,7.51,23.42,0.0,5.93,124.6,83.55,2024-08-29 14:00:00,658.08,30.17,23.42,65808.0,14,3,8,242,38208.0,1545.0,True
2024,8,29,15,474.7,419.3,477.26,153.78,0.62,59.62,28.85,7.0,17.92,7.49,25.2,0.0,6.7,120.0,83.56,2024-08-29 15:00:00,419.3,28.85,25.2,41930.0,15,3,8,242,53528.0,365.0,True
2024,8,29,16,216.38,186.82,362.16,69.44,0.52,74.32,26.56,7.19,16.88,7.57,29.13,0.0,7.34,115.5,83.61,2024-08-29 16:00:00,186.82,26.56,29.13,18682.0,16,3,8,242,62245.00000000001,9730.0,True
2024,8,29,17,17.5,15.23,57.98,14.12,0.28,87.66,23.81,7.57,15.69,7.77,35.25,0.0,7.46,109.8,83.7,2024-08-29 17:00:00,15.23,23.81,35.25,1523.0,17,3,8,242,71020.0,26438.0,True
2024,8,30,5,8.2,6.57,17.86,8.85,0.23,88.77,14.21,12.9,13.56,11.08,91.66,0.4,1.15,67.5,83.97,2024-08-30 05:00:00,6.57,14.21,91.66,657.0,5,4,8,243,62958.00000000001,45755.0,True
2024,8,30,6,176.73,116.0,170.97,74.43,0.37,76.59,15.4,12.78,14.09,10.99,84.26,0.26,1.4,78.4,84.03,2024-08-30 06:00:00,116.0,15.4,84.26,11600.0,6,4,8,243,45850.0,63029.99999999999,True
2024,8,30,7,435.25,293.4,251.57,169.53,0.47,61.87,18.15,12.16,15.15,10.54,67.91,0.02,1.61,120.2,84.06,2024-08-30 07:00:00,293.4,18.15,67.91,29339.999999999996,7,4,8,243,24382.0,75265.0,True
2024,8,30,8,675.28,483.95,208.24,285.21,0.53,47.27,22.95,8.99,15.97,8.54,40.97,0.0,2.58,146.6,84.07,2024-08-30 08:00:00,483.95,22.95,40.97,48395.0,8,4,8,243,8868.0,83610.0,True
2024,8,30,9,864.67,719.28,375.99,353.46,0.64,32.94,26.23,7.25,16.74,7.58,29.89,0.0,3.36,153.7,84.02,2024-08-30 09:00:00,719.28,26.23,29.89,71928.0,9,4,8,243,665.0,83580.0,True
2024,8,30,10,987.17,882.4,586.92,266.84,0.7,19.54,28.44,6.55,17.49,7.23,25.03,0.0,3.93,154.7,83.93,2024-08-30 10:00:00,882.4,28.44,25.03,88240.0,10,4,8,243,333.0,70912.0,True
2024,8,30,11,1030.18,1020.75,724.47,235.72,0.78,11.18,29.9,6.27,18.09,7.1,22.56,0.0,4.22,153.9,83.82,2024-08-30 11:00:00,1020.75,29.9,22.56,102075.0,11,4,8,243,7328.0,53047.0,True
2024,8,30,12,994.9,989.53,779.2,167.88,0.78,17.73,30.66,6.17,18.41,7.06,21.45,0.0,4.48,149.3,83.72,2024-08-30 12:00:00,989.53,30.66,21.45,98953.0,12,4,8,243,23302.0,32923.0,True
2024,8,30,13,882.45,847.88,748.72,164.2,0.74,30.82,30.6,6.16,18.38,7.06,21.51,0.01,4.85,141.6,83.64,2024-08-30 13:00:00,847.88,30.6,21.51,84788.0,13,4,8,243,40338.0,14215.0,True
2024,8,30,14,701.62,676.92,676.78,184.01,0.72,45.07,30.05,6.33,18.19,7.14,22.43,0.02,5.39,133.8,83.6,2024-08-30 14:00:00,676.92,30.05,22.43,67692.0,14,4,8,243,48725.0,1315.0,True
2024,8,30,15,466.48,446.33,560.6,148.28,0.66,59.65,28.22,6.71,17.46,7.33,25.6,0.05,5.98,127.5,83.61,2024-08-30 15:00:00,446.33,28.22,25.6,44633.0,15,4,8,243,53638.0,285.0,True
2024,8,30,16,208.95,188.95,401.84,82.88,0.52,74.37,26.06,7.33,16.7,7.64,30.3,0.06,6.46,122.2,83.68,2024-08-30 16:00:00,188.95,26.06,30.3,18895.0,16,4,8,243,55672.0,5340.0,True
2024,8,30,17,16.3,14.12,43.62,14.02,0.26,87.69,23.83,8.21,16.02,8.12,36.82,0.05,6.81,116.7,83.76,2024-08-30 17:00:00,14.12,23.83,36.82,1412.0,17,4,8,243,58397.0,16193.0,True
2024,8,31,5,8.07,7.57,15.4,9.18,0.26,88.73,13.53,11.88,12.71,10.36,89.6,0.49,2.7,123.8,83.96,2024-08-31 05:00:00,7.57,13.53,89.6,757.0,5,5,8,244,57120.00000000001,27714.999999999996,True
2024,8,31,6,170.02,156.48,302.24,83.65,0.5,76.49,14.68,11.49,13.08,10.09,81.09,0.24,3.46,127.0,84.04,2024-08-31 06:00:00,156.48,14.68,81.09,15647.999999999998,6,5,8,244,32883.0,38155.0,True
2024,8,31,7,425.0,378.98,562.18,122.01,0.6,61.76,17.74,10.48,14.11,9.42,62.35,0.23,4.27,137.1,84.11,2024-08-31 07:00:00,378.98,17.74,62.35,37898.0,7,5,8,244,24570.0,52908.00000000001,True
2024,8,31,8,664.25,606.6,572.23,199.97,0.67,47.13,21.32,9.05,15.18,8.55,45.34,0.16,4.6,143.0,84.14,2024-08-31 08:00:00,606.6,21.32,45.34,60660.0,8,5,8,244,10068.0,59397.0,True
2024,8,31,9,853.45,700.53,543.73,205.69,0.62,32.77,24.29,8.01,16.15,7.97,35.31,0.11,4.78,147.2,84.12,2024-08-31 09:00:00,700.53,24.29,35.31,70053.0,9,5,8,244,1118.0,69292.0,True
2024,8,31,10,976.25,807.88,406.18,335.4,0.64,19.3,26.69,7.3,16.99,7.59,29.14,0.04,5.02,150.4,84.04,2024-08-31 10:00:00,807.88,26.69,29.14,80788.0,10,5,8,244,365.0,55722.0,True
2024,8,31,11,1029.1,909.15,453.68,398.33,0.69,10.84,28.44,6.95,17.7,7.43,25.71,0.01,5.17,150.3,83.92,2024-08-31 11:00:00,909.15,28.44,25.71,90915.0,11,5,8,244,4375.0,50670.0,True
2024,8,31,12,995.0,860.72,533.48,270.21,0.68,17.59,29.43,6.89,18.16,7.41,24.18,0.01,5.27,147.2,83.79,2024-08-31 12:00:00,860.72,29.43,24.18,86072.0,12,5,8,244,15818.0,34092.0,True
2024,8,31,13,881.5,772.12,528.7,247.14,0.67,30.78,29.69,7.02,18.36,7.48,24.01,0.02,5.47,141.7,83.69,2024-08-31 13:00:00,772.12,29.69,24.01,77212.0,13,5,8,244,29548.0,14497.999999999998,True
2024,8,31,14,701.22,549.72,543.38,173.26,0.58,45.08,28.92,7.39,18.15,7.68,25.75,0.05,5.83,135.3,83.62,2024-08-31 14:00:00,549.72,28.92,25.75,54972.0,14,5,8,244,38283.0,1345.0,True
2024,8,31,15,465.65,372.85,509.32,146.63,0.55,59.69,27.17,8.13,17.65,8.08,30.0,0.14,6.39,129.5,83.63,2024-08-31 15:00:00,372.85,27.17,30.0,37285.0,15,5,8,244,41125.0,428.0,True
2024,8,31,16,208.02,169.38,284.71,93.08,0.47,74.42,25.0,9.26,17.13,8.73,36.86,0.14,6.99,124.0,83.69,2024-08-31 16:00:00,169.38,25.0,36.86,16938.0,16,5,8,244,45548.0,11568.0,True
2024,8,31,17,15.98,13.93,45.8,15.52,0.26,87.73,22.47,10.63,16.55,9.56,47.03,0.12,7.18,118.3,83.78,2024-08-31 17:00:00,13.93,22.47,47.03,1393.0,17,5,8,244,51383.00000000001,31508.0,True
2024,9,1,5,7.9,4.8,5.92,6.56,0.16,88.69,14.48,13.77,14.12,11.73,95.32,0.74,2.05,130.1,83.97,2024-09-01 05:00:00,4.8,14.48,95.32,480.0,5,6,9,245,49677.0,53825.0,True
2024,9,1,6,164.3,87.55,99.96,64.49,0.28,76.39,15.76,13.44,14.6,11.47,85.91,0.81,3.66,140.4,84.03,2024-09-01 06:00:00,87.55,15.76,85.91,8755.0,6,6,9,245,38248.0,65788.0,True
2024,9,1,7,416.23,245.48,174.6,159.08,0.39,61.64,18.29,12.44,15.36,10.74,68.58,0.63,4.36,157.2,84.06,2024-09-01 07:00:00,245.48,18.29,68.58,24548.0,7,6,9,245,22793.0,79708.0,True
2024,9,1,8,652.75,415.75,280.23,209.68,0.46,46.99,21.32,11.29,16.3,9.95,52.67,0.5,4.49,169.9,84.06,2024-09-01 08:00:00,415.75,21.32,52.67,41575.0,8,6,9,245,10265.0,91275.0,True
2024,9,1,9,840.97,471.98,196.56,231.75,0.42,32.59,24.02,10.59,17.31,9.5,42.68,0.48,4.55,177.4,84.02,2024-09-01 09:00:00,471.98,24.02,42.68,47198.0,9,6,9,245,968.0,85962.0,True
2024,9,1,10,962.6,529.83,209.31,244.72,0.42,19.05,26.02,9.96,17.99,9.11,36.3,0.27,4.53,181.4,83.94,2024-09-01 10:00:00,529.83,26.02,36.3,52983.00000000001,10,6,9,245,155.0,78183.0,True
2024,9,1,11,1005.53,650.25,259.49,302.99,0.49,10.51,27.47,9.35,18.41,8.76,32.02,0.11,4.44,183.4,83.84,2024-09-01 11:00:00,650.25,27.47,32.02,65025.0,11,6,9,245,2540.0,63385.0,True
2024,9,1,12,970.35,621.45,318.84,273.33,0.49,17.46,28.23,8.73,18.48,8.41,29.38,0.07,4.25,182.4,83.73,2024-09-01 12:00:00,621.45,28.23,29.38,62145.00000000001,12,6,9,245,9303.0,39705.0,True
2024,9,1,13,857.58,464.3,163.35,248.88,0.4,30.75,28.84,8.27,18.56,8.15,27.45,0.07,4.09,177.3,83.64,2024-09-01 13:00:00,464.3,28.84,27.45,46430.0,13,6,9,245,17045.0,18298.0,True
2024,9,1,14,678.5,379.48,192.72,218.8,0.4,45.09,28.79,7.9,18.35,7.96,26.88,0.08,4.02,168.2,83.58,2024-09-01 14:00:00,379.48,28.79,26.88,37948.0,14,6,9,245,25443.0,1692.0000000000002,True
2024,9,1,15,445.52,212.27,190.11,116.37,0.31,59.73,27.67,7.78,17.73,7.89,28.43,0.05,4.23,156.0,83.56,2024-09-01 15:00:00,212.27,27.67,28.43,21227.0,15,6,9,245,40498.0,392.0,True
2024,9,1,16,194.52,93.57,253.01,69.75,0.26,74.47,26.27,7.98,17.12,8.0,31.31,0.07,4.82,143.3,83.6,2024-09-01 16:00:00,93.57,26.27,31.31,9357.0,16,6,9,245,45838.0,8106.999999999999,True
2024,9,1,17,14.68,7.03,19.22,9.21,0.13,87.76,24.29,8.55,16.42,8.31,36.61,0.12,5.0,133.1,83.68,2024-09-01 17:00:00,7.03,24.29,36.61,703.0,17,6,9,245,58960.0,22123.0,True
2024,9,2,5,8.23,7.03,8.19,9.93,0.22,88.65,14.26,13.25,13.76,11.34,93.5,0.64,2.38,101.4,83.97,2024-09-02 05:00:00,7.03,14.26,93.5,703.0,5,0,9,246,65765.0,38120.0,True
2024,9,2,6,163.68,108.55,140.96,66.8,0.34,76.29,15.38,13.02,14.2,11.16,85.67,0.68,3.82,119.9,84.04,2024-09-02 06:00:00,108.55,15.38,85.67,10855.0,6,0,9,246,48023.0,52362.0,True
2024,9,2,7,413.08,255.27,202.34,154.5,0.4,61.52,17.76,12.29,15.02,10.63,70.2,0.55,4.91,136.0,84.08,2024-09-02 07:00:00,255.27,17.76,70.2,25527.0,7,0,9,246,29588.0,56285.0,True
2024,9,2,8,649.17,422.08,152.61,230.74,0.46,46.85,20.57,11.29,15.93,9.94,55.13,0.36,5.07,141.9,84.1,2024-09-02 08:00:00,422.08,20.57,55.13,42208.0,8,0,9,246,12307.0,55433.00000000001,True
2024,9,2,9,837.88,462.0,46.27,292.83,0.41,32.42,23.23,10.71,16.97,9.57,45.11,0.26,4.99,144.9,84.06,2024-09-02 09:00:00,462.0,23.23,45.11,46200.0,9,0,9,246,1025.0,61650.0,True
2024,9,2,10,958.78,527.58,129.72,279.12,0.42,18.81,25.4,10.27,17.84,9.3,38.46,0.24,4.87,146.7,83.98,2024-09-02 10:00:00,527.58,25.4,38.46,52758.00000000001,10,0,9,246,560.0,60925.0,True
2024,9,2,11,1010.75,631.85,232.89,307.97,0.48,10.17,26.59,9.97,18.28,9.12,35.11,0.31,4.59,147.2,83.86,2024-09-02 11:00:00,631.85,26.59,35.11,63185.0,11,0,9,246,11660.0,49983.0,True
2024,9,2,12,973.8,602.5,493.52,183.33,0.47,17.33,26.96,9.82,18.39,9.05,34.05,0.61,4.39,146.1,83.76,2024-09-02 12:00:00,602.5,26.96,34.05,60250.0,12,0,9,246,29825.0,32362.0,True
2024,9,2,13,856.75,624.58,283.1,283.92,0.54,30.73,27.6,9.74,18.67,9.01,32.62,0.69,4.23,143.6,83.68,2024-09-02 13:00:00,624.58,27.6,32.62,62458.00000000001,13,0,9,246,48638.0,14172.999999999998,True
2024,9,2,14,665.42,485.05,189.17,301.9,0.51,45.11,26.9,9.72,18.31,9.0,33.93,0.58,4.21,137.9,83.64,2024-09-02 14:00:00,485.05,26.9,33.93,48505.0,14,0,9,246,60988.0,1410.0,True
2024,9,2,15,429.23,296.1,266.41,145.83,0.44,59.76,26.02,9.79,17.9,9.04,35.9,0.45,4.37,130.5,83.64,2024-09-02 15:00:00,296.1,26.02,35.9,29610.000000000004,15,0,9,246,69603.0,443.0,True
2024,9,2,16,181.68,120.95,111.8,84.5,0.34,74.53,24.6,10.01,17.3,9.17,39.64,0.17,4.76,120.4,83.68,2024-09-02 16:00:00,120.95,24.6,39.64,12095.0,16,0,9,246,75595.0,10338.0,True
2024,9,2,17,13.62,8.88,4.37,10.8,0.17,87.8,22.7,10.47,16.58,9.46,45.87,0.1,5.11,111.3,83.74,2024-09-02 17:00:00,8.88,22.7,45.87,888.0000000000001,17,0,9,246,77267.0,29014.999999999996,True
2024,9,3,5,8.3,6.3,5.99,8.36,0.19,88.61,14.45,13.51,13.98,11.54,93.94,0.35,2.72,110.0,83.94,2024-09-03 05:00:00,6.3,14.45,93.94,630.0,5,1,9,247,66145.0,48698.0,True
2024,9,3,6,163.73,104.18,167.72,81.35,0.33,76.19,15.55,13.25,14.4,11.34,86.06,0.21,3.81,123.6,84.0,2024-09-03 06:00:00,104.18,15.55,86.06,10418.0,6,1,9,247,46245.0,59028.0,True
2024,9,3,7,413.33,255.93,306.5,122.76,0.4,61.4,18.42,12.6,15.51,10.86,68.75,0.18,4.27,137.3,84.03,2024-09-03 07:00:00,255.93,18.42,68.75,25593.0,7,1,9,247,26235.000000000004,64229.99999999999,True
2024,9,3,8,648.88,466.35,204.84,258.68,0.51,46.71,21.8,11.82,16.81,10.31,52.97,0.38,3.98,140.7,84.04,2024-09-03 08:00:00,466.35,21.8,52.97,46635.0,8,1,9,247,10843.0,71295.0,True
2024,9,3,9,836.67,511.8,99.59,279.19,0.45,32.25,24.32,11.23,17.77,9.92,43.75,0.38,3.55,137.7,84.0,2024-09-03 09:00:00,511.8,24.32,43.75,51180.0,9,1,9,247,925.0,75067.0,True
2024,9,3,10,955.97,582.17,155.5,311.29,0.46,18.56,26.27,10.82,18.55,9.66,37.91,0.23,3.46,133.9,83.93,2024-09-03 10:00:00,582.17,26.27,37.91,58216.99999999999,10,1,9,247,540.0,71517.0,True
2024,9,3,11,1007.35,627.78,207.72,330.94,0.48,9.83,27.59,10.51,19.05,9.47,34.36,0.2,3.44,131.2,83.83,2024-09-03 11:00:00,627.78,27.59,34.36,62778.0,11,1,9,247,9047.0,58325.0,True
2024,9,3,12,969.92,591.97,338.06,208.54,0.46,17.21,28.18,10.27,19.23,9.33,32.67,0.23,3.54,128.6,83.73,2024-09-03 12:00:00,591.97,28.18,32.67,59197.0,12,1,9,247,25165.0,37455.0,True
2024,9,3,13,844.4,582.83,207.79,294.22,0.51,30.7,28.37,10.11,19.24,9.24,31.97,0.47,3.87,127.3,83.65,2024-09-03 13:00:00,582.83,28.37,31.97,58283.00000000001,13,1,9,247,42023.0,16230.000000000002,True
2024,9,3,14,658.72,402.45,184.59,196.57,0.43,45.13,28.21,10.05,19.13,9.2,32.11,0.49,4.36,126.6,83.6,2024-09-03 14:00:00,402.45,28.21,32.11,40245.0,14,1,9,247,57315.0,1402.0,True
2024,9,3,15,430.62,211.05,168.1,120.22,0.31,59.81,26.93,10.09,18.51,9.23,34.72,0.41,4.9,124.5,83.61,2024-09-03 15:00:00,211.05,26.93,34.72,21105.0,15,1,9,247,65100.0,422.0,True
2024,9,3,16,184.27,78.68,143.09,45.36,0.22,74.59,25.25,10.25,17.75,9.33,38.78,0.19,5.41,121.8,83.65,2024-09-03 16:00:00,78.68,25.25,38.78,7868.000000000001,16,1,9,247,74908.0,8380.0,True
2024,9,3,17,13.45,6.15,5.47,7.46,0.12,87.84,23.21,10.64,16.93,9.57,44.98,0.21,5.61,118.5,83.72,2024-09-03 17:00:00,6.15,23.21,44.98,615.0,17,1,9,247,79228.0,23230.0,True
2024,9,4,5,8.25,2.33,0.0,2.85,0.07,88.57,14.38,13.16,13.77,11.27,92.19,1.82,3.96,108.8,83.96,2024-09-04 05:00:00,2.33,14.38,92.19,233.0,5,2,9,248,66822.0,39215.0,True
2024,9,4,6,157.05,39.6,51.19,35.72,0.12,76.08,15.06,12.75,13.9,10.96,85.89,1.35,5.14,115.3,84.03,2024-09-04 06:00:00,39.6,15.06,85.89,3960.0,6,2,9,248,53125.0,58322.0,True
2024,9,4,7,405.8,105.12,81.0,79.41,0.16,61.29,16.74,12.03,14.39,10.45,73.62,0.77,5.69,122.7,84.09,2024-09-04 07:00:00,105.12,16.74,73.62,10512.0,7,2,9,248,33667.0,59338.0,True
2024,9,4,8,641.55,230.6,133.31,159.77,0.25,46.57,19.0,11.3,15.15,9.95,60.83,0.46,5.48,125.9,84.1,2024-09-04 08:00:00,230.6,19.0,60.83,23060.0,8,2,9,248,14447.999999999998,68503.0,True
2024,9,4,9,827.6,241.15,64.78,165.63,0.21,32.08,21.49,10.84,16.17,9.65,50.56,0.4,5.1,127.3,84.06,2024-09-04 09:00:00,241.15,21.49,50.56,24115.0,9,2,9,248,1245.0,67903.0,True
2024,9,4,10,943.58,297.52,131.67,181.49,0.23,18.33,23.74,10.55,17.14,9.48,43.29,0.44,4.85,128.2,83.97,2024-09-04 10:00:00,297.52,23.74,43.29,29752.0,10,2,9,248,578.0,43527.0,True
2024,9,4,11,994.12,404.15,146.46,262.26,0.31,9.5,25.27,10.37,17.82,9.38,39.04,0.5,4.68,126.9,83.86,2024-09-04 11:00:00,404.15,25.27,39.04,40415.0,11,2,9,248,13252.000000000002,36852.0,True
2024,9,4,12,954.35,439.95,144.02,208.08,0.34,17.09,26.62,10.31,18.46,9.35,35.88,0.8,4.59,124.1,83.76,2024-09-04 12:00:00,439.95,26.62,35.88,43995.0,12,2,9,248,35567.0,20195.0,True
2024,9,4,13,837.58,421.5,72.61,244.4,0.37,30.69,26.95,10.28,18.62,9.34,35.12,0.79,4.65,121.4,83.69,2024-09-04 13:00:00,421.5,26.95,35.12,42150.0,13,2,9,248,58485.0,8156.999999999999,True
2024,9,4,14,656.5,366.08,145.95,197.01,0.39,45.15,26.02,10.32,18.17,9.37,37.21,0.81,4.81,118.0,83.66,2024-09-04 14:00:00,366.08,26.02,37.21,36608.0,14,2,9,248,75103.0,740.0,True
2024,9,4,15,417.65,262.83,182.47,142.38,0.39,59.85,25.07,10.43,17.75,9.44,39.67,0.72,5.08,114.0,83.68,2024-09-04 15:00:00,262.83,25.07,39.67,26283.0,15,2,9,248,82862.0,270.0,True
2024,9,4,16,173.93,109.53,99.17,73.96,0.31,74.65,23.68,10.59,17.14,9.53,43.55,0.28,5.4,111.4,83.73,2024-09-04 16:00:00,109.53,23.68,43.55,10953.0,16,2,9,248,89903.0,4935.0,True
2024,9,4,17,12.82,9.0,4.15,11.81,0.18,87.87,21.92,10.91,16.41,9.73,49.5,0.13,5.37,109.9,83.79,2024-09-04 17:00:00,9.0,21.92,49.5,900.0,17,2,9,248,78735.0,13725.0,True
2024,9,5,5,8.6,7.25,4.59,11.06,0.21,88.53,13.45,12.24,12.85,10.61,92.23,0.27,3.33,95.9,83.96,2024-09-05 05:00:00,7.25,13.45,92.23,725.0,5,3,9,249,75022.0,23335.0,True
2024,9,5,6,158.38,105.7,124.22,98.54,0.33,75.98,14.6,11.93,13.26,10.39,83.89,0.11,4.24,104.1,84.01,2024-09-05 06:00:00,105.7,14.6,83.89,10570.0,6,3,9,249,58912.0,40590.0,True
2024,9,5,7,407.83,245.25,238.77,111.71,0.38,61.17,17.8,10.8,14.3,9.63,63.45,0.01,5.03,119.8,84.05,2024-09-05 07:00:00,245.25,17.8,63.45,24525.0,7,3,9,249,40175.0,51460.0,True
2024,9,5,8,650.33,408.55,179.89,199.22,0.44,46.44,21.3,9.81,15.55,9.01,47.78,0.01,5.08,126.4,84.06,2024-09-05 08:00:00,408.55,21.3,47.78,40855.0,8,3,9,249,17968.0,48535.0,True
2024,9,5,9,845.55,518.8,101.79,285.66,0.46,31.91,23.99,9.47,16.73,8.81,39.66,0.01,4.95,128.5,84.01,2024-09-05 09:00:00,518.8,23.99,39.66,51879.99999999999,9,3,9,249,1515.0,52645.00000000001,True
2024,9,5,10,968.35,618.17,156.93,319.64,0.49,18.09,26.16,9.26,17.71,8.7,34.38,0.01,4.96,129.4,83.91,2024-09-05 10:00:00,618.17,26.16,34.38,61816.99999999999,10,3,9,249,638.0,46158.0,True
2024,9,5,11,997.97,612.35,169.96,331.77,0.46,9.17,27.7,9.19,18.45,8.67,31.26,0.02,4.96,128.8,83.8,2024-09-05 11:00:00,612.35,27.7,31.26,61235.0,11,3,9,249,14047.999999999998,37425.0,True
2024,9,5,12,956.05,527.1,126.86,295.67,0.41,16.99,28.54,9.21,18.88,8.68,29.76,0.06,5.01,126.6,83.69,2024-09-05 12:00:00,527.1,28.54,29.76,52710.0,12,3,9,249,35548.0,15665.0,True
2024,9,5,13,836.65,446.15,265.89,197.81,0.39,30.67,28.62,9.28,18.95,8.74,29.8,0.16,5.13,123.4,83.62,2024-09-05 13:00:00,446.15,28.62,29.8,44615.0,13,3,9,249,56540.0,6228.0,True
2024,9,5,14,653.62,425.15,116.43,270.6,0.45,45.17,27.91,9.49,18.7,8.86,31.47,0.18,5.43,119.1,83.58,2024-09-05 14:00:00,425.15,27.91,31.47,42515.0,14,3,9,249,83625.0,500.0,True
2024,9,5,15,413.73,326.52,324.28,167.29,0.49,59.9,26.19,9.95,18.07,9.15,35.95,0.28,5.93,114.4,83.6,2024-09-05 15:00:00,326.52,26.19,35.95,32652.0,15,3,9,249,95658.0,340.0,True
2024,9,5,16,171.68,138.45,156.89,74.81,0.39,74.71,24.27,10.72,17.49,9.62,42.4,0.24,6.33,110.2,83.68,2024-09-05 16:00:00,138.45,24.27,42.4,13844.999999999998,16,3,9,249,100717.0,5088.0,True
2024,9,5,17,12.32,10.4,5.81,12.97,0.21,87.91,22.08,11.63,16.86,10.21,51.4,0.09,6.44,106.0,83.76,2024-09-05 17:00:00,10.4,22.08,51.4,1040.0,17,3,9,249,94933.0,16860.0,True
2024,9,6,5,8.82,5.68,3.0,7.47,0.16,88.49,13.35,11.85,12.6,10.33,90.45,0.63,4.67,111.2,84.0,2024-09-06 05:00:00,5.68,13.35,90.45,568.0,5,4,9,250,84470.0,23462.0,True
2024,9,6,6,162.75,92.7,101.64,64.53,0.28,75.88,14.37,11.32,12.85,9.97,81.78,0.23,5.18,113.0,84.07,2024-09-06 06:00:00,92.7,14.37,81.78,9270.0,6,4,9,250,65808.0,38208.0,True
2024,9,6,7,413.62,216.55,263.45,91.54,0.33,61.05,17.7,10.45,14.08,9.4,62.38,0.09,5.83,121.1,84.11,2024-09-06 07:00:00,216.55,17.7,62.38,21655.0,7,4,9,250,41930.0,53528.0,True
2024,9,6,8,653.78,371.98,194.12,206.75,0.4,46.3,21.37,9.95,15.66,9.08,47.98,0.07,5.87,125.9,84.12,2024-09-06 08:00:00,371.98,21.37,47.98,37198.0,8,4,9,250,18682.0,62245.00000000001,True
2024,9,6,9,845.45,530.83,178.56,245.03,0.47,31.74,24.13,9.88,17.01,9.05,40.43,0.05,5.71,128.8,84.07,2024-09-06 09:00:00,530.83,24.13,40.43,53083.00000000001,9,4,9,250,1523.0,71020.0,True
2024,9,6,10,968.2,662.62,159.83,327.15,0.52,17.86,26.04,9.84,17.94,9.03,35.96,0.07,5.6,130.8,83.98,2024-09-06 10:00:00,662.62,26.04,35.96,66262.0,10,4,9,250,657.0,62958.00000000001,True
2024,9,6,11,1012.22,677.3,225.51,335.3,0.51,8.84,27.11,9.78,18.45,9.01,33.65,0.13,5.53,131.3,83.88,2024-09-06 11:00:00,677.3,27.11,33.65,67730.0,11,4,9,250,11600.0,45850.0,True
2024,9,6,12,972.72,554.12,226.09,258.43,0.43,16.89,27.54,9.81,18.67,9.04,32.89,0.32,5.4,130.6,83.79,2024-09-06 12:00:00,554.12,27.54,32.89,55412.0,12,4,9,250,29339.999999999996,24382.0,True
2024,9,6,13,855.08,389.67,121.01,193.71,0.34,30.66,27.63,9.86,18.74,9.08,32.83,0.54,5.21,129.6,83.72,2024-09-06 13:00:00,389.67,27.63,32.83,38967.0,13,4,9,250,48395.0,8868.0,True
2024,9,6,14,669.33,382.67,158.04,230.0,0.4,45.2,27.18,9.93,18.55,9.13,33.88,0.77,5.08,126.8,83.69,2024-09-06 14:00:00,382.67,27.18,33.88,38267.0,14,4,9,250,71928.0,665.0,True
2024,9,6,15,431.25,292.62,249.07,147.61,0.44,59.94,25.75,10.2,17.98,9.29,37.5,1.13,5.32,121.0,83.7,2024-09-06 15:00:00,292.62,25.75,37.5,29262.0,15,4,9,250,88240.0,333.0,True
2024,9,6,16,180.0,115.82,150.59,58.16,0.33,74.77,23.92,10.8,17.36,9.66,43.52,1.18,5.87,114.5,83.75,2024-09-06 16:00:00,115.82,23.92,43.52,11582.0,16,4,9,250,102075.0,7328.0,True
2024,9,6,17,12.4,8.98,6.03,10.08,0.19,87.95,21.68,11.7,16.69,10.25,52.92,0.54,6.14,109.3,83.83,2024-09-06 17:00:00,8.98,21.68,52.92,898.0,17,4,9,250,98953.0,23302.0,True
2024,9,7,5,9.38,8.2,4.7,10.78,0.23,88.44,13.85,12.39,13.12,10.7,90.74,0.29,3.89,101.3,84.08,2024-09-07 05:00:00,8.2,13.85,90.74,819.9999999999999,5,5,9,251,84788.0,40338.0,True
2024,9,7,6,169.12,137.85,234.29,93.49,0.42,75.77,15.03,12.15,13.59,10.52,82.73,0.15,4.71,108.1,84.14,2024-09-07 06:00:00,137.85,15.03,82.73,13785.0,6,5,9,251,67692.0,48725.0,True
2024,9,7,7,421.95,335.67,435.23,125.53,0.51,60.93,18.15,11.39,14.77,10.0,64.54,0.05,5.01,119.1,84.18,2024-09-07 07:00:00,335.67,18.15,64.54,33567.0,7,5,9,251,44633.0,53638.0,True
2024,9,7,8,661.4,542.08,416.45,201.69,0.58,46.16,21.76,10.24,16.0,9.26,47.81,0.01,4.87,127.9,84.18,2024-09-07 08:00:00,542.08,21.76,47.81,54208.00000000001,8,5,9,251,18895.0,55672.0,True
2024,9,7,9,851.45,784.65,554.73,245.74,0.69,31.57,24.62,9.76,17.19,8.97,38.94,0.01,4.66,132.7,84.14,2024-09-07 09:00:00,784.65,24.62,38.94,78465.0,9,5,9,251,1412.0,58397.0,True
2024,9,7,10,972.83,950.38,652.83,276.74,0.74,17.63,26.65,9.59,18.12,8.88,34.15,0.02,4.57,134.3,84.05,2024-09-07 10:00:00,950.38,26.65,34.15,95038.0,10,5,9,251,757.0,57120.00000000001,True
2024,9,7,11,1036.1,1006.9,705.35,243.04,0.76,8.51,28.02,9.43,18.73,8.79,31.16,0.02,4.6,129.4,83.96,2024-09-07 11:00:00,1006.9,28.02,31.16,100690.0,11,5,9,251,15647.999999999998,32883.0,True
2024,9,7,12,998.92,882.45,579.15,280.44,0.69,16.8,28.63,9.19,18.91,8.66,29.6,0.02,4.51,125.1,83.86,2024-09-07 12:00:00,882.45,28.63,29.6,88245.0,12,5,9,251,37898.0,24570.0,True
2024,9,7,13,883.92,778.05,551.75,260.77,0.67,30.66,28.71,8.97,18.84,8.54,29.03,0.04,4.55,121.4,83.77,2024-09-07 13:00:00,778.05,28.71,29.03,77805.0,13,5,9,251,60660.0,10068.0,True
2024,9,7,14,700.9,543.95,350.2,240.8,0.58,45.23,28.38,8.88,18.63,8.49,29.4,0.09,4.69,118.3,83.72,2024-09-07 14:00:00,543.95,28.38,29.4,54395.00000000001,14,5,9,251,70053.0,1118.0,True
2024,9,7,15,465.67,343.6,403.28,156.54,0.51,60.0,27.0,8.92,17.96,8.52,31.98,0.07,4.96,115.3,83.72,2024-09-07 15:00:00,343.6,27.0,31.98,34360.0,15,5,9,251,80788.0,365.0,True
2024,9,7,16,206.65,133.3,184.36,69.35,0.38,74.83,25.57,9.08,17.33,8.6,35.13,0.04,5.22,114.8,83.77,2024-09-07 16:00:00,133.3,25.57,35.13,13330.000000000002,16,5,9,251,90915.0,4375.0,True
2024,9,7,17,14.52,9.2,30.97,11.5,0.2,87.99,23.65,9.42,16.54,8.8,40.35,0.02,5.08,114.5,83.82,2024-09-07 17:00:00,9.2,23.65,40.35,919.9999999999999,17,5,9,251,86072.0,15818.0,True
2024,9,8,5,11.07,8.88,13.11,10.99,0.24,88.4,13.95,12.59,13.27,10.85,91.34,0.66,2.76,101.5,84.01,2024-09-08 05:00:00,8.88,13.95,91.34,888.0000000000001,5,6,9,252,77212.0,29548.0,True
2024,9,8,6,190.95,137.77,293.33,78.25,0.41,75.67,15.04,12.02,13.53,10.44,81.98,0.31,2.92,103.5,84.06,2024-09-08 06:00:00,137.77,15.04,81.98,13777.000000000002,6,6,9,252,54972.0,38283.0,True
2024,9,8,7,450.98,330.98,559.1,87.01,0.51,60.81,18.2,10.65,14.43,9.53,61.28,0.07,2.89,118.2,84.11,2024-09-08 07:00:00,330.98,18.2,61.28,33098.0,7,6,9,252,37285.0,41125.0,True
2024,9,8,8,690.62,541.6,378.08,225.55,0.58,46.03,22.38,9.09,15.74,8.58,42.64,0.05,2.87,133.9,84.12,2024-09-08 08:00:00,541.6,22.38,42.64,54160.0,8,6,9,252,16938.0,45548.0,True
2024,9,8,9,878.03,658.38,360.53,290.75,0.57,31.41,25.48,8.41,16.94,8.2,33.81,0.06,2.87,141.7,84.07,2024-09-08 09:00:00,658.38,25.48,33.81,65838.0,9,6,9,252,1393.0,51383.00000000001,True
2024,9,8,10,997.78,874.97,480.07,340.17,0.68,17.4,27.69,7.9,17.8,7.92,28.65,0.07,2.79,146.3,83.98,2024-09-08 10:00:00,874.97,27.69,28.65,87497.0,10,6,9,252,480.0,49677.0,True
2024,9,8,11,1039.43,991.2,680.63,258.29,0.75,8.18,29.41,7.3,18.35,7.61,24.88,0.07,2.76,146.4,83.88,2024-09-08 11:00:00,991.2,29.41,24.88,99120.0,11,6,9,252,8755.0,38248.0,True
2024,9,8,12,999.78,810.45,670.15,261.13,0.63,16.72,30.51,6.74,18.62,7.34,22.51,0.05,2.96,140.5,83.78,2024-09-08 12:00:00,810.45,30.51,22.51,81045.0,12,6,9,252,24548.0,22793.0,True
2024,9,8,13,881.62,761.15,533.02,274.4,0.66,30.66,30.7,6.26,18.48,7.1,21.52,0.05,3.35,132.8,83.69,2024-09-08 13:00:00,761.15,30.7,21.52,76115.0,13,6,9,252,41575.0,10265.0,True
2024,9,8,14,694.97,532.4,402.76,217.64,0.56,45.27,30.48,5.95,18.21,6.95,21.32,0.05,4.0,124.9,83.64,2024-09-08 14:00:00,532.4,30.48,21.32,53240.0,14,6,9,252,47198.0,968.0,True
2024,9,8,15,453.5,344.92,359.52,158.35,0.51,60.05,29.54,5.81,17.67,6.89,22.31,0.04,4.87,118.5,83.63,2024-09-08 15:00:00,344.92,29.54,22.31,34492.0,15,6,9,252,52983.00000000001,155.0,True
2024,9,8,16,193.62,145.15,225.67,73.15,0.41,74.9,27.55,6.11,16.83,7.03,25.55,0.04,5.81,112.6,83.67,2024-09-08 16:00:00,145.15,27.55,25.55,14515.0,16,6,9,252,65025.0,2540.0,True
2024,9,8,17,12.98,10.5,19.02,13.92,0.23,88.03,25.24,7.07,16.15,7.51,31.3,0.04,6.46,108.0,83.75,2024-09-08 17:00:00,10.5,25.24,31.3,1050.0,17,6,9,252,62145.00000000001,9303.0,True
2024,9,9,5,10.73,9.85,18.32,12.13,0.26,88.35,14.46,12.95,13.71,11.11,90.42,0.31,0.61,92.8,83.96,2024-09-09 05:00:00,9.85,14.46,90.42,985.0,5,0,9,253,46430.0,17045.0,True
2024,9,9,6,182.68,175.9,350.85,77.18,0.53,75.56,15.62,12.89,14.26,11.07,83.67,0.09,0.22,149.9,84.02,2024-09-09 06:00:00,175.9,15.62,83.67,17590.0,6,0,9,253,37948.0,25443.0,True
2024,9,9,7,440.02,426.98,563.79,146.74,0.65,60.7,18.87,12.22,15.54,10.59,65.21,0.02,1.4,193.2,84.06,2024-09-09 07:00:00,426.98,18.87,65.21,42698.0,7,0,9,253,21227.0,40498.0,True
2024,9,9,8,680.88,675.5,749.57,154.09,0.72,45.9,23.56,10.21,16.89,9.27,42.84,0.01,2.3,189.5,84.06,2024-09-09 08:00:00,675.5,23.56,42.84,67550.0,8,0,9,253,9357.0,45838.0,True
2024,9,9,9,868.6,866.92,710.14,212.22,0.75,31.25,26.78,8.56,17.67,8.29,31.63,0.0,2.7,188.5,84.0,2024-09-09 09:00:00,866.92,26.78,31.63,86692.0,9,0,9,253,703.0,58960.0,True
2024,9,9,10,989.15,987.58,783.51,187.96,0.77,17.18,29.17,7.1,18.13,7.51,24.91,0.0,3.13,187.5,83.91,2024-09-09 10:00:00,987.58,29.17,24.91,98758.0,10,0,9,253,703.0,65765.0,True
2024,9,9,11,1050.5,1042.65,824.8,173.95,0.78,7.86,30.83,6.14,18.49,7.04,21.21,0.0,3.42,185.5,83.8,2024-09-09 11:00:00,1042.65,30.83,21.21,104265.00000000001,11,0,9,253,10855.0,48023.0,True
2024,9,9,12,1011.85,972.75,723.98,244.88,0.76,16.64,31.79,5.75,18.77,6.86,19.55,0.0,3.64,180.0,83.7,2024-09-09 12:00:00,972.75,31.79,19.55,97275.0,12,0,9,253,25527.0,29588.0,True
2024,9,9,13,894.75,839.97,622.52,241.09,0.73,30.67,32.11,5.57,18.84,6.78,18.95,0.0,3.88,172.0,83.61,2024-09-09 13:00:00,839.97,32.11,18.95,83997.0,13,0,9,253,42208.0,12307.0,True
2024,9,9,14,709.7,634.1,474.41,235.98,0.67,45.3,31.76,5.44,18.6,6.72,19.15,0.0,4.17,161.4,83.56,2024-09-09 14:00:00,634.1,31.76,19.15,63410.0,14,0,9,253,46200.0,1025.0,True
2024,9,9,15,469.73,399.4,596.06,117.68,0.6,60.1,30.72,5.41,18.06,6.71,20.28,0.0,4.63,149.1,83.54,2024-09-09 15:00:00,399.4,30.72,20.28,39940.0,15,0,9,253,52758.00000000001,560.0,True
2024,9,9,16,206.88,174.45,446.1,74.37,0.5,74.97,28.91,5.54,17.22,6.76,22.68,0.0,5.17,136.3,83.56,2024-09-09 16:00:00,174.45,28.91,22.68,17445.0,16,0,9,253,63185.0,11660.0,True
2024,9,9,17,14.12,12.2,55.88,14.35,0.27,88.06,26.56,6.13,16.35,7.06,27.18,0.0,5.33,122.3,83.62,2024-09-09 17:00:00,12.2,26.56,27.18,1220.0,17,0,9,253,60250.0,29825.0,True
2024,9,10,5,12.2,11.88,45.67,12.15,0.3,88.31,14.75,12.96,13.86,11.14,88.94,0.6,0.34,178.3,83.92,2024-09-10 05:00:00,11.88,14.75,88.94,1188.0,5,1,9,254,62458.00000000001,48638.0,True
2024,9,10,6,198.82,194.57,549.76,70.23,0.58,75.45,15.94,13.0,14.47,11.15,82.52,0.19,0.82,187.0,83.97,2024-09-10 06:00:00,194.57,15.94,82.52,19457.0,6,1,9,254,48505.0,60988.0,True
2024,9,10,7,460.17,449.27,717.25,86.47,0.68,60.58,19.58,11.98,15.78,10.43,61.42,0.0,2.07,188.3,84.01,2024-09-10 07:00:00,449.27,19.58,61.42,44927.0,7,1,9,254,29610.000000000004,69603.0,True
2024,9,10,8,699.62,689.4,828.48,117.15,0.74,45.76,23.64,10.14,16.89,9.22,42.38,0.0,2.93,189.6,84.0,2024-09-10 08:00:00,689.4,23.64,42.38,68940.0,8,1,9,254,12095.0,75595.0,True
2024,9,10,9,886.45,880.95,777.18,154.55,0.77,31.09,26.63,8.68,17.65,8.36,32.16,0.0,3.36,189.6,83.96,2024-09-10 09:00:00,880.95,26.63,32.16,88095.0,9,1,9,254,888.0000000000001,77267.0,True
2024,9,10,10,1005.67,1003.08,864.54,139.92,0.78,16.96,28.88,7.69,18.29,7.82,26.36,0.0,3.67,187.8,83.87,2024-09-10 10:00:00,1003.08,28.88,26.36,100308.0,10,1,9,254,630.0,66145.0,True
2024,9,10,11,1041.32,1038.62,856.35,156.87,0.78,7.55,30.45,7.17,18.81,7.56,23.26,0.0,3.74,184.1,83.77,2024-09-10 11:00:00,1038.62,30.45,23.26,103861.99999999999,11,1,9,254,10418.0,46245.0,True
2024,9,10,12,1000.4,993.33,859.01,145.7,0.77,16.58,31.38,7.01,19.2,7.48,21.8,0.0,3.68,175.3,83.68,2024-09-10 12:00:00,993.33,31.38,21.8,99333.0,12,1,9,254,25593.0,26235.000000000004,True
2024,9,10,13,879.33,793.75,715.73,213.71,0.69,30.68,31.36,6.84,19.1,7.4,21.58,0.01,3.78,160.5,83.61,2024-09-10 13:00:00,793.75,31.36,21.58,79375.0,13,1,9,254,46635.0,10843.0,True
2024,9,10,14,695.65,618.72,559.35,202.24,0.66,45.34,30.7,6.7,18.7,7.33,22.18,0.01,4.22,144.5,83.58,2024-09-10 14:00:00,618.72,30.7,22.18,61872.0,14,1,9,254,51180.0,925.0,True
2024,9,10,15,453.45,373.88,522.33,123.41,0.56,60.16,29.23,6.64,17.93,7.3,24.04,0.01,5.04,130.3,83.57,2024-09-10 15:00:00,373.88,29.23,24.04,37388.0,15,1,9,254,58216.99999999999,540.0,True
2024,9,10,16,196.38,162.05,431.74,86.52,0.47,75.03,27.48,6.63,17.05,7.29,26.58,0.0,6.02,120.2,83.61,2024-09-10 16:00:00,162.05,27.48,26.58,16205.000000000002,16,1,9,254,62778.0,9047.0,True
2024,9,10,17,13.05,11.18,36.12,13.69,0.25,88.1,25.4,6.68,16.04,7.32,30.2,0.0,6.7,113.5,83.68,2024-09-10 17:00:00,11.18,25.4,30.2,1118.0,17,1,9,254,59197.0,25165.0,True
2024,9,11,5,11.7,11.6,40.61,12.15,0.28,88.26,14.76,13.11,13.93,11.25,89.67,0.62,0.91,41.9,83.85,2024-09-11 05:00:00,11.6,14.76,89.67,1160.0,5,2,9,255,58283.00000000001,42023.0,True
2024,9,11,6,191.77,189.55,461.09,62.87,0.56,75.35,16.06,13.04,14.55,11.2,82.17,0.24,1.01,42.2,83.89,2024-09-11 06:00:00,189.55,16.06,82.17,18955.0,6,2,9,255,40245.0,57315.0,True
2024,9,11,7,452.02,448.7,618.51,127.3,0.68,60.47,19.87,11.67,15.77,10.23,59.12,0.0,0.92,144.2,83.93,2024-09-11 07:00:00,448.7,19.87,59.12,44870.0,7,2,9,255,21105.0,65100.0,True
2024,9,11,8,693.03,689.45,723.55,158.36,0.73,45.63,23.88,9.66,16.77,8.94,40.48,0.0,1.98,159.3,83.94,2024-09-11 08:00:00,689.45,23.88,40.48,68945.0,8,2,9,255,7868.000000000001,74908.0,True
2024,9,11,9,882.15,879.33,808.86,161.57,0.76,30.94,26.6,8.07,17.33,8.03,30.93,0.0,2.72,152.1,83.91,2024-09-11 09:00:00,879.33,26.6,30.93,87933.0,9,2,9,255,615.0,79228.0,True
2024,9,11,10,1002.83,1001.72,802.55,149.04,0.78,16.75,28.77,6.36,17.57,7.15,24.26,0.0,3.33,145.4,83.85,2024-09-11 10:00:00,1001.72,28.77,24.26,100172.0,10,2,9,255,233.0,66822.0,True
2024,9,11,11,1052.88,1052.62,835.04,123.67,0.79,7.24,30.26,4.9,17.58,6.46,20.1,0.0,3.77,140.1,83.75,2024-09-11 11:00:00,1052.62,30.26,20.1,105261.99999999999,11,2,9,255,3960.0,53125.0,True
2024,9,11,12,1015.12,1014.88,814.88,116.7,0.79,16.52,31.09,3.68,17.39,5.94,17.61,0.0,4.17,133.5,83.66,2024-09-11 12:00:00,1014.88,31.09,17.61,101488.0,12,2,9,255,10512.0,33667.0,True
2024,9,11,13,897.92,897.08,868.52,108.78,0.78,30.7,31.33,2.65,16.99,5.52,16.14,0.0,4.73,126.5,83.58,2024-09-11 13:00:00,897.08,31.33,16.14,89708.0,13,2,9,255,23060.0,14447.999999999998,True
2024,9,11,14,713.38,711.4,830.31,96.48,0.75,45.39,30.83,1.93,16.38,5.25,15.78,0.0,5.44,120.4,83.54,2024-09-11 14:00:00,711.4,30.83,15.78,71140.0,14,2,9,255,24115.0,1245.0,True
2024,9,11,15,472.38,469.33,732.17,80.03,0.7,60.22,29.51,1.73,15.62,5.17,16.76,0.0,6.25,115.8,83.53,2024-09-11 15:00:00,469.33,29.51,16.76,46933.0,15,2,9,255,29752.0,578.0,True
2024,9,11,16,208.48,205.93,523.81,56.06,0.6,75.1,27.19,2.09,14.64,5.3,19.68,0.0,7.0,112.3,83.59,2024-09-11 16:00:00,205.93,27.19,19.68,20593.0,16,2,9,255,40415.0,13252.000000000002,True
2024,9,11,17,13.8,13.6,88.16,9.96,0.31,88.14,23.91,2.9,13.4,5.61,25.32,0.0,6.9,108.3,83.67,2024-09-11 17:00:00,13.6,23.91,25.32,1360.0,17,2,9,255,43995.0,35567.0,True
2024,9,12,5,12.45,10.75,34.13,9.5,0.26,88.21,13.95,12.65,13.3,10.92,91.76,0.85,1.74,104.3,83.86,2024-09-12 05:00:00,10.75,13.95,91.76,1075.0,5,3,9,256,42150.0,58485.0,True
2024,9,12,6,196.0,151.77,316.99,88.62,0.44,75.24,15.29,12.64,13.96,10.9,84.09,0.36,1.81,124.4,83.95,2024-09-12 06:00:00,151.77,15.29,84.09,15177.000000000002,6,3,9,256,36608.0,75103.0,True
2024,9,12,7,455.83,354.08,383.95,177.82,0.53,60.35,19.1,11.82,15.46,10.32,62.62,0.03,2.36,155.5,84.01,2024-09-12 07:00:00,354.08,19.1,62.62,35408.0,7,3,9,256,26283.0,82862.0,True
2024,9,12,8,693.95,562.72,352.72,289.52,0.6,45.51,22.74,10.84,16.79,9.66,46.89,0.01,2.62,167.2,84.03,2024-09-12 08:00:00,562.72,22.74,46.89,56272.0,8,3,9,256,10953.0,89903.0,True
2024,9,12,9,880.58,677.05,468.87,237.02,0.59,30.79,25.64,9.97,17.8,9.11,37.15,0.0,2.93,169.4,84.0,2024-09-12 09:00:00,677.05,25.64,37.15,67705.0,9,3,9,256,900.0,78735.0,True
2024,9,12,10,999.5,975.9,696.4,256.05,0.76,16.54,28.08,8.82,18.45,8.45,29.84,0.0,3.23,170.6,83.9,2024-09-12 10:00:00,975.9,28.08,29.84,97590.0,10,3,9,256,725.0,75022.0,True
2024,9,12,11,1048.35,1038.8,727.83,207.82,0.78,6.93,29.87,7.61,18.74,7.79,24.78,0.0,3.41,170.4,83.78,2024-09-12 11:00:00,1038.8,29.87,24.78,103880.0,11,3,9,256,10570.0,58912.0,True
2024,9,12,12,1008.25,961.25,704.71,234.83,0.75,16.47,30.99,6.8,18.89,7.37,21.96,0.0,3.53,165.9,83.68,2024-09-12 12:00:00,961.25,30.99,21.96,96125.0,12,3,9,256,24525.0,40175.0,True
2024,9,12,13,887.62,815.12,704.86,169.69,0.7,30.72,31.42,6.24,18.83,7.1,20.63,0.0,3.72,157.6,83.6,2024-09-12 13:00:00,815.12,31.42,20.63,81512.0,13,3,9,256,40855.0,17968.0,True
2024,9,12,14,699.92,605.12,570.74,188.77,0.64,45.43,31.1,5.76,18.43,6.87,20.32,0.0,4.07,147.6,83.56,2024-09-12 14:00:00,605.12,31.1,20.32,60512.0,14,3,9,256,51879.99999999999,1515.0,True
2024,9,12,15,458.42,393.65,403.01,151.62,0.59,60.28,30.07,5.26,17.67,6.64,20.84,0.0,4.69,137.5,83.56,2024-09-12 15:00:00,393.65,30.07,20.84,39365.0,15,3,9,256,61816.99999999999,638.0,True
2024,9,12,16,195.4,160.65,336.19,68.99,0.47,75.17,28.28,4.85,16.57,6.45,22.46,0.01,5.49,128.3,83.61,2024-09-12 16:00:00,160.65,28.28,22.46,16065.0,16,3,9,256,61235.0,14047.999999999998,True
2024,9,12,17,12.32,10.1,24.19,11.68,0.24,88.18,26.04,4.7,15.37,6.39,25.4,0.01,5.9,118.6,83.69,2024-09-12 17:00:00,10.1,26.04,25.4,1010.0,17,3,9,256,52710.0,35548.0,True
2024,9,13,5,12.68,12.38,34.24,13.5,0.29,88.16,14.0,12.67,13.33,10.92,91.52,0.42,0.85,65.6,83.92,2024-09-13 05:00:00,12.38,14.0,91.52,1238.0,5,4,9,257,44615.0,56540.0,True
2024,9,13,6,198.45,193.1,477.34,81.3,0.56,75.14,15.28,12.62,13.95,10.88,84.02,0.18,0.87,118.9,83.98,2024-09-13 06:00:00,193.1,15.28,84.02,19310.0,6,4,9,257,42515.0,83625.0,True
2024,9,13,7,459.98,450.85,594.42,125.51,0.67,60.24,19.2,11.58,15.39,10.16,61.27,0.01,2.01,166.4,84.02,2024-09-13 07:00:00,450.85,19.2,61.27,45085.0,7,4,9,257,32652.0,95658.0,True
2024,9,13,8,698.35,694.85,786.68,125.71,0.73,45.38,23.41,10.16,16.78,9.23,43.02,0.0,2.78,171.7,84.02,2024-09-13 08:00:00,694.85,23.41,43.02,69485.0,8,4,9,257,13844.999999999998,100717.0,True
2024,9,13,9,886.65,884.78,839.95,126.2,0.76,30.64,26.62,9.0,17.81,8.54,32.87,0.0,3.36,166.6,83.97,2024-09-13 09:00:00,884.78,26.62,32.87,88478.0,9,4,9,257,1040.0,94933.0,True
2024,9,13,10,1005.0,1004.38,788.71,134.92,0.78,16.34,29.09,8.2,18.65,8.1,26.97,0.0,3.92,160.9,83.88,2024-09-13 10:00:00,1004.38,29.09,26.97,100438.0,10,4,9,257,568.0,84470.0,True
2024,9,13,11,1048.78,1048.45,826.45,128.28,0.78,6.64,30.8,7.76,19.28,7.87,23.73,0.01,4.26,155.2,83.76,2024-09-13 11:00:00,1048.45,30.8,23.73,104845.0,11,4,9,257,9270.0,65808.0,True
2024,9,13,12,1009.7,1005.22,788.21,133.18,0.78,16.44,31.82,7.17,19.49,7.56,21.48,0.02,4.6,147.7,83.65,2024-09-13 12:00:00,1005.22,31.82,21.48,100522.0,12,4,9,257,21655.0,41930.0,True
2024,9,13,13,890.85,882.28,756.26,165.04,0.76,30.74,32.15,6.41,19.28,7.18,20.01,0.02,5.08,139.3,83.57,2024-09-13 13:00:00,882.28,32.15,20.01,88228.0,13,4,9,257,37198.0,18682.0,True
2024,9,13,14,705.2,683.05,747.16,147.47,0.72,45.48,31.76,5.54,18.65,6.77,19.28,0.01,5.69,130.9,83.53,2024-09-13 14:00:00,683.05,31.76,19.28,68305.0,14,4,9,257,53083.00000000001,1523.0,True
2024,9,13,15,465.45,442.2,657.5,119.63,0.66,60.34,30.61,4.67,17.64,6.37,19.38,0.01,6.47,123.6,83.53,2024-09-13 15:00:00,442.2,30.61,19.38,44220.0,15,4,9,257,66262.0,657.0,True
2024,9,13,16,202.65,188.32,550.25,58.01,0.55,75.25,28.52,4.05,16.29,6.09,20.91,0.0,7.38,117.6,83.57,2024-09-13 16:00:00,188.32,28.52,20.91,18832.0,16,4,9,257,67730.0,11600.0,True
2024,9,13,17,12.73,12.02,62.63,11.65,0.29,88.21,25.13,4.06,14.6,6.1,25.59,0.0,7.54,111.9,83.66,2024-09-13 17:00:00,12.02,25.13,25.59,1202.0,17,4,9,257,55412.0,29339.999999999996,True
2024,9,14,5,14.3,13.35,65.46,15.32,0.3,88.11,13.01,11.78,12.4,10.3,92.12,0.06,2.23,73.3,83.92,2024-09-14 05:00:00,13.35,13.01,92.12,1335.0,5,5,9,258,38967.0,48395.0,True
2024,9,14,6,213.1,205.85,512.24,73.85,0.59,75.03,14.19,10.84,12.52,9.68,80.26,0.01,2.56,88.2,83.98,2024-09-14 06:00:00,205.85,14.19,80.26,20585.0,6,5,9,258,38267.0,71928.0,True
2024,9,14,7,483.25,474.38,655.16,105.53,0.71,60.12,17.88,7.26,12.57,7.66,50.25,0.0,3.17,122.4,84.01,2024-09-14 07:00:00,474.38,17.88,50.25,47438.0,7,5,9,258,29262.0,88240.0,True
2024,9,14,8,730.47,729.45,855.63,94.64,0.77,45.26,22.88,-1.03,10.92,4.25,20.52,0.0,4.42,141.1,84.02,2024-09-14 08:00:00,729.45,22.88,20.52,72945.0,8,5,9,258,11582.0,102075.0,True
2024,9,14,9,920.47,918.28,863.86,121.58,0.79,30.49,26.04,-4.21,10.91,3.32,13.27,0.0,5.1,144.3,83.99,2024-09-14 09:00:00,918.28,26.04,13.27,91828.0,9,5,9,258,898.0,98953.0,True
2024,9,14,10,1040.97,1038.43,902.32,108.4,0.8,16.15,28.24,-4.86,11.69,3.14,11.02,0.0,5.53,142.3,83.92,2024-09-14 10:00:00,1038.43,28.24,11.02,103843.0,10,5,9,258,819.9999999999999,84788.0,True
2024,9,14,11,1085.32,1085.05,875.65,107.65,0.81,6.36,29.72,-4.63,12.54,3.18,10.24,0.0,5.7,138.6,83.83,2024-09-14 11:00:00,1085.05,29.72,10.24,108505.0,11,5,9,258,13785.0,67692.0,True
2024,9,14,12,1045.45,1045.1,855.04,101.49,0.81,16.41,30.51,-3.91,13.3,3.36,10.32,0.0,5.74,134.1,83.75,2024-09-14 12:00:00,1045.1,30.51,10.32,104509.99999999999,12,5,9,258,33567.0,44633.0,True
2024,9,14,13,922.47,922.15,908.69,98.14,0.8,30.77,30.62,-3.03,13.79,3.61,11.01,0.0,5.79,129.6,83.69,2024-09-14 13:00:00,922.15,30.62,11.01,92215.0,13,5,9,258,54208.00000000001,18895.0,True
2024,9,14,14,731.92,731.65,893.3,83.19,0.78,45.54,30.01,-1.91,14.05,3.94,12.44,0.0,5.87,125.2,83.66,2024-09-14 14:00:00,731.65,30.01,12.44,73165.0,14,5,9,258,78465.0,1412.0,True
2024,9,14,15,483.52,481.17,766.57,76.67,0.72,60.41,28.62,-0.33,14.14,4.44,15.19,0.0,6.02,121.4,83.67,2024-09-14 15:00:00,481.17,28.62,15.19,48117.0,15,5,9,258,95038.0,757.0,True
2024,9,14,16,211.05,208.02,588.45,55.62,0.61,75.32,26.38,1.71,14.05,5.15,20.08,0.0,6.25,118.2,83.7,2024-09-14 16:00:00,208.02,26.38,20.08,20802.0,16,5,9,258,100690.0,15647.999999999998,True
2024,9,14,17,13.25,12.98,87.54,11.7,0.32,88.25,23.16,4.37,13.76,6.23,29.45,0.0,5.88,113.1,83.77,2024-09-14 17:00:00,12.98,23.16,29.45,1298.0,17,5,9,258,88245.0,37898.0,True
2024,9,15,5,13.7,13.68,69.0,14.17,0.3,88.06,13.81,12.13,12.97,10.54,89.42,0.18,1.28,138.5,83.88,2024-09-15 05:00:00,13.68,13.81,89.42,1368.0,5,6,9,259,77805.0,60660.0,True
2024,9,15,6,204.48,203.82,472.15,66.91,0.58,74.93,15.04,12.03,13.54,10.46,82.01,0.06,1.73,156.8,83.94,2024-09-15 06:00:00,203.82,15.04,82.01,20382.0,6,6,9,259,54395.00000000001,70053.0,True
2024,9,15,7,463.9,463.0,651.87,100.94,0.69,60.01,18.62,11.26,14.94,9.93,62.09,0.0,2.54,178.6,83.99,2024-09-15 07:00:00,463.0,18.62,62.09,46300.0,7,6,9,259,34360.0,80788.0,True
2024,9,15,8,702.8,701.97,787.16,114.71,0.74,45.13,22.41,10.25,16.33,9.29,46.0,0.0,2.94,188.0,84.0,2024-09-15 08:00:00,701.97,22.41,46.0,70197.0,8,6,9,259,13330.000000000002,90915.0,True
2024,9,15,9,888.78,888.12,809.24,129.38,0.76,30.35,25.37,9.47,17.42,8.82,36.54,0.0,3.1,187.6,83.96,2024-09-15 09:00:00,888.12,25.37,36.54,88812.0,9,6,9,259,919.9999999999999,86072.0,True
2024,9,15,10,1005.5,1005.03,832.87,139.08,0.78,15.96,27.77,8.79,18.28,8.42,30.26,0.0,3.03,185.5,83.87,2024-09-15 10:00:00,1005.03,27.77,30.26,100503.0,10,6,9,259,888.0000000000001,77212.0,True
2024,9,15,11,1030.9,1030.68,762.35,185.43,0.77,6.08,29.54,8.3,18.92,8.16,26.44,0.0,2.78,183.1,83.76,2024-09-15 11:00:00,1030.68,29.54,26.44,103068.0,11,6,9,259,13777.000000000002,54972.0,True
2024,9,15,12,985.67,965.53,709.51,205.88,0.75,16.39,30.35,7.99,19.17,8.0,24.71,0.0,2.54,177.7,83.66,2024-09-15 12:00:00,965.53,30.35,24.71,96553.0,12,6,9,259,33098.0,37285.0,True
2024,9,15,13,864.5,717.3,559.37,202.72,0.62,30.81,30.26,7.81,19.04,7.91,24.54,0.0,2.47,167.6,83.59,2024-09-15 13:00:00,717.3,30.26,24.54,71730.0,13,6,9,259,54160.0,16938.0,True
2024,9,15,14,675.47,571.05,506.67,179.22,0.61,45.59,29.2,7.77,18.49,7.89,26.01,0.0,2.69,153.2,83.55,2024-09-15 14:00:00,571.05,29.2,26.01,57104.99999999999,14,6,9,259,65838.0,1393.0,True
2024,9,15,15,436.58,341.7,366.49,164.69,0.51,60.47,28.28,7.81,18.05,7.91,27.5,0.0,3.16,137.7,83.54,2024-09-15 15:00:00,341.7,28.28,27.5,34170.0,15,6,9,259,87497.0,480.0,True
2024,9,15,16,181.85,140.82,248.79,90.01,0.41,75.39,27.01,7.82,17.42,7.92,29.66,0.0,3.83,123.4,83.56,2024-09-15 16:00:00,140.82,27.01,29.66,14082.0,16,6,9,259,99120.0,8755.0,True
2024,9,15,17,10.77,7.75,8.59,9.74,0.19,88.29,25.43,7.85,16.64,7.94,32.66,0.0,4.33,111.9,83.61,2024-09-15 17:00:00,7.75,25.43,32.66,775.0,17,6,9,259,81045.0,24548.0,True
2024,9,16,5,13.85,12.25,39.41,15.15,0.26,88.01,13.71,11.47,12.59,10.09,86.2,0.19,2.6,82.7,83.9,2024-09-16 05:00:00,12.25,13.71,86.2,1225.0,5,0,9,260,76115.0,41575.0,True
2024,9,16,6,203.0,166.55,254.82,86.56,0.47,74.83,14.78,11.41,13.1,10.04,80.09,0.04,2.7,86.8,83.96,2024-09-16 06:00:00,166.55,14.78,80.09,16655.0,6,0,9,260,53240.0,47198.0,True
2024,9,16,7,464.12,390.77,563.05,116.28,0.58,59.9,17.53,11.0,14.27,9.76,65.38,0.0,2.73,102.9,84.01,2024-09-16 07:00:00,390.77,17.53,65.38,39077.0,7,0,9,260,34492.0,52983.00000000001,True
2024,9,16,8,703.05,606.08,549.33,188.02,0.64,45.01,21.83,9.81,15.82,9.01,46.24,0.0,2.95,117.9,84.04,2024-09-16 08:00:00,606.08,21.83,46.24,60608.00000000001,8,0,9,260,14515.0,65025.0,True
2024,9,16,9,889.6,796.33,605.11,234.05,0.68,30.22,25.15,9.09,17.12,8.59,36.08,0.0,3.39,122.2,84.0,2024-09-16 09:00:00,796.33,25.15,36.08,79633.0,9,0,9,260,1050.0,62145.00000000001,True
2024,9,16,10,1007.83,985.35,742.29,216.89,0.76,15.78,27.64,8.44,18.04,8.23,29.82,0.0,3.94,124.1,83.92,2024-09-16 10:00:00,985.35,27.64,29.82,98535.0,10,0,9,260,985.0,46430.0,True
2024,9,16,11,1046.3,1043.3,801.61,164.61,0.78,5.82,29.35,7.83,18.59,7.9,25.89,0.0,4.42,124.0,83.81,2024-09-16 11:00:00,1043.3,29.35,25.89,104330.0,11,0,9,260,17590.0,37948.0,True
2024,9,16,12,1005.35,953.35,735.28,190.14,0.74,16.37,30.04,7.31,18.67,7.64,24.04,0.0,4.86,120.4,83.71,2024-09-16 12:00:00,953.35,30.04,24.04,95335.0,12,0,9,260,42698.0,21227.0,True
2024,9,16,13,886.38,802.1,669.0,184.12,0.69,30.85,30.07,6.81,18.44,7.39,23.2,0.0,5.32,115.8,83.64,2024-09-16 13:00:00,802.1,30.07,23.2,80210.0,13,0,9,260,67550.0,9357.0,True
2024,9,16,14,699.4,568.1,566.54,201.38,0.6,45.65,29.89,6.39,18.14,7.18,22.77,0.0,5.82,111.9,83.6,2024-09-16 14:00:00,568.1,29.89,22.77,56810.0,14,0,9,260,86692.0,703.0,True
2024,9,16,15,459.55,358.95,450.76,167.14,0.54,60.54,28.53,6.12,17.33,7.04,24.15,0.0,6.36,109.2,83.61,2024-09-16 15:00:00,358.95,28.53,24.15,35895.0,15,0,9,260,98758.0,703.0,True
2024,9,16,16,197.15,141.93,378.9,64.29,0.42,75.47,26.64,6.07,16.36,7.01,26.88,0.0,6.9,107.7,83.67,2024-09-16 16:00:00,141.93,26.64,26.88,14193.0,16,0,9,260,104265.00000000001,10855.0,True
2024,9,16,17,11.8,7.85,21.86,9.37,0.2,88.33,24.05,6.16,15.1,7.05,31.56,0.0,6.85,105.2,83.75,2024-09-16 17:00:00,7.85,24.05,31.56,785.0,17,0,9,260,97275.0,25527.0,True
2024,9,17,5,14.5,12.45,45.23,14.15,0.26,87.96,14.79,13.67,14.23,11.66,92.87,0.31,2.46,92.3,83.96,2024-09-17 05:00:00,12.45,14.79,92.87,1245.0,5,1,9,261,83997.0,42208.0,True
2024,9,17,6,204.9,153.75,271.19,75.17,0.43,74.72,16.0,13.06,14.53,11.19,82.54,0.23,3.39,99.3,84.02,2024-09-17 06:00:00,153.75,16.0,82.54,15375.0,6,1,9,261,63410.0,46200.0,True
2024,9,17,7,465.15,332.42,410.96,143.49,0.49,59.79,18.7,12.27,15.49,10.62,66.1,0.03,3.78,107.1,84.07,2024-09-17 07:00:00,332.42,18.7,66.1,33242.0,7,1,9,261,39940.0,52758.00000000001,True
2024,9,17,8,702.7,518.47,354.9,239.39,0.54,44.9,22.44,11.13,16.79,9.84,48.66,0.01,3.9,113.4,84.08,2024-09-17 08:00:00,518.47,22.44,48.66,51847.0,8,1,9,261,17445.0,63185.0,True
2024,9,17,9,889.25,559.35,163.01,298.03,0.48,30.08,25.65,10.13,17.89,9.21,37.56,0.0,3.93,117.7,84.05,2024-09-17 09:00:00,559.35,25.65,37.56,55935.0,9,1,9,261,1220.0,60250.0,True
2024,9,17,10,1005.88,728.03,242.88,330.29,0.56,15.6,28.19,9.21,18.7,8.66,30.4,0.0,4.07,121.2,83.96,2024-09-17 10:00:00,728.03,28.19,30.4,72803.0,10,1,9,261,1188.0,62458.00000000001,True
2024,9,17,11,1048.88,888.97,621.68,234.26,0.66,5.58,29.89,8.61,19.25,8.33,26.48,0.01,4.19,122.4,83.85,2024-09-17 11:00:00,888.97,29.89,26.48,88897.0,11,1,9,261,19457.0,48505.0,True
2024,9,17,12,1005.7,913.88,591.16,275.38,0.71,16.37,30.76,8.21,19.49,8.11,24.5,0.02,4.32,121.4,83.75,2024-09-17 12:00:00,913.88,30.76,24.5,91388.0,12,1,9,261,44927.0,29610.000000000004,True
2024,9,17,13,883.2,821.33,619.39,217.11,0.71,30.89,31.04,7.83,19.43,7.92,23.52,0.04,4.52,119.1,83.66,2024-09-17 13:00:00,821.33,31.04,23.52,82133.0,13,1,9,261,68940.0,12095.0,True
2024,9,17,14,692.97,640.53,627.75,175.9,0.68,45.71,30.58,7.56,19.07,7.77,23.68,0.13,4.9,116.7,83.62,2024-09-17 14:00:00,640.53,30.58,23.68,64053.0,14,1,9,261,88095.0,888.0000000000001,True
2024,9,17,15,450.6,375.65,430.66,161.01,0.57,60.61,29.23,7.43,18.33,7.7,25.36,0.15,5.3,114.2,83.62,2024-09-17 15:00:00,375.65,29.23,25.36,37565.0,15,1,9,261,100308.0,630.0,True
2024,9,17,16,188.65,151.65,367.91,66.39,0.45,75.54,27.45,7.61,17.53,7.79,28.47,0.14,5.77,110.5,83.67,2024-09-17 16:00:00,151.65,27.45,28.47,15165.0,16,1,9,261,103861.99999999999,10418.0,True
2024,9,17,17,10.8,8.12,17.5,10.51,0.21,88.36,25.4,8.17,16.79,8.09,33.39,0.05,6.1,106.3,83.74,2024-09-17 17:00:00,8.12,25.4,33.39,811.9999999999999,17,1,9,261,99333.0,25593.0,True
2024,9,18,5,13.95,11.68,19.26,16.23,0.24,87.91,15.26,14.2,14.73,12.08,93.22,0.35,1.73,96.6,83.87,2024-09-18 05:00:00,11.68,15.26,93.22,1168.0,5,2,9,262,79375.0,46635.0,True
2024,9,18,6,196.48,164.43,243.01,83.96,0.46,74.62,16.49,13.82,15.15,11.77,84.03,0.15,2.46,107.3,83.93,2024-09-18 06:00:00,164.43,16.49,84.03,16443.0,6,2,9,262,61872.0,51180.0,True
2024,9,18,7,455.67,401.08,296.37,202.8,0.59,59.68,19.37,13.15,16.26,11.27,67.17,0.06,2.61,121.9,83.97,2024-09-18 07:00:00,401.08,19.37,67.17,40108.0,7,2,9,262,37388.0,58216.99999999999,True
2024,9,18,8,694.6,609.6,502.33,228.25,0.64,44.78,23.19,12.14,17.67,10.54,49.72,0.06,2.74,131.0,83.98,2024-09-18 08:00:00,609.6,23.19,49.72,60960.0,8,2,9,262,16205.000000000002,62778.0,True
2024,9,18,9,880.5,832.05,591.71,262.38,0.71,29.95,26.19,11.31,18.75,9.98,39.35,0.05,2.93,134.3,83.93,2024-09-18 09:00:00,832.05,26.19,39.35,83205.0,9,2,9,262,1118.0,59197.0,True
2024,9,18,10,997.12,961.67,729.74,222.99,0.74,15.44,28.55,10.66,19.6,9.56,32.8,0.05,3.14,137.7,83.83,2024-09-18 10:00:00,961.67,28.55,32.8,96167.0,10,2,9,262,1160.0,58283.00000000001,True
2024,9,18,11,1046.07,1038.72,791.76,195.95,0.77,5.36,30.22,10.12,20.17,9.24,28.75,0.05,3.29,141.4,83.7,2024-09-18 11:00:00,1038.72,30.22,28.75,103872.0,11,2,9,262,18955.0,40245.0,True
2024,9,18,12,1003.25,907.92,686.79,184.54,0.7,16.38,31.2,9.62,20.41,8.95,26.3,0.05,3.46,143.5,83.58,2024-09-18 12:00:00,907.92,31.2,26.3,90792.0,12,2,9,262,44870.0,21105.0,True
2024,9,18,13,882.67,802.35,586.6,233.94,0.69,30.94,31.33,9.15,20.24,8.68,25.3,0.06,3.65,141.6,83.5,2024-09-18 13:00:00,802.35,31.33,25.3,80235.0,13,2,9,262,68945.0,7868.000000000001,True
2024,9,18,14,694.17,591.0,520.95,216.33,0.63,45.77,30.78,8.73,19.76,8.43,25.34,0.07,3.92,135.6,83.45,2024-09-18 14:00:00,591.0,30.78,25.34,59100.0,14,2,9,262,87933.0,615.0,True
2024,9,18,15,453.67,375.38,399.93,167.73,0.57,60.68,29.44,8.48,18.96,8.29,26.91,0.08,4.33,126.6,83.45,2024-09-18 15:00:00,375.38,29.44,26.91,37538.0,15,2,9,262,100172.0,233.0,True
2024,9,18,16,192.25,156.3,347.63,70.47,0.47,75.62,27.97,8.31,18.14,8.19,28.97,0.03,4.88,116.0,83.49,2024-09-18 16:00:00,156.3,27.97,28.97,15630.000000000002,16,2,9,262,105261.99999999999,3960.0,True
2024,9,18,17,11.05,9.65,25.58,11.43,0.26,88.4,26.18,8.3,17.24,8.19,32.2,0.03,5.38,107.2,83.55,2024-09-18 17:00:00,9.65,26.18,32.2,965.0,17,2,9,262,101488.0,10512.0,True
2024,9,19,5,13.93,13.23,20.11,14.96,0.26,87.85,14.4,12.14,13.27,10.57,86.11,0.01,1.76,37.8,83.69,2024-09-19 05:00:00,13.23,14.4,86.11,1323.0,5,3,9,263,89708.0,23060.0,True
2024,9,19,6,184.27,168.52,259.25,104.14,0.47,74.52,16.24,12.18,14.21,10.59,76.7,0.01,2.03,41.6,83.74,2024-09-19 06:00:00,168.52,16.24,76.7,16852.0,6,3,9,263,71140.0,24115.0,True
2024,9,19,7,428.95,374.98,372.55,175.0,0.55,59.58,20.2,11.76,15.98,10.3,58.2,0.01,1.04,87.2,83.76,2024-09-19 07:00:00,374.98,20.2,58.2,37498.0,7,3,9,263,46933.0,29752.0,True
2024,9,19,8,664.72,597.0,477.83,256.09,0.62,44.67,24.76,10.83,17.8,9.69,41.51,0.01,1.23,148.2,83.75,2024-09-19 08:00:00,597.0,24.76,41.51,59700.0,8,3,9,263,20593.0,40415.0,True
2024,9,19,9,858.75,854.03,612.98,265.28,0.73,29.83,27.77,10.23,19.0,9.31,33.37,0.04,1.77,145.1,83.69,2024-09-19 09:00:00,854.03,27.77,33.37,85403.0,9,3,9,263,1360.0,43995.0,True
2024,9,19,10,993.53,989.35,760.24,182.73,0.76,15.28,30.05,9.72,19.88,9.01,28.27,0.16,2.2,139.1,83.58,2024-09-19 10:00:00,989.35,30.05,28.27,98935.0,10,3,9,263,1075.0,42150.0,True
2024,9,19,11,1046.55,1033.72,764.73,218.06,0.77,5.15,31.63,9.33,20.48,8.79,25.17,0.33,2.52,134.0,83.47,2024-09-19 11:00:00,1033.72,31.63,25.17,103372.0,11,3,9,263,15177.000000000002,36608.0,True
2024,9,19,12,1001.9,922.25,659.39,240.17,0.71,16.4,32.41,9.05,20.73,8.63,23.62,0.71,2.88,127.1,83.36,2024-09-19 12:00:00,922.25,32.41,23.62,92225.0,12,3,9,263,35408.0,26283.0,True
2024,9,19,13,875.38,776.12,531.5,259.95,0.67,30.99,32.11,8.85,20.48,8.52,23.7,0.86,3.39,120.7,83.28,2024-09-19 13:00:00,776.12,32.11,23.7,77612.0,13,3,9,263,56272.0,10953.0,True
2024,9,19,14,683.0,561.03,439.79,196.28,0.6,45.84,31.16,8.92,20.04,8.57,25.15,1.35,4.05,114.5,83.25,2024-09-19 14:00:00,561.03,31.16,25.15,56103.0,14,3,9,263,67705.0,900.0,True
2024,9,19,15,437.62,301.12,377.69,116.1,0.46,60.75,29.66,9.31,19.48,8.79,28.1,1.82,4.74,108.2,83.26,2024-09-19 15:00:00,301.12,29.66,28.1,30112.0,15,3,9,263,97590.0,725.0,True
2024,9,19,16,180.55,115.07,180.35,92.82,0.34,75.69,27.75,9.89,18.82,9.14,32.66,2.61,5.25,102.9,83.32,2024-09-19 16:00:00,115.07,27.75,32.66,11507.0,16,3,9,263,103880.0,10570.0,True
2024,9,19,17,10.15,5.75,7.84,8.45,0.16,88.44,25.87,10.62,18.24,9.59,38.3,3.85,5.66,98.3,83.41,2024-09-19 17:00:00,5.75,25.87,38.3,575.0,17,3,9,263,96125.0,24525.0,True
2024,9,20,5,13.07,10.8,4.99,15.12,0.21,87.8,15.13,13.42,14.27,11.5,89.4,5.03,2.99,75.5,83.76,2024-09-20 05:00:00,10.8,15.13,89.4,1080.0,5,4,9,264,81512.0,40855.0,True
2024,9,20,6,171.75,148.8,118.58,116.14,0.41,74.42,16.24,13.25,14.74,11.36,82.32,5.05,3.01,79.7,83.82,2024-09-20 06:00:00,148.8,16.24,82.32,14880.000000000002,6,4,9,264,60512.0,51879.99999999999,True
2024,9,20,7,422.02,338.08,224.22,219.72,0.49,59.47,18.89,12.65,15.77,10.92,66.99,4.0,2.92,91.8,83.87,2024-09-20 07:00:00,338.08,18.89,66.99,33808.0,7,4,9,264,39365.0,61816.99999999999,True
2024,9,20,8,663.12,575.08,251.87,355.82,0.6,44.56,22.67,11.58,17.12,10.17,49.46,2.53,2.97,107.5,83.86,2024-09-20 08:00:00,575.08,22.67,49.46,57508.00000000001,8,4,9,264,16065.0,61235.0,True
2024,9,20,9,865.08,804.05,438.98,371.83,0.69,29.71,25.8,11.19,18.49,9.91,39.94,1.09,2.85,118.1,83.83,2024-09-20 09:00:00,804.05,25.8,39.94,80405.0,9,4,9,264,1010.0,52710.0,True
2024,9,20,10,991.25,905.65,508.44,327.77,0.69,15.13,28.11,10.9,19.51,9.74,34.24,0.55,2.65,126.6,83.75,2024-09-20 10:00:00,905.65,28.11,34.24,90565.0,10,4,9,264,1238.0,44615.0,True
2024,9,20,11,1045.4,936.5,617.88,278.5,0.7,4.97,29.77,10.49,20.13,9.48,30.24,1.13,2.87,126.5,83.62,2024-09-20 11:00:00,936.5,29.77,30.24,93650.0,11,4,9,264,19310.0,42515.0,True
2024,9,20,12,1002.38,781.3,495.67,264.83,0.6,16.42,30.33,10.08,20.21,9.24,28.5,1.7,3.45,119.9,83.5,2024-09-20 12:00:00,781.3,30.33,28.5,78130.0,12,4,9,264,45085.0,32652.0,True
2024,9,20,13,881.67,719.22,515.47,240.89,0.62,31.05,30.14,9.77,19.96,9.06,28.23,2.55,3.97,113.0,83.42,2024-09-20 13:00:00,719.22,30.14,28.23,71922.0,13,4,9,264,69485.0,13844.999999999998,True
2024,9,20,14,693.12,513.62,342.83,228.95,0.55,45.9,29.29,9.58,19.43,8.95,29.27,2.44,4.48,106.6,83.39,2024-09-20 14:00:00,513.62,29.29,29.27,51362.0,14,4,9,264,88478.0,1040.0,True
2024,9,20,15,452.2,265.62,270.14,152.03,0.4,60.82,28.11,9.44,18.77,8.86,31.04,1.8,4.97,102.4,83.4,2024-09-20 15:00:00,265.62,28.11,31.04,26562.0,15,4,9,264,100438.0,568.0,True
2024,9,20,16,189.98,104.5,159.82,88.31,0.31,75.77,26.8,9.26,18.03,8.75,33.12,0.7,5.39,100.7,83.45,2024-09-20 16:00:00,104.5,26.8,33.12,10450.0,16,4,9,264,104845.0,9270.0,True
2024,9,20,17,10.62,5.97,6.25,7.31,0.17,88.47,25.29,8.91,17.1,8.55,35.41,0.16,5.22,99.7,83.52,2024-09-20 17:00:00,5.97,25.29,35.41,597.0,17,4,9,264,100522.0,21655.0,True
2024,9,21,5,16.55,14.23,37.57,18.35,0.27,87.74,15.1,13.52,14.31,11.57,90.11,0.2,3.15,82.0,83.75,2024-09-21 05:00:00,14.23,15.1,90.11,1423.0,5,5,9,265,88228.0,37198.0,True
2024,9,21,6,211.5,155.32,132.55,80.68,0.43,74.32,16.31,13.51,14.91,11.55,83.31,0.15,3.55,84.3,83.82,2024-09-21 06:00:00,155.32,16.31,83.31,15532.0,6,5,9,265,68305.0,53083.00000000001,True
2024,9,21,7,472.73,363.3,293.48,204.69,0.53,59.37,19.5,12.87,16.18,11.07,65.38,0.02,3.28,90.3,83.88,2024-09-21 07:00:00,363.3,19.5,65.38,36330.0,7,5,9,265,44220.0,66262.0,True
2024,9,21,8,711.65,545.53,307.18,256.88,0.57,44.45,23.58,11.41,17.49,10.05,46.28,0.01,3.09,100.1,83.89,2024-09-21 08:00:00,545.53,23.58,46.28,54553.0,8,5,9,265,18832.0,67730.0,True
2024,9,21,9,898.85,652.5,275.07,331.51,0.56,29.59,26.73,10.22,18.47,9.28,35.43,0.03,3.31,111.4,83.87,2024-09-21 09:00:00,652.5,26.73,35.43,65250.0,9,5,9,265,1202.0,55412.0,True
2024,9,21,10,1016.47,832.47,272.09,403.32,0.64,14.99,29.07,9.17,19.12,8.66,28.83,0.03,3.68,120.3,83.79,2024-09-21 10:00:00,832.47,29.07,28.83,83247.0,10,5,9,265,1335.0,38967.0,True
2024,9,21,11,1056.43,1032.45,781.78,220.91,0.77,4.81,30.67,8.24,19.45,8.14,24.69,0.04,4.07,123.8,83.68,2024-09-21 11:00:00,1032.45,30.67,24.69,103245.0,11,5,9,265,20585.0,38267.0,True
2024,9,21,12,1010.67,985.6,714.74,247.96,0.76,16.46,31.59,7.36,19.48,7.67,22.06,0.06,4.53,122.0,83.57,2024-09-21 12:00:00,985.6,31.59,22.06,98560.0,12,5,9,265,47438.0,29262.0,True
2024,9,21,13,886.28,772.97,603.44,200.21,0.67,31.11,31.78,6.48,19.13,7.23,20.55,0.1,5.09,117.9,83.49,2024-09-21 13:00:00,772.97,31.78,20.55,77297.0,13,5,9,265,72945.0,11582.0,True
2024,9,21,14,692.9,583.85,514.0,215.2,0.62,45.97,31.23,5.61,18.42,6.81,19.97,0.1,5.76,112.7,83.44,2024-09-21 14:00:00,583.85,31.23,19.97,58385.0,14,5,9,265,91828.0,898.0,True
2024,9,21,15,447.42,320.85,466.3,108.26,0.49,60.9,29.87,4.9,17.39,6.48,20.54,0.1,6.55,107.3,83.43,2024-09-21 15:00:00,320.85,29.87,20.54,32085.000000000004,15,5,9,265,103843.0,819.9999999999999,True
2024,9,21,16,183.7,119.12,167.95,58.62,0.36,75.84,27.81,4.5,16.15,6.29,22.48,0.05,7.24,102.4,83.48,2024-09-21 16:00:00,119.12,27.81,22.48,11912.0,16,5,9,265,108505.0,13785.0,True
2024,9,21,17,9.82,5.78,5.74,7.48,0.16,88.51,25.13,4.86,14.99,6.45,27.02,0.02,7.13,99.0,83.58,2024-09-21 17:00:00,5.78,25.13,27.02,578.0,17,5,9,265,104509.99999999999,33567.0,True
2024,9,22,5,14.98,13.3,16.27,16.75,0.24,87.69,15.27,14.06,14.67,11.98,92.32,0.38,2.13,96.5,83.81,2024-09-22 05:00:00,13.3,15.27,92.32,1330.0,5,6,9,266,92215.0,54208.00000000001,True
2024,9,22,6,192.35,160.05,191.83,100.37,0.44,74.22,16.43,13.63,15.03,11.64,83.36,0.16,2.64,105.6,83.86,2024-09-22 06:00:00,160.05,16.43,83.36,16005.000000000002,6,6,9,266,73165.0,78465.0,True
2024,9,22,7,449.67,348.48,397.74,123.25,0.5,59.27,19.14,12.86,16.0,11.07,66.89,0.04,2.71,121.6,83.9,2024-09-22 07:00:00,348.48,19.14,66.89,34848.0,7,6,9,266,48117.0,95038.0,True
2024,9,22,8,691.0,606.92,459.15,223.0,0.63,44.35,23.1,11.32,17.21,9.99,47.36,0.02,2.94,134.7,83.91,2024-09-22 08:00:00,606.92,23.1,47.36,60691.99999999999,8,6,9,266,20802.0,100690.0,True
2024,9,22,9,879.65,734.28,404.07,301.16,0.62,29.48,26.23,10.29,18.26,9.32,36.65,0.01,3.12,139.9,83.87,2024-09-22 09:00:00,734.28,26.23,36.65,73428.0,9,6,9,266,1298.0,88245.0,True
2024,9,22,10,996.95,926.7,511.97,353.14,0.71,14.86,28.68,9.5,19.09,8.85,30.13,0.0,3.36,141.5,83.78,2024-09-22 10:00:00,926.7,28.68,30.13,92670.0,10,6,9,266,1368.0,77805.0,True
2024,9,22,11,1059.6,1046.1,775.45,200.83,0.78,4.68,30.39,8.84,19.62,8.48,26.13,0.0,3.61,139.8,83.67,2024-09-22 11:00:00,1046.1,30.39,26.13,104609.99999999999,11,6,9,266,20382.0,54395.00000000001,True
2024,9,22,12,1014.08,994.05,744.99,209.03,0.77,16.5,31.47,8.12,19.79,8.08,23.39,0.0,3.97,134.4,83.56,2024-09-22 12:00:00,994.05,31.47,23.39,99405.0,12,6,9,266,46300.0,34360.0,True
2024,9,22,13,889.33,818.97,766.73,141.54,0.71,31.17,31.87,7.49,19.68,7.75,21.91,0.0,4.48,127.7,83.47,2024-09-22 13:00:00,818.97,31.87,21.91,81897.0,13,6,9,266,70197.0,13330.000000000002,True
2024,9,22,14,696.95,630.0,528.92,209.44,0.67,46.05,31.55,7.03,19.29,7.51,21.61,0.0,5.11,121.1,83.41,2024-09-22 14:00:00,630.0,31.55,21.61,63000.0,14,6,9,266,88812.0,919.9999999999999,True
2024,9,22,15,452.1,372.62,587.5,107.02,0.57,60.97,30.35,6.8,18.57,7.39,22.77,0.0,5.87,115.1,83.39,2024-09-22 15:00:00,372.62,30.35,22.77,37262.0,15,6,9,266,100503.0,888.0000000000001,True
2024,9,22,16,186.75,152.32,357.89,64.3,0.46,75.92,28.35,6.95,17.65,7.47,25.84,0.0,6.76,110.0,83.44,2024-09-22 16:00:00,152.32,28.35,25.84,15232.0,16,6,9,266,103068.0,13777.000000000002,True
2024,9,22,17,9.77,7.95,17.49,9.03,0.23,88.54,25.75,7.71,16.73,7.86,31.69,0.0,7.23,105.3,83.53,2024-09-22 17:00:00,7.95,25.75,31.69,795.0,17,6,9,266,96553.0,33098.0,True
2024,9,23,5,16.52,10.62,18.31,12.26,0.19,87.64,14.86,12.84,13.85,11.05,87.54,0.07,1.79,132.1,83.87,2024-09-23 05:00:00,10.62,14.86,87.54,1062.0,5,0,9,267,71730.0,54160.0,True
2024,9,23,6,209.5,124.35,147.17,82.8,0.34,74.12,16.1,12.6,14.35,10.87,79.61,0.05,2.29,146.2,83.94,2024-09-23 06:00:00,124.35,16.1,79.61,12435.0,6,0,9,267,57104.99999999999,65838.0,True
2024,9,23,7,468.12,289.73,234.03,150.84,0.42,59.17,19.37,11.74,15.55,10.27,61.25,0.02,3.21,159.6,83.97,2024-09-23 07:00:00,289.73,19.37,61.25,28973.0,7,0,9,267,34170.0,87497.0,True
2024,9,23,8,704.7,449.9,195.12,202.83,0.46,44.24,22.74,10.93,16.83,9.72,47.14,0.06,3.79,157.5,83.96,2024-09-23 08:00:00,449.9,22.74,47.14,44990.0,8,0,9,267,14082.0,99120.0,True
2024,9,23,9,887.62,541.78,205.07,281.16,0.46,29.38,25.35,10.43,17.89,9.41,39.0,0.25,4.24,152.5,83.92,2024-09-23 09:00:00,541.78,25.35,39.0,54178.0,9,0,9,267,775.0,81045.0,True
2024,9,23,10,1000.83,652.85,311.96,280.58,0.5,14.74,27.15,10.01,18.58,9.16,34.11,0.42,4.65,149.2,83.84,2024-09-23 10:00:00,652.85,27.15,34.11,65285.0,10,0,9,267,1225.0,76115.0,True
2024,9,23,11,1040.1,744.67,441.35,277.86,0.55,4.59,28.51,9.55,19.03,8.89,30.55,0.45,4.88,146.4,83.74,2024-09-23 11:00:00,744.67,28.51,30.55,74467.0,11,0,9,267,16655.0,53240.0,True
2024,9,23,12,992.95,711.28,443.1,252.89,0.55,16.55,28.83,9.07,18.95,8.61,29.01,0.26,4.97,141.9,83.63,2024-09-23 12:00:00,711.28,28.83,29.01,71128.0,12,0,9,267,39077.0,34492.0,True
2024,9,23,13,867.12,636.35,346.43,299.4,0.55,31.24,28.81,8.53,18.67,8.32,28.04,0.13,5.11,136.0,83.55,2024-09-23 13:00:00,636.35,28.81,28.04,63635.0,13,0,9,267,60608.00000000001,14515.0,True
2024,9,23,14,674.55,446.27,245.31,248.3,0.48,46.12,28.34,7.98,18.16,8.01,27.74,0.1,5.48,130.3,83.51,2024-09-23 14:00:00,446.27,28.34,27.74,44627.0,14,0,9,267,79633.0,1050.0,True
2024,9,23,15,431.58,235.95,393.75,82.28,0.36,61.05,27.47,7.48,17.47,7.74,28.2,0.05,5.93,125.2,83.51,2024-09-23 15:00:00,235.95,27.47,28.2,23595.0,15,0,9,267,98535.0,985.0,True
2024,9,23,16,173.4,96.05,198.95,59.24,0.29,76.0,26.13,7.16,16.64,7.56,29.82,0.02,6.26,120.6,83.55,2024-09-23 16:00:00,96.05,26.13,29.82,9605.0,16,0,9,267,104330.0,17590.0,True
2024,9,23,17,8.75,5.88,8.09,7.46,0.17,88.57,24.22,7.3,15.76,7.64,33.79,0.02,6.05,115.5,83.62,2024-09-23 17:00:00,5.88,24.22,33.79,588.0,17,0,9,267,95335.0,42698.0,True
2024,9,24,5,16.77,14.88,37.79,17.39,0.26,87.58,14.47,12.66,13.56,10.92,88.74,0.25,2.32,104.5,83.88,2024-09-24 05:00:00,14.88,14.47,88.74,1488.0,5,1,9,268,80210.0,67550.0,True
2024,9,24,6,210.18,179.98,293.73,92.11,0.48,74.02,15.79,12.56,14.17,10.84,80.98,0.13,3.23,117.8,83.94,2024-09-24 06:00:00,179.98,15.79,80.98,17998.0,6,1,9,268,56810.0,86692.0,True
2024,9,24,7,470.2,396.33,552.8,123.3,0.57,59.07,18.83,11.9,15.37,10.37,63.97,0.05,4.15,137.4,83.99,2024-09-24 07:00:00,396.33,18.83,63.97,39633.0,7,1,9,268,35895.0,98758.0,True
2024,9,24,8,707.75,620.9,562.73,193.41,0.64,44.15,21.98,10.99,16.48,9.76,49.58,0.03,4.61,144.3,83.98,2024-09-24 08:00:00,620.9,21.98,49.58,62090.0,8,1,9,268,14193.0,104265.00000000001,True
2024,9,24,9,892.5,802.05,535.36,263.26,0.68,29.27,24.55,10.38,17.46,9.37,40.74,0.03,4.75,143.9,83.94,2024-09-24 09:00:00,802.05,24.55,40.74,80205.0,9,1,9,268,785.0,97275.0,True
2024,9,24,10,1007.53,880.6,498.45,332.01,0.67,14.63,26.75,9.75,18.25,9.0,34.32,0.03,4.8,142.2,83.85,2024-09-24 10:00:00,880.6,26.75,34.32,88060.0,10,1,9,268,1245.0,83997.0,True
2024,9,24,11,1050.05,889.7,656.99,193.12,0.66,4.52,28.39,9.25,18.82,8.71,30.14,0.03,4.74,138.5,83.74,2024-09-24 11:00:00,889.7,28.39,30.14,88970.0,11,1,9,268,15375.0,63410.0,True
2024,9,24,12,1003.95,845.42,511.8,281.81,0.65,16.61,29.35,8.96,19.15,8.55,27.96,0.03,4.73,133.3,83.63,2024-09-24 12:00:00,845.42,29.35,27.96,84542.0,12,1,9,268,33242.0,39940.0,True
2024,9,24,13,879.53,748.42,448.22,339.67,0.65,31.31,29.76,8.71,19.24,8.41,26.83,0.06,4.88,127.9,83.55,2024-09-24 13:00:00,748.42,29.76,26.83,74842.0,13,1,9,268,51847.0,17445.0,True
2024,9,24,14,687.0,574.25,323.12,303.77,0.61,46.2,29.45,8.52,18.99,8.31,26.97,0.08,5.2,123.2,83.49,2024-09-24 14:00:00,574.25,29.45,26.97,57425.0,14,1,9,268,55935.0,1220.0,True
2024,9,24,15,442.17,333.15,598.15,87.02,0.51,61.13,28.2,8.55,18.38,8.33,29.06,0.1,5.63,119.5,83.48,2024-09-24 15:00:00,333.15,28.2,29.06,33315.0,15,1,9,268,72803.0,1188.0,True
2024,9,24,16,179.52,134.02,301.54,64.76,0.41,76.08,26.41,8.97,17.69,8.57,33.22,0.05,6.19,116.8,83.53,2024-09-24 16:00:00,134.02,26.41,33.22,13402.000000000002,16,1,9,268,88897.0,19457.0,True
2024,9,24,17,8.88,6.45,17.26,7.89,0.2,88.61,24.2,9.76,16.98,9.03,39.96,0.04,6.55,113.0,83.62,2024-09-24 17:00:00,6.45,24.2,39.96,645.0,17,1,9,268,91388.0,44927.0,True
2024,9,25,5,17.38,12.88,24.1,14.23,0.22,87.53,14.42,13.04,13.73,11.19,91.24,0.39,3.35,112.3,83.9,2024-09-25 05:00:00,12.88,14.42,91.24,1288.0,5,2,9,269,82133.0,68940.0,True
2024,9,25,6,213.32,116.15,164.39,77.1,0.31,73.93,15.42,12.77,14.1,10.99,84.08,0.25,4.13,118.2,83.96,2024-09-25 06:00:00,116.15,15.42,84.08,11615.0,6,2,9,269,64053.0,88095.0,True
2024,9,25,7,475.12,249.95,155.44,132.58,0.36,58.98,18.34,12.07,15.21,10.48,66.67,0.2,4.35,129.4,83.99,2024-09-25 07:00:00,249.95,18.34,66.67,24995.0,7,2,9,269,37565.0,100308.0,True
2024,9,25,8,714.4,373.05,78.09,221.81,0.38,44.05,21.81,11.28,16.55,9.95,51.07,0.25,4.06,139.4,83.99,2024-09-25 08:00:00,373.05,21.81,51.07,37305.0,8,2,9,269,15165.0,103861.99999999999,True
2024,9,25,9,898.6,440.9,54.88,281.49,0.37,29.18,24.55,10.78,17.67,9.63,41.87,0.34,3.79,143.8,83.95,2024-09-25 09:00:00,440.9,24.55,41.87,44090.0,9,2,9,269,811.9999999999999,99333.0,True
2024,9,25,10,1012.17,569.15,72.1,351.3,0.43,14.54,26.74,10.22,18.48,9.29,35.44,0.23,3.71,145.9,83.85,2024-09-25 10:00:00,569.15,26.74,35.44,56915.0,10,2,9,269,1168.0,79375.0,True
2024,9,25,11,1031.88,741.2,205.08,394.89,0.55,4.49,28.54,9.58,19.06,8.9,30.53,0.13,3.71,146.8,83.74,2024-09-25 11:00:00,741.2,28.54,30.53,74120.0,11,2,9,269,16443.0,61872.0,True
2024,9,25,12,982.12,713.12,326.11,333.53,0.55,16.68,29.64,8.89,19.27,8.51,27.37,0.09,3.67,144.0,83.65,2024-09-25 12:00:00,713.12,29.64,27.37,71312.0,12,2,9,269,40108.0,37388.0,True
2024,9,25,13,855.9,672.0,222.43,319.24,0.58,31.39,29.98,8.26,19.12,8.16,25.72,0.07,3.7,138.9,83.57,2024-09-25 13:00:00,672.0,29.98,25.72,67200.0,13,2,9,269,60960.0,16205.000000000002,True
2024,9,25,14,662.45,526.47,236.06,281.66,0.56,46.27,29.79,7.77,18.78,7.89,25.13,0.06,3.9,131.8,83.53,2024-09-25 14:00:00,526.47,29.79,25.13,52647.0,14,2,9,269,83205.0,1118.0,True
2024,9,25,15,419.88,320.38,272.16,173.25,0.49,61.21,28.58,7.51,18.05,7.75,26.48,0.07,4.32,124.2,83.53,2024-09-25 15:00:00,320.38,28.58,26.48,32038.0,15,2,9,269,96167.0,1160.0,True
2024,9,25,16,165.35,119.28,165.76,71.53,0.37,76.15,27.14,7.55,17.35,7.77,28.88,0.02,4.92,117.7,83.57,2024-09-25 16:00:00,119.28,27.14,28.88,11928.0,16,2,9,269,103872.0,18955.0,True
2024,9,25,17,8.12,5.97,7.08,7.93,0.19,88.64,25.32,7.85,16.58,7.93,32.84,0.03,5.09,114.6,83.63,2024-09-25 17:00:00,5.97,25.32,32.84,597.0,17,2,9,269,90792.0,44870.0,True
2024,9,26,5,18.38,17.75,54.89,17.52,0.3,87.47,14.83,13.15,13.99,11.28,89.52,0.18,0.74,76.0,83.86,2024-09-26 05:00:00,17.75,14.83,89.52,1775.0,5,3,9,270,80235.0,68945.0,True
2024,9,26,6,217.3,205.43,353.73,99.94,0.54,73.83,16.46,13.1,14.78,11.23,80.35,0.1,1.21,139.0,83.92,2024-09-26 06:00:00,205.43,16.46,80.35,20543.0,6,3,9,270,59100.0,87933.0,True
2024,9,26,7,478.4,448.33,572.25,152.77,0.64,58.89,19.99,12.51,16.25,10.81,62.01,0.02,2.46,172.3,83.97,2024-09-26 07:00:00,448.33,19.99,62.01,44833.0,7,3,9,270,37538.0,100172.0,True
2024,9,26,8,715.33,678.78,630.95,198.57,0.7,43.96,23.54,11.67,17.6,10.21,47.16,0.02,2.93,179.0,83.96,2024-09-26 08:00:00,678.78,23.54,47.16,67878.0,8,3,9,270,15630.000000000002,105261.99999999999,True
2024,9,26,9,897.83,840.65,628.34,241.69,0.71,29.09,25.97,11.21,18.59,9.91,39.58,0.13,2.93,177.7,83.92,2024-09-26 09:00:00,840.65,25.97,39.58,84065.0,9,3,9,270,965.0,101488.0,True
2024,9,26,10,1011.05,954.12,655.85,276.71,0.73,14.45,27.94,10.89,19.42,9.71,34.51,0.27,2.92,175.1,83.83,2024-09-26 10:00:00,954.12,27.94,34.51,95412.0,10,3,9,270,1323.0,89708.0,True
2024,9,26,11,1033.3,894.1,591.83,276.46,0.66,4.5,29.0,10.63,19.82,9.56,31.91,0.57,2.86,170.9,83.73,2024-09-26 11:00:00,894.1,29.0,31.91,89410.0,11,3,9,270,16852.0,71140.0,True
2024,9,26,12,981.47,863.15,427.68,307.38,0.66,16.76,29.74,10.4,20.07,9.41,30.07,0.77,2.87,164.2,83.64,2024-09-26 12:00:00,863.15,29.74,30.07,86315.0,12,3,9,270,37498.0,46933.0,True
2024,9,26,13,849.67,676.8,294.95,340.92,0.59,31.47,29.78,10.11,19.95,9.25,29.47,1.04,2.96,155.3,83.56,2024-09-26 13:00:00,676.8,29.78,29.47,67680.0,13,3,9,270,59700.0,20593.0,True
2024,9,26,14,649.83,514.38,374.96,197.72,0.55,46.35,29.12,10.1,19.61,9.24,30.56,1.25,3.27,143.0,83.53,2024-09-26 14:00:00,514.38,29.12,30.56,51438.0,14,3,9,270,85403.0,1360.0,True
2024,9,26,15,397.5,302.73,384.14,119.66,0.46,61.28,28.04,10.45,19.24,9.46,33.31,1.49,4.02,132.2,83.53,2024-09-26 15:00:00,302.73,28.04,33.31,30273.0,15,3,9,270,98935.0,1075.0,True
2024,9,26,16,143.62,113.45,97.2,77.95,0.35,76.23,26.19,11.21,18.7,9.96,39.1,2.09,4.9,125.0,83.57,2024-09-26 16:00:00,113.45,26.19,39.1,11345.0,16,3,9,270,103372.0,15177.000000000002,True
2024,9,26,17,7.2,5.9,2.82,8.45,0.19,88.67,23.96,12.37,18.17,10.75,48.21,1.96,5.51,120.5,83.63,2024-09-26 17:00:00,5.9,23.96,48.21,590.0,17,3,9,270,92225.0,35408.0,True
2024,9,27,5,16.2,14.98,16.51,15.26,0.24,87.42,15.77,14.84,15.31,12.61,94.04,0.9,2.13,88.1,83.78,2024-09-27 05:00:00,14.98,15.77,94.04,1498.0,5,4,9,271,77612.0,56272.0,True
2024,9,27,6,195.07,182.43,290.23,93.98,0.48,73.74,16.88,14.58,15.73,12.38,86.09,0.74,2.73,102.5,83.84,2024-09-27 06:00:00,182.43,16.88,86.09,18243.0,6,4,9,271,56103.0,67705.0,True
2024,9,27,7,448.4,420.92,474.07,160.35,0.6,58.8,19.9,13.96,16.93,11.89,68.47,1.4,2.03,129.2,83.88,2024-09-27 07:00:00,420.92,19.9,68.47,42092.0,7,4,9,271,30112.0,97590.0,True
2024,9,27,8,684.42,637.88,493.55,234.01,0.65,43.87,23.51,13.04,18.27,11.19,51.71,0.97,1.73,164.3,83.89,2024-09-27 08:00:00,637.88,23.51,51.71,63788.0,8,4,9,271,11507.0,103880.0,True
2024,9,27,9,869.28,738.5,445.28,302.66,0.62,29.01,25.97,12.45,19.21,10.77,42.96,0.73,1.86,174.8,83.85,2024-09-27 09:00:00,738.5,25.97,42.96,73850.0,9,4,9,271,575.0,96125.0,True
2024,9,27,10,983.3,819.3,470.33,273.55,0.62,14.37,28.01,11.95,19.98,10.44,36.91,0.84,2.0,183.4,83.77,2024-09-27 10:00:00,819.3,28.01,36.91,81930.0,10,4,9,271,1080.0,81512.0,True
2024,9,27,11,1041.0,953.72,481.62,336.33,0.71,4.54,29.55,11.49,20.52,10.13,32.72,0.69,2.1,188.2,83.66,2024-09-27 11:00:00,953.72,29.55,32.72,95372.0,11,4,9,271,14880.000000000002,60512.0,True
2024,9,27,12,983.0,855.85,518.45,300.99,0.66,16.84,30.3,11.1,20.7,9.89,30.57,0.63,2.15,187.0,83.55,2024-09-27 12:00:00,855.85,30.3,30.57,85585.0,12,4,9,271,33808.0,39365.0,True
2024,9,27,13,859.0,643.42,515.72,176.98,0.56,31.55,30.43,10.77,20.6,9.68,29.67,0.55,2.12,181.6,83.47,2024-09-27 13:00:00,643.42,30.43,29.67,64341.99999999999,13,4,9,271,57508.00000000001,16065.0,True
2024,9,27,14,650.62,565.1,399.02,250.71,0.6,46.44,30.28,10.44,20.36,9.47,29.26,0.31,2.15,169.5,83.42,2024-09-27 14:00:00,565.1,30.28,29.26,56510.0,14,4,9,271,80405.0,1010.0,True
2024,9,27,15,404.55,307.4,313.81,165.82,0.47,61.36,29.15,10.34,19.75,9.4,30.99,0.3,2.39,147.8,83.41,2024-09-27 15:00:00,307.4,29.15,30.99,30739.999999999996,15,4,9,271,90565.0,1238.0,True
2024,9,27,16,155.73,123.12,124.72,89.41,0.38,76.31,27.74,10.56,19.15,9.55,34.19,0.17,2.97,128.3,83.45,2024-09-27 16:00:00,123.12,27.74,34.19,12312.0,16,4,9,271,93650.0,19310.0,True
2024,9,27,17,7.53,6.53,3.15,9.77,0.21,88.7,25.9,11.27,18.59,10.0,39.91,0.19,3.4,115.6,83.51,2024-09-27 17:00:00,6.53,25.9,39.91,653.0,17,4,9,271,78130.0,45085.0,True
2024,9,28,5,16.73,15.68,17.47,18.55,0.25,87.36,14.91,13.59,14.25,11.63,91.62,0.05,1.57,61.8,83.69,2024-09-28 05:00:00,15.68,14.91,91.62,1568.0,5,5,9,272,71922.0,69485.0,True
2024,9,28,6,189.48,183.23,262.54,110.43,0.48,73.65,16.77,13.59,15.18,11.63,81.39,0.05,1.33,49.6,83.75,2024-09-28 06:00:00,183.23,16.77,81.39,18323.0,6,5,9,272,51362.0,88478.0,True
2024,9,28,7,429.3,422.45,392.21,196.08,0.6,58.71,21.21,13.22,17.21,11.35,60.23,0.16,1.06,254.6,83.77,2024-09-28 07:00:00,422.45,21.21,60.23,42245.0,7,5,9,272,26562.0,100438.0,True
2024,9,28,8,650.97,636.58,423.33,300.81,0.65,43.79,24.48,12.53,18.51,10.84,47.19,0.27,2.2,236.3,83.77,2024-09-28 08:00:00,636.58,24.48,47.19,63658.00000000001,8,5,9,272,10450.0,104845.0,True
2024,9,28,9,866.03,856.33,612.09,270.3,0.72,28.93,26.87,12.09,19.48,10.55,39.85,0.21,2.86,229.1,83.73,2024-09-28 09:00:00,856.33,26.87,39.85,85633.0,9,5,9,272,597.0,100522.0,True
2024,9,28,10,980.75,957.22,636.89,306.28,0.73,14.3,28.79,11.79,20.29,10.34,34.89,0.31,3.4,224.2,83.64,2024-09-28 10:00:00,957.22,28.79,34.89,95722.0,10,5,9,272,1423.0,88228.0,True
2024,9,28,11,1049.43,973.58,619.99,282.56,0.72,4.61,29.87,11.44,20.65,10.11,32.01,0.36,3.62,219.8,83.53,2024-09-28 11:00:00,973.58,29.87,32.01,97358.0,11,5,9,272,15532.0,68305.0,True
2024,9,28,12,998.78,804.85,529.83,244.19,0.62,16.94,30.77,10.97,20.87,9.82,29.5,0.39,3.54,216.0,83.43,2024-09-28 12:00:00,804.85,30.77,29.5,80485.0,12,5,9,272,36330.0,44220.0,True
2024,9,28,13,868.92,572.67,262.6,292.42,0.5,31.64,30.97,10.45,20.71,9.49,28.17,0.42,3.33,212.1,83.36,2024-09-28 13:00:00,572.67,30.97,28.17,57266.99999999999,13,5,9,272,54553.0,18832.0,True
2024,9,28,14,664.85,326.65,215.24,151.31,0.35,46.52,30.62,10.12,20.37,9.29,28.12,0.54,3.02,203.8,83.31,2024-09-28 14:00:00,326.65,30.62,28.12,32664.999999999996,14,5,9,272,65250.0,1202.0,True
2024,9,28,15,419.73,220.3,201.08,115.06,0.34,61.44,29.47,9.93,19.7,9.18,29.68,0.87,2.93,186.3,83.29,2024-09-28 15:00:00,220.3,29.47,29.68,22030.0,15,5,9,272,83247.0,1335.0,True
2024,9,28,16,165.73,86.8,115.64,68.69,0.27,76.38,28.41,9.79,19.1,9.09,31.25,1.88,3.16,162.9,83.3,2024-09-28 16:00:00,86.8,28.41,31.25,8680.0,16,5,9,272,103245.0,20585.0,True
2024,9,28,17,7.82,4.75,8.4,5.79,0.16,88.73,26.56,10.64,18.6,9.63,36.89,3.3,2.27,133.8,83.34,2024-09-28 17:00:00,4.75,26.56,36.89,475.0,17,5,9,272,98560.0,47438.0,True
2024,9,29,5,18.0,15.93,13.82,16.9,0.25,87.31,15.75,12.75,14.25,11.01,82.21,0.05,2.89,73.1,83.69,2024-09-29 05:00:00,15.93,15.75,82.21,1593.0,5,6,9,273,77297.0,72945.0,True
2024,9,29,6,206.12,149.38,132.43,115.32,0.39,73.56,16.64,12.79,14.71,11.03,77.88,0.06,2.78,69.6,83.76,2024-09-29 06:00:00,149.38,16.64,77.88,14938.0,6,6,9,273,58385.0,91828.0,True
2024,9,29,7,468.73,315.67,120.63,202.09,0.45,58.63,18.76,12.76,15.76,10.99,67.93,0.08,2.25,72.4,83.82,2024-09-29 07:00:00,315.67,18.76,67.93,31567.0,7,6,9,273,32085.000000000004,103843.0,True
2024,9,29,8,694.47,491.42,200.14,263.84,0.5,43.71,22.47,12.45,17.46,10.78,53.02,0.18,1.02,84.4,83.82,2024-09-29 08:00:00,491.42,22.47,53.02,49142.0,8,6,9,273,11912.0,108505.0,True
2024,9,29,9,877.6,710.15,351.7,283.07,0.6,28.85,25.44,11.99,18.71,10.46,43.01,0.23,0.52,138.9,83.75,2024-09-29 09:00:00,710.15,25.44,43.01,71015.0,9,6,9,273,578.0,104509.99999999999,True
2024,9,29,10,1003.05,902.1,520.19,320.11,0.69,14.25,27.3,11.49,19.39,10.13,37.29,0.25,0.8,182.1,83.65,2024-09-29 10:00:00,902.1,27.3,37.29,90210.0,10,6,9,273,1330.0,92215.0,True
2024,9,29,11,1027.65,957.33,624.71,287.48,0.71,4.72,28.46,11.07,19.77,9.86,33.88,0.28,1.07,190.8,83.54,2024-09-29 11:00:00,957.33,28.46,33.88,95733.0,11,6,9,273,16005.000000000002,73165.0,True
2024,9,29,12,980.6,840.35,465.82,315.43,0.65,17.04,29.29,10.63,19.96,9.59,31.37,0.31,1.19,184.3,83.44,2024-09-29 12:00:00,840.35,29.29,31.37,84035.0,12,6,9,273,34848.0,48117.0,True
2024,9,29,13,849.22,674.17,426.64,257.56,0.58,31.73,29.64,10.23,19.93,9.35,29.96,0.24,1.31,163.6,83.37,2024-09-29 13:00:00,674.17,29.64,29.96,67417.0,13,6,9,273,60691.99999999999,20802.0,True
2024,9,29,14,652.7,448.27,238.54,239.97,0.48,46.6,29.31,10.01,19.66,9.21,30.07,0.2,1.8,134.5,83.35,2024-09-29 14:00:00,448.27,29.31,30.07,44827.0,14,6,9,273,73428.0,1298.0,True
2024,9,29,15,406.23,242.12,171.08,161.44,0.37,61.52,28.3,10.07,19.18,9.24,31.98,0.16,2.8,116.1,83.35,2024-09-29 15:00:00,242.12,28.3,31.98,24212.0,15,6,9,273,92670.0,1368.0,True
2024,9,29,16,157.05,91.45,85.49,80.74,0.29,76.46,27.01,10.38,18.7,9.44,35.25,0.09,3.95,107.4,83.39,2024-09-29 16:00:00,91.45,27.01,35.25,9145.0,16,6,9,273,104609.99999999999,20382.0,True
2024,9,29,17,7.22,4.47,1.71,5.87,0.15,88.76,25.38,11.09,18.24,9.89,40.69,0.13,4.65,101.9,83.47,2024-09-29 17:00:00,4.47,25.38,40.69,447.0,17,6,9,273,99405.0,46300.0,True
2024,9,30,5,18.5,10.98,0.0,14.27,0.17,87.25,15.53,12.28,13.91,10.67,80.81,0.02,1.79,41.2,83.68,2024-09-30 05:00:00,10.98,15.53,80.81,1098.0,5,0,9,274,81897.0,70197.0,True
2024,9,30,6,212.77,121.93,67.83,94.01,0.32,73.48,17.65,12.36,15.01,10.73,71.07,0.02,2.42,35.6,83.75,2024-09-30 06:00:00,121.93,17.65,71.07,12193.0,6,0,9,274,63000.0,88812.0,True
2024,9,30,7,475.15,234.43,150.0,145.65,0.33,58.54,21.27,12.73,17.0,10.98,58.09,0.06,1.01,40.2,83.8,2024-09-30 07:00:00,234.43,21.27,58.09,23443.0,7,0,9,274,37262.0,100503.0,True
2024,9,30,8,713.12,410.95,40.72,267.26,0.42,43.63,24.39,12.68,18.54,10.95,47.95,0.18,0.76,135.0,83.8,2024-09-30 08:00:00,410.95,24.39,47.95,41095.0,8,0,9,274,15232.0,103068.0,True
2024,9,30,9,893.85,557.08,214.61,289.18,0.47,28.79,26.62,12.3,19.46,10.68,40.96,0.37,1.41,144.5,83.77,2024-09-30 09:00:00,557.08,26.62,40.96,55708.00000000001,9,0,9,274,795.0,96553.0,True
2024,9,30,10,1004.08,728.22,404.02,305.75,0.55,14.21,28.12,11.92,20.02,10.42,36.56,0.55,1.73,136.4,83.67,2024-09-30 10:00:00,728.22,28.12,36.56,72822.0,10,0,9,274,1062.0,71730.0,True
2024,9,30,11,1019.72,867.33,391.84,381.06,0.64,4.86,29.27,11.58,20.43,10.21,33.47,0.57,2.06,122.3,83.55,2024-09-30 11:00:00,867.33,29.27,33.47,86733.0,11,0,9,274,12435.0,57104.99999999999,True
2024,9,30,12,972.28,733.0,281.41,305.1,0.56,17.14,30.06,11.3,20.68,10.03,31.39,0.55,2.5,110.1,83.45,2024-09-30 12:00:00,733.0,30.06,31.39,73300.0,12,0,9,274,28973.0,34170.0,True
2024,9,30,13,845.15,584.9,301.89,255.14,0.51,31.82,29.82,11.14,20.48,9.93,31.48,0.57,3.15,100.6,83.38,2024-09-30 13:00:00,584.9,29.82,31.48,58490.0,13,0,9,274,44990.0,14082.0,True
2024,9,30,14,647.33,339.15,222.8,175.18,0.36,46.69,28.67,11.37,20.02,10.09,34.17,0.74,3.88,93.7,83.35,2024-09-30 14:00:00,339.15,28.67,34.17,33915.0,14,0,9,274,54178.0,775.0,True
2024,9,30,15,408.12,176.3,139.58,118.26,0.27,61.6,26.95,11.94,19.45,10.48,39.24,0.83,4.53,89.4,83.38,2024-09-30 15:00:00,176.3,26.95,39.24,17630.0,15,0,9,274,65285.0,1225.0,True
2024,9,30,16,153.8,67.28,39.41,53.46,0.21,76.53,25.13,12.7,18.92,11.01,45.93,0.77,5.0,83.1,83.46,2024-09-30 16:00:00,67.28,25.13,45.93,6728.0,16,0,9,274,74467.0,16655.0,True
2024,9,30,17,6.9,3.55,0.0,4.91,0.12,88.79,23.53,13.38,18.46,11.5,52.84,0.37,5.26,80.4,83.53,2024-09-30 17:00:00,3.55,23.53,52.84,355.0,17,0,9,274,71128.0,39077.0,True
2024,10,1,5,17.83,12.7,6.01,16.48,0.19,87.2,16.18,14.43,15.3,12.3,89.24,0.03,3.05,65.4,83.65,2024-10-01 05:00:00,12.7,16.18,89.24,1270.0,5,1,10,275,63635.0,60608.00000000001,True
2024,10,1,6,192.9,128.05,40.97,107.58,0.33,73.39,17.69,14.42,16.05,12.28,81.01,0.01,3.74,60.0,83.71,2024-10-01 06:00:00,128.05,17.69,81.01,12805.000000000002,6,1,10,275,44627.0,79633.0,True
2024,10,1,7,440.9,311.8,64.99,216.18,0.44,58.47,20.78,14.05,17.42,11.98,65.23,0.0,3.9,57.6,83.75,2024-10-01 07:00:00,311.8,20.78,65.23,31180.0,7,1,10,275,23595.0,98535.0,True
2024,10,1,8,674.97,508.33,83.35,322.23,0.52,43.56,23.8,13.21,18.51,11.34,51.41,0.0,3.85,68.0,83.76,2024-10-01 08:00:00,508.33,23.8,51.41,50833.0,8,1,10,275,9605.0,104330.0,True
2024,10,1,9,853.75,645.88,172.91,336.81,0.54,28.73,26.55,12.22,19.38,10.63,40.91,0.0,4.22,78.2,83.72,2024-10-01 09:00:00,645.88,26.55,40.91,64588.0,9,1,10,275,588.0,95335.0,True
2024,10,1,10,980.2,810.7,316.04,370.38,0.62,14.18,28.72,11.1,19.91,9.87,33.44,0.0,4.61,83.0,83.63,2024-10-01 10:00:00,810.7,28.72,33.44,81070.0,10,1,10,275,1488.0,80210.0,True
2024,10,1,11,1031.22,884.6,420.99,346.34,0.65,5.02,30.26,9.81,20.04,9.07,28.1,0.0,4.99,84.7,83.53,2024-10-01 11:00:00,884.6,30.26,28.1,88460.0,11,1,10,275,17998.0,56810.0,True
2024,10,1,12,975.22,807.1,263.85,411.84,0.62,17.26,31.18,8.7,19.94,8.42,24.73,0.0,5.38,84.6,83.43,2024-10-01 12:00:00,807.1,31.18,24.73,80710.0,12,1,10,275,39633.0,35895.0,True
2024,10,1,13,842.4,680.42,310.91,347.58,0.59,31.92,31.53,8.06,19.8,8.07,23.22,0.0,5.78,85.2,83.35,2024-10-01 13:00:00,680.42,31.53,23.22,68042.0,13,1,10,275,62090.0,14193.0,True
2024,10,1,14,646.0,534.8,224.47,292.97,0.57,46.78,30.98,7.93,19.45,8.0,23.74,0.0,6.24,86.5,83.31,2024-10-01 14:00:00,534.8,30.98,23.74,53479.99999999999,14,1,10,275,80205.0,785.0,True
2024,10,1,15,404.23,320.48,179.94,191.8,0.5,61.68,29.58,8.34,18.96,8.23,26.46,0.0,6.75,88.2,83.31,2024-10-01 15:00:00,320.48,29.58,26.46,32048.0,15,1,10,275,88060.0,1245.0,True
2024,10,1,16,155.93,122.72,66.16,93.43,0.39,76.61,27.38,9.28,18.33,8.77,32.05,0.0,7.22,89.8,83.36,2024-10-01 16:00:00,122.72,27.38,32.05,12272.0,16,1,10,275,88970.0,15375.0,True
2024,10,1,17,6.95,5.97,1.62,7.44,0.21,88.82,24.86,10.76,17.81,9.69,41.11,0.0,7.56,92.7,83.45,2024-10-01 17:00:00,5.97,24.86,41.11,597.0,17,1,10,275,84542.0,33242.0,True
2024,10,2,5,20.05,16.92,34.92,19.27,0.25,87.14,15.7,14.55,15.12,12.38,92.65,0.26,4.29,84.5,83.69,2024-10-02 05:00:00,16.92,15.7,92.65,1692.0000000000002,5,2,10,276,74842.0,51847.0,True
2024,10,2,6,218.4,165.3,231.47,97.58,0.42,73.31,16.76,14.12,15.44,12.05,84.36,0.26,5.53,89.3,83.75,2024-10-02 06:00:00,165.3,16.76,84.36,16530.0,6,2,10,276,57425.0,55935.0,True
2024,10,2,7,478.12,356.98,438.49,123.52,0.5,58.39,19.38,13.26,16.32,11.38,67.63,0.16,6.03,90.7,83.79,2024-10-02 07:00:00,356.98,19.38,67.63,35698.0,7,2,10,276,33315.0,72803.0,True
2024,10,2,8,715.35,574.7,488.41,221.56,0.58,43.49,22.62,11.42,17.02,10.08,49.14,0.05,6.34,93.4,83.81,2024-10-02 08:00:00,574.7,22.62,49.14,57470.00000000001,8,2,10,276,13402.000000000002,88897.0,True
2024,10,2,9,897.75,654.3,382.6,274.74,0.55,28.67,25.48,8.98,17.23,8.55,35.12,0.01,6.69,97.6,83.77,2024-10-02 09:00:00,654.3,25.48,35.12,65429.99999999999,9,2,10,276,645.0,91388.0,True
2024,10,2,10,1009.45,821.55,326.79,371.47,0.62,14.16,27.6,7.28,17.44,7.62,27.61,0.0,7.06,101.3,83.69,2024-10-02 10:00:00,821.55,27.6,27.61,82155.0,10,2,10,276,1288.0,82133.0,True
2024,10,2,11,1036.82,850.85,593.12,243.73,0.63,5.21,28.98,6.73,17.85,7.34,24.52,0.0,7.36,103.4,83.59,2024-10-02 11:00:00,850.85,28.98,24.52,85085.0,11,2,10,276,11615.0,64053.0,True
2024,10,2,12,979.22,796.78,219.45,398.25,0.61,17.38,29.6,7.13,18.36,7.56,24.34,0.0,7.58,103.9,83.5,2024-10-02 12:00:00,796.78,29.6,24.34,79678.0,12,2,10,276,24995.0,37565.0,True
2024,10,2,13,838.08,644.53,406.55,245.77,0.56,32.02,29.6,7.73,18.66,7.88,25.35,0.0,7.72,102.9,83.45,2024-10-02 13:00:00,644.53,29.6,25.35,64453.0,13,2,10,276,37305.0,15165.0,True
2024,10,2,14,634.7,498.25,193.52,287.18,0.54,46.86,28.95,8.49,18.72,8.3,27.71,0.0,7.72,100.5,83.43,2024-10-02 14:00:00,498.25,28.95,27.71,49825.0,14,2,10,276,44090.0,811.9999999999999,True
2024,10,2,15,389.35,312.1,238.1,174.02,0.49,61.77,27.64,9.28,18.46,8.75,31.52,0.0,7.53,98.1,83.45,2024-10-02 15:00:00,312.1,27.64,31.52,31210.000000000004,15,2,10,276,56915.0,1168.0,True
2024,10,2,16,142.68,116.38,129.62,82.15,0.37,76.68,25.6,9.99,17.79,9.18,37.31,0.01,7.24,96.6,83.51,2024-10-02 16:00:00,116.38,25.6,37.31,11638.0,16,2,10,276,74120.0,16443.0,True
2024,10,2,17,6.2,5.43,3.47,6.69,0.2,88.85,23.25,10.76,17.01,9.66,45.22,0.01,6.61,97.0,83.58,2024-10-02 17:00:00,5.43,23.25,45.22,543.0,17,2,10,276,71312.0,40108.0,True
2024,10,3,5,18.85,14.88,14.45,17.76,0.22,87.09,14.49,13.27,13.88,11.37,92.26,0.46,5.34,105.7,83.89,2024-10-03 05:00:00,14.88,14.49,92.26,1488.0,5,3,10,277,67200.0,60960.0,True
2024,10,3,6,204.98,138.88,190.0,85.6,0.35,73.23,15.5,12.94,14.22,11.11,84.55,0.26,6.33,108.8,83.95,2024-10-03 06:00:00,138.88,15.5,84.55,13888.0,6,3,10,277,52647.0,83205.0,True
2024,10,3,7,462.58,325.12,226.57,165.28,0.46,58.32,18.26,12.11,15.18,10.52,67.26,0.13,6.69,113.2,83.99,2024-10-03 07:00:00,325.12,18.26,67.26,32512.0,7,3,10,277,32038.0,96167.0,True
2024,10,3,8,703.97,521.53,257.7,283.85,0.53,43.43,21.58,10.75,16.17,9.6,50.0,0.04,6.54,116.9,84.01,2024-10-03 08:00:00,521.53,21.58,50.0,52153.0,8,3,10,277,11928.0,103872.0,True
2024,10,3,9,890.38,669.92,237.51,315.79,0.56,28.62,24.39,9.79,17.09,9.01,39.59,0.02,6.44,120.9,83.99,2024-10-03 09:00:00,669.92,24.39,39.59,66992.0,9,3,10,277,597.0,90792.0,True
2024,10,3,10,1005.12,792.1,168.38,425.49,0.6,14.15,26.61,8.97,17.79,8.53,32.83,0.02,6.43,123.4,83.91,2024-10-03 10:00:00,792.1,26.61,32.83,79210.0,10,3,10,277,1775.0,80235.0,True
2024,10,3,11,1050.07,826.85,244.26,464.05,0.61,5.41,28.2,8.26,18.23,8.14,28.52,0.03,6.43,123.7,83.81,2024-10-03 11:00:00,826.85,28.2,28.52,82685.0,11,3,10,277,20543.0,59100.0,True
2024,10,3,12,991.67,739.42,209.57,375.85,0.57,17.51,29.12,7.75,18.43,7.86,26.08,0.03,6.5,121.7,83.72,2024-10-03 12:00:00,739.42,29.12,26.08,73942.0,12,3,10,277,44833.0,37538.0,True
2024,10,3,13,852.78,540.42,302.01,231.5,0.47,32.12,29.35,7.44,18.39,7.7,25.19,0.05,6.64,118.3,83.65,2024-10-03 13:00:00,540.42,29.35,25.19,54041.99999999999,13,3,10,277,67878.0,15630.000000000002,True
2024,10,3,14,648.42,418.75,240.21,221.62,0.45,46.95,28.66,7.28,17.97,7.62,25.94,0.05,6.79,115.0,83.61,2024-10-03 14:00:00,418.75,28.66,25.94,41875.0,14,3,10,277,84065.0,965.0,True
2024,10,3,15,398.8,218.62,319.55,113.29,0.34,61.85,27.51,7.36,17.43,7.67,27.92,0.09,6.94,112.0,83.62,2024-10-03 15:00:00,218.62,27.51,27.92,21862.0,15,3,10,277,95412.0,1323.0,True
2024,10,3,16,147.23,89.3,110.44,64.67,0.29,76.76,25.53,7.77,16.65,7.88,32.25,0.07,7.0,109.9,83.68,2024-10-03 16:00:00,89.3,25.53,32.25,8930.0,16,3,10,277,89410.0,16852.0,True
2024,10,3,17,6.28,5.07,2.4,7.81,0.19,88.88,23.35,8.55,15.95,8.3,38.73,0.05,6.74,109.3,83.76,2024-10-03 17:00:00,5.07,23.35,38.73,507.0,17,3,10,277,86315.0,37498.0,True
2024,10,4,5,22.6,22.5,74.02,18.37,0.32,87.04,12.6,11.9,12.25,10.37,95.34,0.09,1.86,93.7,83.98,2024-10-04 05:00:00,22.5,12.6,95.34,2250.0,5,4,10,278,67680.0,59700.0,True
2024,10,4,6,233.9,232.9,472.73,74.05,0.59,73.15,15.07,11.32,13.2,9.98,78.2,0.0,2.95,123.3,84.02,2024-10-04 06:00:00,232.9,15.07,78.2,23290.0,6,4,10,278,51438.0,85403.0,True
2024,10,4,7,497.35,496.5,684.99,119.97,0.69,58.25,19.63,9.44,14.54,8.8,51.73,0.0,4.94,151.4,84.05,2024-10-04 07:00:00,496.5,19.63,51.73,49650.0,7,4,10,278,30273.0,98935.0,True
2024,10,4,8,736.83,734.7,763.73,154.71,0.74,43.37,23.14,7.81,15.48,7.87,37.33,0.0,5.27,154.8,84.04,2024-10-04 08:00:00,734.7,23.14,37.33,73470.0,8,4,10,278,11345.0,103372.0,True
2024,10,4,9,921.35,895.33,731.38,221.81,0.75,28.58,25.84,6.71,16.28,7.3,29.46,0.0,5.28,153.2,84.0,2024-10-04 09:00:00,895.33,25.84,29.46,89533.0,9,4,10,278,590.0,92225.0,True
2024,10,4,10,1032.72,973.53,582.68,335.41,0.74,14.16,28.03,5.87,16.95,6.9,24.46,0.0,5.3,150.4,83.92,2024-10-04 10:00:00,973.53,28.03,24.46,97353.0,10,4,10,278,1498.0,77612.0,True
2024,10,4,11,1060.0,978.67,604.89,341.54,0.72,5.64,29.67,5.45,17.56,6.7,21.58,0.0,5.25,146.3,83.83,2024-10-04 11:00:00,978.67,29.67,21.58,97867.0,11,4,10,278,18243.0,56103.0,True
2024,10,4,12,1005.65,704.62,668.79,152.4,0.54,17.64,30.7,5.45,18.08,6.71,20.35,0.0,5.24,140.3,83.73,2024-10-04 12:00:00,704.62,30.7,20.35,70462.0,12,4,10,278,42092.0,30112.0,True
2024,10,4,13,871.83,733.22,351.09,349.22,0.64,32.22,31.06,5.69,18.38,6.83,20.27,0.0,5.4,133.2,83.65,2024-10-04 13:00:00,733.22,31.06,20.27,73322.0,13,4,10,278,63788.0,11507.0,True
2024,10,4,14,669.62,543.88,339.62,287.9,0.59,47.04,30.7,6.17,18.43,7.06,21.37,0.0,5.77,126.1,83.59,2024-10-04 14:00:00,543.88,30.7,21.37,54388.0,14,4,10,278,73850.0,575.0,True
2024,10,4,15,419.08,307.88,362.36,141.55,0.48,61.93,29.5,6.9,18.2,7.43,24.09,0.01,6.23,120.3,83.58,2024-10-04 15:00:00,307.88,29.5,24.09,30788.0,15,4,10,278,81930.0,1080.0,True
2024,10,4,16,158.85,119.72,155.05,77.63,0.39,76.83,27.25,7.88,17.57,7.95,29.38,0.01,6.7,115.2,83.62,2024-10-04 16:00:00,119.72,27.25,29.38,11972.0,16,4,10,278,95372.0,14880.000000000002,True
2024,10,4,17,6.53,5.47,5.04,7.83,0.21,88.9,24.75,9.14,16.95,8.65,37.08,0.0,6.81,111.2,83.71,2024-10-04 17:00:00,5.47,24.75,37.08,547.0,17,4,10,278,85585.0,33808.0,True
2024,10,5,5,21.7,14.95,30.9,17.51,0.21,86.99,14.82,13.76,14.29,11.74,93.28,0.19,2.89,124.1,83.93,2024-10-05 05:00:00,14.95,14.82,93.28,1495.0,5,5,10,279,64341.99999999999,57508.00000000001,True
2024,10,5,6,223.3,119.97,101.03,87.05,0.3,73.07,16.1,13.31,14.7,11.38,83.35,0.1,3.79,131.3,83.97,2024-10-05 06:00:00,119.97,16.1,83.35,11997.0,6,5,10,279,56510.0,80405.0,True
2024,10,5,7,484.48,235.0,93.79,155.3,0.33,58.18,19.48,12.03,15.76,10.47,62.03,0.06,4.49,142.2,84.01,2024-10-05 07:00:00,235.0,19.48,62.03,23500.0,7,5,10,279,30739.999999999996,90565.0,True
2024,10,5,8,721.55,391.75,119.17,241.02,0.4,43.32,22.85,11.0,16.92,9.77,47.09,0.09,4.47,146.0,84.0,2024-10-05 08:00:00,391.75,22.85,47.09,39175.0,8,5,10,279,12312.0,93650.0,True
2024,10,5,9,903.15,501.25,133.91,331.19,0.42,28.54,25.31,10.53,17.92,9.47,39.36,0.26,4.17,147.2,83.96,2024-10-05 09:00:00,501.25,25.31,39.36,50125.0,9,5,10,279,653.0,78130.0,True
2024,10,5,10,1013.47,625.65,209.66,326.68,0.47,14.17,27.1,10.25,18.67,9.3,34.74,0.5,4.04,148.7,83.87,2024-10-05 10:00:00,625.65,27.1,34.74,62565.0,10,5,10,279,1568.0,71922.0,True
2024,10,5,11,1046.0,732.35,282.25,362.69,0.54,5.89,28.59,9.98,19.29,9.14,31.27,0.66,4.07,148.1,83.77,2024-10-05 11:00:00,732.35,28.59,31.27,73235.0,11,5,10,279,18323.0,51362.0,True
2024,10,5,12,992.88,642.83,339.04,254.23,0.5,17.78,29.45,9.68,19.57,8.97,29.16,0.58,4.19,144.2,83.65,2024-10-05 12:00:00,642.83,29.45,29.16,64283.00000000001,12,5,10,279,42245.0,26562.0,True
2024,10,5,13,861.92,629.65,200.69,345.48,0.55,32.33,29.65,9.4,19.53,8.82,28.31,0.52,4.38,137.8,83.55,2024-10-05 13:00:00,629.65,29.65,28.31,62965.0,13,5,10,279,63658.00000000001,10450.0,True
2024,10,5,14,662.47,535.42,359.31,254.5,0.58,47.13,28.93,9.32,19.12,8.78,29.36,0.66,4.72,131.4,83.49,2024-10-05 14:00:00,535.42,28.93,29.36,53541.99999999999,14,5,10,279,85633.0,597.0,True
2024,10,5,15,412.33,313.2,381.79,129.36,0.49,62.01,27.41,9.46,18.43,8.86,32.37,0.38,5.12,126.3,83.49,2024-10-05 15:00:00,313.2,27.41,32.37,31320.0,15,5,10,279,95722.0,1423.0,True
2024,10,5,16,154.57,120.93,214.42,74.44,0.39,76.9,25.66,9.9,17.78,9.12,36.95,0.38,5.62,121.9,83.54,2024-10-05 16:00:00,120.93,25.66,36.95,12093.0,16,5,10,279,97358.0,15532.0,True
2024,10,5,17,6.32,5.35,6.77,8.87,0.21,88.93,23.63,10.62,17.12,9.57,43.8,0.14,5.89,118.7,83.62,2024-10-05 17:00:00,5.35,23.63,43.8,535.0,17,5,10,279,80485.0,36330.0,True
2024,10,6,5,19.38,9.27,2.74,10.28,0.13,86.93,15.11,13.99,14.55,11.93,92.89,0.55,2.8,104.7,83.81,2024-10-06 05:00:00,9.27,15.11,92.89,927.0,5,6,10,280,57266.99999999999,54553.0,True
2024,10,6,6,193.38,87.03,22.25,67.52,0.22,73.0,16.2,13.82,15.01,11.78,85.63,0.68,4.08,119.5,83.89,2024-10-06 06:00:00,87.03,16.2,85.63,8703.0,6,6,10,280,32664.999999999996,65250.0,True
2024,10,6,7,450.98,190.68,72.45,136.8,0.26,58.11,18.62,13.19,15.9,11.3,70.56,0.84,4.97,132.6,83.95,2024-10-06 07:00:00,190.68,18.62,70.56,19068.0,7,6,10,280,22030.0,83247.0,True
2024,10,6,8,687.65,329.02,28.47,214.67,0.33,43.26,21.95,12.3,17.12,10.65,54.16,0.96,5.16,137.3,83.96,2024-10-06 08:00:00,329.02,21.95,54.16,32902.0,8,6,10,280,8680.0,103245.0,True
2024,10,6,9,870.85,458.6,221.99,281.4,0.38,28.52,24.76,11.62,18.19,10.18,43.68,0.69,5.13,138.0,83.92,2024-10-06 09:00:00,458.6,24.76,43.68,45860.0,9,6,10,280,475.0,98560.0,True
2024,10,6,10,982.03,562.85,104.63,340.61,0.43,14.2,26.81,11.15,18.98,9.89,37.55,0.66,5.06,137.3,83.84,2024-10-06 10:00:00,562.85,26.81,37.55,56285.0,10,6,10,280,1593.0,77297.0,True
2024,10,6,11,1033.18,571.28,91.0,393.51,0.42,6.14,28.09,10.79,19.44,9.66,34.0,0.87,4.92,134.8,83.73,2024-10-06 11:00:00,571.28,28.09,34.0,57128.0,11,6,10,280,14938.0,58385.0,True
2024,10,6,12,981.25,637.35,172.43,353.28,0.49,17.93,28.76,10.55,19.65,9.52,32.19,1.14,4.88,131.1,83.62,2024-10-06 12:00:00,637.35,28.76,32.19,63735.0,12,6,10,280,31567.0,32085.000000000004,True
2024,10,6,13,844.25,567.0,310.81,263.17,0.49,32.44,28.67,10.46,19.57,9.47,32.15,1.11,4.94,127.1,83.54,2024-10-06 13:00:00,567.0,28.67,32.15,56700.0,13,6,10,280,49142.0,11912.0,True
2024,10,6,14,649.67,426.27,185.24,270.85,0.46,47.23,28.01,10.51,19.26,9.51,33.53,0.77,5.1,122.9,83.48,2024-10-06 14:00:00,426.27,28.01,33.53,42627.0,14,6,10,280,71015.0,578.0,True
2024,10,6,15,407.75,243.6,129.06,158.25,0.38,62.09,26.77,10.68,18.73,9.62,36.46,0.59,5.26,119.1,83.47,2024-10-06 15:00:00,243.6,26.77,36.46,24360.0,15,6,10,280,90210.0,1330.0,True
2024,10,6,16,151.4,85.35,43.43,70.16,0.28,76.97,25.36,10.92,18.14,9.77,40.27,0.28,5.43,115.0,83.51,2024-10-06 16:00:00,85.35,25.36,40.27,8535.0,16,6,10,280,95733.0,16005.000000000002,True
2024,10,6,17,6.22,4.68,2.28,6.86,0.19,88.95,23.57,11.24,17.4,9.97,45.77,0.09,5.4,112.9,83.58,2024-10-06 17:00:00,4.68,23.57,45.77,468.0,17,6,10,280,84035.0,34848.0,True
2024,10,7,5,21.42,14.45,9.44,18.42,0.19,86.88,15.52,13.12,14.32,11.26,85.46,0.17,4.36,94.9,83.84,2024-10-07 05:00:00,14.45,15.52,85.46,1445.0,5,0,10,281,67417.0,60691.99999999999,True
2024,10,7,6,212.98,137.43,88.0,104.74,0.34,72.93,16.33,12.43,14.38,10.75,77.55,0.05,5.02,101.3,83.9,2024-10-07 06:00:00,137.43,16.33,77.55,13743.0,6,0,10,281,44827.0,73428.0,True
2024,10,7,7,468.62,314.85,138.38,207.12,0.44,58.05,19.06,10.81,14.93,9.65,58.68,0.02,5.73,111.2,83.94,2024-10-07 07:00:00,314.85,19.06,58.68,31485.000000000004,7,0,10,281,24212.0,92670.0,True
2024,10,7,8,698.4,502.52,201.04,303.23,0.51,43.22,22.47,9.88,16.17,9.06,44.67,0.03,5.95,117.2,83.94,2024-10-07 08:00:00,502.52,22.47,44.67,50252.0,8,0,10,281,9145.0,104609.99999999999,True
2024,10,7,9,881.75,606.8,217.27,285.34,0.51,28.49,25.36,9.6,17.48,8.9,36.87,0.04,5.88,119.6,83.9,2024-10-07 09:00:00,606.8,25.36,36.87,60679.99999999999,9,0,10,281,447.0,99405.0,True
2024,10,7,10,999.12,739.92,225.94,333.42,0.56,14.24,27.27,9.49,18.38,8.84,32.69,0.06,5.77,119.4,83.82,2024-10-07 10:00:00,739.92,27.27,32.69,73992.0,10,0,10,281,1098.0,81897.0,True
2024,10,7,11,1002.83,674.08,308.5,317.35,0.5,6.41,28.04,9.45,18.74,8.83,31.18,0.14,5.56,116.2,83.72,2024-10-07 11:00:00,674.08,28.04,31.18,67408.0,11,0,10,281,12193.0,63000.0,True
2024,10,7,12,940.75,688.42,166.17,351.29,0.53,18.08,28.5,9.45,18.98,8.83,30.32,0.2,5.29,112.7,83.63,2024-10-07 12:00:00,688.42,28.5,30.32,68842.0,12,0,10,281,23443.0,37262.0,True
2024,10,7,13,814.58,520.2,341.42,240.88,0.45,32.55,28.33,9.51,18.92,8.88,30.77,0.35,5.18,110.7,83.57,2024-10-07 13:00:00,520.2,28.33,30.77,52020.00000000001,13,0,10,281,41095.0,15232.0,True
2024,10,7,14,605.45,394.7,311.01,166.88,0.43,47.32,27.8,9.64,18.72,8.96,32.01,0.47,5.15,110.7,83.53,2024-10-07 14:00:00,394.7,27.8,32.01,39470.0,14,0,10,281,55708.00000000001,795.0,True
2024,10,7,15,375.58,250.88,164.14,173.42,0.39,62.17,26.78,9.87,18.33,9.1,34.5,0.61,5.34,111.4,83.53,2024-10-07 15:00:00,250.88,26.78,34.5,25088.0,15,0,10,281,72822.0,1062.0,True
2024,10,7,16,138.82,96.35,96.78,81.93,0.32,77.04,25.3,10.29,17.79,9.36,38.75,0.46,5.65,111.2,83.58,2024-10-07 16:00:00,96.35,25.3,38.75,9635.0,16,0,10,281,86733.0,12435.0,True
2024,10,7,17,5.8,4.55,0.65,6.92,0.19,88.97,23.27,11.01,17.14,9.81,45.9,0.08,5.79,109.8,83.66,2024-10-07 17:00:00,4.55,23.27,45.9,455.0,17,0,10,281,73300.0,28973.0,True
2024,10,8,5,19.95,16.02,11.03,19.23,0.21,86.83,15.19,14.06,14.62,11.96,92.8,1.64,2.64,81.1,83.95,2024-10-08 05:00:00,16.02,15.19,92.8,1602.0,5,1,10,282,58490.0,44990.0,True
2024,10,8,6,192.07,161.23,116.78,93.15,0.4,72.86,16.52,14.11,15.32,11.99,85.52,1.27,3.84,91.6,84.03,2024-10-08 06:00:00,161.23,16.52,85.52,16122.999999999998,6,1,10,282,33915.0,54178.0,True
2024,10,8,7,431.05,341.55,267.82,175.3,0.47,58.0,19.7,13.86,16.78,11.78,68.85,0.15,4.52,103.4,84.08,2024-10-08 07:00:00,341.55,19.7,68.85,34155.0,7,1,10,282,17630.0,65285.0,True
2024,10,8,8,669.58,558.65,318.75,290.0,0.56,43.18,23.3,13.09,18.2,11.2,52.53,0.5,4.64,112.8,84.08,2024-10-08 08:00:00,558.65,23.3,52.53,55865.0,8,1,10,282,6728.0,74467.0,True
2024,10,8,9,868.38,758.3,478.48,282.67,0.63,28.48,26.05,12.45,19.25,10.75,42.77,0.54,4.8,116.7,84.03,2024-10-08 09:00:00,758.3,26.05,42.77,75830.0,9,1,10,282,355.0,71128.0,True
2024,10,8,10,985.55,849.95,506.07,288.74,0.64,14.29,28.07,11.78,19.93,10.29,36.33,0.45,5.14,115.8,83.95,2024-10-08 10:00:00,849.95,28.07,36.33,84995.0,10,1,10,282,1270.0,63635.0,True
2024,10,8,11,1053.97,960.05,695.04,257.95,0.71,6.69,29.14,11.15,20.15,9.89,32.79,0.5,5.46,112.5,83.84,2024-10-08 11:00:00,960.05,29.14,32.79,96005.0,11,1,10,282,12805.000000000002,44627.0,True
2024,10,8,12,1001.28,904.45,593.06,294.94,0.7,18.23,29.47,10.62,20.04,9.55,31.03,0.4,5.75,108.8,83.74,2024-10-08 12:00:00,904.45,29.47,31.03,90445.0,12,1,10,282,31180.0,23595.0,True
2024,10,8,13,871.17,650.1,595.16,176.29,0.57,32.66,29.09,10.24,19.67,9.32,30.93,0.2,5.95,105.3,83.67,2024-10-08 13:00:00,650.1,29.09,30.93,65010.0,13,1,10,282,50833.0,9605.0,True
2024,10,8,14,673.75,543.67,552.5,174.28,0.59,47.41,29.22,9.94,19.58,9.13,30.07,0.11,6.01,102.8,83.63,2024-10-08 14:00:00,543.67,29.22,30.07,54366.99999999999,14,1,10,282,64588.0,588.0,True
2024,10,8,15,428.38,337.2,368.57,146.48,0.53,62.25,28.45,9.5,18.98,8.87,30.54,0.04,5.94,101.7,83.63,2024-10-08 15:00:00,337.2,28.45,30.54,33720.0,15,1,10,282,81070.0,1488.0,True
2024,10,8,16,165.85,127.72,218.94,78.22,0.42,77.11,26.93,9.15,18.04,8.66,32.61,0.01,5.99,100.2,83.66,2024-10-08 16:00:00,127.72,26.93,32.61,12772.0,16,1,10,282,88460.0,17998.0,True
2024,10,8,17,6.47,5.47,10.67,9.27,0.23,89.0,24.87,9.03,16.95,8.58,36.53,0.01,5.44,99.9,83.73,2024-10-08 17:00:00,5.47,24.87,36.53,547.0,17,1,10,282,80710.0,39633.0,True
2024,10,9,5,23.2,21.4,29.4,21.15,0.28,86.78,15.25,13.87,14.56,11.81,91.34,0.78,2.99,81.5,83.99,2024-10-09 05:00:00,21.4,15.25,91.34,2140.0,5,2,10,283,68042.0,62090.0,True
2024,10,9,6,224.23,205.75,335.7,121.62,0.51,72.79,16.56,13.82,15.19,11.76,83.73,0.65,4.24,89.3,84.07,2024-10-09 06:00:00,205.75,16.56,83.73,20575.0,6,2,10,283,53479.99999999999,80205.0,True
2024,10,9,7,485.02,443.45,468.22,190.98,0.61,57.94,19.74,12.8,16.27,11.0,64.2,0.36,4.98,100.7,84.13,2024-10-09 07:00:00,443.45,19.74,64.2,44345.0,7,2,10,283,32048.0,88060.0,True
2024,10,9,8,722.5,662.9,574.45,235.77,0.67,43.14,23.79,10.41,17.1,9.38,42.79,0.41,5.45,109.0,84.13,2024-10-09 08:00:00,662.9,23.79,42.79,66290.0,8,2,10,283,12272.0,88970.0,True
2024,10,9,9,904.85,823.03,587.63,269.47,0.69,28.47,26.62,9.33,17.98,8.72,33.6,0.21,5.51,111.3,84.08,2024-10-09 09:00:00,823.03,26.62,33.6,82303.0,9,2,10,283,597.0,84542.0,True
2024,10,9,10,1014.0,929.72,538.99,295.8,0.7,14.36,28.62,8.66,18.64,8.34,28.57,0.18,5.72,112.9,83.98,2024-10-09 10:00:00,929.72,28.62,28.57,92972.0,10,2,10,283,1692.0000000000002,74842.0,True
2024,10,9,11,1063.88,1019.5,708.45,260.89,0.75,6.98,29.99,8.22,19.1,8.11,25.64,0.23,5.96,114.3,83.86,2024-10-09 11:00:00,1019.5,29.99,25.64,101950.0,11,2,10,283,16530.0,57425.0,True
2024,10,9,12,1007.9,856.35,680.34,178.19,0.66,18.39,30.68,7.9,19.29,7.94,24.09,0.29,6.12,114.4,83.74,2024-10-09 12:00:00,856.35,30.68,24.09,85635.0,12,2,10,283,35698.0,33315.0,True
2024,10,9,13,867.67,770.55,455.03,308.02,0.67,32.78,30.66,7.71,19.18,7.85,23.82,0.28,6.14,113.7,83.65,2024-10-09 13:00:00,770.55,30.66,23.82,77055.0,13,2,10,283,57470.00000000001,13402.000000000002,True
2024,10,9,14,666.85,586.78,523.73,207.44,0.64,47.5,30.15,7.63,18.89,7.81,24.39,0.52,6.12,112.7,83.6,2024-10-09 14:00:00,586.78,30.15,24.39,58678.0,14,2,10,283,65429.99999999999,645.0,True
2024,10,9,15,423.27,353.23,503.48,126.4,0.56,62.32,28.81,7.59,18.2,7.79,26.28,0.14,6.1,111.3,83.59,2024-10-09 15:00:00,353.23,28.81,26.28,35323.0,15,2,10,283,82155.0,1288.0,True
2024,10,9,16,161.35,134.82,301.0,65.6,0.45,77.18,27.01,7.71,17.36,7.85,29.43,0.04,6.01,109.6,83.64,2024-10-09 16:00:00,134.82,27.01,29.43,13482.0,16,2,10,283,85085.0,11615.0,True
2024,10,9,17,6.15,5.25,11.96,7.82,0.22,89.02,24.58,8.17,16.38,8.09,35.05,0.02,4.88,107.3,83.71,2024-10-09 17:00:00,5.25,24.58,35.05,525.0,17,2,10,283,79678.0,24995.0,True
2024,10,10,5,24.2,22.3,49.15,21.23,0.29,86.74,14.24,12.98,13.61,11.15,92.01,1.53,4.08,89.4,83.93,2024-10-10 05:00:00,22.3,14.24,92.01,2230.0,5,3,10,284,64453.0,37305.0,True
2024,10,10,6,230.45,209.43,347.01,100.96,0.52,72.73,15.3,12.27,13.79,10.63,82.03,0.4,4.73,97.3,84.01,2024-10-10 06:00:00,209.43,15.3,82.03,20943.0,6,3,10,284,49825.0,44090.0,True
2024,10,10,7,493.17,445.55,458.65,177.76,0.61,57.89,18.24,10.32,14.28,9.33,59.82,0.06,5.06,109.0,84.07,2024-10-10 07:00:00,445.55,18.24,59.82,44555.0,7,3,10,284,31210.000000000004,56915.0,True
2024,10,10,8,731.53,670.2,556.73,235.48,0.67,43.11,22.15,8.1,15.12,8.02,40.41,0.08,5.14,119.0,84.08,2024-10-10 08:00:00,670.2,22.15,40.41,67020.0,8,3,10,284,11638.0,74120.0,True
2024,10,10,9,914.22,836.97,616.32,256.42,0.7,28.46,25.14,7.36,16.25,7.63,32.1,0.04,5.03,123.7,84.03,2024-10-10 09:00:00,836.97,25.14,32.1,83697.0,9,3,10,284,543.0,71312.0,True
2024,10,10,10,1023.58,967.35,548.65,349.95,0.73,14.43,27.35,7.04,17.19,7.47,27.55,0.02,5.09,125.8,83.94,2024-10-10 10:00:00,967.35,27.35,27.55,96735.0,10,3,10,284,1488.0,67200.0,True
2024,10,10,11,1068.85,1041.82,786.09,226.96,0.77,7.28,28.88,6.94,17.91,7.43,25.04,0.02,5.18,126.0,83.83,2024-10-10 11:00:00,1041.82,28.88,25.04,104182.0,11,3,10,284,13888.0,52647.0,True
2024,10,10,12,1009.8,950.88,709.03,244.9,0.73,18.55,29.73,7.07,18.4,7.51,24.06,0.01,5.29,124.4,83.72,2024-10-10 12:00:00,950.88,29.73,24.06,95088.0,12,3,10,284,32512.0,32038.0,True
2024,10,10,13,873.45,820.28,653.93,233.25,0.72,32.89,29.92,7.47,18.69,7.73,24.47,0.03,5.51,121.6,83.62,2024-10-10 13:00:00,820.28,29.92,24.47,82028.0,13,3,10,284,52153.0,11928.0,True
2024,10,10,14,664.05,617.72,546.94,220.92,0.67,47.6,29.25,7.97,18.61,8.0,26.3,0.05,5.72,118.4,83.57,2024-10-10 14:00:00,617.72,29.25,26.3,61772.0,14,3,10,284,66992.0,597.0,True
2024,10,10,15,400.62,348.2,338.7,151.6,0.55,62.4,27.88,8.53,18.21,8.31,29.57,0.08,6.02,115.5,83.57,2024-10-10 15:00:00,348.2,27.88,29.57,34820.0,15,3,10,284,79210.0,1775.0,True
2024,10,10,16,144.82,126.62,185.73,75.59,0.42,77.24,26.04,9.23,17.63,8.72,34.58,0.14,6.36,111.9,83.62,2024-10-10 16:00:00,126.62,26.04,34.58,12662.0,16,3,10,284,82685.0,20543.0,True
2024,10,10,17,5.57,4.72,6.51,7.2,0.21,89.04,23.74,10.13,16.93,9.25,42.1,0.03,6.51,108.4,83.69,2024-10-10 17:00:00,4.72,23.74,42.1,472.0,17,3,10,284,73942.0,44833.0,True
2024,10,11,5,24.8,19.7,35.93,21.12,0.25,86.69,11.95,10.62,11.29,9.53,91.47,0.05,2.75,93.1,83.96,2024-10-11 05:00:00,19.7,11.95,91.47,1970.0,5,4,10,285,54041.99999999999,67878.0,True
2024,10,11,6,233.45,160.5,358.5,87.79,0.39,72.67,13.78,8.83,11.31,8.45,72.05,0.01,3.42,104.7,84.03,2024-10-11 06:00:00,160.5,13.78,72.05,16050.0,6,4,10,285,41875.0,84065.0,True
2024,10,11,7,497.12,360.42,146.77,254.84,0.5,57.85,18.47,5.14,11.8,6.54,41.4,0.0,4.02,125.1,84.07,2024-10-11 07:00:00,360.42,18.47,41.4,36042.0,7,4,10,285,21862.0,95412.0,True
2024,10,11,8,736.45,600.1,352.74,314.5,0.6,43.08,22.5,5.17,13.83,6.55,32.33,0.0,3.63,134.4,84.07,2024-10-11 08:00:00,600.1,22.5,32.33,60010.0,8,4,10,285,8930.0,89410.0,True
2024,10,11,9,917.83,726.8,304.28,353.74,0.61,28.46,25.48,5.92,15.7,6.9,28.45,0.0,3.41,141.6,84.01,2024-10-11 09:00:00,726.8,25.48,28.45,72680.0,9,4,10,285,507.0,86315.0,True
2024,10,11,10,1028.05,871.62,409.36,371.71,0.66,14.52,27.76,6.01,16.89,6.96,25.07,0.0,3.82,143.2,83.92,2024-10-11 10:00:00,871.62,27.76,25.07,87162.0,10,4,10,285,2250.0,67680.0,True
2024,10,11,11,1071.03,985.03,641.85,332.98,0.73,7.58,29.42,5.82,17.62,6.87,22.44,0.0,4.39,140.2,83.8,2024-10-11 11:00:00,985.03,29.42,22.44,98503.0,11,4,10,285,23290.0,51438.0,True
2024,10,11,12,1016.65,907.0,560.43,292.1,0.7,18.72,30.38,5.56,17.97,6.76,20.87,0.0,4.94,134.6,83.68,2024-10-11 12:00:00,907.0,30.38,20.87,90700.0,12,4,10,285,49650.0,30273.0,True
2024,10,11,13,883.5,828.55,610.78,258.06,0.72,33.01,30.69,5.34,18.02,6.67,20.21,0.0,5.53,128.3,83.59,2024-10-11 13:00:00,828.55,30.69,20.21,82855.0,13,4,10,285,73470.0,11345.0,True
2024,10,11,14,682.42,662.65,718.8,152.22,0.72,47.69,30.28,5.44,17.86,6.72,20.83,0.0,6.17,122.7,83.54,2024-10-11 14:00:00,662.65,30.28,20.83,66265.0,14,4,10,285,89533.0,590.0,True
2024,10,11,15,430.62,397.15,597.26,106.95,0.63,62.48,29.05,6.05,17.55,7.01,23.32,0.0,6.8,118.1,83.54,2024-10-11 15:00:00,397.15,29.05,23.32,39715.0,15,4,10,285,97353.0,1498.0,True
2024,10,11,16,164.73,150.35,347.53,69.37,0.5,77.31,26.89,7.13,17.01,7.55,28.49,0.0,7.16,114.4,83.6,2024-10-11 16:00:00,150.35,26.89,28.49,15035.0,16,4,10,285,97867.0,18243.0,True
2024,10,11,17,6.03,5.5,20.69,7.31,0.25,89.06,24.25,8.21,16.23,8.12,35.87,0.01,6.45,110.5,83.7,2024-10-11 17:00:00,5.5,24.25,35.87,550.0,17,4,10,285,70462.0,42092.0,True
2024,10,12,5,28.4,21.92,83.85,20.82,0.27,86.64,12.98,11.99,12.48,10.43,93.54,0.16,2.11,113.4,83.99,2024-10-12 05:00:00,21.92,12.98,93.54,2192.0,5,5,10,286,73322.0,63788.0,True
2024,10,12,6,251.73,179.48,268.31,89.68,0.44,72.61,15.03,11.48,13.26,10.08,79.21,0.05,3.5,124.1,84.05,2024-10-12 06:00:00,179.48,15.03,79.21,17948.0,6,5,10,286,54388.0,73850.0,True
2024,10,12,7,517.75,386.67,313.85,185.07,0.53,57.8,18.75,10.18,14.46,9.24,57.39,0.17,4.74,132.1,84.09,2024-10-12 07:00:00,386.67,18.75,57.39,38667.0,7,5,10,286,30788.0,81930.0,True
2024,10,12,8,755.03,540.88,446.93,207.09,0.54,43.05,22.33,9.46,15.9,8.8,43.84,0.07,4.86,132.9,84.09,2024-10-12 08:00:00,540.88,22.33,43.84,54088.0,8,5,10,286,11972.0,95372.0,True
2024,10,12,9,935.22,796.4,499.27,319.76,0.66,28.47,25.29,8.89,17.09,8.47,35.3,0.01,4.8,132.9,84.04,2024-10-12 09:00:00,796.4,25.29,35.3,79640.0,9,5,10,286,547.0,85585.0,True
2024,10,12,10,1044.12,1003.33,754.22,246.82,0.76,14.61,27.63,8.09,17.86,8.03,29.13,0.0,5.04,133.4,83.95,2024-10-12 10:00:00,1003.33,27.63,29.13,100333.0,10,5,10,286,1495.0,64341.99999999999,True
2024,10,12,11,1069.18,1056.93,707.17,241.88,0.78,7.89,29.36,7.32,18.34,7.62,24.98,0.02,5.38,132.9,83.84,2024-10-12 11:00:00,1056.93,29.36,24.98,105693.0,11,5,10,286,11997.0,56510.0,True
2024,10,12,12,1014.1,997.95,754.23,224.37,0.77,18.89,30.39,7.04,18.71,7.49,23.11,0.08,5.77,131.3,83.72,2024-10-12 12:00:00,997.95,30.39,23.11,99795.0,12,5,10,286,23500.0,30739.999999999996,True
2024,10,12,13,880.4,756.8,690.8,145.64,0.66,33.13,30.62,7.45,19.04,7.72,23.48,0.26,6.32,129.3,83.63,2024-10-12 13:00:00,756.8,30.62,23.48,75680.0,13,5,10,286,39175.0,12312.0,True
2024,10,12,14,678.3,634.53,700.95,167.24,0.69,47.78,29.93,8.48,19.2,8.29,26.21,0.77,6.98,126.7,83.58,2024-10-12 14:00:00,634.53,29.93,26.21,63453.0,14,5,10,286,50125.0,653.0,True
2024,10,12,15,427.05,378.5,537.36,108.66,0.6,62.55,28.23,9.73,18.98,9.02,31.44,2.1,7.51,123.8,83.59,2024-10-12 15:00:00,378.5,28.23,31.44,37850.0,15,5,10,286,62565.0,1568.0,True
2024,10,12,16,162.12,145.25,317.61,64.99,0.49,77.37,25.67,10.98,18.32,9.8,39.72,3.06,7.83,120.3,83.66,2024-10-12 16:00:00,145.25,25.67,39.72,14525.0,16,5,10,286,73235.0,18323.0,True
2024,10,12,17,5.85,5.43,14.39,7.33,0.25,89.08,22.78,12.33,17.56,10.71,51.66,1.31,7.78,115.3,83.76,2024-10-12 17:00:00,5.43,22.78,51.66,543.0,17,5,10,286,64283.00000000001,42245.0,True
2024,10,13,5,29.3,19.4,41.08,20.83,0.24,86.6,13.09,11.69,12.39,10.22,91.01,0.05,3.36,106.8,83.99,2024-10-13 05:00:00,19.4,13.09,91.01,1939.9999999999998,5,6,10,287,62965.0,63658.00000000001,True
2024,10,13,6,255.25,140.27,239.12,78.8,0.34,72.56,14.06,10.77,12.42,9.61,80.44,0.01,3.79,108.1,84.06,2024-10-13 06:00:00,140.27,14.06,80.44,14027.000000000002,6,6,10,287,53541.99999999999,85633.0,True
2024,10,13,7,523.15,315.9,158.74,214.2,0.43,57.76,17.3,7.89,12.6,7.93,54.02,0.0,4.4,121.7,84.11,2024-10-13 07:00:00,315.9,17.3,54.02,31589.999999999996,7,6,10,287,31320.0,95722.0,True
2024,10,13,8,762.6,513.9,275.16,274.96,0.51,43.03,21.22,4.54,12.88,6.27,33.49,0.0,4.62,130.6,84.11,2024-10-13 08:00:00,513.9,21.22,33.49,51390.0,8,6,10,287,12093.0,97358.0,True
2024,10,13,9,943.42,721.88,332.0,354.19,0.6,28.49,24.47,2.76,13.61,5.53,24.25,0.0,4.51,135.5,84.06,2024-10-13 09:00:00,721.88,24.47,24.25,72188.0,9,6,10,287,535.0,80485.0,True
2024,10,13,10,1053.07,941.42,518.56,322.91,0.71,14.72,26.99,2.01,14.5,5.25,19.81,0.0,4.59,137.7,83.96,2024-10-13 10:00:00,941.42,26.99,19.81,94142.0,10,6,10,287,927.0,57266.99999999999,True
2024,10,13,11,1076.95,1031.6,775.55,229.82,0.76,8.2,28.74,1.72,15.23,5.14,17.49,0.0,4.87,136.7,83.84,2024-10-13 11:00:00,1031.6,28.74,17.49,103159.99999999999,11,6,10,287,8703.0,32664.999999999996,True
2024,10,13,12,1023.33,989.6,727.4,237.8,0.77,19.07,29.79,1.63,15.71,5.11,16.34,0.0,5.21,132.8,83.73,2024-10-13 12:00:00,989.6,29.79,16.34,98960.0,12,6,10,287,19068.0,22030.0,True
2024,10,13,13,891.3,783.58,693.34,163.07,0.68,33.24,30.11,1.93,16.02,5.23,16.41,0.0,5.59,127.3,83.65,2024-10-13 13:00:00,783.58,30.11,16.41,78358.0,13,6,10,287,32902.0,8680.0,True
2024,10,13,14,692.2,659.12,635.04,197.43,0.72,47.87,29.71,2.7,16.21,5.54,17.77,0.0,6.05,121.9,83.6,2024-10-13 14:00:00,659.12,29.71,17.77,65912.0,14,6,10,287,45860.0,475.0,True
2024,10,13,15,439.58,411.02,597.01,132.49,0.65,62.63,28.48,3.8,16.14,5.99,20.62,0.0,6.5,116.9,83.59,2024-10-13 15:00:00,411.02,28.48,20.62,41102.0,15,6,10,287,56285.0,1593.0,True
2024,10,13,16,170.2,157.73,384.51,68.72,0.53,77.43,26.47,5.0,15.73,6.51,25.2,0.0,6.86,111.8,83.62,2024-10-13 16:00:00,157.73,26.47,25.2,15772.999999999998,16,6,10,287,57128.0,14938.0,True
2024,10,13,17,6.12,5.78,22.36,7.63,0.27,89.1,23.54,6.34,14.94,7.14,32.93,0.0,6.16,107.2,83.68,2024-10-13 17:00:00,5.78,23.54,32.93,578.0,17,6,10,287,63735.0,31567.0,True
2024,10,14,5,29.17,26.45,69.3,22.08,0.32,86.56,14.6,13.44,14.02,11.48,92.55,0.03,1.95,109.7,83.94,2024-10-14 05:00:00,26.45,14.6,92.55,2645.0,5,0,10,288,56700.0,49142.0,True
2024,10,14,6,250.77,238.1,437.23,92.95,0.58,72.51,16.2,12.52,14.36,10.81,78.73,0.0,2.7,117.1,84.0,2024-10-14 06:00:00,238.1,16.2,78.73,23810.0,6,0,10,288,42627.0,71015.0,True
2024,10,14,7,513.83,498.9,667.87,117.71,0.68,57.73,19.44,11.21,15.33,9.9,58.85,0.0,2.77,125.3,84.05,2024-10-14 07:00:00,498.9,19.44,58.85,49890.0,7,0,10,288,24360.0,90210.0,True
2024,10,14,8,746.5,742.97,763.16,193.91,0.74,43.02,22.98,9.68,16.33,8.93,42.74,0.0,2.74,129.7,84.04,2024-10-14 08:00:00,742.97,22.98,42.74,74297.0,8,0,10,288,8535.0,95733.0,True
2024,10,14,9,924.17,923.47,824.49,139.61,0.77,28.51,25.92,8.41,17.16,8.2,32.9,0.0,2.72,130.8,83.98,2024-10-14 09:00:00,923.47,25.92,32.9,92347.0,9,0,10,288,468.0,84035.0,True
2024,10,14,10,1029.95,1029.43,848.7,142.24,0.78,14.83,28.32,7.55,17.93,7.74,26.95,0.0,2.82,129.7,83.88,2024-10-14 10:00:00,1029.43,28.32,26.95,102943.0,10,0,10,288,1445.0,67417.0,True
2024,10,14,11,1054.6,1050.9,847.07,173.0,0.78,8.51,30.03,7.25,18.64,7.59,23.91,0.01,2.99,126.6,83.76,2024-10-14 11:00:00,1050.9,30.03,23.91,105090.00000000001,11,0,10,288,13743.0,44827.0,True
2024,10,14,12,999.83,943.95,684.12,247.25,0.73,19.24,30.9,7.23,19.07,7.6,22.75,0.05,3.31,121.3,83.63,2024-10-14 12:00:00,943.95,30.9,22.75,94395.0,12,0,10,288,31485.000000000004,24212.0,True
2024,10,14,13,866.03,757.38,473.93,254.64,0.66,33.36,30.99,7.32,19.15,7.65,22.75,0.11,3.66,115.6,83.53,2024-10-14 13:00:00,757.38,30.99,22.75,75738.0,13,0,10,288,50252.0,9145.0,True
2024,10,14,14,666.22,535.6,482.92,140.66,0.58,47.97,30.11,7.51,18.81,7.76,24.25,0.16,4.18,108.6,83.46,2024-10-14 14:00:00,535.6,30.11,24.25,53560.0,14,0,10,288,60679.99999999999,447.0,True
2024,10,14,15,417.25,300.35,440.18,109.9,0.48,62.7,28.95,7.86,18.4,7.95,26.55,0.19,4.85,101.2,83.45,2024-10-14 15:00:00,300.35,28.95,26.55,30035.000000000004,15,0,10,288,73992.0,1098.0,True
2024,10,14,16,155.75,109.95,108.85,64.55,0.37,77.49,27.35,8.46,17.9,8.28,30.36,0.12,5.39,94.8,83.49,2024-10-14 16:00:00,109.95,27.35,30.36,10995.0,16,0,10,288,67408.0,12193.0,True
2024,10,14,17,5.45,4.38,4.68,6.95,0.21,89.11,25.3,9.32,17.31,8.77,36.32,0.03,5.61,90.7,83.57,2024-10-14 17:00:00,4.38,25.3,36.32,438.0,17,0,10,288,68842.0,23443.0,True
2024,10,15,5,26.02,24.62,37.87,25.26,0.3,86.52,14.97,13.59,14.28,11.61,91.23,0.02,1.28,66.0,83.8,2024-10-15 05:00:00,24.62,14.97,91.23,2462.0,5,1,10,289,52020.00000000001,41095.0,True
2024,10,15,6,229.82,213.2,324.64,112.86,0.52,72.46,16.8,13.34,15.07,11.42,79.9,0.02,1.33,63.2,83.87,2024-10-15 06:00:00,213.2,16.8,79.9,21320.0,6,1,10,289,39470.0,55708.00000000001,True
2024,10,15,7,485.38,455.4,500.02,181.04,0.62,57.7,21.2,12.47,16.83,10.78,57.36,0.06,0.79,163.9,83.91,2024-10-15 07:00:00,455.4,21.2,57.36,45540.0,7,1,10,289,25088.0,72822.0,True
2024,10,15,8,717.12,695.78,607.8,248.28,0.69,43.01,25.24,11.43,18.33,10.06,41.95,0.04,2.11,194.6,83.91,2024-10-15 08:00:00,695.78,25.24,41.95,69578.0,8,1,10,289,9635.0,86733.0,True
2024,10,15,9,895.28,861.78,570.45,319.82,0.72,28.54,27.71,10.85,19.28,9.68,34.88,0.03,2.73,194.6,83.86,2024-10-15 09:00:00,861.78,27.71,34.88,86178.0,9,1,10,289,455.0,73300.0,True
2024,10,15,10,1000.92,959.95,665.67,267.34,0.73,14.96,29.54,10.32,19.93,9.36,30.31,0.05,3.15,190.4,83.78,2024-10-15 10:00:00,959.95,29.54,30.31,95995.0,10,1,10,289,1602.0,58490.0,True
2024,10,15,11,1044.7,976.35,649.07,273.55,0.72,8.83,30.91,9.95,20.43,9.13,27.3,0.07,3.3,184.0,83.67,2024-10-15 11:00:00,976.35,30.91,27.3,97635.0,11,1,10,289,16122.999999999998,33915.0,True
2024,10,15,12,986.05,810.95,516.93,259.3,0.63,19.42,31.75,9.65,20.7,8.96,25.51,0.08,3.19,175.0,83.56,2024-10-15 12:00:00,810.95,31.75,25.51,81095.0,12,1,10,289,34155.0,17630.0,True
2024,10,15,13,853.05,612.92,417.68,218.32,0.54,33.49,31.81,9.39,20.6,8.82,25.0,0.08,3.15,161.5,83.47,2024-10-15 13:00:00,612.92,31.81,25.0,61291.99999999999,13,1,10,289,55865.0,6728.0,True
2024,10,15,14,651.2,421.0,337.45,190.68,0.46,48.06,30.98,9.26,20.12,8.74,25.96,0.09,3.26,146.0,83.43,2024-10-15 14:00:00,421.0,30.98,25.96,42100.0,14,1,10,289,75830.0,355.0,True
2024,10,15,15,406.55,232.55,250.24,118.32,0.37,62.78,30.01,9.18,19.6,8.7,27.31,0.09,3.49,130.6,83.42,2024-10-15 15:00:00,232.55,30.01,27.31,23255.0,15,1,10,289,84995.0,1270.0,True
2024,10,15,16,150.62,78.62,132.98,54.93,0.27,77.54,28.6,9.16,18.88,8.69,29.61,0.08,3.81,116.7,83.46,2024-10-15 16:00:00,78.62,28.6,29.61,7862.0,16,1,10,289,96005.0,12805.000000000002,True
2024,10,15,17,5.3,2.65,4.56,3.7,0.13,89.13,26.81,9.42,18.11,8.84,33.47,0.05,3.51,104.0,83.53,2024-10-15 17:00:00,2.65,26.81,33.47,265.0,17,1,10,289,90445.0,31180.0,True
2024,10,16,5,25.7,22.98,12.39,28.04,0.27,86.48,15.55,13.47,14.51,11.53,87.31,0.0,2.17,24.6,83.82,2024-10-16 05:00:00,22.98,15.55,87.31,2298.0,5,2,10,290,65010.0,50833.0,True
2024,10,16,6,227.12,190.48,92.42,144.05,0.46,72.41,18.42,13.25,15.83,11.35,71.71,0.0,2.88,23.5,83.89,2024-10-16 06:00:00,190.48,18.42,71.71,19048.0,6,2,10,290,54366.99999999999,64588.0,True
2024,10,16,7,485.7,404.12,237.54,262.03,0.55,57.67,22.62,12.17,17.39,10.57,51.58,0.0,1.23,64.1,83.92,2024-10-16 07:00:00,404.12,22.62,51.58,40412.0,7,2,10,290,33720.0,81070.0,True
2024,10,16,8,721.9,623.0,358.89,293.8,0.62,43.01,26.3,11.14,18.72,9.87,38.66,0.02,1.74,147.2,83.91,2024-10-16 08:00:00,623.0,26.3,38.66,62300.0,8,2,10,290,12772.0,88460.0,True
2024,10,16,9,905.65,813.6,450.51,344.48,0.68,28.57,28.53,10.63,19.58,9.54,32.78,0.03,2.54,156.8,83.86,2024-10-16 09:00:00,813.6,28.53,32.78,81360.0,9,2,10,290,547.0,80710.0,True
2024,10,16,10,1011.22,955.62,581.22,324.06,0.72,15.09,30.19,10.21,20.2,9.28,28.95,0.04,3.03,157.3,83.79,2024-10-16 10:00:00,955.62,30.19,28.95,95562.0,10,2,10,290,2140.0,68042.0,True
2024,10,16,11,1033.97,972.92,578.11,299.35,0.72,9.15,30.99,9.87,20.43,9.08,27.03,0.04,3.34,155.6,83.68,2024-10-16 11:00:00,972.92,30.99,27.03,97292.0,11,2,10,290,20575.0,53479.99999999999,True
2024,10,16,12,973.45,723.33,316.5,339.78,0.56,19.6,31.35,9.64,20.49,8.96,26.1,0.07,3.41,150.9,83.57,2024-10-16 12:00:00,723.33,31.35,26.1,72333.0,12,2,10,290,44345.0,32048.0,True
2024,10,16,13,826.62,569.97,276.38,272.31,0.5,33.61,30.8,9.59,20.2,8.94,26.85,0.1,3.37,141.6,83.49,2024-10-16 13:00:00,569.97,30.8,26.85,56997.0,13,2,10,290,66290.0,12272.0,True
2024,10,16,14,629.85,368.25,222.95,174.91,0.4,48.15,30.05,9.8,19.92,9.07,28.42,0.14,3.49,125.4,83.47,2024-10-16 14:00:00,368.25,30.05,28.42,36825.0,14,2,10,290,82303.0,597.0,True
2024,10,16,15,393.15,201.45,195.49,130.01,0.32,62.85,28.91,10.16,19.53,9.29,31.09,0.2,3.88,106.8,83.48,2024-10-16 15:00:00,201.45,28.91,31.09,20145.0,15,2,10,290,92972.0,1692.0000000000002,True
2024,10,16,16,137.73,69.47,60.25,50.78,0.24,77.6,27.33,10.68,19.01,9.61,35.27,0.22,4.48,92.2,83.54,2024-10-16 16:00:00,69.47,27.33,35.27,6947.0,16,2,10,290,101950.0,16530.0,True
2024,10,16,17,4.95,3.08,0.0,4.69,0.15,89.15,25.59,11.36,18.48,10.05,40.9,0.24,4.69,80.1,83.62,2024-10-16 17:00:00,3.08,25.59,40.9,308.0,17,2,10,290,85635.0,35698.0,True
2024,10,17,5,25.88,21.6,19.0,23.98,0.25,86.44,16.08,12.43,14.26,10.76,78.81,0.01,2.24,78.7,83.84,2024-10-17 05:00:00,21.6,16.08,78.81,2160.0,5,3,10,291,77055.0,57470.00000000001,True
2024,10,17,6,227.23,196.07,229.62,135.8,0.47,72.37,17.99,12.36,15.17,10.7,69.48,0.01,3.46,83.9,83.89,2024-10-17 06:00:00,196.07,17.99,69.48,19607.0,6,3,10,291,58678.0,65429.99999999999,True
2024,10,17,7,487.6,440.05,468.95,198.84,0.6,57.65,21.76,11.25,16.51,9.93,51.09,0.0,3.43,94.5,83.93,2024-10-17 07:00:00,440.05,21.76,51.09,44005.0,7,3,10,291,35323.0,82155.0,True
2024,10,17,8,719.6,684.5,544.14,241.59,0.68,43.01,25.05,10.61,17.83,9.52,40.17,0.01,3.17,97.6,83.94,2024-10-17 08:00:00,684.5,25.05,40.17,68450.0,8,3,10,291,13482.0,85085.0,True
2024,10,17,9,897.33,867.92,567.61,329.49,0.72,28.62,26.94,10.62,18.78,9.53,35.94,0.05,3.14,98.8,83.89,2024-10-17 09:00:00,867.92,26.94,35.94,86792.0,9,3,10,291,525.0,79678.0,True
2024,10,17,10,1001.67,965.12,642.19,289.22,0.73,15.24,28.92,10.68,19.8,9.58,32.15,0.15,3.41,96.6,83.79,2024-10-17 10:00:00,965.12,28.92,32.15,96512.0,10,3,10,291,2230.0,64453.0,True
2024,10,17,11,1037.6,971.88,585.65,307.24,0.72,9.47,29.57,10.63,20.1,9.56,30.86,0.15,3.92,89.4,83.67,2024-10-17 11:00:00,971.88,29.57,30.86,97188.0,11,3,10,291,20943.0,49825.0,True
2024,10,17,12,986.75,853.25,450.35,335.97,0.66,19.79,30.12,10.57,20.35,9.54,29.8,0.14,4.2,83.9,83.56,2024-10-17 12:00:00,853.25,30.12,29.8,85325.0,12,3,10,291,44555.0,31210.000000000004,True
2024,10,17,13,856.72,644.75,409.85,278.99,0.57,33.73,30.24,10.67,20.45,9.61,29.78,0.14,4.25,82.3,83.47,2024-10-17 13:00:00,644.75,30.24,29.78,64475.0,13,3,10,291,67020.0,11638.0,True
2024,10,17,14,660.08,498.85,473.86,126.66,0.55,48.24,28.98,10.85,19.91,9.73,32.4,0.12,4.31,83.1,83.43,2024-10-17 14:00:00,498.85,28.98,32.4,49885.0,14,3,10,291,83697.0,543.0,True
2024,10,17,15,411.55,255.3,261.02,140.06,0.41,62.92,27.61,11.14,19.38,9.92,35.77,0.18,4.12,84.8,83.44,2024-10-17 15:00:00,255.3,27.61,35.77,25530.0,15,3,10,291,96735.0,1488.0,True
2024,10,17,16,153.23,83.45,68.27,61.49,0.28,77.65,26.0,11.52,18.76,10.17,40.34,0.16,3.91,85.3,83.5,2024-10-17 16:00:00,83.45,26.0,40.34,8345.0,16,3,10,291,104182.0,13888.0,True
2024,10,17,17,5.25,2.75,2.96,4.65,0.14,89.16,24.41,11.95,18.18,10.45,45.6,0.2,3.9,83.7,83.58,2024-10-17 17:00:00,2.75,24.41,45.6,275.0,17,3,10,291,95088.0,32512.0,True
2024,10,18,5,29.08,19.95,21.91,19.13,0.23,86.4,17.43,14.52,15.98,12.35,82.87,0.18,1.53,65.6,83.76,2024-10-18 05:00:00,19.95,17.43,82.87,1995.0,5,4,10,292,82028.0,52153.0,True
2024,10,18,6,246.45,170.27,308.2,90.95,0.41,72.33,18.3,14.47,16.38,12.3,78.19,0.4,1.29,69.0,83.82,2024-10-18 06:00:00,170.27,18.3,78.19,17027.0,6,4,10,292,61772.0,66992.0,True
2024,10,18,7,501.83,378.95,410.07,156.64,0.52,57.63,20.37,14.09,17.23,12.0,67.11,0.95,0.86,85.3,83.86,2024-10-18 07:00:00,378.95,20.37,67.11,37895.0,7,4,10,292,34820.0,79210.0,True
2024,10,18,8,730.92,565.6,429.07,226.32,0.56,43.01,22.95,13.54,18.24,11.57,55.27,1.32,0.85,115.1,83.86,2024-10-18 08:00:00,565.6,22.95,55.27,56560.0,8,4,10,292,12662.0,82685.0,True
2024,10,18,9,906.35,731.22,436.34,295.49,0.61,28.66,25.34,12.99,19.17,11.17,46.21,1.95,0.98,117.4,83.81,2024-10-18 09:00:00,731.22,25.34,46.21,73122.0,9,4,10,292,472.0,73942.0,True
2024,10,18,10,1010.65,827.6,463.85,284.32,0.63,15.39,26.73,12.53,19.63,10.85,41.31,2.23,1.2,113.1,83.72,2024-10-18 10:00:00,827.6,26.73,41.31,82760.0,10,4,10,292,1970.0,54041.99999999999,True
2024,10,18,11,1009.83,717.7,366.78,289.06,0.53,9.79,27.32,12.26,19.79,10.67,39.2,2.16,1.33,103.0,83.62,2024-10-18 11:00:00,717.7,27.32,39.2,71770.0,11,4,10,292,16050.0,41875.0,True
2024,10,18,12,951.58,636.22,273.98,324.35,0.49,19.97,27.34,12.24,19.79,10.66,39.08,2.06,1.42,93.6,83.53,2024-10-18 12:00:00,636.22,27.34,39.08,63622.0,12,4,10,292,36042.0,21862.0,True
2024,10,18,13,816.7,390.83,31.03,253.23,0.34,33.85,27.3,12.38,19.84,10.77,39.54,2.03,1.6,101.2,83.46,2024-10-18 13:00:00,390.83,27.3,39.54,39083.0,13,4,10,292,60010.0,8930.0,True
2024,10,18,14,612.3,347.83,197.8,179.62,0.38,48.33,26.8,12.61,19.7,10.94,41.33,1.83,1.98,111.0,83.42,2024-10-18 14:00:00,347.83,26.8,41.33,34783.0,14,4,10,292,72680.0,507.0,True
2024,10,18,15,377.62,196.3,115.84,120.87,0.31,62.98,25.87,12.96,19.42,11.19,44.66,1.38,2.46,115.8,83.43,2024-10-18 15:00:00,196.3,25.87,44.66,19630.0,15,4,10,292,87162.0,2250.0,True
2024,10,18,16,133.6,71.78,29.68,59.25,0.25,77.7,24.56,13.41,18.98,11.52,49.73,0.97,2.85,116.2,83.48,2024-10-18 16:00:00,71.78,24.56,49.73,7178.0,16,4,10,292,98503.0,23290.0,True
2024,10,18,17,4.62,2.85,0.0,4.28,0.14,89.17,23.21,13.92,18.57,11.91,55.79,0.81,2.96,115.2,83.56,2024-10-18 17:00:00,2.85,23.21,55.79,285.0,17,4,10,292,90700.0,49650.0,True
2024,10,19,5,23.3,13.93,9.31,16.95,0.16,86.37,17.25,15.04,16.14,12.78,86.67,0.21,2.89,58.5,83.72,2024-10-19 05:00:00,13.93,17.25,86.67,1393.0,5,5,10,293,82855.0,73470.0,True
2024,10,19,6,199.7,98.0,102.56,92.47,0.23,72.3,18.32,15.27,16.8,12.97,82.28,0.21,3.37,68.8,83.79,2024-10-19 06:00:00,98.0,18.32,82.28,9800.0,6,5,10,293,66265.0,89533.0,True
2024,10,19,7,449.33,185.05,4.59,154.89,0.25,57.61,20.53,15.0,17.77,12.73,70.44,0.54,3.17,76.0,83.84,2024-10-19 07:00:00,185.05,20.53,70.44,18505.0,7,5,10,293,39715.0,97353.0,True
2024,10,19,8,678.38,301.67,16.08,229.96,0.3,43.02,23.14,14.36,18.75,12.22,57.68,0.48,2.64,78.4,83.85,2024-10-19 08:00:00,301.67,23.14,57.68,30167.0,8,5,10,293,15035.0,97867.0,True
2024,10,19,9,858.45,442.05,60.6,304.58,0.37,28.72,25.21,13.75,19.48,11.74,48.92,0.54,2.13,80.3,83.79,2024-10-19 09:00:00,442.05,25.21,48.92,44205.0,9,5,10,293,550.0,70462.0,True
2024,10,19,10,967.95,622.38,275.85,301.02,0.47,15.55,26.61,13.23,19.92,11.36,43.54,0.58,1.73,86.4,83.7,2024-10-19 10:00:00,622.38,26.61,43.54,62238.0,10,5,10,293,2192.0,73322.0,True
2024,10,19,11,1037.12,825.1,421.31,346.87,0.61,10.11,27.23,12.83,20.03,11.08,40.9,0.93,1.51,105.0,83.6,2024-10-19 11:00:00,825.1,27.23,40.9,82510.0,11,5,10,293,17948.0,54388.0,True
2024,10,19,12,979.95,837.05,436.55,326.31,0.65,20.16,26.63,12.95,19.79,11.18,42.71,1.32,1.77,124.4,83.52,2024-10-19 12:00:00,837.05,26.63,42.71,83705.0,12,5,10,293,38667.0,30788.0,True
2024,10,19,13,845.0,609.22,370.0,239.73,0.53,33.97,25.9,13.37,19.64,11.5,45.83,1.49,2.28,135.9,83.47,2024-10-19 13:00:00,609.22,25.9,45.83,60922.0,13,5,10,293,54088.0,11972.0,True
2024,10,19,14,645.83,409.83,229.79,197.3,0.45,48.42,24.89,13.83,19.36,11.85,50.13,1.7,2.71,143.1,83.47,2024-10-19 14:00:00,409.83,24.89,50.13,40983.0,14,5,10,293,79640.0,547.0,True
2024,10,19,15,400.35,233.45,144.11,168.93,0.38,63.05,23.71,14.32,19.02,12.22,55.5,2.05,2.95,146.9,83.5,2024-10-19 15:00:00,233.45,23.71,55.5,23345.0,15,5,10,293,100333.0,1495.0,True
2024,10,19,16,145.18,84.2,46.95,66.06,0.29,77.75,22.41,14.82,18.61,12.62,62.03,2.68,3.09,148.0,83.56,2024-10-19 16:00:00,84.2,22.41,62.03,8420.0,16,5,10,293,105693.0,11997.0,True
2024,10,19,17,4.85,2.6,2.22,4.15,0.13,89.19,21.17,15.3,18.23,13.02,69.07,3.2,3.03,146.8,83.62,2024-10-19 17:00:00,2.6,21.17,69.07,260.0,17,5,10,293,99795.0,23500.0,True
2024,10,20,5,25.05,11.65,0.0,14.23,0.13,86.33,16.93,15.22,16.07,12.92,89.5,4.48,2.79,54.0,83.81,2024-10-20 05:00:00,11.65,16.93,89.5,1165.0,5,6,10,294,75680.0,39175.0,True
2024,10,20,6,215.82,111.05,13.54,92.35,0.27,72.27,17.74,15.18,16.46,12.88,84.84,3.27,3.17,57.1,83.88,2024-10-20 06:00:00,111.05,17.74,84.84,11105.0,6,6,10,294,63453.0,50125.0,True
2024,10,20,7,469.58,238.98,30.25,186.26,0.32,57.6,19.98,14.81,17.39,12.56,71.98,3.04,3.21,62.2,83.93,2024-10-20 07:00:00,238.98,19.98,71.98,23898.0,7,6,10,294,37850.0,62565.0,True
2024,10,20,8,697.28,379.58,105.55,274.84,0.38,43.03,22.96,13.61,18.29,11.62,55.52,2.76,3.19,71.9,83.93,2024-10-20 08:00:00,379.58,22.96,55.52,37958.0,8,6,10,294,14525.0,73235.0,True
2024,10,20,9,875.72,474.75,126.91,313.73,0.39,28.78,25.67,12.11,18.89,10.54,42.81,2.08,3.35,84.2,83.87,2024-10-20 09:00:00,474.75,25.67,42.81,47475.0,9,6,10,294,543.0,64283.00000000001,True
2024,10,20,10,978.45,515.05,43.41,289.86,0.39,15.71,27.93,11.25,19.59,9.95,35.36,1.45,3.8,89.8,83.78,2024-10-20 10:00:00,515.05,27.93,35.36,51504.99999999999,10,6,10,294,1939.9999999999998,62965.0,True
2024,10,20,11,1028.38,595.72,279.75,375.12,0.44,10.43,29.42,10.84,20.13,9.7,31.58,0.86,4.39,90.9,83.68,2024-10-20 11:00:00,595.72,29.42,31.58,59572.0,11,6,10,294,14027.000000000002,53541.99999999999,True
2024,10,20,12,968.03,700.6,214.15,366.43,0.54,20.35,29.71,10.67,20.19,9.6,30.71,0.63,5.01,90.0,83.58,2024-10-20 12:00:00,700.6,29.71,30.71,70060.0,12,6,10,294,31589.999999999996,31320.0,True
2024,10,20,13,830.92,548.78,120.72,314.84,0.48,34.09,29.29,10.62,19.95,9.58,31.37,0.63,5.48,88.9,83.51,2024-10-20 13:00:00,548.78,29.29,31.37,54878.0,13,6,10,294,51390.0,12093.0,True
2024,10,20,14,635.0,447.08,294.15,228.49,0.49,48.5,28.5,10.59,19.55,9.56,32.76,0.55,5.76,87.8,83.48,2024-10-20 14:00:00,447.08,28.5,32.76,44708.0,14,6,10,294,72188.0,535.0,True
2024,10,20,15,389.35,218.02,176.34,130.53,0.35,63.11,27.67,10.44,19.05,9.46,34.02,0.27,5.82,87.4,83.49,2024-10-20 15:00:00,218.02,27.67,34.02,21802.0,15,6,10,294,94142.0,927.0,True
2024,10,20,16,136.32,74.85,72.71,65.35,0.26,77.8,26.48,10.18,18.33,9.3,35.89,0.03,5.67,87.6,83.54,2024-10-20 16:00:00,74.85,26.48,35.89,7484.999999999999,16,6,10,294,103159.99999999999,8703.0,True
2024,10,20,17,4.6,3.0,1.55,5.12,0.16,89.2,24.52,10.21,17.37,9.32,40.44,0.01,4.35,90.4,83.61,2024-10-20 17:00:00,3.0,24.52,40.44,300.0,17,6,10,294,98960.0,19068.0,True
2024,10,21,5,28.5,20.77,20.29,21.7,0.23,86.3,16.32,15.49,15.9,13.15,94.67,0.33,3.65,84.8,83.8,2024-10-21 05:00:00,20.77,16.32,94.67,2077.0,5,0,10,295,78358.0,32902.0,True
2024,10,21,6,237.73,162.07,264.32,88.45,0.39,72.24,17.69,15.29,16.49,12.97,85.69,0.28,4.87,94.9,83.87,2024-10-21 06:00:00,162.07,17.69,85.69,16207.0,6,0,10,295,65912.0,45860.0,True
2024,10,21,7,496.0,347.3,361.87,163.85,0.47,57.59,20.46,14.38,17.42,12.22,67.99,0.1,5.18,101.9,83.91,2024-10-21 07:00:00,347.3,20.46,67.99,34730.0,7,0,10,295,41102.0,56285.0,True
2024,10,21,8,728.5,544.15,336.91,276.13,0.54,43.05,23.72,12.73,18.22,10.98,50.12,0.02,5.12,104.4,83.92,2024-10-21 08:00:00,544.15,23.72,50.12,54415.0,8,0,10,295,15772.999999999998,57128.0,True
2024,10,21,9,907.12,691.78,252.89,345.72,0.57,28.84,26.48,11.14,18.81,9.88,38.28,0.0,5.01,105.0,83.89,2024-10-21 09:00:00,691.78,26.48,38.28,69178.0,9,0,10,295,578.0,63735.0,True
2024,10,21,10,1013.42,822.05,251.42,398.73,0.62,15.88,28.69,9.97,19.33,9.13,31.07,0.0,5.0,104.7,83.82,2024-10-21 10:00:00,822.05,28.69,31.07,82205.0,10,0,10,295,2645.0,56700.0,True
2024,10,21,11,1036.7,868.72,406.5,358.55,0.64,10.75,30.29,9.26,19.77,8.72,27.04,0.01,5.12,103.5,83.72,2024-10-21 11:00:00,868.72,30.29,27.04,86872.0,11,0,10,295,23810.0,42627.0,True
2024,10,21,12,981.28,796.65,527.24,269.96,0.62,20.54,31.21,8.87,20.04,8.5,24.98,0.02,5.38,101.5,83.61,2024-10-21 12:00:00,796.65,31.21,24.98,79665.0,12,0,10,295,49890.0,24360.0,True
2024,10,21,13,848.17,706.9,562.64,231.57,0.62,34.21,31.39,8.54,19.96,8.32,24.18,0.04,5.73,99.4,83.53,2024-10-21 13:00:00,706.9,31.39,24.18,70690.0,13,0,10,295,74297.0,8535.0,True
2024,10,21,14,648.92,564.95,472.69,198.11,0.62,48.59,30.81,8.33,19.57,8.2,24.62,0.06,6.1,97.8,83.48,2024-10-21 14:00:00,564.95,30.81,24.62,56495.00000000001,14,0,10,295,92347.0,468.0,True
2024,10,21,15,402.85,309.62,347.86,120.72,0.5,63.18,29.54,8.31,18.92,8.2,26.48,0.07,6.41,97.3,83.48,2024-10-21 15:00:00,309.62,29.54,26.48,30962.0,15,0,10,295,102943.0,1445.0,True
2024,10,21,16,146.98,114.0,247.53,71.07,0.39,77.84,27.49,8.62,18.05,8.36,30.42,0.03,6.62,97.1,83.53,2024-10-21 16:00:00,114.0,27.49,30.42,11400.0,16,0,10,295,105090.00000000001,13743.0,True
2024,10,21,17,4.78,3.88,8.03,6.37,0.2,89.21,25.11,9.36,17.23,8.79,36.84,0.02,6.11,97.8,83.62,2024-10-21 17:00:00,3.88,25.11,36.84,388.0,17,0,10,295,94395.0,31485.000000000004,True
2024,10,22,5,28.98,27.77,33.39,24.88,0.31,86.27,14.94,13.39,14.17,11.47,90.32,0.0,1.1,107.4,83.82,2024-10-22 05:00:00,27.77,14.94,90.32,2777.0,5,1,10,296,75738.0,50252.0,True
2024,10,22,6,240.02,221.18,359.89,110.73,0.53,72.21,17.24,12.87,15.05,11.08,75.41,0.0,1.96,125.5,83.87,2024-10-22 06:00:00,221.18,17.24,75.41,22118.0,6,1,10,296,53560.0,60679.99999999999,True
2024,10,22,7,499.48,458.7,588.73,144.39,0.62,57.58,21.25,10.87,16.06,9.7,51.49,0.0,3.5,139.8,83.92,2024-10-22 07:00:00,458.7,21.25,51.49,45870.0,7,1,10,296,30035.000000000004,73992.0,True
2024,10,22,8,732.92,699.1,593.5,257.13,0.7,43.08,24.77,8.87,16.82,8.47,36.36,0.0,4.45,136.9,83.92,2024-10-22 08:00:00,699.1,24.77,36.36,69910.0,8,1,10,296,10995.0,67408.0,True
2024,10,22,9,910.35,841.3,621.75,265.97,0.7,28.91,27.35,7.73,17.54,7.85,28.92,0.0,5.06,133.7,83.87,2024-10-22 09:00:00,841.3,27.35,28.92,84130.0,9,1,10,296,438.0,68842.0,True
2024,10,22,10,1016.83,963.2,664.64,279.75,0.73,16.06,29.37,7.36,18.36,7.65,25.04,0.0,5.54,131.9,83.78,2024-10-22 10:00:00,963.2,29.37,25.04,96320.0,10,1,10,296,2462.0,52020.00000000001,True
2024,10,22,11,1055.88,1016.92,649.36,295.87,0.75,11.07,30.76,7.08,18.92,7.51,22.67,0.0,5.89,129.9,83.67,2024-10-22 11:00:00,1016.92,30.76,22.67,101692.0,11,1,10,296,21320.0,39470.0,True
2024,10,22,12,1000.22,949.15,693.7,276.81,0.74,20.73,31.51,6.86,19.18,7.41,21.41,0.0,6.19,125.9,83.57,2024-10-22 12:00:00,949.15,31.51,21.41,94915.0,12,1,10,296,45540.0,25088.0,True
2024,10,22,13,866.53,777.55,550.41,288.06,0.68,34.33,31.62,6.84,19.23,7.4,21.23,0.0,6.45,121.9,83.5,2024-10-22 13:00:00,777.55,31.62,21.23,77755.0,13,1,10,296,69578.0,9635.0,True
2024,10,22,14,666.8,569.58,520.19,217.3,0.63,48.67,30.96,7.02,18.99,7.5,22.33,0.0,6.64,118.3,83.47,2024-10-22 14:00:00,569.58,30.96,22.33,56958.00000000001,14,1,10,296,86178.0,455.0,True
2024,10,22,15,417.5,321.08,580.45,96.25,0.52,63.24,29.53,7.5,18.52,7.75,25.05,0.0,6.78,114.3,83.49,2024-10-22 15:00:00,321.08,29.53,25.05,32108.0,15,1,10,296,95995.0,1602.0,True
2024,10,22,16,155.6,121.4,266.31,65.7,0.42,77.88,27.4,8.2,17.8,8.13,29.75,0.0,6.9,109.3,83.56,2024-10-22 16:00:00,121.4,27.4,29.75,12140.0,16,1,10,296,97635.0,16122.999999999998,True
2024,10,22,17,4.97,4.22,17.32,6.14,0.22,89.22,24.64,9.11,16.88,8.63,37.21,0.0,6.35,104.0,83.63,2024-10-22 17:00:00,4.22,24.64,37.21,422.0,17,1,10,296,81095.0,34155.0,True
2024,10,23,5,32.53,30.67,78.34,23.62,0.34,86.25,14.02,12.57,13.3,10.86,90.84,0.18,3.94,79.6,83.86,2024-10-23 05:00:00,30.67,14.02,90.84,3067.0,5,2,10,297,61291.99999999999,55865.0,True
2024,10,23,6,257.62,244.88,486.77,89.9,0.58,72.19,15.47,11.47,13.47,10.1,77.04,0.01,4.26,83.0,83.93,2024-10-23 06:00:00,244.88,15.47,77.04,24488.0,6,2,10,297,42100.0,75830.0,True
2024,10,23,7,520.4,507.02,646.09,137.91,0.69,57.58,19.22,8.12,13.67,8.08,48.71,0.0,4.5,99.5,83.98,2024-10-23 07:00:00,507.02,19.22,48.71,50702.0,7,2,10,297,23255.0,84995.0,True
2024,10,23,8,754.17,751.58,818.07,122.98,0.75,43.1,23.15,5.37,14.26,6.65,31.52,0.0,4.5,113.8,83.98,2024-10-23 08:00:00,751.58,23.15,31.52,75158.0,8,2,10,297,7862.0,96005.0,True
2024,10,23,9,930.25,926.45,769.07,184.45,0.77,28.99,26.15,4.89,15.52,6.43,25.46,0.0,4.36,125.1,83.93,2024-10-23 09:00:00,926.45,26.15,25.46,92645.0,9,2,10,297,265.0,90445.0,True
2024,10,23,10,1035.25,1025.55,833.87,186.32,0.78,16.25,28.45,5.17,16.81,6.57,22.71,0.0,4.33,132.6,83.84,2024-10-23 10:00:00,1025.55,28.45,22.71,102555.0,10,2,10,297,2298.0,65010.0,True
2024,10,23,11,1055.25,1049.25,824.84,192.14,0.78,11.39,30.07,5.33,17.7,6.65,20.91,0.0,4.34,135.2,83.74,2024-10-23 11:00:00,1049.25,30.07,20.91,104925.0,11,2,10,297,19048.0,54366.99999999999,True
2024,10,23,12,997.65,958.08,671.47,256.18,0.74,20.92,31.03,5.58,18.31,6.77,20.12,0.0,4.38,133.6,83.63,2024-10-23 12:00:00,958.08,31.03,20.12,95808.0,12,2,10,297,40412.0,33720.0,True
2024,10,23,13,862.38,732.72,692.76,151.74,0.65,34.45,31.35,5.94,18.64,6.95,20.26,0.0,4.47,129.6,83.54,2024-10-23 13:00:00,732.72,31.35,20.26,73272.0,13,2,10,297,62300.0,12772.0,True
2024,10,23,14,660.9,579.47,504.07,202.94,0.64,48.76,30.95,6.33,18.64,7.15,21.31,0.0,4.6,124.6,83.48,2024-10-23 14:00:00,579.47,30.95,21.31,57947.0,14,2,10,297,81360.0,547.0,True
2024,10,23,15,410.42,321.92,510.4,114.78,0.52,63.3,29.86,6.77,18.32,7.37,23.37,0.0,4.83,119.4,83.48,2024-10-23 15:00:00,321.92,29.86,23.37,32192.0,15,2,10,297,95562.0,2140.0,True
2024,10,23,16,150.25,119.18,297.92,61.0,0.41,77.92,27.91,7.34,17.62,7.66,27.21,0.0,5.22,113.7,83.52,2024-10-23 16:00:00,119.18,27.91,27.21,11918.0,16,2,10,297,97292.0,20575.0,True
2024,10,23,17,4.72,3.92,10.12,6.22,0.21,89.23,25.82,8.19,17.01,8.12,32.63,0.0,5.24,107.1,83.59,2024-10-23 17:00:00,3.92,25.82,32.63,392.0,17,2,10,297,72333.0,44345.0,True
2024,10,24,5,30.35,29.8,71.21,23.41,0.33,86.22,15.89,14.45,15.17,12.29,91.02,0.43,2.1,72.0,83.82,2024-10-24 05:00:00,29.8,15.89,91.02,2980.0,5,3,10,298,56997.0,66290.0,True
2024,10,24,6,246.0,240.98,345.68,108.49,0.57,72.17,17.19,14.41,15.8,12.25,83.58,0.25,2.43,81.0,83.88,2024-10-24 06:00:00,240.98,17.19,83.58,24098.0,6,3,10,298,36825.0,82303.0,True
2024,10,24,7,503.95,498.95,599.08,130.05,0.68,57.59,19.97,13.74,16.85,11.72,67.25,0.05,2.12,98.4,83.93,2024-10-24 07:00:00,498.95,19.97,67.25,49895.0,7,3,10,298,20145.0,92972.0,True
2024,10,24,8,732.85,729.75,688.72,184.38,0.73,43.14,23.46,12.57,18.02,10.85,50.33,0.03,2.01,120.5,83.94,2024-10-24 08:00:00,729.75,23.46,50.33,72975.0,8,3,10,298,6947.0,101950.0,True
2024,10,24,9,907.5,895.78,729.6,212.36,0.74,29.07,26.46,11.83,19.15,10.33,40.06,0.1,2.16,134.8,83.9,2024-10-24 09:00:00,895.78,26.46,40.06,89578.0,9,3,10,298,308.0,85635.0,True
2024,10,24,10,1010.83,983.2,715.63,230.34,0.74,16.44,28.55,11.33,19.94,10.0,34.29,0.18,2.32,138.5,83.82,2024-10-24 10:00:00,983.2,28.55,34.29,98320.0,10,3,10,298,2160.0,77055.0,True
2024,10,24,11,1038.35,996.78,658.04,298.47,0.74,11.71,29.45,10.99,20.22,9.79,31.84,0.27,2.33,133.1,83.72,2024-10-24 11:00:00,996.78,29.45,31.84,99678.0,11,3,10,298,19607.0,58678.0,True
2024,10,24,12,980.8,885.7,550.43,324.63,0.69,21.11,29.84,10.73,20.29,9.63,30.58,0.45,2.34,120.6,83.61,2024-10-24 12:00:00,885.7,29.84,30.58,88570.0,12,3,10,298,44005.0,35323.0,True
2024,10,24,13,845.97,656.67,510.78,210.06,0.58,34.57,29.89,10.51,20.2,9.51,30.08,0.57,2.53,108.9,83.51,2024-10-24 13:00:00,656.67,29.89,30.08,65667.0,13,3,10,298,68450.0,13482.0,True
2024,10,24,14,645.38,469.25,383.64,211.66,0.52,48.84,29.29,10.51,19.9,9.52,31.15,0.66,3.08,100.9,83.46,2024-10-24 14:00:00,469.25,29.29,31.15,46925.0,14,3,10,298,86792.0,525.0,True
2024,10,24,15,396.62,269.62,256.86,140.7,0.44,63.35,28.49,10.75,19.62,9.67,33.14,0.66,3.93,97.2,83.45,2024-10-24 15:00:00,269.62,28.49,33.14,26962.0,15,3,10,298,96512.0,2230.0,True
2024,10,24,16,138.1,85.22,86.01,67.38,0.3,77.96,27.13,11.18,19.15,9.94,36.88,0.62,4.79,95.3,83.48,2024-10-24 16:00:00,85.22,27.13,36.88,8522.0,16,3,10,298,97188.0,20943.0,True
2024,10,24,17,4.25,2.85,2.31,5.5,0.15,89.23,25.24,11.82,18.53,10.37,43.04,0.29,5.04,95.2,83.54,2024-10-24 17:00:00,2.85,25.24,43.04,285.0,17,3,10,298,85325.0,44555.0,True
2024,10,25,5,29.3,23.45,43.23,23.06,0.26,86.2,16.13,14.69,15.41,12.49,91.02,0.29,3.12,92.6,83.76,2024-10-25 05:00:00,23.45,16.13,91.02,2345.0,5,4,10,299,64475.0,67020.0,True
2024,10,25,6,240.0,193.57,184.13,137.49,0.46,72.16,17.26,14.07,15.67,11.99,81.41,0.11,3.36,97.5,83.83,2024-10-25 06:00:00,193.57,17.26,81.41,19357.0,6,4,10,299,49885.0,83697.0,True
2024,10,25,7,497.02,433.67,381.83,207.81,0.59,57.59,20.21,11.98,16.1,10.47,59.21,0.05,3.74,109.0,83.89,2024-10-25 07:00:00,433.67,20.21,59.21,43367.0,7,4,10,299,25530.0,96735.0,True
2024,10,25,8,727.88,658.67,519.48,262.46,0.66,43.17,24.08,9.62,16.85,8.93,39.93,0.02,4.33,116.3,83.9,2024-10-25 08:00:00,658.67,24.08,39.93,65867.0,8,4,10,299,8345.0,104182.0,True
2024,10,25,9,903.35,861.7,642.26,257.46,0.72,29.16,27.22,8.75,17.98,8.41,31.21,0.01,4.54,114.5,83.86,2024-10-25 09:00:00,861.7,27.22,31.21,86170.0,9,4,10,299,275.0,95088.0,True
2024,10,25,10,1008.38,975.0,686.48,264.6,0.74,16.64,29.58,8.34,18.96,8.19,26.48,0.01,4.72,110.1,83.77,2024-10-25 10:00:00,975.0,29.58,26.48,97500.0,10,4,10,299,1995.0,82028.0,True
2024,10,25,11,1042.38,1018.3,698.63,259.47,0.76,12.02,31.1,7.96,19.53,7.99,23.65,0.0,4.96,105.3,83.65,2024-10-25 11:00:00,1018.3,31.1,23.65,101830.0,11,4,10,299,17027.0,61772.0,True
2024,10,25,12,984.28,790.22,706.75,174.43,0.62,21.3,32.03,7.57,19.8,7.79,21.84,0.0,5.32,101.1,83.52,2024-10-25 12:00:00,790.22,32.03,21.84,79022.0,12,4,10,299,37895.0,34820.0,True
2024,10,25,13,849.6,764.88,536.7,267.72,0.67,34.69,31.89,7.21,19.55,7.6,21.45,0.0,5.7,98.0,83.43,2024-10-25 13:00:00,764.88,31.89,21.45,76488.0,13,4,10,299,56560.0,12662.0,True
2024,10,25,14,647.17,577.0,526.21,204.68,0.64,48.92,31.26,6.96,19.11,7.48,21.87,0.0,6.16,96.0,83.38,2024-10-25 14:00:00,577.0,31.26,21.87,57700.0,14,4,10,299,73122.0,472.0,True
2024,10,25,15,400.1,337.9,403.2,153.51,0.55,63.41,29.76,6.83,18.3,7.41,23.61,0.0,6.58,95.1,83.39,2024-10-25 15:00:00,337.9,29.76,23.61,33790.0,15,4,10,299,82760.0,1970.0,True
2024,10,25,16,145.57,123.85,217.59,72.81,0.43,77.99,27.83,6.8,17.32,7.39,26.35,0.0,6.81,95.2,83.45,2024-10-25 16:00:00,123.85,27.83,26.35,12385.0,16,4,10,299,71770.0,16050.0,True
2024,10,25,17,4.6,4.22,8.38,6.98,0.23,89.24,25.4,6.91,16.15,7.44,30.64,0.0,6.45,96.4,83.54,2024-10-25 17:00:00,4.22,25.4,30.64,422.0,17,4,10,299,63622.0,36042.0,True
2024,10,26,5,30.4,24.65,36.63,24.36,0.27,86.18,16.8,16.2,16.5,13.78,96.09,0.4,3.0,85.0,83.71,2024-10-26 05:00:00,24.65,16.8,96.09,2465.0,5,5,10,300,39083.0,60010.0,True
2024,10,26,6,245.25,212.95,402.1,121.8,0.5,72.15,18.3,15.83,17.07,13.44,85.34,0.27,4.15,87.7,83.78,2024-10-26 06:00:00,212.95,18.3,85.34,21295.0,6,5,10,300,34783.0,72680.0,True
2024,10,26,7,505.77,451.67,1044.27,229.43,0.61,57.61,20.96,14.84,17.9,12.61,67.95,0.06,4.22,89.0,83.83,2024-10-26 07:00:00,451.67,20.96,67.95,45167.0,7,5,10,300,19630.0,87162.0,True
2024,10,26,8,739.42,670.4,1125.32,336.57,0.67,43.22,24.54,13.15,18.85,11.28,48.96,0.02,4.27,92.1,83.83,2024-10-26 08:00:00,670.4,24.54,48.96,67040.0,8,5,10,300,7178.0,98503.0,True
2024,10,26,9,915.88,840.28,965.36,395.79,0.7,29.25,27.59,11.31,19.45,10.0,36.25,0.01,4.22,94.3,83.78,2024-10-26 09:00:00,840.28,27.59,36.25,84028.0,9,5,10,300,285.0,90700.0,True
2024,10,26,10,1019.7,935.88,1002.31,461.54,0.71,16.84,29.89,9.83,19.86,9.06,28.73,0.0,4.19,94.2,83.7,2024-10-26 10:00:00,935.88,29.89,28.73,93588.0,10,5,10,300,1393.0,82855.0,True
2024,10,26,11,1043.0,927.95,655.72,459.38,0.69,12.34,31.52,8.86,20.19,8.49,24.51,0.0,4.36,93.9,83.6,2024-10-26 11:00:00,927.95,31.52,24.51,92795.0,11,5,10,300,9800.0,66265.0,True
2024,10,26,12,982.7,891.47,707.54,423.19,0.7,21.49,32.48,8.49,20.48,8.29,22.64,0.01,4.78,92.9,83.49,2024-10-26 12:00:00,891.47,32.48,22.64,89147.0,12,5,10,300,18505.0,39715.0,True
2024,10,26,13,845.8,740.22,440.58,353.36,0.65,34.81,32.71,8.45,20.58,8.28,22.3,0.01,5.28,91.6,83.4,2024-10-26 13:00:00,740.22,32.71,22.3,74022.0,13,5,10,300,30167.0,15035.0,True
2024,10,26,14,626.92,539.2,410.43,299.64,0.6,49.0,32.01,8.61,20.31,8.38,23.46,0.03,5.8,90.1,83.35,2024-10-26 14:00:00,539.2,32.01,23.46,53920.00000000001,14,5,10,300,44205.0,550.0,True
2024,10,26,15,377.7,314.0,160.56,219.87,0.51,63.46,30.63,9.1,19.86,8.66,26.22,0.07,6.35,88.4,83.36,2024-10-26 15:00:00,314.0,30.63,26.22,31400.0,15,5,10,300,62238.0,2192.0,True
2024,10,26,16,136.75,116.15,62.16,85.47,0.41,78.03,28.47,9.91,19.19,9.14,31.36,0.06,6.8,86.6,83.43,2024-10-26 16:00:00,116.15,28.47,31.36,11615.0,16,5,10,300,82510.0,17948.0,True
2024,10,26,17,4.43,4.28,1.89,7.06,0.24,89.25,26.14,10.81,18.48,9.7,38.18,0.04,6.66,87.2,83.52,2024-10-26 17:00:00,4.28,26.14,38.18,428.0,17,5,10,300,83705.0,38667.0,True
2024,10,27,5,31.98,25.98,13.09,29.8,0.28,86.16,17.49,16.66,17.07,14.19,94.73,0.5,4.01,87.1,83.74,2024-10-27 05:00:00,25.98,17.49,94.73,2598.0,5,6,10,301,60922.0,54088.0,True
2024,10,27,6,253.48,205.3,164.0,154.99,0.49,72.14,18.68,16.3,17.49,13.86,85.94,0.46,5.05,87.7,83.81,2024-10-27 06:00:00,205.3,18.68,85.94,20530.0,6,6,10,301,40983.0,79640.0,True
2024,10,27,7,515.97,432.3,494.01,282.39,0.59,57.62,21.36,15.31,18.33,12.99,68.3,0.23,5.41,86.9,83.86,2024-10-27 07:00:00,432.3,21.36,68.3,43230.0,7,6,10,301,23345.0,100333.0,True
2024,10,27,8,748.5,648.33,439.16,330.61,0.65,43.26,24.66,13.84,19.25,11.8,50.85,0.03,5.48,85.5,83.85,2024-10-27 08:00:00,648.33,24.66,50.85,64833.00000000001,8,6,10,301,8420.0,105693.0,True
2024,10,27,9,924.47,824.8,442.34,368.57,0.69,29.35,27.41,12.35,19.88,10.71,39.22,0.0,5.34,85.1,83.8,2024-10-27 09:00:00,824.8,27.41,39.22,82480.0,9,6,10,301,260.0,99795.0,True
2024,10,27,10,1028.43,911.7,461.52,422.79,0.69,17.04,29.63,10.93,20.28,9.76,31.41,0.0,5.16,85.7,83.71,2024-10-27 10:00:00,911.7,29.63,31.41,91170.0,10,6,10,301,1165.0,75680.0,True
2024,10,27,11,1051.82,900.6,469.13,425.46,0.67,12.65,31.24,9.72,20.48,9.01,26.42,0.0,5.14,86.4,83.59,2024-10-27 11:00:00,900.6,31.24,26.42,90060.0,11,6,10,301,11105.0,63453.0,True
2024,10,27,12,993.25,861.15,641.42,405.15,0.67,21.67,32.17,8.93,20.55,8.55,23.76,0.0,5.39,85.6,83.48,2024-10-27 12:00:00,861.15,32.17,23.76,86115.0,12,6,10,301,23898.0,37850.0,True
2024,10,27,13,856.75,732.95,365.51,368.8,0.65,34.92,32.34,8.66,20.5,8.4,23.09,0.0,5.83,83.9,83.39,2024-10-27 13:00:00,732.95,32.34,23.09,73295.0,13,6,10,301,37958.0,14525.0,True
2024,10,27,14,652.67,539.72,451.9,250.69,0.6,49.07,31.71,9.05,20.38,8.63,24.57,0.0,6.28,82.6,83.35,2024-10-27 14:00:00,539.72,31.71,24.57,53972.0,14,6,10,301,47475.0,543.0,True
2024,10,27,15,404.17,339.3,322.31,210.63,0.55,63.51,30.17,9.81,19.99,9.08,28.22,0.0,6.61,81.9,83.37,2024-10-27 15:00:00,339.3,30.17,28.22,33930.0,15,6,10,301,51504.99999999999,1939.9999999999998,True
2024,10,27,16,145.15,124.03,101.94,96.36,0.43,78.05,28.04,10.57,19.3,9.56,33.62,0.0,6.69,81.7,83.42,2024-10-27 16:00:00,124.03,28.04,33.62,12403.0,16,6,10,301,59572.0,14027.000000000002,True
2024,10,27,17,4.62,4.43,4.61,6.81,0.25,89.25,25.57,11.37,18.47,10.08,41.01,0.0,6.09,82.3,83.5,2024-10-27 17:00:00,4.43,25.57,41.01,443.0,17,6,10,301,70060.0,31589.999999999996,True
2024,10,28,5,29.17,25.1,5.4,28.02,0.27,86.14,15.78,14.67,15.23,12.48,92.97,0.19,3.06,65.9,83.73,2024-10-28 05:00:00,25.1,15.78,92.97,2510.0,5,0,10,302,54878.0,51390.0,True
2024,10,28,6,230.4,172.18,65.23,142.6,0.41,72.13,18.07,14.34,16.21,12.2,78.66,0.04,4.4,61.9,83.79,2024-10-28 06:00:00,172.18,18.07,78.66,17218.0,6,0,10,302,44708.0,72188.0,True
2024,10,28,7,482.52,372.0,158.87,222.78,0.5,57.64,21.71,13.18,17.45,11.31,58.26,0.0,5.18,59.5,83.84,2024-10-28 07:00:00,372.0,21.71,58.26,37200.0,7,0,10,302,21802.0,94142.0,True
2024,10,28,8,717.35,573.88,256.81,282.67,0.57,43.31,24.74,12.31,18.52,10.68,45.83,0.0,5.02,58.5,83.84,2024-10-28 08:00:00,573.88,24.74,45.83,57388.0,8,0,10,302,7484.999999999999,103159.99999999999,True
2024,10,28,9,902.28,728.1,221.23,396.1,0.61,29.45,27.44,11.17,19.3,9.9,36.21,0.0,4.77,61.0,83.79,2024-10-28 09:00:00,728.1,27.44,36.21,72810.0,9,0,10,302,300.0,98960.0,True
2024,10,28,10,1013.78,839.97,299.27,415.8,0.64,17.25,29.62,9.97,19.79,9.14,29.44,0.0,4.79,65.2,83.71,2024-10-28 10:00:00,839.97,29.62,29.44,83997.0,10,0,10,302,2077.0,78358.0,True
2024,10,28,11,1043.05,858.85,328.5,408.85,0.64,12.95,31.17,9.09,20.13,8.62,25.39,0.0,5.0,68.9,83.6,2024-10-28 11:00:00,858.85,31.17,25.39,85885.0,11,0,10,302,16207.0,65912.0,True
2024,10,28,12,989.9,828.3,306.31,402.97,0.65,21.86,32.07,8.53,20.3,8.31,23.23,0.02,5.34,71.7,83.5,2024-10-28 12:00:00,828.3,32.07,23.23,82830.0,12,0,10,302,34730.0,41102.0,True
2024,10,28,13,852.8,701.3,332.36,325.54,0.62,35.04,32.29,8.29,20.29,8.19,22.59,0.1,5.74,74.1,83.41,2024-10-28 13:00:00,701.3,32.29,22.59,70130.0,13,0,10,302,54415.0,15772.999999999998,True
2024,10,28,14,650.38,499.9,209.56,326.75,0.55,49.15,31.84,8.25,20.05,8.17,23.1,0.16,6.07,76.9,83.36,2024-10-28 14:00:00,499.9,31.84,23.1,49990.0,14,0,10,302,69178.0,578.0,True
2024,10,28,15,409.73,306.05,238.81,190.19,0.5,63.56,30.57,8.22,19.39,8.16,24.8,0.12,6.26,79.9,83.37,2024-10-28 15:00:00,306.05,30.57,24.8,30605.0,15,0,10,302,82205.0,2645.0,True
2024,10,28,16,149.0,115.03,107.36,94.8,0.4,78.08,28.61,8.48,18.54,8.3,28.26,0.09,6.34,82.3,83.41,2024-10-28 16:00:00,115.03,28.61,28.26,11503.0,16,0,10,302,86872.0,23810.0,True
2024,10,28,17,4.72,4.28,2.7,7.03,0.24,89.26,26.49,9.16,17.82,8.68,33.47,0.02,6.1,83.8,83.48,2024-10-28 17:00:00,4.28,26.49,33.47,428.0,17,0,10,302,79665.0,49890.0,True
2024,10,29,5,33.45,29.45,56.64,25.64,0.32,86.13,14.9,13.07,13.99,11.24,88.65,0.0,1.81,80.5,83.72,2024-10-29 05:00:00,29.45,14.9,88.65,2945.0,5,1,10,303,70690.0,74297.0,True
2024,10,29,6,260.2,233.02,370.65,109.9,0.55,72.13,17.95,13.34,15.65,11.43,74.27,0.0,3.11,81.7,83.77,2024-10-29 06:00:00,233.02,17.95,74.27,23302.0,6,1,10,303,56495.00000000001,92347.0,True
2024,10,29,7,517.6,482.12,575.56,183.48,0.65,57.66,21.95,13.08,17.52,11.23,56.99,0.0,3.71,84.0,83.82,2024-10-29 07:00:00,482.12,21.95,56.99,48212.0,7,1,10,303,30962.0,102943.0,True
2024,10,29,8,749.35,720.35,684.4,232.68,0.72,43.37,25.11,12.28,18.7,10.65,44.69,0.0,3.64,87.3,83.83,2024-10-29 08:00:00,720.35,25.11,44.69,72035.0,8,1,10,303,11400.0,105090.00000000001,True
2024,10,29,9,925.0,898.1,688.36,252.96,0.75,29.56,27.82,11.24,19.53,9.95,35.59,0.0,3.84,93.1,83.78,2024-10-29 09:00:00,898.1,27.82,35.59,89810.0,9,1,10,303,388.0,94395.0,True
2024,10,29,10,1027.72,1012.5,768.85,251.86,0.77,17.46,29.73,10.28,20.01,9.34,29.89,0.0,4.29,95.2,83.7,2024-10-29 10:00:00,1012.5,29.73,29.89,101250.0,10,1,10,303,2777.0,75738.0,True
2024,10,29,11,1050.8,1036.97,717.34,277.45,0.77,13.26,31.06,9.44,20.25,8.83,26.16,0.0,4.73,95.1,83.61,2024-10-29 11:00:00,1036.97,31.06,26.16,103697.0,11,1,10,303,22118.0,53560.0,True
2024,10,29,12,994.85,964.05,697.26,276.84,0.75,22.05,32.12,8.52,20.32,8.31,23.17,0.0,5.12,94.6,83.5,2024-10-29 12:00:00,964.05,32.12,23.17,96405.0,12,1,10,303,45870.0,30035.000000000004,True
2024,10,29,13,859.53,785.45,626.36,239.28,0.7,35.15,32.44,7.59,20.02,7.81,21.37,0.0,5.53,93.8,83.41,2024-10-29 13:00:00,785.45,32.44,21.37,78545.0,13,1,10,303,69910.0,10995.0,True
2024,10,29,14,657.4,605.55,635.8,205.04,0.67,49.22,31.94,6.8,19.37,7.4,20.81,0.0,5.93,93.9,83.36,2024-10-29 14:00:00,605.55,31.94,20.81,60554.99999999999,14,1,10,303,84130.0,438.0,True
2024,10,29,15,409.23,348.6,584.14,104.2,0.57,63.6,30.72,6.31,18.51,7.15,21.56,0.0,6.39,93.4,83.35,2024-10-29 15:00:00,348.6,30.72,21.56,34860.0,15,1,10,303,96320.0,2462.0,True
2024,10,29,16,152.0,130.4,321.08,62.87,0.46,78.1,28.66,6.12,17.39,7.05,23.94,0.0,6.76,92.5,83.4,2024-10-29 16:00:00,130.4,28.66,23.94,13040.0,16,1,10,303,101692.0,21320.0,True
2024,10,29,17,4.68,4.07,8.04,5.89,0.23,89.26,25.68,6.46,16.07,7.21,29.19,0.0,6.33,91.2,83.47,2024-10-29 17:00:00,4.07,25.68,29.19,407.0,17,1,10,303,94915.0,45540.0,True
2024,10,30,5,33.15,32.6,75.93,24.95,0.35,86.12,14.81,12.97,13.89,11.18,88.68,0.11,2.36,58.3,83.71,2024-10-30 05:00:00,32.6,14.81,88.68,3260.0,5,2,10,304,77755.0,69578.0,True
2024,10,30,6,256.08,252.65,514.04,84.98,0.6,72.14,17.6,13.2,15.4,11.34,75.33,0.01,3.83,58.5,83.77,2024-10-30 06:00:00,252.65,17.6,75.33,25265.0,6,2,10,304,56958.00000000001,86178.0,True
2024,10,30,7,514.92,513.4,729.91,121.89,0.7,57.69,21.47,12.55,17.01,10.85,56.72,0.0,4.2,68.9,83.82,2024-10-30 07:00:00,513.4,21.47,56.72,51340.0,7,2,10,304,32108.0,95995.0,True
2024,10,30,8,752.25,747.4,747.7,172.71,0.75,43.43,25.03,11.33,18.18,10.0,42.19,0.0,3.81,80.8,83.83,2024-10-30 08:00:00,747.4,25.03,42.19,74740.0,8,2,10,304,12140.0,97635.0,True
2024,10,30,9,930.83,921.08,825.78,176.87,0.77,29.67,28.15,10.12,19.14,9.23,32.4,0.0,3.53,93.7,83.79,2024-10-30 09:00:00,921.08,28.15,32.4,92108.0,9,2,10,304,422.0,81095.0,True
2024,10,30,10,1035.28,1030.35,848.38,151.78,0.78,17.68,30.42,8.98,19.7,8.56,26.34,0.0,3.84,102.2,83.7,2024-10-30 10:00:00,1030.35,30.42,26.34,103034.99999999999,10,2,10,304,3067.0,61291.99999999999,True
2024,10,30,11,1059.07,1046.68,836.34,204.97,0.78,13.56,32.03,7.64,19.84,7.82,21.94,0.0,4.39,106.0,83.58,2024-10-30 11:00:00,1046.68,32.03,21.94,104668.0,11,2,10,304,24488.0,42100.0,True
2024,10,30,12,1001.65,968.35,730.84,261.35,0.76,22.23,32.97,6.53,19.75,7.25,19.27,0.0,4.94,107.8,83.47,2024-10-30 12:00:00,968.35,32.97,19.27,96835.0,12,2,10,304,50702.0,23255.0,True
2024,10,30,13,867.95,729.15,729.83,126.72,0.65,35.26,33.21,5.79,19.5,6.9,18.08,0.0,5.46,109.0,83.4,2024-10-30 13:00:00,729.15,33.21,18.08,72915.0,13,2,10,304,75158.0,7862.0,True
2024,10,30,14,669.58,552.45,470.03,244.99,0.61,49.29,32.66,5.42,19.04,6.72,18.15,0.0,5.99,109.1,83.35,2024-10-30 14:00:00,552.45,32.66,18.15,55245.00000000001,14,2,10,304,92645.0,265.0,True
2024,10,30,15,421.27,309.38,485.78,123.56,0.5,63.65,31.29,5.58,18.43,6.8,19.85,0.0,6.55,106.8,83.34,2024-10-30 15:00:00,309.38,31.29,19.85,30938.0,15,2,10,304,102555.0,2298.0,True
2024,10,30,16,158.02,112.43,241.8,58.94,0.4,78.12,28.99,6.42,17.7,7.21,24.02,0.0,7.07,102.8,83.39,2024-10-30 16:00:00,112.43,28.99,24.02,11243.0,16,2,10,304,104925.0,19048.0,True
2024,10,30,17,4.93,3.75,10.94,6.12,0.21,89.26,25.91,8.06,16.98,8.06,32.17,0.0,6.9,98.2,83.46,2024-10-30 17:00:00,3.75,25.91,32.17,375.0,17,2,10,304,95808.0,40412.0,True
2024,10,31,5,35.38,34.5,111.16,23.45,0.37,86.11,15.54,12.33,13.93,10.7,81.01,0.0,3.64,90.6,83.72,2024-10-31 05:00:00,34.5,15.54,81.01,3450.0,5,3,10,305,73272.0,62300.0,True
2024,10,31,6,264.0,251.52,469.17,101.8,0.59,72.14,17.43,12.36,14.89,10.72,72.02,0.0,3.66,92.2,83.78,2024-10-31 06:00:00,251.52,17.43,72.02,25152.0,6,3,10,305,57947.0,81360.0,True
2024,10,31,7,524.22,499.3,600.58,149.63,0.68,57.72,21.37,12.09,16.73,10.52,55.34,0.0,3.62,100.7,83.82,2024-10-31 07:00:00,499.3,21.37,55.34,49930.0,7,3,10,305,32192.0,95562.0,True
2024,10,31,8,752.78,734.45,726.66,178.58,0.73,43.49,24.84,12.01,18.43,10.47,44.65,0.0,3.44,109.9,83.81,2024-10-31 08:00:00,734.45,24.84,44.65,73445.0,8,3,10,305,11918.0,97292.0,True
2024,10,31,9,925.58,919.17,745.21,210.2,0.77,29.78,27.46,11.86,19.66,10.37,37.86,0.0,3.54,116.5,83.76,2024-10-31 09:00:00,919.17,27.46,37.86,91917.0,9,3,10,305,392.0,72333.0,True
2024,10,31,10,1026.4,1025.32,838.71,139.67,0.78,17.9,29.52,11.23,20.38,9.96,32.24,0.0,3.93,120.3,83.68,2024-10-31 10:00:00,1025.32,29.52,32.24,102532.0,10,3,10,305,2980.0,56997.0,True
2024,10,31,11,1051.53,1040.05,819.31,192.23,0.78,13.86,31.05,10.12,20.58,9.26,27.44,0.0,4.26,121.6,83.58,2024-10-31 11:00:00,1040.05,31.05,27.44,104005.0,11,3,10,305,24098.0,36825.0,True
2024,10,31,12,994.88,928.12,660.29,280.84,0.73,22.42,32.18,8.84,20.51,8.5,23.6,0.0,4.46,121.1,83.47,2024-10-31 12:00:00,928.12,32.18,23.6,92812.0,12,3,10,305,49895.0,20145.0,True
2024,10,31,13,860.1,793.95,623.29,247.52,0.7,35.37,32.72,7.25,19.98,7.65,20.59,0.0,4.71,119.2,83.38,2024-10-31 13:00:00,793.95,32.72,20.59,79395.0,13,3,10,305,72975.0,6947.0,True
2024,10,31,14,663.42,597.7,569.2,224.58,0.66,49.36,32.53,5.56,19.05,6.81,18.53,0.0,5.13,116.0,83.32,2024-10-31 14:00:00,597.7,32.53,18.53,59770.00000000001,14,3,10,305,89578.0,308.0,True
2024,10,31,15,414.83,344.83,531.17,141.46,0.56,63.69,31.53,4.17,17.85,6.17,17.77,0.0,5.74,111.8,83.32,2024-10-31 15:00:00,344.83,31.53,17.77,34483.0,15,3,10,305,98320.0,2160.0,True
2024,10,31,16,153.35,125.3,216.47,75.45,0.44,78.14,29.58,3.43,16.51,5.84,18.81,0.0,6.41,107.5,83.37,2024-10-31 16:00:00,125.3,29.58,18.81,12530.0,16,3,10,305,99678.0,19607.0,True
2024,10,31,17,4.8,4.12,9.59,7.84,0.23,89.26,26.3,3.73,15.01,5.96,23.27,0.0,6.12,103.2,83.45,2024-10-31 17:00:00,4.12,26.3,23.27,412.0,17,3,10,305,88570.0,44005.0,True
2024,11,1,5,29.58,25.52,14.66,29.06,0.27,86.11,17.21,16.52,16.87,14.06,95.56,2.0,3.37,97.0,83.76,2024-11-01 05:00:00,25.52,17.21,95.56,2552.0,5,4,11,306,65667.0,68450.0,True
2024,11,1,6,231.32,190.6,213.28,120.22,0.45,72.15,18.47,16.33,17.4,13.87,87.16,1.24,4.74,104.0,83.82,2024-11-01 06:00:00,190.6,18.47,87.16,19060.0,6,4,11,306,46925.0,86792.0,True
2024,11,1,7,483.05,411.55,376.54,210.58,0.56,57.76,20.99,15.31,18.15,12.99,69.88,2.07,5.21,107.9,83.87,2024-11-01 07:00:00,411.55,20.99,69.88,41155.0,7,4,11,306,26962.0,96512.0,True
2024,11,1,8,710.7,618.03,382.33,240.69,0.62,43.56,24.07,14.09,19.08,12.0,53.58,1.67,5.16,108.3,83.88,2024-11-01 08:00:00,618.03,24.07,53.58,61803.0,8,4,11,306,8522.0,97188.0,True
2024,11,1,9,887.8,753.7,348.27,334.53,0.63,29.9,26.71,13.13,19.92,11.28,43.04,0.47,5.19,110.1,83.82,2024-11-01 09:00:00,753.7,26.71,43.04,75370.0,9,4,11,306,285.0,85325.0,True
2024,11,1,10,988.45,890.58,480.93,354.59,0.68,18.12,28.81,12.25,20.53,10.64,35.89,0.21,5.44,112.3,83.74,2024-11-01 10:00:00,890.58,28.81,35.89,89058.0,10,4,11,306,2345.0,64475.0,True
2024,11,1,11,1038.28,929.75,645.06,261.13,0.69,14.16,30.25,11.47,20.86,10.12,31.39,0.12,5.77,112.5,83.64,2024-11-01 11:00:00,929.75,30.25,31.39,92975.0,11,4,11,306,19357.0,49885.0,True
2024,11,1,12,977.85,820.72,526.29,298.98,0.64,22.6,31.04,10.89,20.96,9.75,28.88,0.06,6.27,110.6,83.53,2024-11-01 12:00:00,820.72,31.04,28.88,82072.0,12,4,11,306,43367.0,25530.0,True
2024,11,1,13,842.05,678.58,396.78,300.89,0.6,35.48,30.97,10.54,20.75,9.53,28.32,0.04,6.79,108.7,83.45,2024-11-01 13:00:00,678.58,30.97,28.32,67858.0,13,4,11,306,65867.0,8345.0,True
2024,11,1,14,643.4,470.3,387.93,212.54,0.52,49.42,30.22,10.39,20.3,9.44,29.27,0.01,7.2,106.8,83.42,2024-11-01 14:00:00,470.3,30.22,29.27,47030.0,14,4,11,306,86170.0,275.0,True
2024,11,1,15,399.42,262.58,351.32,114.83,0.43,63.72,28.72,10.43,19.57,9.46,31.99,0.0,7.41,104.5,83.44,2024-11-01 15:00:00,262.58,28.72,31.99,26258.0,15,4,11,306,97500.0,1995.0,True
2024,11,1,16,145.07,94.97,205.45,50.34,0.33,78.15,26.68,10.57,18.62,9.54,36.37,0.0,7.48,101.0,83.52,2024-11-01 16:00:00,94.97,26.68,36.37,9497.0,16,4,11,306,101830.0,17027.0,True
2024,11,1,17,4.55,3.38,5.48,5.69,0.19,89.26,24.62,10.79,17.7,9.67,41.7,0.01,7.13,99.5,83.6,2024-11-01 17:00:00,3.38,24.62,41.7,338.0,17,4,11,306,79022.0,37895.0,True
2024,11,2,5,35.85,26.98,91.49,25.23,0.29,86.1,14.98,13.55,14.26,11.59,91.02,0.6,3.7,99.2,83.81,2024-11-02 05:00:00,26.98,14.98,91.02,2698.0,5,5,11,307,76488.0,56560.0,True
2024,11,2,6,265.85,192.6,275.57,89.92,0.45,72.17,16.14,12.92,14.53,11.11,81.11,0.3,4.84,94.5,83.9,2024-11-02 06:00:00,192.6,16.14,81.11,19260.0,6,5,11,307,57700.0,73122.0,True
2024,11,2,7,528.35,405.42,449.65,165.56,0.55,57.79,19.26,10.51,14.89,9.48,56.96,0.06,5.17,93.9,83.98,2024-11-02 07:00:00,405.42,19.26,56.96,40542.0,7,5,11,307,33790.0,82760.0,True
2024,11,2,8,762.33,619.55,450.62,304.65,0.62,43.63,23.02,7.65,15.34,7.79,37.2,0.01,5.35,96.5,84.0,2024-11-02 08:00:00,619.55,23.02,37.2,61954.99999999999,8,5,11,307,12385.0,71770.0,True
2024,11,2,9,935.88,738.03,234.59,385.88,0.62,30.03,25.87,7.18,16.52,7.55,30.39,0.0,5.33,100.2,83.95,2024-11-02 09:00:00,738.03,25.87,30.39,73803.0,9,5,11,307,422.0,63622.0,True
2024,11,2,10,1037.4,881.55,283.3,455.74,0.67,18.34,28.16,7.77,17.96,7.88,27.69,0.0,5.41,104.2,83.87,2024-11-02 10:00:00,881.55,28.16,27.69,88155.0,10,5,11,307,2465.0,39083.0,True
2024,11,2,11,1049.15,883.7,379.76,404.91,0.66,14.45,29.86,8.72,19.29,8.41,26.74,0.0,5.66,107.0,83.75,2024-11-02 11:00:00,883.7,29.86,26.74,88370.0,11,5,11,307,21295.0,34783.0,True
2024,11,2,12,990.5,859.75,346.31,364.21,0.67,22.78,30.69,9.43,20.06,8.84,26.76,0.0,6.12,106.5,83.62,2024-11-02 12:00:00,859.75,30.69,26.76,85975.0,12,5,11,307,45167.0,19630.0,True
2024,11,2,13,855.05,534.45,658.55,120.56,0.48,35.58,30.72,9.65,20.18,8.97,27.07,0.0,6.67,104.5,83.53,2024-11-02 13:00:00,534.45,30.72,27.07,53445.00000000001,13,5,11,307,67040.0,7178.0,True
2024,11,2,14,655.95,510.45,570.66,182.61,0.57,49.49,29.79,9.7,19.74,9.01,28.66,0.0,7.21,102.2,83.48,2024-11-02 14:00:00,510.45,29.79,28.66,51045.0,14,5,11,307,84028.0,285.0,True
2024,11,2,15,410.35,312.8,440.43,111.41,0.51,63.76,28.41,9.82,19.11,9.08,31.28,0.01,7.59,99.6,83.48,2024-11-02 15:00:00,312.8,28.41,31.28,31280.0,15,5,11,307,93588.0,1393.0,True
2024,11,2,16,152.1,116.68,266.09,56.45,0.41,78.17,26.34,10.27,18.31,9.35,36.38,0.08,7.6,96.6,83.54,2024-11-02 16:00:00,116.68,26.34,36.38,11668.0,16,5,11,307,92795.0,9800.0,True
2024,11,2,17,4.8,4.1,13.79,6.78,0.23,89.26,24.1,11.17,17.63,9.92,44.13,0.06,6.91,95.1,83.62,2024-11-02 17:00:00,4.1,24.1,44.13,409.99999999999994,17,5,11,307,89147.0,18505.0,True
2024,11,3,5,35.17,32.08,93.47,28.39,0.34,86.1,16.24,15.06,15.65,12.78,92.55,0.37,4.33,89.9,83.84,2024-11-03 05:00:00,32.08,16.24,92.55,3208.0,5,6,11,308,74022.0,30167.0,True
2024,11,3,6,261.73,234.77,457.24,100.31,0.55,72.19,17.59,14.5,16.05,12.32,81.99,0.07,4.91,90.5,83.91,2024-11-03 06:00:00,234.77,17.59,81.99,23477.0,6,6,11,308,53920.00000000001,44205.0,True
2024,11,3,7,520.92,475.38,615.44,144.37,0.65,57.84,20.72,13.19,16.95,11.3,61.94,0.01,4.88,90.1,83.97,2024-11-03 07:00:00,475.38,20.72,61.94,47538.0,7,6,11,308,31400.0,62238.0,True
2024,11,3,8,749.97,694.15,659.32,208.39,0.69,43.71,24.33,11.27,17.8,9.95,43.84,0.01,4.83,92.9,83.97,2024-11-03 08:00:00,694.15,24.33,43.84,69415.0,8,6,11,308,11615.0,82510.0,True
2024,11,3,9,923.22,901.6,750.14,210.83,0.75,30.16,27.23,9.84,18.54,9.04,33.54,0.0,4.8,97.8,83.92,2024-11-03 09:00:00,901.6,27.23,33.54,90160.0,9,6,11,308,428.0,83705.0,True
2024,11,3,10,1025.72,980.97,777.78,215.02,0.75,18.57,29.5,8.84,19.17,8.46,27.49,0.0,4.92,102.9,83.83,2024-11-03 10:00:00,980.97,29.5,27.49,98097.0,10,6,11,308,2598.0,60922.0,True
2024,11,3,11,1041.05,960.47,663.28,247.72,0.72,14.74,31.02,8.36,19.69,8.19,24.37,0.0,5.13,105.8,83.72,2024-11-03 11:00:00,960.47,31.02,24.37,96047.0,11,6,11,308,20530.0,40983.0,True
2024,11,3,12,983.9,879.85,520.37,321.77,0.69,22.96,31.82,8.09,19.96,8.06,22.88,0.0,5.39,105.9,83.6,2024-11-03 12:00:00,879.85,31.82,22.88,87985.0,12,6,11,308,43230.0,23345.0,True
2024,11,3,13,850.42,645.67,651.09,138.08,0.57,35.68,32.05,8.06,20.05,8.05,22.53,0.0,5.72,104.4,83.51,2024-11-03 13:00:00,645.67,32.05,22.53,64566.99999999999,13,6,11,308,64833.00000000001,8420.0,True
2024,11,3,14,652.35,554.47,507.39,217.62,0.62,49.55,31.61,8.23,19.92,8.15,23.37,0.0,6.16,102.2,83.46,2024-11-03 14:00:00,554.47,31.61,23.37,55447.0,14,6,11,308,82480.0,260.0,True
2024,11,3,15,406.77,319.48,444.14,116.37,0.52,63.79,30.25,8.59,19.42,8.35,25.88,0.01,6.52,99.8,83.47,2024-11-03 15:00:00,319.48,30.25,25.88,31948.0,15,6,11,308,91170.0,1165.0,True
2024,11,3,16,149.95,118.07,305.93,59.63,0.42,78.17,28.16,9.14,18.65,8.67,30.33,0.04,6.62,97.3,83.53,2024-11-03 16:00:00,118.07,28.16,30.33,11807.0,16,6,11,308,90060.0,11105.0,True
2024,11,3,17,4.72,3.95,11.35,6.08,0.22,89.26,25.56,9.82,17.69,9.06,36.96,0.03,6.0,95.1,83.62,2024-11-03 17:00:00,3.95,25.56,36.96,395.0,17,6,11,308,86115.0,23898.0,True
2024,11,4,5,33.58,30.9,72.77,27.4,0.33,86.1,15.52,14.05,14.79,11.98,90.79,0.15,3.1,73.1,83.75,2024-11-04 05:00:00,30.9,15.52,90.79,3090.0,5,0,11,309,73295.0,37958.0,True
2024,11,4,6,254.15,230.27,280.56,106.93,0.54,72.21,17.04,13.86,15.45,11.83,81.41,0.04,3.18,76.7,83.78,2024-11-04 06:00:00,230.27,17.04,81.41,23027.0,6,0,11,309,53972.0,47475.0,True
2024,11,4,7,512.05,475.1,607.85,149.9,0.65,57.88,20.92,12.97,16.94,11.15,60.28,0.0,3.04,86.8,83.83,2024-11-04 07:00:00,475.1,20.92,60.28,47510.0,7,0,11,309,33930.0,51504.99999999999,True
2024,11,4,8,740.92,696.5,581.63,250.85,0.7,43.78,24.78,11.78,18.28,10.31,44.14,0.0,2.95,96.2,83.84,2024-11-04 08:00:00,696.5,24.78,44.14,69650.0,8,0,11,309,12403.0,59572.0,True
2024,11,4,9,914.05,870.47,639.25,270.21,0.73,30.29,27.59,10.5,19.05,9.47,34.34,0.02,3.19,104.2,83.8,2024-11-04 09:00:00,870.47,27.59,34.34,87047.0,9,0,11,309,443.0,70060.0,True
2024,11,4,10,1016.35,963.6,744.79,220.43,0.74,18.8,29.73,9.36,19.54,8.78,28.11,0.06,3.67,106.3,83.72,2024-11-04 10:00:00,963.6,29.73,28.11,96360.0,10,0,11,309,2510.0,54878.0,True
2024,11,4,11,1024.2,944.67,624.52,296.54,0.71,15.03,31.0,8.83,19.92,8.48,25.22,0.13,4.19,105.2,83.62,2024-11-04 11:00:00,944.67,31.0,25.22,94467.0,11,0,11,309,17218.0,44708.0,True
2024,11,4,12,968.3,846.88,554.4,299.55,0.67,23.13,31.04,8.58,19.81,8.34,24.72,0.2,4.67,104.0,83.51,2024-11-04 12:00:00,846.88,31.04,24.72,84688.0,12,0,11,309,37200.0,21802.0,True
2024,11,4,13,830.53,568.4,531.57,215.16,0.51,35.78,30.83,8.53,19.68,8.32,24.93,0.34,5.08,103.2,83.42,2024-11-04 13:00:00,568.4,30.83,24.93,56840.0,13,0,11,309,57388.0,7484.999999999999,True
2024,11,4,14,625.4,471.1,267.76,229.91,0.53,49.61,29.72,8.63,19.17,8.38,26.75,0.35,5.32,102.3,83.38,2024-11-04 14:00:00,471.1,29.72,26.75,47110.0,14,0,11,309,72810.0,300.0,True
2024,11,4,15,383.65,266.8,174.02,170.06,0.44,63.82,28.76,8.83,18.8,8.5,28.67,0.41,5.43,99.5,83.38,2024-11-04 15:00:00,266.8,28.76,28.67,26680.0,15,0,11,309,83997.0,2077.0,True
2024,11,4,16,136.95,95.32,60.31,72.57,0.34,78.18,27.58,9.06,18.32,8.63,31.19,0.18,5.4,94.8,83.43,2024-11-04 16:00:00,95.32,27.58,31.19,9532.0,16,0,11,309,85885.0,16207.0,True
2024,11,4,17,4.4,4.05,0.0,6.42,0.23,89.26,25.88,9.22,17.55,8.72,34.86,0.04,4.66,90.1,83.5,2024-11-04 17:00:00,4.05,25.88,34.86,405.0,17,0,11,309,82830.0,34730.0,True
2024,11,5,5,29.0,24.83,18.17,30.3,0.26,86.11,16.28,14.66,15.47,12.49,90.02,0.22,3.67,83.7,83.65,2024-11-05 05:00:00,24.83,16.28,90.02,2483.0,5,1,11,310,70130.0,54415.0,True
2024,11,5,6,231.27,170.7,89.49,122.08,0.4,72.23,17.47,14.59,16.03,12.42,83.04,0.07,3.86,84.2,83.68,2024-11-05 06:00:00,170.7,17.47,83.04,17070.0,6,1,11,310,49990.0,69178.0,True
2024,11,5,7,483.38,367.5,145.8,222.1,0.5,57.93,20.33,14.12,17.23,12.04,67.38,0.04,3.79,82.4,83.72,2024-11-05 07:00:00,367.5,20.33,67.38,36750.0,7,1,11,310,30605.0,82205.0,True
2024,11,5,8,710.2,553.78,206.03,324.87,0.55,43.87,23.51,13.33,18.42,11.43,52.71,0.15,3.88,85.0,83.74,2024-11-05 08:00:00,553.78,23.51,52.71,55378.0,8,1,11,310,11503.0,86872.0,True
2024,11,5,9,884.3,699.53,161.55,399.33,0.59,30.42,26.4,12.36,19.38,10.73,41.65,0.36,4.16,89.6,83.71,2024-11-05 09:00:00,699.53,26.4,41.65,69953.0,9,1,11,310,428.0,79665.0,True
2024,11,5,10,987.62,872.95,420.2,423.05,0.67,19.02,28.86,11.45,20.15,10.11,33.97,0.6,4.65,89.8,83.63,2024-11-05 10:00:00,872.95,28.86,33.97,87295.0,10,1,11,310,2945.0,70690.0,True
2024,11,5,11,1031.57,905.58,572.69,309.14,0.68,15.31,30.27,10.97,20.62,9.8,30.33,0.88,5.23,89.6,83.52,2024-11-05 11:00:00,905.58,30.27,30.33,90558.0,11,1,11,310,23302.0,56495.00000000001,True
2024,11,5,12,972.53,750.85,547.32,230.82,0.59,23.31,30.79,10.73,20.76,9.66,28.99,1.17,5.76,90.1,83.41,2024-11-05 12:00:00,750.85,30.79,28.99,75085.0,12,1,11,310,48212.0,30962.0,True
2024,11,5,13,836.55,684.42,489.47,236.14,0.61,35.88,30.25,10.67,20.46,9.63,29.77,1.54,6.08,90.0,83.34,2024-11-05 13:00:00,684.42,30.25,29.77,68442.0,13,1,11,310,72035.0,11400.0,True
2024,11,5,14,634.15,429.55,272.04,246.36,0.48,49.66,29.14,10.78,19.96,9.7,31.96,2.31,6.32,89.9,83.31,2024-11-05 14:00:00,429.55,29.14,31.96,42955.0,14,1,11,310,89810.0,388.0,True
2024,11,5,15,385.85,236.15,198.74,128.94,0.39,63.84,27.62,11.09,19.36,9.9,35.63,2.66,6.61,88.5,83.33,2024-11-05 15:00:00,236.15,27.62,35.63,23615.0,15,1,11,310,101250.0,2777.0,True
2024,11,5,16,133.82,82.12,66.91,66.24,0.29,78.18,25.93,11.5,18.71,10.17,40.46,2.32,6.91,85.3,83.4,2024-11-05 16:00:00,82.12,25.93,40.46,8212.0,16,1,11,310,103697.0,22118.0,True
2024,11,5,17,4.3,3.28,0.0,5.28,0.18,89.25,24.08,11.96,18.02,10.48,46.59,1.5,6.49,81.9,83.48,2024-11-05 17:00:00,3.28,24.08,46.59,328.0,17,1,11,310,96405.0,45870.0,True
2024,11,6,5,27.17,20.0,4.35,24.41,0.21,86.11,16.27,15.22,15.74,12.94,93.34,3.75,4.19,87.5,83.68,2024-11-06 05:00:00,20.0,16.27,93.34,2000.0,5,2,11,311,78545.0,69910.0,True
2024,11,6,6,214.85,150.88,42.35,121.76,0.36,72.26,17.36,15.44,16.4,13.12,88.36,4.74,5.09,89.8,83.73,2024-11-06 06:00:00,150.88,17.36,88.36,15088.0,6,2,11,311,60554.99999999999,84130.0,True
2024,11,6,7,459.7,277.98,166.12,171.73,0.38,57.99,19.92,15.16,17.54,12.88,73.93,5.21,6.21,88.2,83.76,2024-11-06 07:00:00,277.98,19.92,73.93,27798.0,7,2,11,311,34860.0,96320.0,True
2024,11,6,8,692.42,453.8,200.94,203.83,0.45,43.95,23.2,14.14,18.67,12.06,56.66,4.1,6.65,84.9,83.76,2024-11-06 08:00:00,453.8,23.2,56.66,45380.0,8,2,11,311,13040.0,101692.0,True
2024,11,6,9,870.75,595.78,149.75,336.57,0.5,30.56,25.71,13.47,19.59,11.54,46.65,3.88,6.62,83.8,83.73,2024-11-06 09:00:00,595.78,25.71,46.65,59578.0,9,2,11,311,407.0,94915.0,True
2024,11,6,10,977.5,667.6,230.89,348.05,0.51,19.25,27.45,13.09,20.27,11.26,41.07,4.5,6.6,84.6,83.68,2024-11-06 10:00:00,667.6,27.45,41.07,66760.0,10,2,11,311,3260.0,77755.0,True
2024,11,6,11,1028.55,752.58,257.66,492.76,0.56,15.59,28.57,12.84,20.71,11.09,37.86,4.78,6.69,86.8,83.59,2024-11-06 11:00:00,752.58,28.57,37.86,75258.0,11,2,11,311,25265.0,56958.00000000001,True
2024,11,6,12,973.2,889.0,592.65,276.72,0.7,23.48,28.95,12.63,20.79,10.95,36.52,6.01,6.91,89.5,83.48,2024-11-06 12:00:00,889.0,28.95,36.52,88900.0,12,2,11,311,51340.0,32108.0,True
2024,11,6,13,841.28,713.67,527.77,217.95,0.64,35.98,28.65,12.58,20.62,10.92,37.03,6.31,7.24,90.5,83.41,2024-11-06 13:00:00,713.67,28.65,37.03,71367.0,13,2,11,311,74740.0,12140.0,True
2024,11,6,14,644.9,569.12,622.95,171.04,0.64,49.71,27.07,12.87,19.97,11.14,41.41,5.11,7.7,88.0,83.39,2024-11-06 14:00:00,569.12,27.07,41.41,56912.0,14,2,11,311,92108.0,422.0,True
2024,11,6,15,401.48,318.88,455.8,135.81,0.52,63.87,25.38,13.5,19.44,11.61,47.69,4.36,8.23,85.6,83.42,2024-11-06 15:00:00,318.88,25.38,47.69,31888.0,15,2,11,311,103034.99999999999,3067.0,True
2024,11,6,16,148.57,113.22,227.54,62.48,0.4,78.18,23.45,14.35,18.9,12.26,56.54,3.59,8.47,84.5,83.48,2024-11-06 16:00:00,113.22,23.45,56.54,11322.0,16,2,11,311,104668.0,24488.0,True
2024,11,6,17,4.75,3.62,4.12,5.7,0.2,89.25,21.34,15.38,18.36,13.1,68.72,3.17,8.09,84.0,83.56,2024-11-06 17:00:00,3.62,21.34,68.72,362.0,17,2,11,311,96835.0,50702.0,True
2024,11,7,5,32.4,17.83,39.27,21.5,0.19,86.12,16.96,16.28,16.62,13.85,95.6,5.47,4.15,103.9,83.72,2024-11-07 05:00:00,17.83,16.96,95.6,1782.9999999999998,5,3,11,312,72915.0,75158.0,True
2024,11,7,6,250.35,128.05,90.97,98.06,0.3,72.29,17.86,16.23,17.04,13.8,90.06,4.24,5.77,108.2,83.77,2024-11-07 06:00:00,128.05,17.86,90.06,12805.000000000002,6,3,11,312,55245.00000000001,92645.0,True
2024,11,7,7,502.83,292.67,206.68,183.83,0.4,58.04,19.71,15.75,17.73,13.37,77.78,4.24,7.42,104.5,83.82,2024-11-07 07:00:00,292.67,19.71,77.78,29267.0,7,3,11,312,30938.0,102555.0,True
2024,11,7,8,729.7,463.2,184.09,244.4,0.46,44.04,22.17,14.81,18.49,12.58,62.96,3.01,8.48,97.5,83.84,2024-11-07 08:00:00,463.2,22.17,62.96,46320.0,8,3,11,312,11243.0,104925.0,True
2024,11,7,9,901.7,576.42,107.47,324.65,0.48,30.7,24.1,14.22,19.16,12.1,53.89,1.62,9.05,92.0,83.83,2024-11-07 09:00:00,576.42,24.1,53.89,57641.99999999999,9,3,11,312,375.0,95808.0,True
2024,11,7,10,1004.08,750.42,186.69,415.75,0.57,19.48,25.49,13.77,19.63,11.76,48.2,1.25,9.07,88.8,83.8,2024-11-07 10:00:00,750.42,25.49,48.2,75042.0,10,3,11,312,3450.0,73272.0,True
2024,11,7,11,1016.92,827.25,392.75,352.02,0.62,15.86,26.76,13.31,20.04,11.42,43.4,1.24,8.85,86.8,83.73,2024-11-07 11:00:00,827.25,26.76,43.4,82725.0,11,3,11,312,25152.0,57947.0,True
2024,11,7,12,959.08,661.25,170.27,324.77,0.52,23.64,27.27,13.06,20.17,11.24,41.42,1.68,8.73,85.1,83.65,2024-11-07 12:00:00,661.25,27.27,41.42,66125.0,12,3,11,312,49930.0,32192.0,True
2024,11,7,13,826.38,522.55,229.51,271.29,0.47,36.07,27.17,13.04,20.1,11.24,41.63,2.14,8.71,83.5,83.58,2024-11-07 13:00:00,522.55,27.17,41.63,52254.99999999999,13,3,11,312,73445.0,11918.0,True
2024,11,7,14,627.5,331.85,228.55,200.64,0.37,49.76,26.5,13.14,19.82,11.32,43.58,2.52,8.66,82.0,83.54,2024-11-07 14:00:00,331.85,26.5,43.58,33185.0,14,3,11,312,91917.0,392.0,True
2024,11,7,15,382.25,197.45,184.14,120.49,0.32,63.89,25.33,13.26,19.3,11.4,47.04,2.97,8.53,81.2,83.55,2024-11-07 15:00:00,197.45,25.33,47.04,19745.0,15,3,11,312,102532.0,2980.0,True
2024,11,7,16,134.95,66.4,63.74,44.0,0.23,78.18,23.51,13.57,18.54,11.64,53.59,1.59,8.23,80.9,83.6,2024-11-07 16:00:00,66.4,23.51,53.59,6640.000000000001,16,3,11,312,104005.0,24098.0,True
2024,11,7,17,4.43,2.78,1.19,4.05,0.15,89.24,21.33,14.27,17.8,12.17,64.01,0.78,6.91,80.0,83.69,2024-11-07 17:00:00,2.78,21.33,64.01,278.0,17,3,11,312,92812.0,49895.0,True
2024,11,8,5,30.02,17.08,10.65,18.67,0.18,86.13,16.12,15.53,15.83,13.18,96.14,3.17,4.92,101.8,83.83,2024-11-08 05:00:00,17.08,16.12,96.14,1707.9999999999998,5,4,11,313,79395.0,72975.0,True
2024,11,8,6,239.75,111.6,79.6,88.26,0.26,72.33,16.98,15.51,16.24,13.16,90.94,1.81,6.15,101.2,83.88,2024-11-08 06:00:00,111.6,16.98,90.94,11160.0,6,4,11,313,59770.00000000001,89578.0,True
2024,11,8,7,497.38,239.82,107.87,148.57,0.33,58.1,19.18,14.83,17.01,12.59,75.83,1.74,7.71,95.7,83.92,2024-11-08 07:00:00,239.82,19.18,75.83,23982.0,7,4,11,313,34483.0,98320.0,True
2024,11,8,8,727.97,351.42,119.78,183.71,0.35,44.14,21.82,13.61,17.71,11.61,59.45,0.38,8.18,89.4,83.93,2024-11-08 08:00:00,351.42,21.82,59.45,35142.0,8,4,11,313,12530.0,99678.0,True
2024,11,8,9,908.85,547.97,113.51,295.44,0.46,30.85,24.02,12.82,18.42,11.03,49.43,0.05,7.96,86.7,83.89,2024-11-08 09:00:00,547.97,24.02,49.43,54797.0,9,4,11,313,412.0,88570.0,True
2024,11,8,10,1014.25,743.95,346.36,341.39,0.57,19.71,25.92,12.13,19.02,10.56,42.24,0.01,7.62,86.2,83.82,2024-11-08 10:00:00,743.95,25.92,42.24,74395.0,10,4,11,313,2552.0,65667.0,True
2024,11,8,11,1039.9,922.75,607.25,293.12,0.69,16.13,27.4,11.17,19.29,9.91,36.31,0.0,7.41,86.6,83.74,2024-11-08 11:00:00,922.75,27.4,36.31,92275.0,11,4,11,313,19060.0,46925.0,True
2024,11,8,12,983.75,921.3,591.58,311.84,0.73,23.81,28.34,10.17,19.26,9.28,32.16,0.0,7.34,87.1,83.64,2024-11-08 12:00:00,921.3,28.34,32.16,92130.0,12,4,11,313,41155.0,26962.0,True
2024,11,8,13,849.8,676.3,619.47,172.48,0.6,36.16,28.66,9.7,19.18,8.99,30.55,0.0,7.35,87.7,83.55,2024-11-08 13:00:00,676.3,28.66,30.55,67630.0,13,4,11,313,61803.0,8522.0,True
2024,11,8,14,650.03,570.33,555.74,196.87,0.64,49.81,28.27,9.7,18.99,9.0,31.27,0.0,7.39,88.1,83.5,2024-11-08 14:00:00,570.33,28.27,31.27,57033.00000000001,14,4,11,313,75370.0,285.0,True
2024,11,8,15,402.8,358.05,423.19,161.08,0.59,63.9,27.21,10.0,18.61,9.19,33.96,0.0,7.41,87.8,83.5,2024-11-08 15:00:00,358.05,27.21,33.96,35805.0,15,4,11,313,89058.0,2345.0,True
2024,11,8,16,147.35,133.25,230.38,74.2,0.47,78.17,25.36,10.56,17.96,9.53,39.3,0.0,7.26,87.0,83.54,2024-11-08 16:00:00,133.25,25.36,39.3,13325.0,16,4,11,313,92975.0,19357.0,True
2024,11,8,17,4.85,4.65,8.71,9.46,0.25,89.24,22.52,11.53,17.03,10.17,49.76,0.02,5.91,86.4,83.61,2024-11-08 17:00:00,4.65,22.52,49.76,465.00000000000006,17,4,11,313,82072.0,43367.0,True
2024,11,9,5,35.53,31.98,79.2,29.58,0.34,86.15,15.24,14.59,14.92,12.4,95.68,0.33,3.08,96.9,83.77,2024-11-09 05:00:00,31.98,15.24,95.68,3198.0,5,5,11,314,67858.0,65867.0,True
2024,11,9,6,262.6,224.82,477.11,83.9,0.53,72.37,16.7,14.55,15.62,12.37,86.99,0.21,4.16,96.6,83.82,2024-11-09 06:00:00,224.82,16.7,86.99,22482.0,6,5,11,314,47030.0,86170.0,True
2024,11,9,7,519.25,447.15,642.05,117.92,0.61,58.17,19.78,14.02,16.9,11.94,69.25,0.5,4.73,91.2,83.85,2024-11-09 07:00:00,447.15,19.78,69.25,44715.0,7,5,11,314,26258.0,97500.0,True
2024,11,9,8,747.42,654.95,613.59,182.16,0.66,44.23,22.87,13.15,18.01,11.28,54.14,0.46,5.14,89.4,83.83,2024-11-09 08:00:00,654.95,22.87,54.14,65495.00000000001,8,5,11,314,9497.0,101830.0,True
2024,11,9,9,920.03,804.8,675.53,207.43,0.68,30.99,25.39,12.32,18.86,10.69,44.09,0.38,5.51,91.4,83.77,2024-11-09 09:00:00,804.8,25.39,44.09,80480.0,9,5,11,314,338.0,79022.0,True
2024,11,9,10,1021.42,886.28,563.59,273.52,0.68,19.94,27.29,11.72,19.5,10.28,37.87,0.42,5.96,92.9,83.68,2024-11-09 10:00:00,886.28,27.29,37.87,88628.0,10,5,11,314,2698.0,76488.0,True
2024,11,9,11,1027.93,912.78,542.5,340.16,0.69,16.4,28.56,11.49,20.02,10.14,34.65,0.42,6.52,93.2,83.58,2024-11-09 11:00:00,912.78,28.56,34.65,91278.0,11,5,11,314,19260.0,57700.0,True
2024,11,9,12,969.97,798.85,351.31,346.36,0.63,23.97,28.98,11.47,20.22,10.14,33.78,0.4,7.06,92.4,83.49,2024-11-09 12:00:00,798.85,28.98,33.78,79885.0,12,5,11,314,40542.0,33790.0,True
2024,11,9,13,837.45,634.5,398.46,273.08,0.57,36.25,28.55,11.56,20.05,10.21,34.84,0.42,7.41,91.4,83.43,2024-11-09 13:00:00,634.5,28.55,34.84,63450.0,13,5,11,314,61954.99999999999,12385.0,True
2024,11,9,14,639.5,478.88,445.89,212.14,0.54,49.85,27.82,11.63,19.73,10.26,36.52,0.41,7.57,89.6,83.39,2024-11-09 14:00:00,478.88,27.82,36.52,47888.0,14,5,11,314,73803.0,422.0,True
2024,11,9,15,395.38,275.45,349.58,111.54,0.45,63.92,26.54,11.79,19.16,10.37,39.78,0.48,7.59,87.9,83.39,2024-11-09 15:00:00,275.45,26.54,39.78,27545.0,15,5,11,314,88155.0,2465.0,True
2024,11,9,16,142.75,104.53,208.86,57.78,0.37,78.16,24.72,12.22,18.47,10.66,45.58,0.23,7.48,86.6,83.44,2024-11-09 16:00:00,104.53,24.72,45.58,10453.0,16,5,11,314,88370.0,21295.0,True
2024,11,9,17,4.7,3.9,3.52,6.55,0.21,89.23,22.73,12.93,17.83,11.17,53.86,0.11,6.6,86.7,83.51,2024-11-09 17:00:00,3.9,22.73,53.86,390.0,17,5,11,314,85975.0,45167.0,True
2024,11,10,5,30.17,21.73,28.01,23.9,0.23,86.16,15.64,15.03,15.34,12.77,96.0,0.56,3.21,91.1,83.76,2024-11-10 05:00:00,21.73,15.64,96.0,2173.0,5,6,11,315,53445.00000000001,67040.0,True
2024,11,10,6,237.27,146.95,230.41,87.89,0.35,72.41,16.87,15.08,15.98,12.8,89.03,0.55,4.32,91.2,83.82,2024-11-10 06:00:00,146.95,16.87,89.03,14694.999999999998,6,6,11,315,51045.0,84028.0,True
2024,11,10,7,493.2,304.5,390.63,127.88,0.42,58.23,19.92,14.56,17.24,12.38,71.17,0.92,5.05,84.9,83.86,2024-11-10 07:00:00,304.5,19.92,71.17,30450.0,7,6,11,315,31280.0,93588.0,True
2024,11,10,8,726.17,482.8,272.49,235.01,0.49,44.33,23.25,13.33,18.29,11.43,53.62,0.86,5.6,78.1,83.85,2024-11-10 08:00:00,482.8,23.25,53.62,48280.0,8,6,11,315,11668.0,92795.0,True
2024,11,10,9,902.58,616.58,313.8,279.1,0.52,31.14,25.57,12.75,19.16,11.0,44.89,0.58,5.84,76.5,83.8,2024-11-10 09:00:00,616.58,25.57,44.89,61658.00000000001,9,6,11,315,409.99999999999994,89147.0,True
2024,11,10,10,1005.45,620.8,123.22,343.53,0.48,20.17,27.16,12.54,19.85,10.86,40.32,0.85,5.92,76.5,83.72,2024-11-10 10:00:00,620.8,27.16,40.32,62079.99999999999,10,6,11,315,3208.0,74022.0,True
2024,11,10,11,1021.65,623.97,68.08,369.11,0.47,16.66,28.36,12.43,20.39,10.79,37.31,1.0,5.99,76.9,83.63,2024-11-10 11:00:00,623.97,28.36,37.31,62397.0,11,6,11,315,23477.0,53920.00000000001,True
2024,11,10,12,964.88,576.1,276.72,260.18,0.45,24.12,29.12,12.22,20.67,10.66,35.23,1.31,6.02,77.1,83.53,2024-11-10 12:00:00,576.1,29.12,35.23,57610.0,12,6,11,315,47538.0,31400.0,True
2024,11,10,13,832.78,545.12,138.32,300.64,0.49,36.33,29.09,12.04,20.57,10.54,34.87,1.59,6.09,77.5,83.45,2024-11-10 13:00:00,545.12,29.09,34.87,54512.0,13,6,11,315,69415.0,11615.0,True
2024,11,10,14,635.0,450.17,220.53,218.57,0.5,49.89,28.35,11.91,20.13,10.45,36.08,1.76,6.19,77.2,83.43,2024-11-10 14:00:00,450.17,28.35,36.08,45017.0,14,6,11,315,90160.0,428.0,True
2024,11,10,15,392.1,280.48,143.11,193.03,0.46,63.93,27.32,11.83,19.58,10.39,38.1,1.84,6.34,76.6,83.44,2024-11-10 15:00:00,280.48,27.32,38.1,28048.0,15,6,11,315,98097.0,2598.0,True
2024,11,10,16,140.43,93.85,60.91,65.35,0.33,78.14,25.72,11.96,18.84,10.48,42.25,1.82,6.39,75.8,83.49,2024-11-10 16:00:00,93.85,25.72,42.25,9385.0,16,6,11,315,96047.0,20530.0,True
2024,11,10,17,4.72,3.75,2.56,6.18,0.2,89.22,23.49,12.76,18.12,11.04,50.89,1.56,5.43,76.8,83.57,2024-11-10 17:00:00,3.75,23.49,50.89,375.0,17,6,11,315,87985.0,43230.0,True
2024,11,11,5,27.77,19.95,13.67,20.43,0.22,86.18,16.91,16.35,16.63,13.92,96.38,2.97,3.49,98.4,83.71,2024-11-11 05:00:00,19.95,16.91,96.38,1995.0,5,0,11,316,64566.99999999999,64833.00000000001,True
2024,11,11,6,220.62,108.35,59.02,82.14,0.26,72.45,17.98,16.56,17.27,14.09,91.25,4.47,4.69,94.7,83.78,2024-11-11 06:00:00,108.35,17.98,91.25,10835.0,6,0,11,316,55447.0,82480.0,True
2024,11,11,7,466.52,198.05,27.59,139.58,0.27,58.31,19.7,16.23,17.96,13.78,80.22,6.04,5.12,89.1,83.85,2024-11-11 07:00:00,198.05,19.7,80.22,19805.0,7,0,11,316,31948.0,91170.0,True
2024,11,11,8,695.75,302.65,35.53,184.92,0.31,44.44,21.64,15.51,18.58,13.16,68.02,6.81,5.34,84.1,83.86,2024-11-11 08:00:00,302.65,21.64,68.02,30264.999999999996,8,0,11,316,11807.0,90060.0,True
2024,11,11,9,872.72,420.5,26.4,259.53,0.35,31.29,23.0,14.94,18.97,12.68,60.32,7.07,5.62,84.0,83.82,2024-11-11 09:00:00,420.5,23.0,60.32,42050.0,9,0,11,316,395.0,86115.0,True
2024,11,11,10,978.83,428.73,68.45,241.75,0.33,20.4,23.89,14.63,19.26,12.44,56.06,6.86,5.88,85.3,83.77,2024-11-11 10:00:00,428.73,23.89,56.06,42873.0,10,0,11,316,3090.0,73295.0,True
2024,11,11,11,969.8,349.88,45.6,205.26,0.26,16.91,24.49,14.44,19.46,12.3,53.43,5.56,5.98,86.5,83.7,2024-11-11 11:00:00,349.88,24.49,53.43,34988.0,11,0,11,316,23027.0,53972.0,True
2024,11,11,12,907.88,556.45,56.88,357.74,0.44,24.28,24.6,14.2,19.4,12.12,52.26,4.25,6.0,86.1,83.63,2024-11-11 12:00:00,556.45,24.6,52.26,55645.00000000001,12,0,11,316,47510.0,33930.0,True
2024,11,11,13,775.95,485.92,202.3,320.65,0.43,36.41,24.41,14.0,19.2,11.97,52.18,3.45,6.03,84.2,83.58,2024-11-11 13:00:00,485.92,24.41,52.18,48592.0,13,0,11,316,69650.0,12403.0,True
2024,11,11,14,581.88,427.23,127.99,281.55,0.48,49.93,23.86,13.93,18.89,11.91,53.66,3.0,6.03,81.5,83.57,2024-11-11 14:00:00,427.23,23.86,53.66,42723.0,14,0,11,316,87047.0,443.0,True
2024,11,11,15,349.05,285.02,97.05,210.58,0.47,63.93,23.06,14.02,18.54,11.98,56.65,2.58,5.93,79.3,83.59,2024-11-11 15:00:00,285.02,23.06,56.65,28502.0,15,0,11,316,96360.0,2510.0,True
2024,11,11,16,121.43,96.03,32.57,72.48,0.34,78.13,21.89,14.44,18.17,12.31,62.53,2.02,5.57,78.4,83.65,2024-11-11 16:00:00,96.03,21.89,62.53,9603.0,16,0,11,316,94467.0,17218.0,True
2024,11,11,17,4.45,3.92,0.0,5.54,0.2,89.21,20.35,15.35,17.85,13.05,72.89,2.22,4.51,78.0,83.71,2024-11-11 17:00:00,3.92,20.35,72.89,392.0,17,0,11,316,84688.0,37200.0,True
2024,11,12,5,29.3,26.98,28.3,29.65,0.29,86.21,16.69,16.12,16.4,13.71,96.29,0.54,2.71,87.3,83.73,2024-11-12 05:00:00,26.98,16.69,96.29,2698.0,5,1,11,317,56840.0,57388.0,True
2024,11,12,6,235.2,210.35,288.16,126.1,0.5,72.5,17.83,16.46,17.15,14.0,91.53,0.74,3.85,88.4,83.78,2024-11-12 06:00:00,210.35,17.83,91.53,21035.0,6,1,11,317,47110.0,72810.0,True
2024,11,12,7,489.0,434.9,492.62,166.06,0.6,58.38,19.88,16.53,18.21,14.06,80.9,1.11,4.52,90.4,83.82,2024-11-12 07:00:00,434.9,19.88,80.9,43490.0,7,1,11,317,26680.0,83997.0,True
2024,11,12,8,716.92,711.33,706.54,187.6,0.72,44.54,22.4,15.56,18.98,13.21,65.15,1.11,4.88,89.5,83.82,2024-11-12 08:00:00,711.33,22.4,65.15,71133.0,8,1,11,317,9532.0,85885.0,True
2024,11,12,9,893.22,869.6,677.67,258.44,0.73,31.45,24.62,14.45,19.54,12.3,53.07,1.0,5.04,91.5,83.79,2024-11-12 09:00:00,869.6,24.62,53.07,86960.0,9,1,11,317,405.0,82830.0,True
2024,11,12,10,997.65,959.55,689.14,275.19,0.74,20.63,26.5,13.53,20.02,11.59,44.71,1.07,5.28,94.3,83.72,2024-11-12 10:00:00,959.55,26.5,44.71,95955.0,10,1,11,317,2483.0,70130.0,True
2024,11,12,11,1031.68,954.67,636.69,279.94,0.72,17.16,27.91,12.78,20.35,11.04,39.18,1.03,5.65,96.9,83.63,2024-11-12 11:00:00,954.67,27.91,39.18,95467.0,11,1,11,317,17070.0,49990.0,True
2024,11,12,12,976.58,859.1,610.18,277.99,0.68,24.43,28.71,12.36,20.54,10.75,36.39,0.94,6.07,97.9,83.54,2024-11-12 12:00:00,859.1,28.71,36.39,85910.0,12,1,11,317,36750.0,30605.0,True
2024,11,12,13,845.92,745.1,617.87,220.53,0.67,36.49,28.87,12.12,20.49,10.59,35.49,1.04,6.49,97.6,83.47,2024-11-12 13:00:00,745.1,28.87,35.49,74510.0,13,1,11,317,55378.0,11503.0,True
2024,11,12,14,647.35,574.72,549.44,204.17,0.64,49.96,28.2,12.11,20.15,10.59,36.88,0.92,6.84,96.3,83.43,2024-11-12 14:00:00,574.72,28.2,36.88,57472.0,14,1,11,317,69953.0,428.0,True
2024,11,12,15,406.42,341.1,558.64,107.93,0.56,63.94,26.85,12.31,19.58,10.73,40.44,0.93,7.04,94.2,83.45,2024-11-12 15:00:00,341.1,26.85,40.44,34110.0,15,1,11,317,87295.0,2945.0,True
2024,11,12,16,151.7,129.02,350.63,62.07,0.45,78.11,25.04,12.71,18.88,11.01,46.21,0.71,6.81,91.0,83.5,2024-11-12 16:00:00,129.02,25.04,46.21,12902.000000000002,16,1,11,317,90558.0,23302.0,True
2024,11,12,17,5.2,4.68,12.31,8.15,0.24,89.2,22.48,13.71,18.1,11.75,57.55,0.59,5.1,87.2,83.57,2024-11-12 17:00:00,4.68,22.48,57.55,468.0,17,1,11,317,75085.0,48212.0,True
2024,11,13,5,27.77,19.55,13.46,21.95,0.21,86.23,16.44,16.14,16.29,13.72,97.89,2.45,2.06,73.9,83.71,2024-11-13 05:00:00,19.55,16.44,97.89,1955.0,5,2,11,318,68442.0,72035.0,True
2024,11,13,6,222.73,147.57,103.03,111.74,0.35,72.55,18.07,16.51,17.29,14.05,90.45,3.39,3.32,76.9,83.75,2024-11-13 06:00:00,147.57,18.07,90.45,14757.0,6,2,11,318,42955.0,89810.0,True
2024,11,13,7,473.33,277.9,226.77,164.38,0.38,58.46,20.35,16.16,18.25,13.73,76.73,3.86,3.44,77.6,83.8,2024-11-13 07:00:00,277.9,20.35,76.73,27789.999999999996,7,2,11,318,23615.0,101250.0,True
2024,11,13,8,705.15,464.33,189.59,275.66,0.47,44.65,23.03,14.97,19.0,12.72,60.39,4.16,3.19,87.5,83.81,2024-11-13 08:00:00,464.33,23.03,60.39,46433.0,8,2,11,318,8212.0,103697.0,True
2024,11,13,9,882.78,575.5,142.04,330.33,0.49,31.6,25.35,13.85,19.6,11.83,48.87,4.13,3.09,101.8,83.76,2024-11-13 09:00:00,575.5,25.35,48.87,57550.0,9,2,11,318,328.0,96405.0,True
2024,11,13,10,985.95,669.85,144.33,452.61,0.52,20.85,26.96,13.28,20.12,11.4,42.79,4.1,3.21,110.6,83.68,2024-11-13 10:00:00,669.85,26.96,42.79,66985.0,10,2,11,318,2000.0,78545.0,True
2024,11,13,11,1007.47,739.5,229.91,361.79,0.56,17.41,28.08,13.04,20.56,11.24,39.47,4.21,3.43,114.6,83.57,2024-11-13 11:00:00,739.5,28.08,39.47,73950.0,11,2,11,318,15088.0,60554.99999999999,True
2024,11,13,12,952.65,652.28,347.29,281.0,0.52,24.57,28.68,12.9,20.79,11.15,37.76,3.99,3.79,114.3,83.46,2024-11-13 12:00:00,652.28,28.68,37.76,65228.0,12,2,11,318,27798.0,34860.0,True
2024,11,13,13,821.62,554.45,387.0,209.65,0.5,36.56,28.69,12.77,20.73,11.07,37.43,3.29,4.2,111.9,83.37,2024-11-13 13:00:00,554.45,28.69,37.43,55445.00000000001,13,2,11,318,45380.0,13040.0,True
2024,11,13,14,623.45,368.17,190.44,249.09,0.41,49.99,28.15,12.7,20.43,11.02,38.43,2.74,4.71,108.3,83.33,2024-11-13 14:00:00,368.17,28.15,38.43,36817.0,14,2,11,318,59578.0,407.0,True
2024,11,13,15,383.02,206.6,146.15,149.89,0.34,63.94,26.6,12.88,19.74,11.16,42.62,2.49,5.25,100.9,83.35,2024-11-13 15:00:00,206.6,26.6,42.62,20660.0,15,2,11,318,66760.0,3260.0,True
2024,11,13,16,136.95,71.18,44.0,59.86,0.25,78.08,24.68,13.4,19.04,11.54,49.43,2.17,5.67,92.9,83.43,2024-11-13 16:00:00,71.18,24.68,49.43,7118.000000000001,16,2,11,318,75258.0,25265.0,True
2024,11,13,17,4.82,2.75,0.0,4.36,0.14,89.18,22.46,14.37,18.42,12.28,60.17,2.43,5.23,86.2,83.53,2024-11-13 17:00:00,2.75,22.46,60.17,275.0,17,2,11,318,88900.0,51340.0,True
2024,11,14,5,29.65,24.38,27.55,31.21,0.27,86.26,15.82,15.41,15.61,13.09,97.18,0.25,2.19,82.4,83.69,2024-11-14 05:00:00,24.38,15.82,97.18,2438.0,5,3,11,319,71367.0,74740.0,True
2024,11,14,6,238.75,181.4,216.6,126.37,0.44,72.61,17.6,15.63,16.61,13.28,88.09,0.64,3.6,82.8,83.74,2024-11-14 06:00:00,181.4,17.6,88.09,18140.0,6,3,11,319,56912.0,92108.0,True
2024,11,14,7,491.5,376.85,275.42,210.41,0.52,58.54,20.34,15.12,17.73,12.84,71.82,1.39,3.87,81.7,83.77,2024-11-14 07:00:00,376.85,20.34,71.82,37685.0,7,3,11,319,31888.0,103034.99999999999,True
2024,11,14,8,718.42,581.05,385.93,254.33,0.59,44.76,23.21,14.03,18.62,11.97,56.21,1.48,3.92,86.5,83.76,2024-11-14 08:00:00,581.05,23.21,56.21,58104.99999999999,8,3,11,319,11322.0,104668.0,True
2024,11,14,9,891.78,712.72,276.84,374.05,0.6,31.76,25.5,13.23,19.36,11.36,46.49,1.64,4.1,93.1,83.71,2024-11-14 09:00:00,712.72,25.5,46.49,71272.0,9,3,11,319,362.0,96835.0,True
2024,11,14,10,994.58,861.22,352.19,399.46,0.66,21.08,27.16,12.94,20.05,11.16,41.38,1.93,4.19,97.7,83.63,2024-11-14 10:00:00,861.22,27.16,41.38,86122.0,10,3,11,319,1782.9999999999998,72915.0,True
2024,11,14,11,1010.95,825.55,654.06,219.04,0.62,17.65,28.42,12.8,20.61,11.07,38.09,1.86,4.22,101.5,83.53,2024-11-14 11:00:00,825.55,28.42,38.09,82555.0,11,3,11,319,12805.000000000002,55245.00000000001,True
2024,11,14,12,954.05,781.42,459.7,316.32,0.62,24.72,29.04,12.66,20.85,10.98,36.4,2.32,4.4,103.4,83.42,2024-11-14 12:00:00,781.42,29.04,36.4,78142.0,12,3,11,319,29267.0,30938.0,True
2024,11,14,13,823.62,618.85,252.61,331.02,0.55,36.63,28.87,12.5,20.68,10.88,36.39,2.67,4.77,103.0,83.33,2024-11-14 13:00:00,618.85,28.87,36.39,61885.0,13,3,11,319,46320.0,11243.0,True
2024,11,14,14,626.95,405.35,204.71,223.48,0.45,50.02,28.12,12.37,20.24,10.78,37.64,2.3,5.3,101.8,83.28,2024-11-14 14:00:00,405.35,28.12,37.64,40535.0,14,3,11,319,57641.99999999999,375.0,True
2024,11,14,15,386.08,245.65,114.56,193.89,0.4,63.93,26.57,12.52,19.55,10.89,41.64,2.13,5.97,100.9,83.3,2024-11-14 15:00:00,245.65,26.57,41.64,24565.0,15,3,11,319,75042.0,3450.0,True
2024,11,14,16,139.38,83.72,71.08,67.12,0.29,78.06,24.69,12.99,18.84,11.23,48.04,1.75,6.57,100.4,83.36,2024-11-14 16:00:00,83.72,24.69,48.04,8372.0,16,3,11,319,82725.0,25152.0,True
2024,11,14,17,4.95,3.28,1.53,5.38,0.16,89.17,22.48,13.78,18.13,11.82,57.8,1.5,6.08,98.3,83.44,2024-11-14 17:00:00,3.28,22.48,57.8,328.0,17,3,11,319,66125.0,49930.0,True
2024,11,15,5,30.08,11.45,0.0,13.99,0.13,86.29,16.3,15.81,16.05,13.45,96.71,1.7,3.27,96.3,83.6,2024-11-15 05:00:00,11.45,16.3,96.71,1145.0,5,4,11,320,52254.99999999999,73445.0,True
2024,11,15,6,241.15,82.43,0.0,82.36,0.2,72.67,17.61,15.88,16.74,13.5,89.39,1.75,4.65,99.2,83.66,2024-11-15 06:00:00,82.43,17.61,89.39,8243.0,6,4,11,320,33185.0,91917.0,True
2024,11,15,7,494.95,167.1,0.0,141.93,0.23,58.62,19.86,15.29,17.57,13.0,74.85,2.1,5.31,101.8,83.71,2024-11-15 07:00:00,167.1,19.86,74.85,16710.0,7,4,11,320,19745.0,102532.0,True
2024,11,15,8,721.15,251.73,18.02,192.05,0.26,44.88,22.76,14.29,18.52,12.17,58.69,2.5,5.74,103.1,83.72,2024-11-15 08:00:00,251.73,22.76,58.69,25173.0,8,4,11,320,6640.000000000001,104005.0,True
2024,11,15,9,892.33,372.67,37.84,229.01,0.32,31.92,24.94,13.94,19.44,11.91,50.36,2.27,6.0,104.2,83.68,2024-11-15 09:00:00,372.67,24.94,50.36,37267.0,9,4,11,320,278.0,92812.0,True
2024,11,15,10,993.67,493.35,43.12,314.82,0.38,21.3,26.55,13.77,20.16,11.79,45.28,2.06,6.15,105.5,83.61,2024-11-15 10:00:00,493.35,26.55,45.28,49335.0,10,4,11,320,1707.9999999999998,79395.0,True
2024,11,15,11,993.4,583.08,268.68,358.98,0.44,17.89,27.64,13.62,20.63,11.68,42.04,2.09,6.28,106.5,83.51,2024-11-15 11:00:00,583.08,27.64,42.04,58308.00000000001,11,4,11,320,11160.0,59770.00000000001,True
2024,11,15,12,937.1,603.75,75.49,374.38,0.48,24.86,28.13,13.44,20.79,11.56,40.39,2.11,6.48,106.6,83.42,2024-11-15 12:00:00,603.75,28.13,40.39,60375.0,12,4,11,320,23982.0,34483.0,True
2024,11,15,13,804.38,465.67,200.79,216.42,0.42,36.69,27.86,13.24,20.55,11.41,40.46,2.35,6.64,106.2,83.34,2024-11-15 13:00:00,465.67,27.86,40.46,46567.0,13,4,11,320,35142.0,12530.0,True
2024,11,15,14,609.03,354.95,134.28,232.34,0.4,50.04,27.15,13.18,20.17,11.38,42.05,2.42,6.78,104.8,83.3,2024-11-15 14:00:00,354.95,27.15,42.05,35495.0,14,4,11,320,54797.0,412.0,True
2024,11,15,15,371.95,226.2,112.45,158.33,0.37,63.93,25.44,13.61,19.52,11.71,47.86,2.33,6.94,100.8,83.32,2024-11-15 15:00:00,226.2,25.44,47.86,22620.0,15,4,11,320,74395.0,2552.0,True
2024,11,15,16,131.35,75.4,34.12,63.76,0.26,78.03,23.43,14.52,18.98,12.41,57.24,1.98,7.06,95.4,83.4,2024-11-15 16:00:00,75.4,23.43,57.24,7540.000000000001,16,4,11,320,92275.0,19060.0,True
2024,11,15,17,4.9,3.8,0.0,6.31,0.18,89.15,21.29,15.65,18.47,13.34,70.11,1.75,6.46,91.8,83.48,2024-11-15 17:00:00,3.8,21.29,70.11,380.0,17,4,11,320,92130.0,41155.0,True
2024,11,16,5,27.05,16.67,8.18,19.14,0.19,86.32,16.14,15.53,15.84,13.2,95.96,35.89,3.8,101.7,83.65,2024-11-16 05:00:00,16.67,16.14,95.96,1667.0000000000002,5,5,11,321,67630.0,61803.0,True
2024,11,16,6,223.68,117.03,59.88,114.38,0.28,72.73,16.83,15.59,16.21,13.25,92.23,27.05,4.33,103.7,83.69,2024-11-16 06:00:00,117.03,16.83,92.23,11703.0,6,5,11,321,57033.00000000001,75370.0,True
2024,11,16,7,472.0,225.95,157.33,176.32,0.31,58.7,18.47,15.72,17.09,13.35,83.83,19.03,4.41,105.0,83.74,2024-11-16 07:00:00,225.95,18.47,83.83,22595.0,7,5,11,321,35805.0,89058.0,True
2024,11,16,8,695.92,323.1,41.29,243.46,0.33,44.99,20.67,15.34,18.01,13.03,71.39,12.23,4.3,107.3,83.75,2024-11-16 08:00:00,323.1,20.67,71.39,32310.000000000004,8,5,11,321,13325.0,92975.0,True
2024,11,16,9,867.88,394.33,122.13,229.17,0.33,32.08,22.96,14.72,18.84,12.53,59.67,7.18,4.31,112.2,83.71,2024-11-16 09:00:00,394.33,22.96,59.67,39433.0,9,5,11,321,465.00000000000006,82072.0,True
2024,11,16,10,967.65,406.75,206.4,220.04,0.31,21.52,24.77,14.16,19.46,12.09,51.61,4.61,4.52,114.2,83.64,2024-11-16 10:00:00,406.75,24.77,51.61,40675.0,10,5,11,321,3198.0,67858.0,True
2024,11,16,11,995.25,242.38,46.1,138.87,0.18,18.12,25.78,13.72,19.75,11.76,47.24,3.88,4.81,111.4,83.55,2024-11-16 11:00:00,242.38,25.78,47.24,24238.0,11,5,11,321,22482.0,47030.0,True
2024,11,16,12,939.3,348.85,211.68,202.79,0.28,24.99,26.4,13.53,19.97,11.62,44.95,3.74,5.13,107.3,83.46,2024-11-16 12:00:00,348.85,26.4,44.95,34885.0,12,5,11,321,44715.0,26258.0,True
2024,11,16,13,803.47,302.75,9.06,226.47,0.27,36.76,26.36,13.34,19.85,11.49,44.51,4.32,5.43,104.2,83.38,2024-11-16 13:00:00,302.75,26.36,44.51,30275.0,13,5,11,321,65495.00000000001,9497.0,True
2024,11,16,14,603.55,244.27,9.07,189.07,0.27,50.06,25.43,13.35,19.39,11.5,47.05,4.65,5.66,100.8,83.34,2024-11-16 14:00:00,244.27,25.43,47.05,24427.0,14,5,11,321,80480.0,338.0,True
2024,11,16,15,364.58,160.8,36.44,128.16,0.26,63.92,24.21,13.59,18.9,11.68,51.4,4.25,5.88,97.0,83.35,2024-11-16 15:00:00,160.8,24.21,51.4,16080.000000000002,15,5,11,321,88628.0,2698.0,True
2024,11,16,16,129.05,54.4,14.82,51.72,0.19,77.99,22.52,14.02,18.27,12.01,58.56,3.81,5.91,93.3,83.42,2024-11-16 16:00:00,54.4,22.52,58.56,5440.0,16,5,11,321,91278.0,19260.0,True
2024,11,16,17,4.82,2.95,0.0,4.01,0.14,89.14,20.39,14.86,17.62,12.67,70.42,3.14,5.29,88.7,83.49,2024-11-16 17:00:00,2.95,20.39,70.42,295.0,17,5,11,321,79885.0,40542.0,True
2024,11,17,5,25.25,20.48,6.02,25.22,0.23,86.35,15.81,15.45,15.63,13.13,97.54,0.93,2.46,79.0,83.69,2024-11-17 05:00:00,20.48,15.81,97.54,2048.0,5,6,11,322,63450.0,61954.99999999999,True
2024,11,17,6,209.25,159.8,58.41,127.27,0.39,72.79,17.12,15.68,16.4,13.32,91.08,0.66,3.76,73.4,83.74,2024-11-17 06:00:00,159.8,17.12,91.08,15980.000000000002,6,6,11,322,47888.0,73803.0,True
2024,11,17,7,452.15,353.23,176.36,201.8,0.49,58.79,19.21,15.34,17.28,13.02,78.13,1.04,4.22,67.4,83.79,2024-11-17 07:00:00,353.23,19.21,78.13,35323.0,7,6,11,322,27545.0,88155.0,True
2024,11,17,8,682.45,522.47,191.86,315.32,0.53,45.11,22.01,14.27,18.14,12.15,61.38,1.24,4.69,66.6,83.79,2024-11-17 08:00:00,522.47,22.01,61.38,52247.0,8,6,11,322,10453.0,88370.0,True
2024,11,17,9,864.62,758.05,405.12,318.1,0.64,32.24,24.1,13.85,18.97,11.83,52.65,1.18,4.7,67.5,83.75,2024-11-17 09:00:00,758.05,24.1,52.65,75805.0,9,6,11,322,390.0,85975.0,True
2024,11,17,10,972.15,836.88,406.47,356.81,0.65,21.74,25.53,13.77,19.65,11.78,48.09,1.55,4.51,68.8,83.66,2024-11-17 10:00:00,836.88,25.53,48.09,83688.0,10,6,11,322,2173.0,53445.00000000001,True
2024,11,17,11,1012.0,846.12,481.5,333.73,0.64,18.34,26.5,13.71,20.11,11.75,45.24,2.05,4.31,72.9,83.56,2024-11-17 11:00:00,846.12,26.5,45.24,84612.0,11,6,11,322,14694.999999999998,51045.0,True
2024,11,17,12,958.45,724.83,344.27,315.46,0.57,25.12,26.64,13.61,20.12,11.69,44.59,2.32,4.37,78.0,83.46,2024-11-17 12:00:00,724.83,26.64,44.59,72483.0,12,6,11,322,30450.0,31280.0,True
2024,11,17,13,830.42,554.83,317.21,250.26,0.5,36.81,26.22,13.71,19.96,11.77,45.98,2.17,4.63,81.6,83.4,2024-11-17 13:00:00,554.83,26.22,45.98,55483.00000000001,13,6,11,322,48280.0,11668.0,True
2024,11,17,14,638.5,348.5,215.06,198.77,0.39,50.07,25.58,13.94,19.76,11.96,48.51,1.74,5.16,84.3,83.37,2024-11-17 14:00:00,348.5,25.58,48.51,34850.0,14,6,11,322,61658.00000000001,409.99999999999994,True
2024,11,17,15,401.65,185.05,139.24,140.24,0.3,63.9,24.39,14.23,19.31,12.18,53.03,1.4,5.64,84.7,83.39,2024-11-17 15:00:00,185.05,24.39,53.03,18505.0,15,6,11,322,62079.99999999999,3208.0,True
2024,11,17,16,153.38,61.5,61.35,49.27,0.21,77.96,22.82,14.59,18.71,12.47,59.71,0.86,5.89,84.2,83.44,2024-11-17 16:00:00,61.5,22.82,59.71,6150.0,16,6,11,322,62397.0,23477.0,True
2024,11,17,17,5.7,3.0,3.91,4.58,0.14,89.12,20.92,15.17,18.04,12.93,69.56,0.56,5.38,82.6,83.51,2024-11-17 17:00:00,3.0,20.92,69.56,300.0,17,6,11,322,57610.0,47538.0,True
2024,11,18,5,30.67,27.65,74.66,28.16,0.31,86.39,16.09,15.73,15.91,13.37,97.55,0.13,2.34,81.4,83.7,2024-11-18 05:00:00,27.65,16.09,97.55,2765.0,5,0,11,323,54512.0,69415.0,True
2024,11,18,6,245.15,208.9,373.12,111.38,0.51,72.86,17.52,15.88,16.7,13.5,90.0,0.34,3.85,76.9,83.75,2024-11-18 06:00:00,208.9,17.52,90.0,20890.0,6,0,11,323,45017.0,90160.0,True
2024,11,18,7,496.95,429.33,460.53,151.84,0.6,58.88,19.53,15.61,17.57,13.26,77.99,1.07,4.55,67.1,83.79,2024-11-18 07:00:00,429.33,19.53,77.99,42933.0,7,0,11,323,28048.0,98097.0,True
2024,11,18,8,720.62,564.78,479.2,196.65,0.58,45.23,22.12,15.01,18.57,12.75,63.96,1.01,4.53,62.2,83.8,2024-11-18 08:00:00,564.78,22.12,63.96,56478.0,8,0,11,323,9385.0,96047.0,True
2024,11,18,9,891.65,754.95,513.94,261.77,0.64,32.4,24.63,14.41,19.52,12.27,52.9,0.98,4.12,62.9,83.76,2024-11-18 09:00:00,754.95,24.63,52.9,75495.0,9,0,11,323,375.0,87985.0,True
2024,11,18,10,993.17,950.1,627.06,308.31,0.73,21.96,26.25,14.12,20.18,12.04,47.11,1.22,3.87,63.8,83.69,2024-11-18 10:00:00,950.1,26.25,47.11,95010.0,10,0,11,323,1995.0,64566.99999999999,True
2024,11,18,11,1008.53,799.85,574.43,240.93,0.61,18.56,27.24,13.93,20.58,11.92,43.96,1.4,3.9,64.6,83.61,2024-11-18 11:00:00,799.85,27.24,43.96,79985.0,11,0,11,323,10835.0,55447.0,True
2024,11,18,12,954.62,799.25,533.62,251.32,0.63,25.24,27.68,13.71,20.7,11.75,42.19,1.51,4.17,64.9,83.52,2024-11-18 12:00:00,799.25,27.68,42.19,79925.0,12,0,11,323,19805.0,31948.0,True
2024,11,18,13,825.05,665.55,480.18,283.0,0.6,36.87,27.57,13.46,20.52,11.57,41.78,1.36,4.55,64.9,83.45,2024-11-18 13:00:00,665.55,27.57,41.78,66555.0,13,0,11,323,30264.999999999996,11807.0,True
2024,11,18,14,631.47,505.7,424.63,228.22,0.57,50.09,26.89,13.34,20.12,11.48,43.13,1.18,4.89,67.5,83.43,2024-11-18 14:00:00,505.7,26.89,43.13,50570.0,14,0,11,323,42050.0,395.0,True
2024,11,18,15,394.45,307.52,345.14,155.74,0.5,63.89,25.99,13.45,19.72,11.56,45.81,0.96,5.19,70.7,83.44,2024-11-18 15:00:00,307.52,25.99,45.81,30752.0,15,0,11,323,42873.0,3090.0,True
2024,11,18,16,147.27,111.97,162.54,70.14,0.38,77.92,24.43,13.65,19.04,11.71,50.94,0.67,5.35,73.3,83.5,2024-11-18 16:00:00,111.97,24.43,50.94,11197.0,16,0,11,323,34988.0,23027.0,True
2024,11,18,17,5.6,4.78,4.09,7.93,0.22,89.1,22.17,14.56,18.36,12.42,61.96,0.41,4.32,75.9,83.57,2024-11-18 17:00:00,4.78,22.17,61.96,478.0,17,0,11,323,55645.00000000001,47510.0,True
2024,11,19,5,28.7,23.98,36.15,25.23,0.28,86.42,16.38,16.04,16.21,13.64,97.67,0.17,2.83,72.5,83.69,2024-11-19 05:00:00,23.98,16.38,97.67,2398.0,5,1,11,324,48592.0,69650.0,True
2024,11,19,6,235.12,189.12,350.38,98.16,0.46,72.93,18.0,16.03,17.02,13.63,88.15,0.26,4.29,72.6,83.75,2024-11-19 06:00:00,189.12,18.0,88.15,18912.0,6,1,11,324,42723.0,87047.0,True
2024,11,19,7,485.7,398.6,530.19,131.57,0.55,58.98,20.39,15.44,17.92,13.11,73.12,0.37,4.49,67.3,83.81,2024-11-19 07:00:00,398.6,20.39,73.12,39860.0,7,1,11,324,28502.0,96360.0,True
2024,11,19,8,711.88,649.67,535.74,237.44,0.66,45.35,23.12,14.48,18.8,12.31,58.15,0.3,4.4,65.7,83.82,2024-11-19 08:00:00,649.67,23.12,58.15,64966.99999999999,8,1,11,324,9603.0,94467.0,True
2024,11,19,9,886.25,817.47,532.55,288.38,0.7,32.56,25.54,13.34,19.44,11.43,46.71,0.3,4.32,68.0,83.79,2024-11-19 09:00:00,817.47,25.54,46.71,81747.0,9,1,11,324,392.0,84688.0,True
2024,11,19,10,988.5,896.85,523.23,323.89,0.69,22.17,27.18,13.04,20.11,11.23,41.64,0.29,4.2,72.6,83.73,2024-11-19 10:00:00,896.85,27.18,41.64,89685.0,10,1,11,324,2698.0,56840.0,True
2024,11,19,11,1009.92,862.25,498.63,312.79,0.65,18.78,27.91,13.2,20.55,11.36,40.32,0.25,4.22,75.3,83.64,2024-11-19 11:00:00,862.25,27.91,40.32,86225.0,11,1,11,324,21035.0,47110.0,True
2024,11,19,12,953.2,758.1,499.08,263.93,0.6,25.37,28.27,13.36,20.82,11.5,39.92,0.19,4.43,75.7,83.55,2024-11-19 12:00:00,758.1,28.27,39.92,75810.0,12,1,11,324,43490.0,26680.0,True
2024,11,19,13,819.53,672.1,488.28,237.66,0.6,36.92,28.05,13.38,20.71,11.52,40.46,0.15,4.72,75.9,83.47,2024-11-19 13:00:00,672.1,28.05,40.46,67210.0,13,1,11,324,71133.0,9532.0,True
2024,11,19,14,624.92,534.4,485.43,205.89,0.6,50.1,27.54,13.34,20.44,11.49,41.55,0.11,4.96,76.5,83.42,2024-11-19 14:00:00,534.4,27.54,41.55,53440.0,14,1,11,324,86960.0,405.0,True
2024,11,19,15,388.6,315.65,342.83,131.08,0.51,63.87,26.31,13.35,19.83,11.49,44.66,0.09,5.2,76.8,83.42,2024-11-19 15:00:00,315.65,26.31,44.66,31564.999999999996,15,1,11,324,95955.0,2483.0,True
2024,11,19,16,144.65,117.32,174.5,76.05,0.4,77.88,24.59,13.62,19.11,11.69,50.36,0.03,5.44,77.6,83.47,2024-11-19 16:00:00,117.32,24.59,50.36,11732.0,16,1,11,324,95467.0,17070.0,True
2024,11,19,17,5.7,4.88,6.66,8.42,0.22,89.08,22.49,14.43,18.46,12.32,60.26,0.01,4.97,79.5,83.54,2024-11-19 17:00:00,4.88,22.49,60.26,488.0,17,1,11,324,85910.0,36750.0,True
2024,11,20,5,26.1,21.02,10.55,22.36,0.24,86.46,16.68,16.19,16.43,13.77,96.73,0.53,3.17,78.7,83.69,2024-11-20 05:00:00,21.02,16.68,96.73,2102.0,5,2,11,325,74510.0,55378.0,True
2024,11,20,6,217.98,164.93,123.28,125.77,0.4,73.01,17.96,16.12,17.04,13.71,88.89,0.94,4.3,76.7,83.75,2024-11-20 06:00:00,164.93,17.96,88.89,16493.0,6,2,11,325,57472.0,69953.0,True
2024,11,20,7,461.55,344.6,229.28,178.09,0.48,59.07,20.24,15.88,18.06,13.48,75.86,1.02,4.42,74.4,83.79,2024-11-20 07:00:00,344.6,20.24,75.86,34460.0,7,2,11,325,34110.0,87295.0,True
2024,11,20,8,690.08,564.6,340.35,270.07,0.58,45.48,22.95,15.35,19.15,13.03,62.13,1.44,4.55,73.1,83.78,2024-11-20 08:00:00,564.6,22.95,62.13,56460.0,8,2,11,325,12902.000000000002,90558.0,True
2024,11,20,9,871.05,671.78,267.76,335.46,0.57,32.72,25.05,14.94,19.99,12.7,53.36,2.06,4.69,73.3,83.73,2024-11-20 09:00:00,671.78,25.05,53.36,67178.0,9,2,11,325,468.0,75085.0,True
2024,11,20,10,975.55,746.78,309.04,371.39,0.58,22.39,26.54,14.72,20.63,12.53,48.15,2.74,4.8,74.0,83.65,2024-11-20 10:00:00,746.78,26.54,48.15,74678.0,10,2,11,325,1955.0,68442.0,True
2024,11,20,11,1001.78,768.7,386.75,344.97,0.58,18.99,27.48,14.54,21.01,12.4,45.04,3.02,4.94,74.9,83.53,2024-11-20 11:00:00,768.7,27.48,45.04,76870.0,11,2,11,325,14757.0,42955.0,True
2024,11,20,12,946.85,753.58,351.84,365.25,0.6,25.48,27.86,14.39,21.12,12.3,43.64,3.28,5.05,75.3,83.42,2024-11-20 12:00:00,753.58,27.86,43.64,75358.0,12,2,11,325,27789.999999999996,23615.0,True
2024,11,20,13,816.45,552.62,259.33,270.34,0.5,36.97,27.81,14.3,21.05,12.24,43.51,2.85,4.93,75.8,83.34,2024-11-20 13:00:00,552.62,27.81,43.51,55262.0,13,2,11,325,46433.0,8212.0,True
2024,11,20,14,619.42,402.98,222.59,216.4,0.45,50.1,26.98,14.35,20.66,12.29,45.84,2.47,4.97,79.2,83.31,2024-11-20 14:00:00,402.98,26.98,45.84,40298.0,14,2,11,325,57550.0,328.0,True
2024,11,20,15,388.52,267.77,132.58,205.96,0.44,63.84,25.35,14.75,20.05,12.6,51.76,2.17,5.2,81.8,83.33,2024-11-20 15:00:00,267.77,25.35,51.76,26777.0,15,2,11,325,66985.0,2000.0,True
2024,11,20,16,144.45,92.95,56.73,67.12,0.32,77.83,23.55,15.35,19.45,13.09,59.92,2.54,5.38,82.7,83.4,2024-11-20 16:00:00,92.95,23.55,59.92,9295.0,16,2,11,325,73950.0,15088.0,True
2024,11,20,17,5.82,4.2,1.92,6.73,0.18,89.06,21.6,16.29,18.94,13.9,71.67,3.16,4.69,82.6,83.49,2024-11-20 17:00:00,4.2,21.6,71.67,420.0,17,2,11,325,65228.0,27798.0,True
2024,11,21,5,25.25,21.45,9.68,26.15,0.25,86.5,16.78,16.21,16.5,13.8,96.28,0.57,3.76,85.4,83.65,2024-11-21 05:00:00,21.45,16.78,96.28,2145.0,5,3,11,326,55445.00000000001,45380.0,True
2024,11,21,6,215.95,157.25,133.55,151.55,0.39,73.08,17.89,16.49,17.19,14.05,91.43,0.9,5.0,85.8,83.71,2024-11-21 06:00:00,157.25,17.89,91.43,15725.0,6,3,11,326,36817.0,59578.0,True
2024,11,21,7,461.75,345.5,166.46,248.35,0.48,59.17,20.02,16.41,18.21,13.96,79.57,1.28,5.92,83.7,83.75,2024-11-21 07:00:00,345.5,20.02,79.57,34550.0,7,3,11,326,20660.0,66760.0,True
2024,11,21,8,691.53,513.3,130.48,321.44,0.53,45.6,22.82,15.84,19.33,13.46,64.64,1.85,6.18,84.3,83.74,2024-11-21 08:00:00,513.3,22.82,64.64,51329.99999999999,8,3,11,326,7118.000000000001,75258.0,True
2024,11,21,9,866.17,566.15,43.98,411.68,0.48,32.89,25.09,15.12,20.11,12.85,53.84,2.54,6.09,88.8,83.71,2024-11-21 09:00:00,566.15,25.09,53.84,56615.0,9,3,11,326,275.0,88900.0,True
2024,11,21,10,969.1,684.47,78.32,416.7,0.53,22.6,26.45,14.62,20.54,12.45,48.1,3.07,5.74,91.4,83.65,2024-11-21 10:00:00,684.47,26.45,48.1,68447.0,10,3,11,326,2438.0,71367.0,True
2024,11,21,11,981.17,725.25,204.06,386.88,0.55,19.19,27.27,14.34,20.81,12.24,45.03,3.51,5.32,93.4,83.56,2024-11-21 11:00:00,725.25,27.27,45.03,72525.0,11,3,11,326,18140.0,56912.0,True
2024,11,21,12,929.17,589.85,180.75,307.93,0.47,25.59,27.34,14.21,20.78,12.14,44.43,4.01,4.94,94.4,83.47,2024-11-21 12:00:00,589.85,27.34,44.43,58985.0,12,3,11,326,37685.0,31888.0,True
2024,11,21,13,802.08,515.22,118.17,296.47,0.46,37.01,26.58,14.33,20.46,12.26,46.88,3.87,4.6,91.9,83.41,2024-11-21 13:00:00,515.22,26.58,46.88,51522.0,13,3,11,326,58104.99999999999,11322.0,True
2024,11,21,14,608.72,391.62,149.76,258.17,0.44,50.1,25.39,14.72,20.05,12.58,51.58,3.4,4.68,88.3,83.38,2024-11-21 14:00:00,391.62,25.39,51.58,39162.0,14,3,11,326,71272.0,362.0,True
2024,11,21,15,375.0,235.52,140.0,151.76,0.38,63.82,24.01,15.32,19.67,13.08,58.24,3.3,5.05,87.7,83.4,2024-11-21 15:00:00,235.52,24.01,58.24,23552.0,15,3,11,326,86122.0,1782.9999999999998,True
2024,11,21,16,136.62,86.88,37.31,64.9,0.29,77.78,22.35,16.09,19.22,13.73,67.6,2.95,5.28,87.5,83.44,2024-11-21 16:00:00,86.88,22.35,67.6,8688.0,16,3,11,326,82555.0,12805.000000000002,True
2024,11,21,17,5.78,4.45,1.91,7.35,0.19,89.04,20.64,16.96,18.8,14.51,79.35,3.13,4.97,86.3,83.51,2024-11-21 17:00:00,4.45,20.64,79.35,445.0,17,3,11,326,78142.0,29267.0,True
2024,11,22,5,25.95,22.75,19.17,22.64,0.27,86.55,16.88,16.52,16.7,14.07,97.54,10.06,2.3,76.7,83.66,2024-11-22 05:00:00,22.75,16.88,97.54,2275.0,5,4,11,327,61885.0,46320.0,True
2024,11,22,6,223.95,187.2,300.97,115.25,0.46,73.16,18.24,16.83,17.54,14.35,91.35,16.72,3.61,75.7,83.72,2024-11-22 06:00:00,187.2,18.24,91.35,18720.0,6,4,11,327,40535.0,57641.99999999999,True
2024,11,22,7,474.42,395.05,420.04,142.76,0.55,59.27,19.89,16.5,18.2,14.04,80.69,17.29,4.0,70.1,83.77,2024-11-22 07:00:00,395.05,19.89,80.69,39505.0,7,4,11,327,24565.0,75042.0,True
2024,11,22,8,698.35,624.75,468.62,245.52,0.64,45.73,22.05,15.83,18.94,13.45,67.72,11.8,4.19,63.0,83.78,2024-11-22 08:00:00,624.75,22.05,67.72,62475.0,8,4,11,327,8372.0,82725.0,True
2024,11,22,9,865.1,803.2,527.73,297.86,0.69,33.05,23.94,15.06,19.5,12.79,57.42,7.41,4.28,60.1,83.73,2024-11-22 09:00:00,803.2,23.94,57.42,80320.0,9,4,11,327,328.0,66125.0,True
2024,11,22,10,970.72,873.5,506.73,319.83,0.68,22.8,25.29,14.65,19.97,12.47,51.61,5.55,4.06,58.2,83.66,2024-11-22 10:00:00,873.5,25.29,51.61,87350.0,10,4,11,327,1145.0,52254.99999999999,True
2024,11,22,11,1005.85,887.17,574.54,296.2,0.67,19.39,26.12,14.36,20.24,12.26,48.26,4.92,3.94,58.0,83.57,2024-11-22 11:00:00,887.17,26.12,48.26,88717.0,11,4,11,327,8243.0,33185.0,True
2024,11,22,12,953.3,804.22,574.51,247.14,0.64,25.7,26.51,14.14,20.33,12.09,46.46,4.45,4.05,58.3,83.46,2024-11-22 12:00:00,804.22,26.51,46.46,80422.0,12,4,11,327,16710.0,19745.0,True
2024,11,22,13,827.08,586.6,404.96,232.78,0.53,37.05,26.04,14.11,20.07,12.08,47.68,3.83,4.26,62.6,83.38,2024-11-22 13:00:00,586.6,26.04,47.68,58660.0,13,4,11,327,25173.0,6640.000000000001,True
2024,11,22,14,634.25,379.88,319.42,178.21,0.42,50.1,25.59,14.36,19.98,12.29,49.79,2.91,4.87,67.9,83.35,2024-11-22 14:00:00,379.88,25.59,49.79,37988.0,14,4,11,327,37267.0,278.0,True
2024,11,22,15,398.55,216.45,141.16,130.35,0.35,63.79,24.57,14.7,19.64,12.56,54.08,2.13,5.44,71.2,83.37,2024-11-22 15:00:00,216.45,24.57,54.08,21645.0,15,4,11,327,49335.0,1707.9999999999998,True
2024,11,22,16,150.55,76.4,58.08,53.46,0.26,77.73,22.88,15.28,19.08,13.03,62.14,1.37,5.67,73.0,83.44,2024-11-22 16:00:00,76.4,22.88,62.14,7640.000000000001,16,4,11,327,58308.00000000001,11160.0,True
2024,11,22,17,6.38,3.33,2.41,4.87,0.14,89.01,20.78,16.25,18.52,13.86,75.19,1.51,4.91,74.8,83.53,2024-11-22 17:00:00,3.33,20.78,75.19,333.0,17,4,11,327,60375.0,23982.0,True
2024,11,23,5,26.02,17.17,8.97,19.0,0.21,86.59,16.26,15.88,16.07,13.5,97.48,0.57,2.69,79.9,83.74,2024-11-23 05:00:00,17.17,16.26,97.48,1717.0000000000002,5,5,11,328,46567.0,35142.0,True
2024,11,23,6,225.38,152.65,119.84,113.84,0.38,73.24,17.43,16.09,16.76,13.67,91.7,0.68,4.07,75.3,83.8,2024-11-23 06:00:00,152.65,17.43,91.7,15265.0,6,5,11,328,35495.0,54797.0,True
2024,11,23,7,474.05,333.67,276.24,180.1,0.47,59.37,19.61,16.02,17.82,13.6,79.63,0.67,4.35,61.3,83.85,2024-11-23 07:00:00,333.67,19.61,79.63,33367.0,7,5,11,328,22620.0,74395.0,True
2024,11,23,8,698.25,513.75,361.64,221.37,0.53,45.86,22.68,15.31,18.99,12.99,63.01,0.95,4.16,56.3,83.85,2024-11-23 08:00:00,513.75,22.68,63.01,51375.0,8,5,11,328,7540.000000000001,92275.0,True
2024,11,23,9,872.15,752.83,541.76,262.92,0.64,33.21,24.94,14.78,19.86,12.56,53.16,1.11,3.75,60.6,83.79,2024-11-23 09:00:00,752.83,24.94,53.16,75283.0,9,5,11,328,380.0,92130.0,True
2024,11,23,10,973.25,888.83,560.71,302.18,0.69,23.01,26.46,14.56,20.51,12.39,47.88,1.75,3.41,66.9,83.71,2024-11-23 10:00:00,888.83,26.46,47.88,88883.0,10,5,11,328,1667.0000000000002,67630.0,True
2024,11,23,11,1002.2,911.7,590.69,277.29,0.69,19.58,27.47,14.47,20.97,12.34,44.88,2.67,3.45,72.3,83.6,2024-11-23 11:00:00,911.7,27.47,44.88,91170.0,11,5,11,328,11703.0,57033.00000000001,True
2024,11,23,12,948.5,868.28,546.07,325.52,0.69,25.8,28.0,14.36,21.18,12.27,43.22,4.65,3.67,74.3,83.5,2024-11-23 12:00:00,868.28,28.0,43.22,86828.0,12,5,11,328,22595.0,35805.0,True
2024,11,23,13,816.12,732.47,477.05,302.0,0.66,37.08,28.03,14.22,21.12,12.17,42.76,5.56,3.86,74.2,83.42,2024-11-23 13:00:00,732.47,28.03,42.76,73247.0,13,5,11,328,32310.000000000004,13325.0,True
2024,11,23,14,618.72,527.95,459.26,221.19,0.59,50.09,27.25,14.12,20.68,12.09,44.45,6.14,3.99,74.4,83.4,2024-11-23 14:00:00,527.95,27.25,44.45,52795.00000000001,14,5,11,328,39433.0,465.00000000000006,True
2024,11,23,15,385.25,313.6,246.31,175.97,0.51,63.75,26.13,14.26,20.2,12.19,47.89,5.48,4.1,76.9,83.44,2024-11-23 15:00:00,313.6,26.13,47.89,31360.000000000004,15,5,11,328,40675.0,3198.0,True
2024,11,23,16,143.55,109.05,125.47,81.22,0.37,77.68,24.5,14.87,19.68,12.68,54.92,5.28,4.45,80.0,83.53,2024-11-23 16:00:00,109.05,24.5,54.92,10905.0,16,5,11,328,24238.0,22482.0,True
2024,11,23,17,6.4,4.82,6.38,7.55,0.19,88.99,22.11,16.15,19.13,13.76,68.88,6.51,4.01,83.3,83.62,2024-11-23 17:00:00,4.82,22.11,68.88,482.0,17,5,11,328,34885.0,44715.0,True
2024,11,24,5,25.83,21.9,18.76,25.57,0.27,86.64,17.02,16.53,16.78,14.08,96.85,4.56,4.18,66.9,83.75,2024-11-24 05:00:00,21.9,17.02,96.85,2190.0,5,6,11,329,30275.0,65495.00000000001,True
2024,11,24,6,225.5,188.18,311.88,98.74,0.47,73.33,17.93,16.69,17.31,14.21,92.34,4.08,5.16,66.0,83.81,2024-11-24 06:00:00,188.18,17.93,92.34,18818.0,6,6,11,329,24427.0,80480.0,True
2024,11,24,7,474.62,400.42,392.94,194.01,0.56,59.48,19.87,16.4,18.14,13.94,80.3,3.59,5.52,59.9,83.85,2024-11-24 07:00:00,400.42,19.87,80.3,40042.0,7,6,11,329,16080.000000000002,88628.0,True
2024,11,24,8,698.42,628.62,483.76,234.38,0.65,45.98,22.53,15.51,19.02,13.16,64.41,4.27,5.34,58.5,83.84,2024-11-24 08:00:00,628.62,22.53,64.41,62862.0,8,6,11,329,5440.0,91278.0,True
2024,11,24,9,870.0,760.03,486.76,300.18,0.65,33.37,24.57,15.02,19.8,12.76,55.2,4.68,5.16,59.4,83.78,2024-11-24 09:00:00,760.03,24.57,55.2,76003.0,9,6,11,329,295.0,79885.0,True
2024,11,24,10,974.17,797.8,431.98,332.92,0.62,23.21,25.98,14.87,20.42,12.65,50.28,4.68,5.03,61.7,83.71,2024-11-24 10:00:00,797.8,25.98,50.28,79780.0,10,6,11,329,2048.0,63450.0,True
2024,11,24,11,1001.47,752.3,449.94,298.56,0.57,19.77,26.86,14.85,20.85,12.64,47.65,4.63,5.03,64.7,83.62,2024-11-24 11:00:00,752.3,26.86,47.65,75230.0,11,6,11,329,15980.000000000002,47888.0,True
2024,11,24,12,951.58,708.12,249.62,345.71,0.56,25.9,27.26,14.79,21.02,12.61,46.38,5.48,5.15,67.6,83.52,2024-11-24 12:00:00,708.12,27.26,46.38,70812.0,12,6,11,329,35323.0,27545.0,True
2024,11,24,13,823.83,494.77,234.48,236.85,0.44,37.11,27.15,14.69,20.92,12.54,46.39,5.97,5.25,69.8,83.46,2024-11-24 13:00:00,494.77,27.15,46.39,49477.0,13,6,11,329,52247.0,10453.0,True
2024,11,24,14,636.92,388.9,192.55,243.21,0.43,50.08,26.58,14.6,20.59,12.47,47.68,5.35,5.29,71.3,83.42,2024-11-24 14:00:00,388.9,26.58,47.68,38890.0,14,6,11,329,75805.0,390.0,True
2024,11,24,15,401.38,215.48,117.08,151.29,0.35,63.72,25.22,14.74,19.98,12.59,52.18,4.12,5.24,73.8,83.43,2024-11-24 15:00:00,215.48,25.22,52.18,21548.0,15,6,11,329,83688.0,2173.0,True
2024,11,24,16,156.43,75.55,64.33,67.54,0.25,77.62,23.45,15.42,19.43,13.14,60.59,4.36,5.04,78.1,83.51,2024-11-24 16:00:00,75.55,23.45,60.59,7555.0,16,6,11,329,84612.0,14694.999999999998,True
2024,11,24,17,6.88,3.88,2.59,6.38,0.15,88.96,21.4,16.65,19.03,14.21,74.24,5.3,4.34,82.4,83.58,2024-11-24 17:00:00,3.88,21.4,74.24,388.0,17,6,11,329,72483.0,30450.0,True
2024,11,25,5,26.77,19.27,14.2,21.15,0.24,86.69,17.24,16.67,16.95,14.21,96.33,6.88,4.32,74.8,83.7,2024-11-25 05:00:00,19.27,17.24,96.33,1927.0,5,0,11,330,55483.00000000001,48280.0,True
2024,11,25,6,231.8,155.32,152.45,119.51,0.39,73.41,18.13,16.99,17.56,14.49,92.9,8.86,5.05,76.1,83.75,2024-11-25 06:00:00,155.32,18.13,92.9,15532.0,6,0,11,330,34850.0,61658.00000000001,True
2024,11,25,7,478.92,327.62,194.92,197.92,0.46,59.58,19.49,16.69,18.09,14.2,83.69,14.04,4.91,72.0,83.8,2024-11-25 07:00:00,327.62,19.49,83.69,32762.0,7,0,11,330,18505.0,62079.99999999999,True
2024,11,25,8,700.08,529.9,283.42,287.0,0.55,46.11,21.16,16.18,18.67,13.74,73.06,21.73,4.23,68.0,83.8,2024-11-25 08:00:00,529.9,21.16,73.06,52990.0,8,0,11,330,6150.0,62397.0,True
2024,11,25,9,868.92,635.22,265.66,323.46,0.55,33.54,22.85,15.77,19.31,13.39,64.2,30.96,3.49,72.3,83.75,2024-11-25 09:00:00,635.22,22.85,64.2,63522.0,9,0,11,330,300.0,57610.0,True
2024,11,25,10,969.45,614.92,128.18,324.53,0.48,23.41,23.93,15.51,19.72,13.19,59.2,42.25,2.78,85.0,83.67,2024-11-25 10:00:00,614.92,23.93,59.2,61491.99999999999,10,0,11,330,2765.0,54512.0,True
2024,11,25,11,976.75,606.35,103.49,338.33,0.46,19.95,24.41,15.31,19.86,13.03,56.77,50.51,2.6,103.3,83.58,2024-11-25 11:00:00,606.35,24.41,56.77,60635.0,11,0,11,330,20890.0,45017.0,True
2024,11,25,12,927.28,631.47,164.24,333.13,0.5,25.99,24.51,15.34,19.93,13.08,56.59,52.34,2.74,118.5,83.5,2024-11-25 12:00:00,631.47,24.51,56.59,63147.0,12,0,11,330,42933.0,28048.0,True
2024,11,25,13,797.4,418.23,160.61,236.54,0.38,37.14,24.26,15.54,19.9,13.25,58.14,43.79,2.93,127.2,83.44,2024-11-25 13:00:00,418.23,24.26,58.14,41823.0,13,0,11,330,56478.0,9385.0,True
2024,11,25,14,615.15,347.75,110.47,219.77,0.39,50.07,23.83,15.6,19.71,13.31,59.9,28.25,3.09,132.1,83.4,2024-11-25 14:00:00,347.75,23.83,59.9,34775.0,14,0,11,330,75495.0,375.0,True
2024,11,25,15,388.75,215.73,63.2,158.02,0.35,63.68,23.12,15.69,19.4,13.39,62.9,15.75,3.12,134.4,83.41,2024-11-25 15:00:00,215.73,23.12,62.9,21573.0,15,0,11,330,95010.0,1995.0,True
2024,11,25,16,149.43,79.18,54.38,71.93,0.26,77.56,22.1,16.19,19.14,13.81,69.05,9.24,2.68,130.5,83.47,2024-11-25 16:00:00,79.18,22.1,69.05,7918.000000000001,16,0,11,330,79985.0,10835.0,True
2024,11,25,17,6.78,4.82,2.42,7.52,0.18,88.93,20.45,17.63,19.04,15.14,83.77,5.28,1.66,116.9,83.54,2024-11-25 17:00:00,4.82,20.45,83.77,482.0,17,0,11,330,79925.0,19805.0,True
2024,11,26,5,26.45,22.2,47.8,19.76,0.28,86.74,15.67,15.36,15.51,13.05,97.83,0.39,2.68,78.6,83.7,2024-11-26 05:00:00,22.2,15.67,97.83,2220.0,5,1,11,331,66555.0,30264.999999999996,True
2024,11,26,6,231.57,205.23,383.53,88.67,0.52,73.5,17.13,15.83,16.48,13.45,91.91,0.14,4.08,79.4,83.75,2024-11-26 06:00:00,205.23,17.13,91.91,20523.0,6,1,11,331,50570.0,42050.0,True
2024,11,26,7,480.67,449.67,606.34,142.57,0.64,59.69,19.31,15.8,17.55,13.41,79.96,0.05,4.28,81.0,83.8,2024-11-26 07:00:00,449.67,19.31,79.96,44967.0,7,1,11,331,30752.0,42873.0,True
2024,11,26,8,707.1,683.38,719.97,171.11,0.71,46.25,22.16,14.89,18.52,12.65,63.31,0.04,3.89,82.8,83.8,2024-11-26 08:00:00,683.38,22.16,63.31,68338.0,8,1,11,331,11197.0,34988.0,True
2024,11,26,9,880.78,826.55,715.99,203.07,0.71,33.7,24.45,14.22,19.33,12.12,52.81,0.03,3.33,82.7,83.75,2024-11-26 09:00:00,826.55,24.45,52.81,82655.0,9,1,11,331,478.0,55645.00000000001,True
2024,11,26,10,985.33,945.33,692.75,269.7,0.74,23.6,26.13,13.93,20.03,11.9,46.88,0.07,2.92,85.9,83.67,2024-11-26 10:00:00,945.33,26.13,46.88,94533.0,10,1,11,331,2398.0,48592.0,True
2024,11,26,11,1016.33,952.62,672.09,252.53,0.73,20.12,27.26,13.73,20.49,11.76,43.3,0.17,2.83,91.4,83.57,2024-11-26 11:00:00,952.62,27.26,43.3,95262.0,11,1,11,331,18912.0,42723.0,True
2024,11,26,12,965.55,794.9,640.44,208.76,0.63,26.07,27.94,13.49,20.71,11.59,40.97,0.38,2.99,97.7,83.48,2024-11-26 12:00:00,794.9,27.94,40.97,79490.0,12,1,11,331,39860.0,28502.0,True
2024,11,26,13,840.53,733.15,459.57,280.63,0.66,37.16,28.16,13.25,20.7,11.41,39.79,0.68,3.33,103.2,83.4,2024-11-26 13:00:00,733.15,28.16,39.79,73315.0,13,1,11,331,64966.99999999999,9603.0,True
2024,11,26,14,649.67,562.67,576.03,195.85,0.63,50.05,27.7,13.06,20.38,11.28,40.39,0.76,3.77,104.9,83.37,2024-11-26 14:00:00,562.67,27.7,40.39,56266.99999999999,14,1,11,331,81747.0,392.0,True
2024,11,26,15,417.75,322.15,461.73,131.74,0.52,63.63,26.78,13.0,19.89,11.23,42.45,0.54,4.18,104.1,83.37,2024-11-26 15:00:00,322.15,26.78,42.45,32214.999999999996,15,1,11,331,89685.0,2698.0,True
2024,11,26,16,165.75,123.0,211.05,70.25,0.41,77.49,25.0,13.15,19.08,11.34,47.66,0.28,4.41,101.1,83.43,2024-11-26 16:00:00,123.0,25.0,47.66,12300.0,16,1,11,331,86225.0,21035.0,True
2024,11,26,17,7.47,5.9,14.35,8.7,0.22,88.9,22.37,14.31,18.34,12.23,60.24,0.31,3.71,96.3,83.51,2024-11-26 17:00:00,5.9,22.37,60.24,590.0,17,1,11,331,75810.0,43490.0,True
2024,11,27,5,24.85,19.42,27.55,21.12,0.25,86.79,15.7,15.43,15.57,13.11,98.1,0.32,1.97,100.9,83.71,2024-11-27 05:00:00,19.42,15.7,98.1,1942.0000000000002,5,2,11,332,67210.0,71133.0,True
2024,11,27,6,220.57,151.75,189.79,94.95,0.38,73.59,17.35,15.89,16.62,13.5,90.97,0.37,3.08,100.9,83.75,2024-11-27 06:00:00,151.75,17.35,90.97,15175.0,6,2,11,332,53440.0,86960.0,True
2024,11,27,7,465.12,303.27,270.13,150.05,0.43,59.8,19.74,15.81,17.77,13.42,77.9,1.37,2.92,99.1,83.79,2024-11-27 07:00:00,303.27,19.74,77.9,30327.0,7,2,11,332,31564.999999999996,95955.0,True
2024,11,27,8,689.35,462.4,305.01,246.18,0.48,46.38,22.79,15.05,18.92,12.78,61.56,1.53,2.19,100.3,83.8,2024-11-27 08:00:00,462.4,22.79,61.56,46240.0,8,2,11,332,11732.0,95467.0,True
2024,11,27,9,863.15,587.72,259.45,312.56,0.51,33.86,25.18,14.54,19.86,12.37,51.6,1.67,1.86,104.6,83.76,2024-11-27 09:00:00,587.72,25.18,51.6,58772.0,9,2,11,332,488.0,85910.0,True
2024,11,27,10,968.4,698.97,278.03,313.94,0.55,23.79,26.56,14.38,20.47,12.25,47.05,2.25,1.9,107.5,83.69,2024-11-27 10:00:00,698.97,26.56,47.05,69897.0,10,2,11,332,2102.0,74510.0,True
2024,11,27,11,1007.2,724.83,345.46,349.59,0.55,20.29,27.51,14.29,20.9,12.19,44.24,2.87,1.96,106.6,83.6,2024-11-27 11:00:00,724.83,27.51,44.24,72483.0,11,2,11,332,16493.0,57472.0,True
2024,11,27,12,956.6,662.25,224.32,373.81,0.53,26.15,28.01,14.24,21.12,12.17,42.84,4.06,2.11,105.1,83.49,2024-11-27 12:00:00,662.25,28.01,42.84,66225.0,12,2,11,332,34460.0,34110.0,True
2024,11,27,13,831.45,585.25,281.33,310.5,0.53,37.17,28.15,14.18,21.17,12.13,42.32,4.16,2.4,105.0,83.42,2024-11-27 13:00:00,585.25,28.15,42.32,58525.0,13,2,11,332,56460.0,12902.000000000002,True
2024,11,27,14,640.5,482.98,350.23,262.83,0.54,50.03,27.76,14.12,20.94,12.08,43.09,4.24,2.8,103.6,83.38,2024-11-27 14:00:00,482.98,27.76,43.09,48298.0,14,2,11,332,67178.0,468.0,True
2024,11,27,15,408.23,278.55,314.65,152.09,0.45,63.59,26.82,14.22,20.52,12.16,45.84,3.51,3.37,102.2,83.4,2024-11-27 15:00:00,278.55,26.82,45.84,27855.0,15,2,11,332,74678.0,1955.0,True
2024,11,27,16,160.12,99.68,127.87,82.85,0.33,77.43,24.94,14.83,19.89,12.65,53.33,3.64,4.03,98.1,83.47,2024-11-27 16:00:00,99.68,24.94,53.33,9968.0,16,2,11,332,76870.0,14757.0,True
2024,11,27,17,7.47,5.15,10.91,8.44,0.19,88.87,22.41,16.36,19.38,13.95,68.53,5.35,4.16,92.6,83.58,2024-11-27 17:00:00,5.15,22.41,68.53,515.0,17,2,11,332,75358.0,27789.999999999996,True
2024,11,28,5,21.25,16.35,6.0,21.1,0.21,86.85,17.08,16.64,16.86,14.16,97.07,0.71,2.23,68.7,83.79,2024-11-28 05:00:00,16.35,17.08,97.07,1635.0000000000002,5,3,11,333,55262.0,46433.0,True
2024,11,28,6,192.7,148.32,101.32,102.35,0.38,73.69,18.06,16.85,17.45,14.34,92.48,2.38,3.25,65.9,83.86,2024-11-28 06:00:00,148.32,18.06,92.48,14832.0,6,3,11,333,40298.0,57550.0,True
2024,11,28,7,424.52,329.65,240.99,194.88,0.47,59.91,19.45,16.8,18.12,14.29,84.54,6.28,3.67,62.0,83.92,2024-11-28 07:00:00,329.65,19.45,84.54,32965.0,7,3,11,333,26777.0,66985.0,True
2024,11,28,8,649.0,542.47,321.27,249.85,0.56,46.51,20.97,16.29,18.63,13.82,74.46,6.29,4.02,60.2,83.93,2024-11-28 08:00:00,542.47,20.97,74.46,54247.0,8,3,11,333,9295.0,73950.0,True
2024,11,28,9,823.72,716.78,431.84,292.96,0.62,34.02,22.2,15.75,18.98,13.36,66.76,5.17,4.03,57.1,83.91,2024-11-28 09:00:00,716.78,22.2,66.76,71678.0,9,3,11,333,420.0,65228.0,True
2024,11,28,10,931.6,836.45,420.71,375.71,0.65,23.98,23.39,15.48,19.43,13.14,61.05,3.74,3.68,53.1,83.84,2024-11-28 10:00:00,836.45,23.39,61.05,83645.0,10,3,11,333,2145.0,55445.00000000001,True
2024,11,28,11,1006.1,885.53,637.79,250.32,0.68,20.45,24.31,15.19,19.75,12.92,56.73,2.08,3.21,53.1,83.73,2024-11-28 11:00:00,885.53,24.31,56.73,88553.0,11,3,11,333,15725.0,36817.0,True
2024,11,28,12,956.5,811.0,566.35,269.33,0.65,26.23,24.85,14.83,19.84,12.63,53.64,1.32,2.87,55.1,83.64,2024-11-28 12:00:00,811.0,24.85,53.64,81100.0,12,3,11,333,34550.0,20660.0,True
2024,11,28,13,831.67,650.4,452.31,244.89,0.58,37.19,25.16,14.52,19.84,12.38,51.58,1.12,2.67,58.9,83.56,2024-11-28 13:00:00,650.4,25.16,51.58,65040.0,13,3,11,333,51329.99999999999,7118.000000000001,True
2024,11,28,14,645.53,424.62,379.76,166.71,0.47,50.01,24.83,14.18,19.51,12.12,51.48,0.82,2.77,64.1,83.52,2024-11-28 14:00:00,424.62,24.83,51.48,42462.0,14,3,11,333,56615.0,275.0,True
2024,11,28,15,410.7,255.7,265.87,147.44,0.41,63.54,24.18,14.06,19.12,12.02,53.09,0.44,3.02,67.6,83.52,2024-11-28 15:00:00,255.7,24.18,53.09,25570.0,15,3,11,333,68447.0,2438.0,True
2024,11,28,16,162.18,100.3,153.73,71.64,0.33,77.36,23.04,14.25,18.64,12.16,57.55,0.13,3.38,71.2,83.57,2024-11-28 16:00:00,100.3,23.04,57.55,10030.0,16,3,11,333,72525.0,18140.0,True
2024,11,28,17,7.82,5.78,7.79,7.39,0.2,88.83,20.99,15.55,18.27,13.24,71.02,0.08,2.73,72.1,83.64,2024-11-28 17:00:00,5.78,20.99,71.02,578.0,17,3,11,333,58985.0,37685.0,True
2024,11,29,5,24.85,23.6,51.47,22.56,0.31,86.9,16.3,16.32,16.31,13.87,99.96,0.43,2.02,59.6,83.82,2024-11-29 05:00:00,23.6,16.3,99.96,2360.0,5,4,11,334,51522.0,58104.99999999999,True
2024,11,29,6,225.9,212.45,347.14,129.98,0.54,73.78,18.09,16.62,17.36,14.13,91.0,0.36,3.51,56.4,83.89,2024-11-29 06:00:00,212.45,18.09,91.0,21245.0,6,4,11,334,39162.0,71272.0,True
2024,11,29,7,473.38,442.23,554.96,157.25,0.63,60.03,19.98,16.3,18.14,13.83,79.23,0.53,3.84,50.7,83.95,2024-11-29 07:00:00,442.23,19.98,79.23,44223.0,7,4,11,334,23552.0,86122.0,True
2024,11,29,8,693.95,661.3,649.63,211.67,0.69,46.64,22.44,15.71,19.08,13.32,65.64,0.79,3.63,48.2,83.96,2024-11-29 08:00:00,661.3,22.44,65.64,66130.0,8,4,11,334,8688.0,82555.0,True
2024,11,29,9,867.88,852.33,733.81,222.88,0.74,34.17,24.44,15.13,19.79,12.83,56.03,0.85,3.42,53.3,83.93,2024-11-29 09:00:00,852.33,24.44,56.03,85233.0,9,4,11,334,445.0,78142.0,True
2024,11,29,10,973.15,941.45,654.02,289.04,0.74,24.16,25.82,14.85,20.33,12.62,50.74,1.13,3.34,58.6,83.86,2024-11-29 10:00:00,941.45,25.82,50.74,94145.0,10,4,11,334,2275.0,61885.0,True
2024,11,29,11,1000.42,909.72,666.56,244.58,0.69,20.61,26.72,14.6,20.66,12.43,47.34,1.44,3.3,63.2,83.77,2024-11-29 11:00:00,909.72,26.72,47.34,90972.0,11,4,11,334,18720.0,40535.0,True
2024,11,29,12,951.33,820.2,543.36,291.83,0.65,26.3,27.1,14.45,20.77,12.32,45.83,1.84,3.44,66.6,83.67,2024-11-29 12:00:00,820.2,27.1,45.83,82020.0,12,4,11,334,39505.0,24565.0,True
2024,11,29,13,827.75,578.67,468.48,190.39,0.52,37.19,27.21,14.26,20.74,12.18,44.98,1.8,3.75,68.2,83.59,2024-11-29 13:00:00,578.67,27.21,44.98,57866.99999999999,13,4,11,334,62475.0,8372.0,True
2024,11,29,14,642.35,421.4,321.96,224.23,0.47,49.98,26.57,14.08,20.33,12.04,46.15,1.63,4.1,69.1,83.56,2024-11-29 14:00:00,421.4,26.57,46.15,42140.0,14,4,11,334,80320.0,328.0,True
2024,11,29,15,410.95,226.15,130.6,153.31,0.36,63.48,25.45,14.0,19.73,11.97,49.04,1.45,4.46,70.8,83.58,2024-11-29 15:00:00,226.15,25.45,49.04,22615.0,15,4,11,334,87350.0,1145.0,True
2024,11,29,16,165.23,88.55,80.75,66.2,0.29,77.29,23.91,14.29,19.1,12.19,54.79,1.11,4.77,72.7,83.64,2024-11-29 16:00:00,88.55,23.91,54.79,8855.0,16,4,11,334,88717.0,8243.0,True
2024,11,29,17,8.02,5.35,5.29,6.96,0.18,88.8,21.63,15.47,18.55,13.14,67.84,1.76,4.21,72.6,83.72,2024-11-29 17:00:00,5.35,21.63,67.84,535.0,17,4,11,334,80422.0,16710.0,True
