datetime,actual,Random Forest,Gradient Boosting,Prophet-like,SARIMAX-like,XGBoost-like,Random Forest_error,Random Forest_abs_error,Gradient Boosting_error,Gradient Boosting_abs_error,Prophet-like_error,Prophet-like_abs_error,SARIMAX-like_error,SARIMAX-like_abs_error,XGBoost-like_error,XGBoost-like_abs_error,ensemble_mean,ensemble_median,weighted_ensemble,adaptive_selection,hybrid_prediction
2023-10-19 05:00:00,76.71030308171414,48.47713337236665,41.258273167311785,564.8065033366858,707.9633536970819,45.85357190006423,28.233169709347493,28.233169709347493,35.45202991440236,35.45202991440236,-488.0962002549716,488.0962002549716,-631.2530506153677,631.2530506153677,30.856731181649913,30.856731181649913,281.67176709470203,48.47713337236665,281.67176709470203,467.17043249154847,290.1577276748284
2023-10-19 06:00:00,100.40648102763774,72.7499066831873,31.556090955968326,523.7080786132932,707.9633536970819,21.092162157266724,27.656574344450434,27.656574344450434,68.85039007166941,68.85039007166941,-423.3015975856555,423.3015975856555,-607.5568726694441,607.5568726694441,79.31431887037101,79.31431887037101,271.4139184213595,72.7499066831873,271.4139184213595,116.85178684686278,174.9809276961919
2023-10-19 07:00:00,631.6944736926852,758.0542292419481,528.866259341752,678.7825101989433,707.9633536970819,616.9956852097469,-126.3597555492629,126.3597555492629,102.8282143509332,102.8282143509332,-47.08803650625816,47.08803650625816,-76.26888000439669,76.26888000439669,14.698788482938312,14.698788482938312,658.1324075378943,678.7825101989433,658.1324075378944,685.7601195210716,658.1933766672181
2023-10-19 08:00:00,1471.9564255266403,954.4152516568206,823.9811475280466,987.6083386344255,707.9633536970819,1078.8884058060298,517.5411738698197,517.5411738698197,647.9752779985937,647.9752779985937,484.3480868922147,484.3480868922147,763.9930718295584,763.9930718295584,393.06801972061044,393.06801972061044,910.571299464481,954.4152516568206,910.571299464481,978.6040122438815,964.6445345666109
2023-10-19 09:00:00,2017.1399689233117,1136.163269741014,1069.8070353628489,1265.6746332844843,707.9633536970819,1311.5362603321946,880.9766991822978,880.9766991822978,947.3329335604628,947.3329335604628,751.4653356388274,751.4653356388274,1309.1766152262298,1309.1766152262298,705.6037085911171,705.6037085911171,1098.228910483525,1136.163269741014,1098.2289104835247,1177.3948591411215,1164.6401650505377
2023-10-19 10:00:00,2402.2096686955647,1589.902919427384,1442.9565479488253,1375.3217676535699,707.9633536970819,1731.6493242515417,812.3067492681807,812.3067492681807,959.2531207467393,959.2531207467393,1026.8879010419948,1026.8879010419948,1694.2463149984828,1694.2463149984828,670.560344444023,670.560344444023,1369.5587825956804,1442.9565479488253,1369.5587825956807,1566.3235998251203,1501.0063360956847
2023-10-19 11:00:00,2944.9088861732835,1720.3843134167698,1659.0529747232115,1530.519481975073,707.9633536970819,2060.6258579924834,1224.5245727565136,1224.5245727565136,1285.855911450072,1285.855911450072,1414.3894041982105,1414.3894041982105,2236.9455324762016,2236.9455324762016,884.2830281808001,884.2830281808001,1535.7091963609241,1659.0529747232115,1535.7091963609241,1767.05424167273,1710.096042280778
2023-10-19 12:00:00,3058.754873134098,1756.2151849984282,1775.294529744564,1747.589449074224,707.9633536970819,2132.2606828582025,1302.5396881356698,1302.5396881356698,1283.460343389534,1283.460343389534,1311.165424059874,1311.165424059874,2350.791519437016,2350.791519437016,926.4941902758956,926.4941902758956,1623.8646400745001,1756.2151849984282,1623.8646400745001,1829.323670879182,1787.1815578726453
2023-10-19 13:00:00,2710.562611543196,1728.5010244364944,1690.66475929554,1504.230094589302,707.9633536970819,2035.2537058093578,982.0615871067016,982.0615871067016,1019.8978522476559,1019.8978522476559,1206.332516953894,1206.332516953894,2002.5992578461141,2002.5992578461141,675.3089057338382,675.3089057338382,1533.322587565555,1690.66475929554,1533.3225875655555,1761.9732977870717,1702.3040242807708
2023-10-19 14:00:00,2412.0371375523187,1664.8821236729318,1509.5258533482588,1463.0784848252508,707.9633536970819,1809.618721189721,747.1550138793868,747.1550138793868,902.5112842040598,902.5112842040598,948.9586527270678,948.9586527270678,1704.0737838552368,1704.0737838552368,602.4184163625976,602.4184163625976,1431.013707346649,1509.5258533482588,1431.013707346649,1638.1425780300838,1568.873371320294
2023-10-19 15:00:00,2262.946529014362,1157.4003609777203,1045.0155386977494,1331.8152256730416,707.9633536970819,1336.5668539733097,1105.5461680366418,1105.5461680366418,1217.9309903166127,1217.9309903166127,931.1313033413205,931.1313033413205,1554.9831753172803,1554.9831753172803,926.3796750410525,926.3796750410525,1115.7522666037805,1157.4003609777203,1115.7522666037805,1198.6558805642153,1184.7862682658167
2023-10-19 16:00:00,1336.3828390620547,968.355070917031,1006.6880336441167,1074.9821571718903,707.9633536970819,1230.7891047539006,368.02776814502374,368.02776814502374,329.694805417938,329.694805417938,261.4006818901644,261.4006818901644,628.4194853649728,628.4194853649728,105.59373430815413,105.59373430815413,997.7555440368039,1006.6880336441167,997.755544036804,1055.9054230040238,1061.8072198703894
2023-10-19 17:00:00,789.6317635265871,774.1881413892021,536.1495398859793,809.5221337564419,707.9633536970819,670.6463115037833,15.443622137384978,15.443622137384978,253.4822236406078,253.4822236406078,-19.890370229854852,19.890370229854852,81.66840982950521,81.66840982950521,118.98545202280377,118.98545202280377,699.6938960464976,707.9633536970819,699.6938960464977,720.7773188207651,700.2094059702349
2023-10-19 18:00:00,50.9989387367633,47.39009739373188,36.77830322437026,589.2125441763528,707.9633536970819,40.32388745641111,3.608841343031422,3.608841343031422,14.220635512393038,14.220635512393038,-538.2136054395895,538.2136054395895,-656.9644149603185,656.9644149603185,10.675051280352193,10.675051280352193,284.3336371895896,47.39009739373188,284.3336371895896,116.35329635129295,185.1375849914649
2023-10-19 19:00:00,55.730946861827654,42.01579492134825,33.93148029889748,591.4668898816033,707.9633536970819,49.13434629669311,13.715151940479402,13.715151940479402,21.79946656293017,21.79946656293017,-535.7359430197756,535.7359430197756,-652.2324068352542,652.2324068352542,6.596600565134544,6.596600565134544,284.9023730191248,49.13434629669311,284.90237301912487,475.36571233232166,294.8877694685975
2023-10-19 20:00:00,212.80169319065016,32.27326877055081,34.38195840675056,528.6292993239578,707.9633536970819,19.48398991532087,180.52842442009936,180.52842442009936,178.4197347838996,178.4197347838996,-315.8276061333076,315.8276061333076,-495.1616605064317,495.1616605064317,193.31770327532928,193.31770327532928,264.5463740227324,34.38195840675056,264.5463740227324,452.08871879804525,271.7966006338439
2023-10-19 21:00:00,4.757039508893205,52.532288757955264,35.47681937149442,591.4642836046067,707.9633536970819,36.52871262931107,-47.77524924906206,47.77524924906206,-30.719779862601218,30.719779862601218,-586.7072440957136,586.7072440957136,-703.2063141881887,703.2063141881887,-31.77167312041787,31.77167312041787,284.7930916120898,52.532288757955264,284.79309161208994,476.3843131876014,292.6175822881876
2023-10-19 22:00:00,0.0,46.30203841624095,37.070538103612485,587.0750342872068,707.9633536970819,37.094119777143945,-46.30203841624095,46.30203841624095,-37.070538103612485,37.070538103612485,-587.0750342872068,587.0750342872068,-707.9633536970819,707.9633536970819,-37.094119777143945,37.094119777143945,283.1010168562572,46.30203841624095,283.1010168562572,473.19846328986705,290.92887137051747
2023-10-19 23:00:00,155.22780576075414,61.79727347313239,38.14369759418352,627.0081895232373,707.9633536970819,47.482682383721816,93.43053228762174,93.43053228762174,117.08410816657062,117.08410816657062,-471.7803837624832,471.7803837624832,-552.7355479363277,552.7355479363277,107.74512337703231,107.74512337703231,296.47903933427136,61.79727347313239,296.4790393342714,489.82698037774367,304.68415025720316
2023-10-20 00:00:00,0.0,45.284583175077074,39.01445522703108,406.717474996475,707.9633536970819,40.89945813914642,-45.284583175077074,45.284583175077074,-39.01445522703108,39.01445522703108,-406.717474996475,406.717474996475,-707.9633536970819,707.9633536970819,-40.89945813914642,40.89945813914642,247.97586504696227,45.284583175077074,247.9758650469623,418.78595893029836,257.8036118303999
2023-10-20 01:00:00,87.60243380191018,56.603642986500056,39.69582044686549,418.91354429848803,707.9633536970819,39.841270240078195,30.998790815410125,30.998790815410125,47.90661335504469,47.90661335504469,-331.31111049657784,331.31111049657784,-620.3609198951717,620.3609198951717,47.761163561831985,47.761163561831985,252.60352633380276,56.603642986500056,252.60352633380273,425.8404976643292,262.02216651421577
2023-10-20 02:00:00,19.43898385966392,52.57873277066428,39.69582044686549,451.0112142000416,707.9633536970819,35.06532986596071,-33.13974891100036,33.13974891100036,-20.25683658720157,20.25683658720157,-431.5722303403777,431.5722303403777,-688.5243698374179,688.5243698374179,-15.626346006296792,15.626346006296792,257.2628901961228,52.57873277066428,257.26289019612284,434.2623255700445,265.92320874226687
2023-10-20 03:00:00,92.09749161571598,56.648419273657126,39.01445522703108,415.37980118509046,707.9633536970819,40.301924348430674,35.449072342058855,35.449072342058855,53.0830363886849,53.0830363886849,-323.2823095693745,323.2823095693745,-615.8658620813659,615.8658620813659,51.79556726728531,51.79556726728531,251.86159074625826,56.648419273657126,251.86159074625826,424.793807616457,261.42932252775233
2023-10-20 04:00:00,72.54482770867018,39.23797920317489,38.402628782701896,406.91092367159405,707.9633536970819,38.78752260517712,33.306848505495296,33.306848505495296,34.14219892596829,34.14219892596829,-334.36609596292385,334.36609596292385,-635.4185259884117,635.4185259884117,33.75730510349307,33.75730510349307,246.26048159194596,39.23797920317489,246.260481591946,417.03001234126344,255.99674901938744
2023-10-20 05:00:00,0.0,48.245414320924695,40.87304622769414,431.68779860232587,61.36846275683252,38.01916988156456,-48.245414320924695,48.245414320924695,-40.87304622769414,40.87304622769414,-431.68779860232587,431.68779860232587,-61.36846275683252,61.36846275683252,-38.01916988156456,38.01916988156456,124.03877835786837,48.245414320924695,100.78939726228252,168.52734897970817,113.20661352048378
2023-10-20 06:00:00,0.0,43.62585257632531,39.69582044686549,397.6724850042647,66.57441295384297,59.39388495797182,-43.62585257632531,43.62585257632531,-39.69582044686549,39.69582044686549,-397.6724850042647,397.6724850042647,-66.57441295384297,66.57441295384297,-59.39388495797182,59.39388495797182,121.39249118785406,59.39388495797182,101.68463659556141,71.68625387427788,88.16854237011697
2023-10-20 07:00:00,537.6445696757721,738.9715851146077,619.7863492180891,640.5951486958705,483.0944127188015,656.6731143571857,-201.3270154388356,201.3270154388356,-82.14177954231695,82.14177954231695,-102.95057902009842,102.95057902009842,54.550156956970625,54.550156956970625,-119.02854468141356,119.02854468141356,627.8241220209109,640.5951486958705,649.243931306734,680.9378049592721,655.9539681554211
2023-10-20 08:00:00,1215.6076844786596,1555.9837944469057,1500.0174340141523,986.1448283885497,726.0440541566835,1478.6586285408753,-340.37610996824606,340.37610996824606,-284.40974953549267,284.40974953549267,229.46285609010988,229.46285609010988,489.5636303219761,489.5636303219761,-263.05094406221565,263.05094406221565,1249.369747909433,1478.6586285408753,1356.7178797663128,1440.802030713855,1384.8616484341119
2023-10-20 09:00:00,2046.5350785038802,2199.8099219258775,2143.9960745688354,1250.206028999686,1163.203988149904,2147.7483086892526,-153.27484342199728,153.27484342199728,-97.46099606495522,97.46099606495522,796.3290495041942,796.3290495041942,883.3310903539762,883.3310903539762,-101.21323018537237,101.21323018537237,1780.9928644667111,2143.9960745688354,1934.1989859825617,2058.54632071714,1983.5718266411034
2023-10-20 10:00:00,2171.5267494776303,2411.1380369923777,2391.0858483066827,1302.5387873958432,1994.941504655191,2394.225320316238,-239.61128751474735,239.61128751474735,-219.55909882905235,219.55909882905235,868.9879620817871,868.9879620817871,176.58524482243934,176.58524482243934,-222.6985708386078,222.6985708386078,2098.7858995332667,2391.0858483066827,2213.712447273395,2312.3585807518025,2256.42355237746
2023-10-20 11:00:00,2548.369463726254,2843.763800032052,2793.844371889086,1252.3082879040574,1593.14036850303,2695.32846660655,-295.39433630579833,295.39433630579833,-245.47490816283198,245.47490816283198,1296.0611758221964,1296.0611758221964,955.2290952232238,955.2290952232238,-146.95900288029634,146.95900288029634,2235.677058986955,2695.32846660655,2469.406658693086,2616.807177690873,2512.0652560338885
2023-10-20 12:00:00,2347.9694836276662,2595.9452537017005,2584.1845468065926,1060.7388986791832,2006.0988336158612,2450.988398503455,-247.97577007403424,247.97577007403424,-236.21506317892636,236.21506317892636,1287.230584948483,1287.230584948483,341.8706500118051,341.8706500118051,-103.0189148757886,103.0189148757886,2139.5911862613584,2450.988398503455,2320.4976914263348,2415.5519769101243,2338.9308174539
2023-10-20 13:00:00,2575.2177638947296,2570.850573059779,2541.727231168651,1202.90558754145,2059.016080066799,2517.8292133964696,4.367190834950634,4.367190834950634,33.49053272607853,33.49053272607853,1372.3121763532797,1372.3121763532797,516.2016838279305,516.2016838279305,57.388550498259974,57.388550498259974,2178.46573704663,2517.8292133964696,2369.8237014574056,2437.2287143568415,2381.374714832894
2023-10-20 14:00:00,2400.7620951650642,2431.467812138553,2259.101014629118,1245.9011155872047,2523.2268647792307,2289.512605642998,-30.70571697348896,30.70571697348896,141.66108053594644,141.66108053594644,1154.8609795778596,1154.8609795778596,-122.46476961416647,122.46476961416647,111.24948952206614,111.24948952206614,2149.841882555421,2289.512605642998,2251.150653058016,2304.3934713149465,2254.5341349515725
2023-10-20 15:00:00,2051.4340782012414,2303.5432149501767,2225.256938377763,1072.5364142636415,2035.0869715242918,2136.23806113336,-252.10913674893527,252.10913674893527,-173.82286017652177,173.82286017652177,978.8976639375999,978.8976639375999,16.34710667694958,16.34710667694958,-84.80398293211874,84.80398293211874,1954.5323200498467,2136.23806113336,2121.928838543018,2148.648400335033,2099.3272479000566
2023-10-20 16:00:00,1338.8609944773586,1253.3887079177161,1186.2700134700524,888.7069271483034,1882.8035532368478,1254.014776177226,85.4722865596425,85.4722865596425,152.59098100730625,152.59098100730625,450.15406732905524,450.15406732905524,-543.9425587594892,543.9425587594892,84.8462183001327,84.8462183001327,1293.036795590029,1253.3887079177161,1257.245937978741,1265.4709546972629,1266.2253821562522
2023-10-20 17:00:00,686.1789294683814,716.5555573567667,842.7408679851958,613.1956546635706,949.3315629119408,650.3820422291576,-30.376627888385315,30.376627888385315,-156.5619385168144,156.5619385168144,72.98327480481078,72.98327480481078,-263.15263344355935,263.15263344355935,35.79688723922379,35.79688723922379,754.4411370293262,716.5555573567667,737.832704467655,708.0691767202518,714.7352002080688
2023-10-20 18:00:00,0.0,41.898088066605666,35.500986628596436,395.86302078828135,93.56696160610802,43.395956890774144,-41.898088066605666,41.898088066605666,-35.500986628596436,35.500986628596436,-395.86302078828135,395.86302078828135,-93.56696160610802,93.56696160610802,-43.395956890774144,43.395956890774144,122.04500279607313,43.395956890774144,60.80424715009351,66.39152313269645,71.24692302220645
2023-10-20 19:00:00,0.0,52.241542800366666,36.18235184843085,407.5400293866476,43.11425742898494,35.47706124506236,-52.241542800366666,52.241542800366666,-36.18235184843085,36.18235184843085,-407.5400293866476,407.5400293866476,-43.11425742898494,43.11425742898494,-35.47706124506236,35.47706124506236,114.91104854189848,43.11425742898494,58.95546422922641,152.44198901628374,93.49685793104521
2023-10-20 20:00:00,22.808652833895817,54.28155024336236,35.57832754520621,452.7400103919159,46.36823663448908,34.39219271790672,-31.472897409466544,31.472897409466544,-12.76967471131039,12.76967471131039,-429.9313575580201,429.9313575580201,-23.559583800593263,23.559583800593263,-11.5835398840109,11.5835398840109,124.67206350657607,46.36823663448908,61.71458633484789,168.27976876171715,100.81115777386606
2023-10-20 21:00:00,0.0,35.282068952665924,36.18235184843085,419.78582841338624,35.352472410424475,31.310602969857406,-35.282068952665924,35.282068952665924,-36.18235184843085,36.18235184843085,-419.78582841338624,419.78582841338624,-35.352472410424475,35.352472410424475,-31.310602969857406,31.310602969857406,111.58266491895299,35.352472410424475,51.91564259252575,150.682479211313,89.35809011891371
2023-10-20 22:00:00,106.60354540063072,48.379804144158186,33.813166721501744,414.48883383848954,44.37518675796303,23.30290187105484,58.223741256472536,58.223741256472536,72.79037867912898,72.79037867912898,-307.88528843785883,307.88528843785883,62.22835864266769,62.22835864266769,83.30064352957588,83.30064352957588,112.87197866663345,44.37518675796303,52.47464226845961,155.40928088212098,89.60015305271183
2023-10-20 23:00:00,0.0,42.749332772854196,39.65986842973343,439.43965883254674,50.307590735459165,44.00940546507264,-42.749332772854196,42.749332772854196,-39.65986842973343,39.65986842973343,-439.43965883254674,439.43965883254674,-50.307590735459165,50.307590735459165,-44.00940546507264,44.00940546507264,123.23317124713324,44.00940546507264,61.854514442990556,165.15775558346948,101.55219635037919
2023-10-21 00:00:00,15.384532167798442,39.686489255954754,39.74210233176188,401.49655064679723,59.810644518483656,39.69763583045356,-24.301957088156314,24.301957088156314,-24.357570163963437,24.357570163963437,-386.1120184789988,386.1120184789988,-44.426112350685216,44.426112350685216,-24.313103662655116,24.313103662655116,116.08668451669021,39.74210233176188,58.082423069632796,156.29585370096117,95.47034710060693
2023-10-21 01:00:00,32.147833530758795,71.10461830459123,39.182204470758954,388.1179457586222,38.38413985817262,46.51048947322162,-38.95678477383243,38.95678477383243,-7.034370940000159,7.034370940000159,-355.9701122278634,355.9701122278634,-6.236306327413821,6.236306327413821,-14.362655942462823,14.362655942462823,116.65987957307331,46.51048947322162,65.9355041267392,145.7421865128222,96.13738100112741
2023-10-21 02:00:00,116.27229196543776,61.63899382970631,39.182204470758954,417.3495659510618,53.71656182259287,38.872741462487994,54.63329813573145,54.63329813573145,77.09008749467881,77.09008749467881,-301.077273985624,301.077273985624,62.55573014284489,62.55573014284489,77.39955050294977,77.39955050294977,122.15201350732158,53.71656182259287,63.145432941007755,162.8064630611335,99.9905197946043
2023-10-21 03:00:00,0.0,78.28772272853226,40.87304622769414,425.1952490476291,49.893260179622416,92.67592745610959,-78.28772272853226,78.28772272853226,-40.87304622769414,40.87304622769414,-425.1952490476291,425.1952490476291,-49.893260179622416,49.893260179622416,-92.67592745610959,92.67592745610959,137.3850411279175,78.28772272853226,86.13438039207136,171.0021956046974,123.15316651583605
2023-10-21 04:00:00,0.0,56.379295837819875,39.69582044686549,437.8551995202765,49.124313204395555,37.133226843533926,-56.379295837819875,56.379295837819875,-39.69582044686549,39.69582044686549,-437.8551995202765,437.8551995202765,-49.124313204395555,49.124313204395555,-37.133226843533926,37.133226843533926,124.03757117057827,49.124313204395555,62.24803973195463,165.74357909915986,100.63164525215679
2023-10-21 05:00:00,54.984783567999315,41.72099461402785,38.030679792424465,391.8596088026706,54.129450469542604,53.35280679825571,13.263788953971464,13.263788953971464,16.95410377557485,16.95410377557485,-336.8748252346713,336.8748252346713,0.8553330984567111,0.8553330984567111,1.631976769743602,1.631976769743602,115.81870809538425,53.35280679825571,61.67385739885247,155.21550486809494,98.90111165881223
2023-10-21 06:00:00,175.11835130121287,35.603153157407725,39.574353088034,419.77671165739105,64.25089466267994,40.43417879562321,139.51519814380515,139.51519814380515,135.54399821317887,135.54399821317887,-244.65836035617818,244.65836035617818,110.86745663853293,110.86745663853293,134.68417250558966,134.68417250558966,119.92785827222717,40.43417879562321,58.79716808981814,62.3498723833182,68.41651955551097
2023-10-21 07:00:00,745.4163285300307,758.6991003371161,578.584633665263,724.647668207695,511.17402627411695,639.2132614759286,-13.282771807085396,13.282771807085396,166.83169486476766,166.83169486476766,20.768660322335677,20.768660322335677,234.24230225591373,234.24230225591373,106.20306705410212,106.20306705410212,642.4637379920239,639.2132614759286,640.6597133146649,687.9827399752321,654.9281358805596
2023-10-21 08:00:00,1135.169389243548,1113.9416948520948,1038.7671154369798,761.9675301664482,948.926543462389,1138.6710727419595,21.22769439145327,21.22769439145327,96.40227380656825,96.40227380656825,373.2018590770998,373.2018590770998,186.24284578115908,186.24284578115908,-3.5016834984114666,3.5016834984114666,1000.4547913319744,1038.7671154369798,1066.8431917812227,1087.314437163018,1074.072461498059
2023-10-21 09:00:00,2169.698947768137,2070.73898705745,2104.7192063307834,1067.6496566274202,874.1170994241664,2009.67992331715,98.95996071068703,98.95996071068703,64.97974143735337,64.97974143735337,1102.0492911407166,1102.0492911407166,1295.5818483439703,1295.5818483439703,160.01902445098676,160.01902445098676,1625.380974551394,2009.67992331715,1880.9913129480287,1918.813864183543,1866.9537327131804
2023-10-21 10:00:00,2361.2320162161946,2097.211935216742,2138.0372962097085,1173.442195854557,2265.861083357754,2146.914630208438,264.0200809994526,264.0200809994526,223.19472000648602,223.19472000648602,1187.7898203616376,1187.7898203616376,95.37093285844048,95.37093285844048,214.31738600775634,214.31738600775634,1964.2934281694402,2138.0372962097085,2103.833361933479,2072.24719160006,2075.0657777356373
2023-10-21 11:00:00,2773.590284807088,2521.204465654674,2547.74687899018,1285.7532166694048,2291.6236263969927,2566.658676530447,252.38581915241411,252.38581915241411,225.84340581690822,225.84340581690822,1487.8370681376834,1487.8370681376834,481.96665841009553,481.96665841009553,206.93160827664133,206.93160827664133,2242.5973728483395,2521.204465654674,2468.6319249213575,2451.2586010755053,2437.8183676748163
2023-10-21 12:00:00,2625.0104013100163,2379.0053497324993,2430.1108747739536,1375.2630008381545,3346.307334575213,2550.3699065625697,246.00505157751695,246.00505157751695,194.8995265360627,194.8995265360627,1249.7474004718617,1249.7474004718617,-721.2969332651969,721.2969332651969,74.64049474744661,74.64049474744661,2416.2112932964783,2430.1108747739536,2520.1719075891842,2441.576499850714,2481.8407622037794
2023-10-21 13:00:00,2826.755033787126,2736.213643569414,2704.7516575507993,1491.4211306515756,2697.620839093782,2734.755219892978,90.54139021771198,90.54139021771198,122.00337623632686,122.00337623632686,1335.3339031355506,1335.3339031355506,129.1341946933444,129.1341946933444,91.99981389414825,91.99981389414825,2472.9524981517097,2704.7516575507993,2675.141106500873,2656.797772841172,2641.1232074115514
2023-10-21 14:00:00,2396.2674094793647,2469.924944475949,2513.7725404013613,1229.3966309376922,2940.5291958926687,2479.912533989342,-73.65753499658422,73.65753499658422,-117.50513092199662,117.50513092199662,1166.8707785416725,1166.8707785416725,-544.261786413304,544.261786413304,-83.64512450997745,83.64512450997745,2326.707169139402,2479.912533989342,2491.2895633494963,2429.9558887290027,2437.697576249299
2023-10-21 15:00:00,1888.3717964313946,2179.639936830114,2144.748399031078,1149.6148483950815,2316.7710205593494,2128.043337235745,-291.2681403987194,291.2681403987194,-256.37660259968334,256.37660259968334,738.7569480363131,738.7569480363131,-428.39922412795477,428.39922412795477,-239.67154080435057,239.67154080435057,1983.7635084102735,2144.748399031078,2128.228505632754,2105.3980284258514,2092.4493293467854
2023-10-21 16:00:00,1483.315341432263,1344.9485246047075,1327.778177101861,1006.0136764263208,1800.1290228758587,1329.6618106564756,138.36681682755557,138.36681682755557,155.537164330402,155.537164330402,477.30166500594225,477.30166500594225,-316.81368144359567,316.81368144359567,153.65353077578743,153.65353077578743,1361.7062423330449,1329.6618106564756,1370.6010353678867,1345.389825738739,1353.0708689298917
2023-10-21 17:00:00,789.368653238119,742.9127654709343,648.713556411212,745.1127975993292,1081.6579744994256,602.9233571438882,46.45588776718466,46.45588776718466,140.65509682690697,140.65509682690697,44.25585563878985,44.25585563878985,-292.28932126130655,292.28932126130655,186.4452960942308,186.4452960942308,764.2640902249578,742.9127654709343,714.7348514717495,707.3213403990276,700.0543470350024
2023-10-21 18:00:00,0.0,38.31018670086178,36.18235184843085,435.64826803566456,103.14564388498161,29.166969906734277,-38.31018670086178,38.31018670086178,-36.18235184843085,36.18235184843085,-435.64826803566456,435.64826803566456,-103.14564388498161,103.14564388498161,-29.166969906734277,29.166969906734277,128.49068407533463,38.31018670086178,60.24609614531969,62.621370874965386,68.3917709024993
2023-10-21 19:00:00,143.20372285575053,57.4714264621047,44.458693985483826,449.7254338143108,46.93044799989988,76.26040186806779,85.73229639364583,85.73229639364583,98.74502887026671,98.74502887026671,-306.5217109585603,306.5217109585603,96.27327485585064,96.27327485585064,66.94332098768274,66.94332098768274,134.9692808259734,57.4714264621047,75.55444555361291,170.9312372828846,116.1916413897575
2023-10-21 20:00:00,0.0,46.059851052013535,34.98573729931417,378.28206212599014,59.998649739907556,32.880769951994196,-46.059851052013535,46.059851052013535,-34.98573729931417,34.98573729931417,-378.28206212599014,378.28206212599014,-59.998649739907556,59.998649739907556,-32.880769951994196,32.880769951994196,110.44141403384393,46.059851052013535,55.92696755938695,151.3020338493641,90.83313721979295
2023-10-21 21:00:00,0.0,52.920812887862496,35.66873587232431,420.2583069503815,37.492909763766406,39.94704179218619,-52.920812887862496,52.920812887862496,-35.66873587232431,35.66873587232431,-420.2583069503815,420.2583069503815,-37.492909763766406,37.492909763766406,-39.94704179218619,39.94704179218619,117.25756145330418,39.94704179218619,59.582248184208794,153.05876852827686,95.23322566284375
2023-10-21 22:00:00,0.0,59.66196006241632,40.26933372199071,361.3822081606723,44.78657248179701,27.916748331268078,-59.66196006241632,59.66196006241632,-40.26933372199071,40.26933372199071,-361.3822081606723,361.3822081606723,-44.78657248179701,44.78657248179701,-27.916748331268078,27.916748331268078,106.80336455162887,44.78657248179701,57.39440321427254,139.7652631854596,86.09192249649902
2023-10-21 23:00:00,0.0,71.67124245850455,40.851207005967524,400.7038865931297,54.956669637291675,32.14269569942443,-71.67124245850455,71.67124245850455,-40.851207005967524,40.851207005967524,-400.7038865931297,400.7038865931297,-54.956669637291675,54.956669637291675,-32.14269569942443,32.14269569942443,120.06514027886358,54.956669637291675,64.76609083087426,158.68083472404308,97.47564486213281
2023-10-22 00:00:00,127.72621273506148,54.00651002316805,37.895427005185205,505.4789934644826,63.41758362237485,32.75026160486035,73.71970271189343,73.71970271189343,89.83078572987628,89.83078572987628,-377.7527807294211,377.7527807294211,64.30862911268663,64.30862911268663,94.97595113020114,94.97595113020114,138.70975514401422,54.00651002316805,64.99200412502489,193.21268449524513,111.75340993585593
2023-10-22 01:00:00,0.0,53.96745638116663,38.72931910235861,484.5550495795307,45.32487116951696,32.83744212878662,-53.96745638116663,53.96745638116663,-38.72931910235861,38.72931910235861,-484.5550495795307,484.5550495795307,-45.32487116951696,45.32487116951696,-32.83744212878662,32.83744212878662,131.08282767227192,45.32487116951696,62.69683580705676,177.0939246925211,104.72128211008507
2023-10-22 02:00:00,0.0,71.57683013362431,46.24034847617808,432.4319560194346,53.670805742079544,39.77038185317609,-71.57683013362431,71.57683013362431,-46.24034847617808,46.24034847617808,-432.4319560194346,432.4319560194346,-53.670805742079544,53.670805742079544,-39.77038185317609,39.77038185317609,128.73806444489853,53.670805742079544,70.1727997605852,167.29915082528603,104.9432744353763
2023-10-22 03:00:00,0.0,46.74616073272386,39.69582044686549,421.26903384927095,52.3728640525087,34.58966617238017,-46.74616073272386,46.74616073272386,-39.69582044686549,39.69582044686549,-421.26903384927095,421.26903384927095,-52.3728640525087,52.3728640525087,-34.58966617238017,34.58966617238017,118.93470905074983,46.74616073272386,59.049109964830684,161.35370399560193,96.82571923275579
2023-10-22 04:00:00,188.35170729953163,41.79503081182555,46.116243630105004,396.3087550344217,54.89286935265218,38.99914570519668,146.55667648770608,146.55667648770608,142.23546366942662,142.23546366942662,-207.9570477348901,207.9570477348901,133.45883794687944,133.45883794687944,149.35256159433493,149.35256159433493,115.62240890684022,46.116243630105004,59.63242176364531,154.68464734041888,95.21943165362664
2023-10-22 05:00:00,0.0,44.93724828372445,37.38181102907867,450.7823400043519,62.887981003052815,34.01108182486125,-44.93724828372445,44.93724828372445,-37.38181102907867,37.38181102907867,-450.7823400043519,450.7823400043519,-62.887981003052815,62.887981003052815,-34.01108182486125,34.01108182486125,126.0000924290138,44.93724828372445,61.210624365839735,173.87106888764401,102.52674282682013
2023-10-22 06:00:00,0.0,43.72661778567655,39.01445522703108,436.83195422848235,60.56388763352917,31.19027991219887,-43.72661778567655,43.72661778567655,-39.01445522703108,39.01445522703108,-436.83195422848235,436.83195422848235,-60.56388763352917,60.56388763352917,-31.19027991219887,31.19027991219887,122.2654389573836,43.72661778567655,59.59279082995463,63.52736277514536,67.62718985544649
2023-10-22 07:00:00,615.5049509726003,655.6011191229143,700.2671772899785,606.3842061853142,403.6662051456118,580.2095400960645,-40.09616815031393,40.09616815031393,-84.76222631737812,84.76222631737812,9.120744787286185,9.120744787286185,211.83874582698854,211.83874582698854,35.29541087653581,35.29541087653581,589.2256495679767,606.3842061853142,613.0528263281199,613.0710045483781,601.7241871957576
2023-10-22 08:00:00,1432.0566455469911,1042.2975114467206,1163.932283146199,904.3815945056987,966.5465238620332,1199.5685603163126,389.75913410027056,389.75913410027056,268.12436240079205,268.12436240079205,527.6750510412925,527.6750510412925,465.510121684958,465.510121684958,232.4880852306785,232.4880852306785,1055.3452946553928,1042.2975114467206,1107.9661029938088,1093.3931610701998,1111.3905502135435
2023-10-22 09:00:00,2035.5791420843304,2113.068604970347,2212.1885467358215,1212.3632973362298,1176.6415195698755,2132.779094999005,-77.48946288601678,77.48946288601678,-176.6094046514911,176.6094046514911,823.2158447481006,823.2158447481006,858.9376225144549,858.9376225144549,-97.19995291467444,97.19995291467444,1769.408212722256,2113.068604970347,1989.560970825194,2015.8836343045173,1982.0708430831655
2023-10-22 10:00:00,2274.5296492535144,2394.4101404714665,2327.868745859219,1346.66697243471,1948.7048638795657,2315.9808318667006,-119.88049121795211,119.88049121795211,-53.339096605704526,53.339096605704526,927.8626768188044,927.8626768188044,325.82478537394877,325.82478537394877,-41.45118261318612,41.45118261318612,2066.7263109023324,2315.9808318667006,2243.9597480466136,2272.576199019297,2231.50221267358
2023-10-22 11:00:00,2722.4056755927904,2896.6128702862875,2925.1685144361086,1333.4699713086688,1919.4308972882018,2916.3690491102325,-174.20719469349706,174.20719469349706,-202.76283884331815,202.76283884331815,1388.9357042841216,1388.9357042841216,802.9747783045887,802.9747783045887,-193.96337351744205,193.96337351744205,2398.2102604859,2896.6128702862875,2721.2627923342375,2753.0189409933546,2705.2003819175043
2023-10-22 12:00:00,2536.661292326339,2685.414317739027,2737.548973071833,1409.1417208763012,2899.6730482130206,2704.3280012654727,-148.75302541268775,148.75302541268775,-200.88768074549398,200.88768074549398,1127.519571450038,1127.519571450038,-363.0117558866814,363.0117558866814,-167.6667089391335,167.6667089391335,2487.2212122331307,2704.3280012654727,2667.956086217804,2631.6304911451916,2628.1858159086196
2023-10-22 13:00:00,2572.3360008267273,2729.2902602065615,2711.7166021744265,1379.7326244205933,2206.2303423694484,2700.452737313897,-156.95425937983418,156.95425937983418,-139.3806013476992,139.3806013476992,1192.603376406134,1192.603376406134,366.1056584572789,366.1056584572789,-128.11673648716987,128.11673648716987,2345.4845132969854,2700.452737313897,2590.104315738728,2605.497279265889,2567.8679286235615
2023-10-22 14:00:00,2535.940249398731,2420.9505206244758,2404.1002953117,1263.8305495101831,2563.3800402241295,2400.7982758323406,114.98972877425513,114.98972877425513,131.83995408703095,131.83995408703095,1272.1096998885478,1272.1096998885478,-27.43979082539863,27.43979082539863,135.14197356639033,135.14197356639033,2210.611936300566,2404.1002953117,2369.55900924352,2351.803271889662,2338.6907267665356
2023-10-22 15:00:00,1795.0829196883365,1927.8230457913874,1930.1491461132312,1151.84518793386,2617.503315887605,1945.7950876669288,-132.7401261030509,132.7401261030509,-135.0662264248947,135.0662264248947,643.2377317544765,643.2377317544765,-822.4203961992685,822.4203961992685,-150.71216797859233,150.71216797859233,1914.6231566786023,1930.1491461132312,1982.3378242178496,1929.2546916202143,1945.5614036205254
2023-10-22 16:00:00,1461.5439093546747,1522.6136291671705,1580.760626841246,924.3144644681317,1603.1611477821552,1490.4610076369988,-61.069719812495805,61.069719812495805,-119.21671748657127,119.21671748657127,537.229444886543,537.229444886543,-141.61723842748052,141.61723842748052,-28.917098282324105,28.917098282324105,1424.2621751791405,1522.6136291671705,1509.1743981387226,1483.46240651171,1480.7356779583577
2023-10-22 17:00:00,605.879509680005,652.8980348678285,833.0680621458934,691.7660910905704,1016.3154514659723,633.5400678793095,-47.01852518782357,47.01852518782357,-227.1885524658884,227.1885524658884,-85.88658141056544,85.88658141056544,-410.4359417859673,410.4359417859673,-27.660558199304546,27.660558199304546,765.5175414899148,691.7660910905704,737.1780308498127,680.8764967578987,705.2278801561583
2023-10-22 18:00:00,0.0,52.61662004793336,35.37688178252336,396.79235318738245,93.64596214001057,34.03481585705081,-52.61662004793336,52.61662004793336,-35.37688178252336,35.37688178252336,-396.79235318738245,396.79235318738245,-93.64596214001057,93.64596214001057,-34.03481585705081,34.03481585705081,122.49332660298012,52.61662004793336,62.223928789110595,68.00509075718261,70.37433435589415
2023-10-22 19:00:00,68.0279802794473,64.63636245198973,19.31456209126055,378.70741417707086,41.76759745655349,31.37532794038891,3.39161782745758,3.39161782745758,48.71341818818675,48.71341818818675,-310.67943389762354,310.67943389762354,26.260382822893817,26.260382822893817,36.65265233905839,36.65265233905839,107.16025282345272,41.76759745655349,54.127616818764174,142.8495424727087,86.80026394021017
2023-10-22 20:00:00,234.76493875881522,27.760956657588196,33.86834243064403,432.70563007295596,56.09193160447865,18.728413832887117,207.00398210122702,207.00398210122702,200.8965963281712,200.8965963281712,-197.94069131414074,197.94069131414074,178.67300715433657,178.67300715433657,216.0365249259281,216.0365249259281,113.8310549197108,33.86834243064403,47.40506393708799,162.40896439287147,89.45610224950741
2023-10-22 21:00:00,54.34236092876235,44.06955689054924,34.81483849349789,467.492889159295,41.24540840675712,29.30829238182892,10.272804038213117,10.272804038213117,19.527522435264466,19.527522435264466,-413.15052823053264,413.15052823053264,13.096952522005232,13.096952522005232,25.034068546933433,25.034068546933433,123.38619706638562,41.24540840675712,57.1336418548386,169.1196526325185,98.41488623585003
2023-10-22 22:00:00,0.0,41.35295865715372,32.94557649568623,396.1260873497256,47.73660712832105,33.37559653630603,-41.35295865715372,41.35295865715372,-32.94557649568623,32.94557649568623,-396.1260873497256,396.1260873497256,-47.73660712832105,47.73660712832105,-33.37559653630603,33.37559653630603,110.3073652334385,41.35295865715372,54.37620681086734,150.33835665339222,90.1509613932268
2023-10-22 23:00:00,0.0,62.43938772155909,37.5837997331806,417.6761605832514,53.76662716865909,38.38213000450588,-62.43938772155909,62.43938772155909,-37.5837997331806,37.5837997331806,-417.6761605832514,417.6761605832514,-53.76662716865909,53.76662716865909,-38.38213000450588,38.38213000450588,121.96962104223121,53.76662716865909,64.53791340878371,162.93948719303677,100.31357038989354
2023-10-23 00:00:00,190.918538943165,51.84830971232019,41.258273167311785,420.6670471988724,58.06474730667272,38.74328204948381,139.0702292308448,139.0702292308448,149.66026577585322,149.66026577585322,-229.7485082557074,229.7485082557074,132.85379163649228,132.85379163649228,152.1752568936812,152.1752568936812,122.1163318869322,51.84830971232019,63.274591629919556,164.9805059960269,100.64845207506714
2023-10-23 01:00:00,30.698001983615285,46.3294098497912,39.69582044686549,420.91484094985583,46.555764915132684,31.162971317637915,-15.631407866175913,15.631407866175913,-8.997818463250205,8.997818463250205,-390.2168389662405,390.2168389662405,-15.8577629315174,15.8577629315174,-0.46496933402262997,0.46496933402262997,116.93176149585663,46.3294098497912,58.33904533924225,158.79558120594714,94.75933452625573
2023-10-23 02:00:00,0.0,34.580320186515,35.783616355401804,373.74323588477154,57.1060714184237,32.039057477906795,-34.580320186515,34.580320186515,-35.783616355401804,35.783616355401804,-373.74323588477154,373.74323588477154,-57.1060714184237,57.1060714184237,-32.039057477906795,32.039057477906795,106.65046026460377,35.783616355401804,53.17301487275684,145.70048423942146,87.3999532821556
2023-10-23 03:00:00,0.0,40.22988490786922,38.890350380958004,372.77037559402,51.55063396251856,45.77805391241099,-40.22988490786922,40.22988490786922,-38.890350380958004,38.890350380958004,-372.77037559402,372.77037559402,-51.55063396251856,51.55063396251856,-45.77805391241099,45.77805391241099,109.84385975155536,45.77805391241099,59.07837064847791,146.18478243693673,92.70332865841766
2023-10-23 04:00:00,21.51404628615487,50.901459206439604,47.20965096461185,394.1746172727958,48.31230793889017,33.06629056778427,-29.387412920284735,29.387412920284735,-25.695604678456984,25.695604678456984,-372.6605709866409,372.6605709866409,-26.798261652735302,26.798261652735302,-11.552244281629402,11.552244281629402,114.73286519010432,48.31230793889017,60.92941523089275,152.07100073906184,93.4599559425641
2023-10-23 05:00:00,46.92137015993424,57.997065231496165,34.36305225399391,394.62631648297827,57.430323644545616,40.21149987590552,-11.075695071561924,11.075695071561924,12.558317905940335,12.558317905940335,-347.70494632304406,347.70494632304406,-10.508953484611375,10.508953484611375,6.7098702840287245,6.7098702840287245,116.92565149778389,57.430323644545616,61.87853194309744,158.58912149607542,97.56772630648975
2023-10-23 06:00:00,151.2038814094032,38.296922142117566,37.51218630141587,456.01992153315115,66.9207467009558,30.183347387218397,112.90695926728564,112.90695926728564,113.69169510798733,113.69169510798733,-304.81604012374794,304.81604012374794,84.2831347084474,84.2831347084474,121.02053402218482,121.02053402218482,125.78662481297174,38.296922142117566,57.73073359794971,62.10976051690406,67.14614267449416
2023-10-23 07:00:00,748.2993576128467,678.5519583031393,551.9684964610096,524.2690473623309,502.3179088781985,547.7567864571529,69.74739930970748,69.74739930970748,196.3308611518371,196.3308611518371,224.03031025051587,224.03031025051587,245.9814487346482,245.9814487346482,200.54257115569385,200.54257115569385,560.9728394923662,547.7567864571529,579.2309837115183,604.0396711061114,576.7271216351927
2023-10-23 08:00:00,1268.3755062584453,1415.2861998135572,1364.5371739496059,748.0451238393664,841.7434675310395,1355.1955220997756,-146.91069355511195,146.91069355511195,-96.16166769116057,96.16166769116057,520.3303824190789,520.3303824190789,426.63203872740576,426.63203872740576,-86.82001584133036,86.82001584133036,1144.961497446669,1355.1955220997756,1286.006433650406,1316.1615857893562,1280.6818097412176
2023-10-23 09:00:00,1917.473572800174,2045.103051858565,2088.343881522768,1086.464499225424,1102.2287745256535,2053.2586669639923,-127.6294790583911,127.6294790583911,-170.8703087225938,170.8703087225938,831.0090735747499,831.0090735747499,815.2447982745205,815.2447982745205,-135.78509416381826,135.78509416381826,1675.0797748192806,2045.103051858565,1912.9052543860241,1936.5427532784076,1900.5020906559841
2023-10-23 10:00:00,2326.7960258856406,2406.23457871099,2272.324768638628,1114.3988416539305,1858.1391065996827,2228.271899400966,-79.43855282534923,79.43855282534923,54.471257247012545,54.471257247012545,1212.39718423171,1212.39718423171,468.6569192859579,468.6569192859579,98.52412648467453,98.52412648467453,1975.8738390008396,2228.271899400966,2200.088317075246,2223.7375530049376,2167.976908704416
2023-10-23 11:00:00,2211.120587317176,2492.191414668275,2454.5775806549245,1099.1051761705671,2033.8973634745862,2432.3923860228033,-281.0708273510986,281.0708273510986,-243.45699333774837,243.45699333774837,1112.015411146609,1112.015411146609,177.22322384258996,177.22322384258996,-221.27179870562713,221.27179870562713,2102.4327841982313,2432.3923860228033,2352.816341512093,2357.32411693362,2320.007171577921
2023-10-23 12:00:00,2861.962366779257,2782.3288723914116,2640.2493911209644,1464.5636075251205,2153.504824393644,2744.963195264249,79.63349438784553,79.63349438784553,221.71297565829263,221.71297565829263,1397.3987592541366,1397.3987592541366,708.4575423856131,708.4575423856131,116.99917151500813,116.99917151500813,2357.121978139078,2640.2493911209644,2597.617286883828,2643.557100977563,2592.7693510390827
2023-10-23 13:00:00,2411.53398149786,2447.435992121149,2435.264415547222,1271.3863357647363,3016.0963234120027,2440.5537563886405,-35.90201062328879,35.90201062328879,-23.730434049361975,23.730434049361975,1140.147645733124,1140.147645733124,-604.5623419141425,604.5623419141425,-29.019774890780354,29.019774890780354,2322.1473646467502,2440.5537563886405,2453.774561175322,2407.784733159077,2411.008012507398
2023-10-23 14:00:00,2503.8544239568523,2675.5718535951764,2572.0564697664795,1210.9278177016095,2138.067138133969,2550.2414020650644,-171.71742963832412,171.71742963832412,-68.20204580962718,68.20204580962718,1292.9266062552429,1292.9266062552429,365.7872858228834,365.7872858228834,-46.38697810821213,46.38697810821213,2229.37293625246,2550.2414020650644,2492.089927676181,2504.113042933328,2454.7837588463576
2023-10-23 15:00:00,1857.5839822067055,1614.787419146229,1612.7060220260669,1049.4948243193314,2644.418855590398,1710.4011736629056,242.7965630604765,242.7965630604765,244.87796018063864,244.87796018063864,808.0891578873741,808.0891578873741,-786.8348733836924,786.8348733836924,147.18280854379987,147.18280854379987,1726.3616589489861,1614.787419146229,1720.4962239026697,1676.9438174420588,1706.584578925797
2023-10-23 16:00:00,1434.3224066740913,1508.2394513173067,1500.8665920853223,904.9471855243103,1650.1157586359045,1474.57175628992,-73.91704464321538,73.91704464321538,-66.54418541123096,66.54418541123096,529.375221149781,529.375221149781,-215.7933519618132,215.7933519618132,-40.24934961582858,40.24934961582858,1407.7481487705527,1500.8665920853223,1483.4767072883806,1467.9917520450645,1461.9045188121281
2023-10-23 17:00:00,724.2077293364691,740.757259832832,617.7295869317238,658.2511873551912,1071.491653706018,636.4109612157446,-16.549530496362877,16.549530496362877,106.47814240474531,106.47814240474531,65.95654198127795,65.95654198127795,-347.2839243695489,347.2839243695489,87.79676812072455,87.79676812072455,744.9281298083018,658.2511873551912,705.9600095960557,710.7046312403468,701.26721045573
2023-10-23 18:00:00,0.0,46.226053367669266,36.18235184843085,453.8384266740641,98.39833699168975,34.25041806692045,-46.226053367669266,46.226053367669266,-36.18235184843085,36.18235184843085,-453.8384266740641,453.8384266740641,-98.39833699168975,98.39833699168975,-34.25041806692045,34.25041806692045,133.7791173897549,46.226053367669266,62.985447208910365,68.89928198407031,73.17132584922926
2023-10-23 19:00:00,0.0,45.05576020511483,35.49393301934378,446.158319126587,43.75400329631576,42.188455519616696,-45.05576020511483,45.05576020511483,-35.49393301934378,35.49393301934378,-446.158319126587,446.158319126587,-43.75400329631576,43.75400329631576,-42.188455519616696,42.188455519616696,122.5300942333956,43.75400329631576,58.98509512002023,164.47529804539712,99.98182790022767
2023-10-23 20:00:00,0.0,59.40909269081501,42.726879877743436,412.4745027645692,46.80011789180407,32.97508754535184,-59.40909269081501,59.40909269081501,-42.726879877743436,42.726879877743436,-412.4745027645692,412.4745027645692,-46.80011789180407,46.80011789180407,-32.97508754535184,32.97508754535184,118.87713615405671,46.80011789180407,60.92011426246848,156.5024333536336,95.59720902471234
2023-10-23 21:00:00,53.32001467565549,51.42703767622497,42.726879877743436,391.5557128670215,34.52462448291049,39.78700567388614,1.8929769994305232,1.8929769994305232,10.593134797912057,10.593134797912057,-338.235698191366,338.235698191366,18.795390192745003,18.795390192745003,13.53300900176935,13.53300900176935,112.0042521155573,42.726879877743436,57.35124747908219,144.09462761659367,90.79201408659145
2023-10-23 22:00:00,0.0,34.20202560306506,35.180680076434705,455.75516097750386,46.619276393563005,33.957833126874206,-34.20202560306506,34.20202560306506,-35.180680076434705,35.180680076434705,-455.75516097750386,455.75516097750386,-46.619276393563005,46.619276393563005,-33.957833126874206,33.957833126874206,121.14299523548819,35.180680076434705,52.3371994714283,165.92846287360675,96.499864375983
2023-10-23 23:00:00,96.84065655206932,47.6209819480063,38.14369759418352,406.560685355874,52.500582204669996,40.29924702853568,49.219674604063016,49.219674604063016,58.6969589578858,58.6969589578858,-309.72002880380467,309.72002880380467,44.34007434739932,44.34007434739932,56.54140952353364,56.54140952353364,117.0250388262539,47.6209819480063,57.46207490601955,157.2547330730321,95.87989956467342
2023-10-24 00:00:00,73.16835593162645,55.9118426476797,39.69582044686549,425.9456879314631,58.06472749773698,29.249035974923,17.256513283946752,17.256513283946752,33.47253548476096,33.47253548476096,-352.77733199983663,352.77733199983663,15.103628433889469,15.103628433889469,43.91931995670345,43.91931995670345,121.77342289973365,55.9118426476797,58.31928047103909,167.78315017283762,98.03522096809435
2023-10-24 01:00:00,9.818192551320069,51.77542384533632,39.182204470758954,385.07440664072504,41.89109483993722,34.20039431378987,-41.95723129401625,41.95723129401625,-29.364011919438887,29.364011919438887,-375.256214089405,375.256214089405,-32.07290228861715,32.07290228861715,-24.382201762469805,24.382201762469805,110.42470482210948,41.89109483993722,54.51524324622956,144.84608838017357,88.73341931510082
2023-10-24 02:00:00,0.0,47.311356357275656,43.0095096045488,405.107289948779,54.774654870007986,59.774790387106606,-47.311356357275656,47.311356357275656,-43.0095096045488,43.0095096045488,-405.107289948779,405.107289948779,-54.774654870007986,54.774654870007986,-59.774790387106606,59.774790387106606,121.9955202335436,54.774654870007986,64.36514538589721,159.8744453936393,103.62593935799099
2023-10-24 03:00:00,0.0,40.14209582467314,46.800246337181,440.0932543537098,50.01457175748726,36.50286652864879,-40.14209582467314,40.14209582467314,-46.800246337181,46.800246337181,-440.0932543537098,440.0932543537098,-50.01457175748726,50.01457175748726,-36.50286652864879,36.50286652864879,122.71060696034002,46.800246337181,57.029409781499744,166.07387891026215,98.77368130532633
2023-10-24 04:00:00,0.0,54.401671685544706,39.69582044686549,440.32138621692275,51.767890658771904,36.176593529847146,-54.401671685544706,54.401671685544706,-39.69582044686549,39.69582044686549,-440.32138621692275,440.32138621692275,-51.767890658771904,51.767890658771904,-36.176593529847146,36.176593529847146,124.47267250759042,51.767890658771904,59.23552087065959,168.33393932621715,100.40069126655054
2023-10-24 05:00:00,82.38006032644509,52.906848822320505,39.69582044686549,420.90465462229423,53.916348389564824,35.12547094052355,29.473211504124585,29.473211504124585,42.6842398795796,42.6842398795796,-338.52459429584917,338.52459429584917,28.463711936880266,28.463711936880266,47.25458938592154,47.25458938592154,120.50982864431373,52.906848822320505,58.02782185759446,163.70999038921033,97.6484035910089
2023-10-24 06:00:00,0.0,53.21258498017042,32.99380282384257,409.2454856064868,61.114044483525944,39.28013402543796,-53.21258498017042,53.21258498017042,-32.99380282384257,32.99380282384257,-409.2454856064868,409.2454856064868,-61.114044483525944,61.114044483525944,-39.28013402543796,39.28013402543796,119.16921038389273,53.21258498017042,58.09540398029104,68.81983731486739,69.76444127041367
2023-10-24 07:00:00,846.4138706369639,713.3676220297446,817.8891199127062,674.2364415385103,368.5034592607694,661.5655096391713,133.04624860721935,133.04624860721935,28.52475072425773,28.52475072425773,172.17742909845356,172.17742909845356,477.91041137619453,477.91041137619453,184.8483609977926,184.8483609977926,647.1124304761804,674.2364415385103,691.9615497874013,677.9504308465033,672.7091822132418
2023-10-24 08:00:00,1446.3387519542255,1244.194038174093,1275.4170695018906,922.9773952382244,987.2865739289147,1352.8409880252007,202.1447137801324,202.1447137801324,170.92168245233484,170.92168245233484,523.3613567160011,523.3613567160011,459.0521780253108,459.0521780253108,93.49776392902481,93.49776392902481,1156.5432129736648,1244.194038174093,1252.5316359273975,1250.4928755692968,1252.7841936487814
2023-10-24 09:00:00,2033.2982299561504,2129.373136470449,2039.640405334254,1252.5568324115957,1379.4001510183682,2130.3319237231026,-96.07490651429862,96.07490651429862,-6.342175378103548,6.342175378103548,780.7413975445547,780.7413975445547,653.8980789377822,653.8980789377822,-97.03369376695218,97.03369376695218,1786.260489791554,2039.640405334254,2004.2629791683776,2026.7269786425763,1992.6154700462175
2023-10-24 10:00:00,2237.9703308142525,2260.1865879688185,2254.2149250452153,1168.3891132512888,1912.8061256087062,2219.1549324389507,-22.216257154565938,22.216257154565938,-16.244594230962775,16.244594230962775,1069.5812175629637,1069.5812175629637,325.1642052055463,325.1642052055463,18.81539837530181,18.81539837530181,1962.950336862596,2219.1549324389507,2175.5366776705796,2158.706215977991,2136.6939219548804
2023-10-24 11:00:00,2276.9982213214507,2130.207933950876,2128.337259424131,1161.1866697239045,2607.4139228506406,2220.322865564127,146.7902873705748,146.7902873705748,148.6609618973198,148.6609618973198,1115.8115515975462,1115.8115515975462,-330.41570152918985,330.41570152918985,56.675355757323814,56.675355757323814,2049.4937303027355,2130.207933950876,2165.338521382147,2133.028152340409,2143.473321290139
2023-10-24 12:00:00,2792.6268416232647,2964.1483885378802,2951.8414877965047,1483.3022270413935,1778.11284648543,2962.284776438265,-171.52154691461556,171.52154691461556,-159.21464617324,159.21464617324,1309.3246145818712,1309.3246145818712,1014.5139951378346,1014.5139951378346,-169.65793481500032,169.65793481500032,2427.937945259894,2951.8414877965047,2816.964815954462,2802.7261719246,2763.95184070335
2023-10-24 13:00:00,2521.2078467958713,2440.304940408111,2350.7093387675104,1404.5382539878956,3123.478005194876,2384.8607730221966,80.90290638776014,80.90290638776014,170.4985080283609,170.4985080283609,1116.6695928079757,1116.6695928079757,-602.2701583990047,602.2701583990047,136.34707377367477,136.34707377367477,2340.778262276118,2384.8607730221966,2412.0350950120937,2393.813686752739,2386.882441589113
2023-10-24 14:00:00,2234.3116275588177,2486.52445758808,2418.095192660223,1242.9934224552383,2330.340373624731,2353.589049142087,-252.21283002926248,252.21283002926248,-183.7835651014052,183.7835651014052,991.3182051035794,991.3182051035794,-96.02874606591331,96.02874606591331,-119.27742158326919,119.27742158326919,2166.308499094072,2353.589049142087,2366.627999807345,2350.57904750608,2319.1416238412594
2023-10-24 15:00:00,1805.9193484686132,1921.9396233839414,1913.5474817605532,1020.7066607629234,2269.1791555960767,1826.8686264870873,-116.02027491532817,116.02027491532817,-107.62813329194,107.62813329194,785.2126877056897,785.2126877056897,-463.25980712746355,463.25980712746355,-20.94927801847416,20.94927801847416,1790.4483095981163,1913.5474817605532,1885.7654362521266,1853.9709301791377,1845.38429714642
2023-10-24 16:00:00,1212.055005772327,1376.2570091427908,1376.3453707356537,819.8612574216473,1611.8226445138805,1355.0898496180232,-164.2020033704639,164.2020033704639,-164.29036496332674,164.29036496332674,392.1937483506796,392.1937483506796,-399.7676387415536,399.7676387415536,-143.0348438456963,143.0348438456963,1307.875226286399,1376.2570091427908,1370.2435475472562,1349.392326428443,1348.4837773735942
2023-10-24 17:00:00,740.2653854346235,718.6441303076066,742.8043748733733,759.8912545955834,912.4043034313798,702.9238873405083,21.621255127016866,21.621255127016866,-2.538989438749809,2.538989438749809,-19.62586916095995,19.62586916095995,-172.1389179967564,172.1389179967564,37.341498094115195,37.341498094115195,767.3335901096904,742.8043748733733,739.549742800198,728.5348953581022,734.4768869375298
2023-10-24 18:00:00,231.87422670719064,44.45545008628382,36.18235184843085,448.8119216019501,97.04809391534639,35.1618072154983,187.41877662090684,187.41877662090684,195.6918748587598,195.6918748587598,-216.93769489475943,216.93769489475943,134.82613279184426,134.82613279184426,196.71241949169234,196.71241949169234,132.33192493350188,44.45545008628382,58.63498884773415,68.03029967921358,71.49833298788435
2023-10-24 19:00:00,0.0,34.97903900590064,33.93148029889748,439.27844714099547,50.73324771361574,33.462542848089605,-34.97903900590064,34.97903900590064,-33.93148029889748,33.93148029889748,-439.27844714099547,439.27844714099547,-50.73324771361574,50.73324771361574,-33.462542848089605,33.462542848089605,118.47695140149979,34.97903900590064,52.09955944850091,162.57054492951514,94.7889301633227
2023-10-24 20:00:00,0.0,44.79061522119676,43.28677773874636,411.11684275640175,53.27766396092135,35.99241032066141,-44.79061522119676,44.79061522119676,-43.28677773874636,43.28677773874636,-411.11684275640175,411.11684275640175,-53.27766396092135,53.27766396092135,-35.99241032066141,35.99241032066141,117.69286199958553,44.79061522119676,57.256094772968375,158.0833029776481,95.33887378923434
2023-10-24 21:00:00,0.0,54.899107910935925,36.18235184843085,446.6632959654111,34.43182233921893,44.53036102671871,-54.899107910935925,54.899107910935925,-36.18235184843085,36.18235184843085,-446.6632959654111,446.6632959654111,-34.43182233921893,34.43182233921893,-44.53036102671871,44.53036102671871,123.34138781814309,44.53036102671871,60.06528339432406,161.1308260333265,99.93318259726753
2023-10-24 22:00:00,150.15948984991135,40.39017790550249,37.18701146601499,427.12505931044853,44.96699135419315,38.18969767019388,109.76931194440886,109.76931194440886,112.97247838389637,112.97247838389637,-276.96556946053715,276.96556946053715,105.19249849571821,105.19249849571821,111.96979217971747,111.96979217971747,117.57178754127062,40.39017790550249,54.969460009519864,158.24136770646254,95.11554535708763
2023-10-24 23:00:00,157.30917201401613,60.32804372617374,36.2602808888741,424.91378142399,54.19841266109069,41.43819309898344,96.98112828784238,96.98112828784238,121.04889112514203,121.04889112514203,-267.6046094099738,267.6046094099738,103.11075935292544,103.11075935292544,115.87097891503268,115.87097891503268,123.4277423598224,54.19841266109069,62.473390303731115,165.41302328996045,101.33911116986863
2023-10-25 00:00:00,194.90980756880327,53.98966940007042,37.56802169845372,459.1464221514495,64.3450411709547,39.44605086126725,140.92013816873285,140.92013816873285,157.34178587034955,157.34178587034955,-264.2366145826462,264.2366145826462,130.5647663978486,130.5647663978486,155.46375670753602,155.46375670753602,130.8990410564391,53.98966940007042,63.65568720293371,179.67884393383784,107.06937772457275
2023-10-25 01:00:00,6.097550322657243,55.44942520909224,47.97216258391847,384.82529094414383,45.72777004545612,55.886169954868706,-49.351874886435,49.351874886435,-41.87461226126123,41.87461226126123,-378.7277406214866,378.7277406214866,-39.63021972279888,39.63021972279888,-49.788619632211464,49.788619632211464,117.97216374749587,55.44942520909224,67.7801515085229,150.37352286415327,100.21776905227578
2023-10-25 02:00:00,64.15922695974778,44.9878327304811,39.01445522703108,440.3452345383411,55.31927378092062,34.29510725308892,19.17139422926668,19.17139422926668,25.144771732716706,25.144771732716706,-376.1860075785933,376.1860075785933,8.839953178827166,8.839953178827166,29.86411970665886,29.86411970665886,122.79238070597258,44.9878327304811,59.68771051970958,167.72762969301493,99.64209965562966
2023-10-25 03:00:00,0.0,46.679033904793904,41.258273167311785,424.13040917066627,52.635937562516006,36.15702957223434,-46.679033904793904,46.679033904793904,-41.258273167311785,41.258273167311785,-424.13040917066627,424.13040917066627,-52.635937562516006,52.635937562516006,-36.15702957223434,36.15702957223434,120.17213667550445,46.679033904793904,60.132018547066394,162.29720794764444,97.994601197961
2023-10-25 04:00:00,0.0,34.855823810972126,44.38205238267572,447.8219826829978,53.220587091032506,38.22501009370299,-34.855823810972126,34.855823810972126,-44.38205238267572,44.38205238267572,-447.8219826829978,447.8219826829978,-53.220587091032506,53.220587091032506,-38.22501009370299,38.22501009370299,123.70109121227622,44.38205238267572,59.772019287812384,168.9494453561151,101.00165965437408
2023-10-25 05:00:00,0.0,44.93605586463208,42.54747572070336,374.42610020368943,53.68066102861706,26.872315616743727,-44.93605586463208,44.93605586463208,-42.54747572070336,42.54747572070336,-374.42610020368943,374.42610020368943,-53.68066102861706,53.68066102861706,-26.872315616743727,26.872315616743727,108.49252168687713,44.93605586463208,55.05603095662036,147.28091123194326,87.77405011729326
2023-10-25 06:00:00,47.32587571202922,54.98241444923774,39.182204470758954,390.04455921679977,64.32392865474041,38.281210294785794,-7.656538737208514,7.656538737208514,8.143671241270269,8.143671241270269,-342.7186835047705,342.7186835047705,-16.99805294271119,16.99805294271119,9.04466541724343,9.04466541724343,117.36286341726452,54.98241444923774,61.85056073265443,68.68618789331019,70.28983933019946
2023-10-25 07:00:00,695.5546426865106,660.3804100621969,909.2648299913136,681.503110996299,362.4277297105291,693.9166279498829,35.17423262431373,35.17423262431373,-213.71018730480296,213.71018730480296,14.051531690211618,14.051531690211618,333.12691297598155,333.12691297598155,1.6380147366277242,1.6380147366277242,661.4985417420443,681.503110996299,712.8777404881453,670.7767149324569,686.1793705645662
2023-10-25 08:00:00,1248.987383750554,1412.8394047376992,1364.5371739496059,860.1984975877378,748.5101014357143,1355.1867551794574,-163.85202098714512,163.85202098714512,-115.54979019905181,115.54979019905181,388.7888861628162,388.7888861628162,500.4772823148397,500.4772823148397,-106.1993714289033,106.1993714289033,1148.254386578043,1355.1867551794574,1288.4290524687485,1316.1681044223299,1282.0673754188235
2023-10-25 09:00:00,1869.8171069463954,2174.92431456073,2169.371666748385,1111.2240548416798,1019.7306364733173,2140.0725409982283,-305.1072076143348,305.1072076143348,-299.5545598019896,299.5545598019896,758.5930521047155,758.5930521047155,850.0864704730781,850.0864704730781,-270.25543405183294,270.25543405183294,1723.0646427244678,2140.0725409982283,1997.5262206982788,2028.910880941101,1980.558567236353
2023-10-25 10:00:00,2375.269108711028,2351.1953798234954,2292.41171079807,1267.6400025862742,1761.4042179310436,2283.1872967929094,24.073728887532525,24.073728887532525,82.85739791295782,82.85739791295782,1107.6291061247537,1107.6291061247537,613.8648907799843,613.8648907799843,92.08181191811855,92.08181191811855,1991.1677215863588,2283.1872967929094,2197.4450721893163,2222.7846574431787,2180.939922565602
2023-10-25 11:00:00,2314.628744303891,2427.4140885524066,2362.960757284626,1507.4149268450194,2680.9121490675407,2454.4487364854776,-112.78534424851568,112.78534424851568,-48.33201298073527,48.33201298073527,807.2138174588715,807.2138174588715,-366.28340476364974,366.28340476364974,-139.8199921815867,139.8199921815867,2286.630131647014,2427.4140885524066,2399.0950223590835,2393.28929586071,2385.9310690924362
2023-10-25 12:00:00,2554.4716220370688,2716.576888091687,2720.731984077596,1318.7301413071855,1905.2521020390234,2665.2025051499577,-162.10526605461837,162.10526605461837,-166.26036204052707,166.26036204052707,1235.7414807298833,1235.7414807298833,649.2195199980454,649.2195199980454,-110.73088311288893,110.73088311288893,2265.2987241330898,2665.2025051499577,2545.4572365457566,2565.781124021589,2519.4717540268134
2023-10-25 13:00:00,2223.3506663899802,2307.4699307288315,2273.501710648507,1234.7892675975108,2555.2857665664683,2198.365081435103,-84.11926433885128,84.11926433885128,-50.15104425852678,50.15104425852678,988.5613987924694,988.5613987924694,-331.93510017648805,331.93510017648805,24.98558495487714,24.98558495487714,2113.882351395284,2273.501710648507,2236.438073533006,2216.662202140649,2198.3795692681742
2023-10-25 14:00:00,2256.977063739387,2376.8631438151533,2393.146767501772,1268.2913411349277,2198.0235883063433,2306.282744534736,-119.88608007576613,119.88608007576613,-136.16970376238487,136.16970376238487,988.6857226044594,988.6857226044594,58.95347543304388,58.95347543304388,-49.30568079534896,49.30568079534896,2108.521517058586,2306.282744534736,2283.609419907275,2275.186536004058,2250.5996390920645
2023-10-25 15:00:00,1884.4019120768298,1731.3971838693562,1767.9654630172586,1046.1369252397546,2297.9723438583583,1723.4599281607457,153.0047282074736,153.0047282074736,116.43644905957126,116.43644905957126,838.2649868370752,838.2649868370752,-413.57043178152844,413.57043178152844,160.94198391608415,160.94198391608415,1713.3863688290949,1731.3971838693562,1765.1338424146302,1723.6127626446946,1733.9932409157655
2023-10-25 16:00:00,1350.599776414789,1217.984396460921,1235.2952630697162,962.5046506275482,1814.9959764448588,1293.6079530304899,132.6153799538679,132.6153799538679,115.30451334507279,115.30451334507279,388.0951257872407,388.0951257872407,-464.39620003006985,464.39620003006985,56.991823384299096,56.991823384299096,1304.8776479267067,1235.2952630697162,1298.3350700215406,1266.7394388715275,1289.2194728593597
2023-10-25 17:00:00,744.2122367345993,731.9855803292984,725.0361008113753,674.990877362576,960.5943069152627,600.4179038513621,12.2266564053009,12.2266564053009,19.176135923224024,19.176135923224024,69.22135937202324,69.22135937202324,-216.3820701806634,216.3820701806634,143.7943328832372,143.7943328832372,738.6049538539748,725.0361008113753,711.2095847205181,694.5010894433204,689.5177737902189
2023-10-25 18:00:00,199.98285955346253,52.2821803186142,28.92043636440503,380.5195599471233,87.69599801876691,27.512896005788896,147.70067923484834,147.70067923484834,171.0624231890575,171.0624231890575,-180.53670039366077,180.53670039366077,112.28686153469562,112.28686153469562,172.46996354767364,172.46996354767364,115.38621413093968,52.2821803186142,58.729290571029566,63.78260516846426,65.33339074919385
2023-10-25 19:00:00,32.462387425027586,32.114716002060106,34.260491047919075,434.2852479008719,49.135681463912896,36.306360614082706,0.34767142296747977,0.34767142296747977,-1.7981036228914888,1.7981036228914888,-401.8228604758443,401.8228604758443,-16.67329403888531,16.67329403888531,-3.84397318905512,3.84397318905512,117.22049940576933,36.306360614082706,55.46792907810791,160.83175514005154,95.59527726941823
2023-10-25 20:00:00,97.26613044896641,35.78446041215479,31.701564268551497,408.71093404399113,53.446079883839595,17.74151735376601,61.481670036811614,61.481670036811614,65.56456618041491,65.56456618041491,-311.4448035950247,311.4448035950247,43.82005056512681,43.82005056512681,79.5246130952004,79.5246130952004,109.4769111924606,35.78446041215479,49.29121249357351,154.72705029037962,86.64916454443126
2023-10-25 21:00:00,138.09530899180294,38.28675376242241,39.35241294869117,401.9687261313499,37.144772072191124,45.8930852838311,99.80855522938053,99.80855522938053,98.74289604311177,98.74289604311177,-263.873417139547,263.873417139547,100.9505369196118,100.9505369196118,92.20222370797184,92.20222370797184,112.52915003969713,39.35241294869117,58.66856916171908,147.25425055288878,93.461292979088
2023-10-25 22:00:00,49.20270962781857,45.74677819453167,35.180680076434705,443.64530720251975,44.57438841406475,40.427094599532644,3.4559314332868993,3.4559314332868993,14.022029551383866,14.022029551383866,-394.44259757470115,394.44259757470115,4.628321213753821,4.628321213753821,8.775615028285927,8.775615028285927,121.91484969741671,44.57438841406475,61.64501538228798,164.29566405060123,100.25059268925664
2023-10-25 23:00:00,0.0,38.530275856632194,36.2602808888741,417.7816644999074,48.57493933019894,25.277834916912887,-38.530275856632194,38.530275856632194,-36.2602808888741,36.2602808888741,-417.7816644999074,417.7816644999074,-48.57493933019894,48.57493933019894,-25.277834916912887,25.277834916912887,113.2849990985051,38.530275856632194,53.51287071719447,156.32355783904143,90.66349536995436
2023-10-26 00:00:00,0.0,62.790102280534285,37.56802169845372,455.61555996126685,53.004795026145835,34.63306596223653,-62.790102280534285,62.790102280534285,-37.56802169845372,37.56802169845372,-455.61555996126685,455.61555996126685,-53.004795026145835,53.004795026145835,-34.63306596223653,34.63306596223653,128.72230898572747,53.004795026145835,64.8386061543851,173.78802450668215,104.25906418791297
2023-10-26 01:00:00,37.43780995040737,50.52919768863308,45.726386009006376,415.2091582017173,39.58617267397958,34.433832621629676,-13.091387738225713,13.091387738225713,-8.288576058599006,8.288576058599006,-377.7713482513099,377.7713482513099,-2.1483627235722125,2.1483627235722125,3.003977328777694,3.003977328777694,117.09694943899319,45.726386009006376,59.127651959147784,154.11513233280894,94.2789916997116
2023-10-26 02:00:00,0.0,71.64652462600787,39.182204470758954,414.20614618448684,52.2178832633306,35.21289820282328,-71.64652462600787,71.64652462600787,-39.182204470758954,39.182204470758954,-414.20614618448684,414.20614618448684,-52.2178832633306,52.2178832633306,-35.21289820282328,35.21289820282328,122.49313134948152,52.2178832633306,64.40509317285854,160.81436213967746,99.10704250422175
2023-10-26 03:00:00,128.36010675873243,46.00738025643181,41.62298511311274,367.6794463469616,48.57032441378651,46.376739718833385,82.35272650230061,82.35272650230061,86.73712164561968,86.73712164561968,-239.31933958822916,239.31933958822916,79.78978234494592,79.78978234494592,81.98336703989904,81.98336703989904,110.0513751698252,46.376739718833385,59.07334218083494,143.6449855852531,92.10112130755813
2023-10-26 04:00:00,0.0,33.296534714745874,39.69582044686549,416.03233136141296,55.129431369133535,36.19155400296442,-33.296534714745874,33.296534714745874,-39.69582044686549,39.69582044686549,-416.03233136141296,416.03233136141296,-55.129431369133535,55.129431369133535,-36.19155400296442,36.19155400296442,116.06913437902445,39.69582044686549,55.20706871794041,158.77021809013695,94.64532371882099
2023-10-26 05:00:00,0.0,49.21487004017265,36.1389145950656,325.13991261512894,54.22339074448386,29.103439856838193,-49.21487004017265,49.21487004017265,-36.1389145950656,36.1389145950656,-325.13991261512894,325.13991261512894,-54.22339074448386,54.22339074448386,-29.103439856838193,29.103439856838193,98.76410557033785,49.21487004017265,52.31894390836727,133.995791094384,81.46792958626058
2023-10-26 06:00:00,0.0,50.29455780416435,40.45930949857381,464.32552371084415,60.42056909852712,44.32775356601276,-50.29455780416435,50.29455780416435,-40.45930949857381,40.45930949857381,-464.32552371084415,464.32552371084415,-60.42056909852712,60.42056909852712,-44.32775356601276,44.32775356601276,131.96554273562444,50.29455780416435,65.39648643638269,73.0058120121569,76.77934879488932
2023-10-26 07:00:00,610.0637573961315,713.4266353096957,647.4421436730061,621.4288985891783,376.5382640266068,588.52976337865,-103.36287791356426,103.36287791356426,-37.37838627687461,37.37838627687461,-11.365141193046838,11.365141193046838,233.52549336952467,233.52549336952467,21.533994017481405,21.533994017481405,589.4731409954273,621.4288985891783,618.8851583510809,638.7715254361015,612.8975860109701
2023-10-26 08:00:00,1124.451766609424,1147.5714447509083,1098.2541289050687,819.454504629751,787.0472336195941,1217.4664078025469,-23.1196781414842,23.1196781414842,26.19763770435543,26.19763770435543,304.9972619796731,304.9972619796731,337.40453298983005,337.40453298983005,-93.01464119312277,93.01464119312277,1013.9587439415736,1098.2541289050687,1102.8550796207278,1128.4561234235994,1115.6783912621222
2023-10-26 09:00:00,1766.1357350204426,1918.9087840152165,1952.2795689780667,1003.9356520355934,1002.2532276665589,1901.8574505235426,-152.77304899477394,152.77304899477394,-186.1438339576241,186.1438339576241,762.2000829848491,762.2000829848491,763.8825073538836,763.8825073538836,-135.72171550310009,135.72171550310009,1555.8469366437955,1901.8574505235426,1792.087762354528,1804.8748297562881,1770.6296550667123
2023-10-26 10:00:00,2395.349711767259,2401.947067499603,2454.827537828372,1399.9371785463966,1378.651836016312,2392.710179380824,-6.597355732343658,6.597355732343658,-59.477826061112864,59.477826061112864,995.4125332208625,995.4125332208625,1016.6978757509471,1016.6978757509471,2.6395323864353486,2.6395323864353486,2005.6147598543016,2392.710179380824,2276.374970556104,2280.276308770379,2246.66037164497
2023-10-26 11:00:00,2585.5836755941914,2452.5310126611894,2536.1895172127715,1385.9133650354647,2566.8107858369935,2527.4016937617253,133.052662933002,133.052662933002,49.39415838141986,49.39415838141986,1199.6703105587267,1199.6703105587267,18.772889757197845,18.772889757197845,58.181981832466136,58.181981832466136,2293.7692749016287,2527.4016937617253,2467.2634465178526,2427.363695663482,2432.6223363870713
2023-10-26 12:00:00,2979.9639186635563,2716.6327984908935,2745.11674551089,1487.1545043341557,2623.271460072927,2747.2402336952323,263.33112017266285,263.33112017266285,234.84717315266653,234.84717315266653,1492.8094143294006,1492.8094143294006,356.6924585906295,356.6924585906295,232.72368496832405,232.72368496832405,2463.8831484208195,2716.6327984908935,2679.0783090423474,2649.9901340311726,2640.9452093452664
2023-10-26 13:00:00,2529.8220441085837,2312.8869646173916,2367.172456419078,1308.5128738898761,3642.4830108149904,2361.5980836226295,216.93507949119203,216.93507949119203,162.64958768950555,162.64958768950555,1221.3091702187075,1221.3091702187075,-1112.6609667064067,1112.6609667064067,168.2239604859542,168.2239604859542,2398.530677872793,2361.5980836226295,2439.333544514309,2353.1934142955834,2389.783839942052
2023-10-26 14:00:00,2091.6861663562518,2183.9345990296856,2038.2240029959617,987.0605034992043,2658.5793843839115,2074.771490421382,-92.24843267343385,92.24843267343385,53.462163360290106,53.462163360290106,1104.6256628570475,1104.6256628570475,-566.8932180276597,566.8932180276597,16.914675934869592,16.914675934869592,1988.513996066029,2074.771490421382,2102.9322238328677,2092.5594855580975,2071.304610114772
2023-10-26 15:00:00,1967.858261269857,2140.3531249428434,2019.6022057815458,1248.4402477785704,2088.568379464279,2018.988352163586,-172.4948636729864,172.4948636729864,-51.743944511688824,51.743944511688824,719.4180134912865,719.4180134912865,-120.7101181944222,120.7101181944222,-51.13009089372895,51.13009089372895,1903.1904620261653,2019.6022057815458,2025.9450705601446,2032.7948942340627,2002.0577522762123
2023-10-26 16:00:00,1307.2632165142932,1359.3477183912462,1353.5344964272065,940.3957659540426,1811.1383300175087,1353.4985093371206,-52.08450187695303,52.08450187695303,-46.271279912913315,46.271279912913315,366.8674505602505,366.8674505602505,-503.8751135032155,503.8751135032155,-46.23529282282743,46.23529282282743,1363.5829640254249,1353.5344964272065,1378.3882879899013,1358.8635293652621,1364.5918398790582
2023-10-26 17:00:00,665.8708541302094,738.5742083437051,732.4952848812508,724.7251610746401,955.4475135756234,614.8720958936765,-72.70335421349569,72.70335421349569,-66.62443075104136,66.62443075104136,-58.85430694443073,58.85430694443073,-289.57665944541395,289.57665944541395,50.99875823653292,50.99875823653292,753.2228527537792,732.4952848812508,716.204575227843,705.8581679317188,700.2378126773597
2023-10-26 18:00:00,262.4380900465351,43.5368533011323,36.06088448959936,422.5232646219807,86.96630688770526,32.89226130293961,218.9012367454028,218.9012367454028,226.37720555693573,226.37720555693573,-160.0851745754456,160.0851745754456,175.47178315882982,175.47178315882982,229.54582874359548,229.54582874359548,124.39591412067143,43.5368533011323,56.04821724951759,64.60119394753623,67.65245844383836
2023-10-26 19:00:00,0.0,39.57685819931826,35.66873587232431,387.32337399218596,50.84501718091147,26.951483670164748,-39.57685819931826,39.57685819931826,-35.66873587232431,35.66873587232431,-387.32337399218596,387.32337399218596,-50.84501718091147,50.84501718091147,-26.951483670164748,26.951483670164748,108.07309378298096,39.57685819931826,49.135713221169425,148.40807652981587,86.26805241592473
2023-10-26 20:00:00,0.0,52.563064667983056,44.86790667150932,422.28011604801316,50.38102272518803,49.966293622670484,-52.563064667983056,52.563064667983056,-44.86790667150932,44.86790667150932,-422.28011604801316,422.28011604801316,-50.38102272518803,50.38102272518803,-49.966293622670484,49.966293622670484,124.01168074707282,50.38102272518803,64.2372301148924,161.95075072203556,102.65198912502704
2023-10-26 21:00:00,0.0,55.74468055828603,43.28677773874636,449.7548295864081,32.59042952579053,43.30931525877068,-55.74468055828603,55.74468055828603,-43.28677773874636,43.28677773874636,-449.7548295864081,449.7548295864081,-32.59042952579053,32.59042952579053,-43.30931525877068,43.30931525877068,124.93720653360035,43.30931525877068,61.65532860738471,160.95541526386984,100.43252751985057
2023-10-26 22:00:00,33.5350026947146,48.33848934383326,37.18701146601499,407.05905850449574,43.375763285113266,43.072709669507844,-14.80348664911866,14.80348664911866,-3.6520087713003875,3.6520087713003875,-373.52405580978115,373.52405580978115,-9.840760590398666,9.840760590398666,-9.537706974793245,9.537706974793245,115.80660645379302,43.375763285113266,56.54238923512232,152.48075185092802,94.48280555047526
2023-10-26 23:00:00,142.1022042741208,57.68612172966426,44.51783889252665,394.23240661637203,52.82462334046733,37.43066592792169,84.41608254445654,84.41608254445654,97.58436538159415,97.58436538159415,-252.13020234225124,252.13020234225124,89.27758093365347,89.27758093365347,104.6715383461991,104.6715383461991,117.3383313013904,52.82462334046733,59.48351934345933,155.24695832323874,95.37294274587184
2023-10-27 00:00:00,108.69595052321475,59.05138047600121,46.24034847617808,373.64806528687313,65.73233059331874,36.09776763241718,49.644570047213534,49.644570047213534,62.45560204703667,62.45560204703667,-264.9521147636584,264.9521147636584,42.96361992989601,42.96361992989601,72.59818289079757,72.59818289079757,116.15397849295766,59.05138047600121,60.91278457800119,156.1027659661898,95.55501438833227
2023-10-27 01:00:00,0.0,53.4347644059934,37.814691115825994,354.6871776552983,42.567057734323484,33.384957139837844,-53.4347644059934,53.4347644059934,-37.814691115825994,37.814691115825994,-354.6871776552983,354.6871776552983,-42.567057734323484,42.567057734323484,-33.384957139837844,33.384957139837844,104.3777296102558,42.567057734323484,53.74677183038513,136.20309371061592,84.53749701231904
2023-10-27 02:00:00,0.0,41.5655800217077,40.186371473768546,369.14667287974873,54.41462528821751,26.425398099062527,-41.5655800217077,41.5655800217077,-40.186371473768546,40.186371473768546,-369.14667287974873,369.14667287974873,-54.41462528821751,54.41462528821751,-26.425398099062527,26.425398099062527,106.34772955250101,41.5655800217077,51.157409843568544,144.97952598572394,85.39570627910045
2023-10-27 03:00:00,124.62685089482008,68.86563464221746,37.162133202024535,416.3260065788887,46.25000005325524,44.156480630847376,55.76121625260262,55.76121625260262,87.46471769279555,87.46471769279555,-291.6991556840686,291.6991556840686,78.37685084156485,78.37685084156485,80.47037026397271,80.47037026397271,122.55205102144666,46.25000005325524,64.01110396476277,157.2728020109453,99.72687812317122
2023-10-27 04:00:00,210.13813736010425,37.41460274491449,39.182204470758954,431.9782812384673,56.147183483105465,40.155435992146934,172.72353461518975,172.72353461518975,170.9559328893453,170.9559328893453,-221.84014387836302,221.84014387836302,153.9909538769988,153.9909538769988,169.9827013679573,169.9827013679573,120.97554158587863,40.155435992146934,56.81760745793264,164.09898856242643,98.50117432171282
2023-10-27 05:00:00,0.0,46.40957746368409,39.574353088034,393.3257578671526,62.73603515415807,42.828805514708804,-46.40957746368409,46.40957746368409,-39.574353088034,39.574353088034,-393.3257578671526,393.3257578671526,-62.73603515415807,62.73603515415807,-42.828805514708804,42.828805514708804,116.97490581754752,46.40957746368409,60.31064209651291,157.01501466091423,97.15843929367941
2023-10-27 06:00:00,120.66234083649493,49.85871583580908,39.69582044686549,425.94283963560156,64.18169338480875,32.32373298436142,70.80362500068586,70.80362500068586,80.96652038962944,80.96652038962944,-305.2804987991066,305.2804987991066,56.48064745168618,56.48064745168618,88.33860785213352,88.33860785213352,122.40056045748926,49.85871583580908,59.50047740938172,66.36077436687884,68.70323422124831
2023-10-27 07:00:00,455.6374144948968,663.5026937199337,553.5496253937727,525.5914098643996,481.3264239807526,523.0687887013304,-207.86527922503694,207.86527922503694,-97.91221089887586,97.91221089887586,-69.95399536950276,69.95399536950276,-25.68900948585582,25.68900948585582,-67.43137420643359,67.43137420643359,549.4077883320377,525.5914098643996,564.2987788985633,587.1440505979839,559.9281642556377
2023-10-27 08:00:00,1232.8848625931416,1089.9035963852732,1174.929895380502,896.7523125465156,812.1817761850432,1239.216683759137,142.98126620786843,142.98126620786843,57.95496721263953,57.95496721263953,336.1325500466261,336.1325500466261,420.70308640809844,420.70308640809844,-6.331821165995279,6.331821165995279,1042.5968528512942,1089.9035963852732,1124.8876114007319,1120.5054995372386,1129.9806406034772
2023-10-27 09:00:00,1799.6874831659222,1757.8708029837944,1840.8853866022457,1100.5709550452991,1322.941919356373,1823.8779964610821,41.81668018212781,41.81668018212781,-41.197903436323486,41.197903436323486,699.1165281206231,699.1165281206231,476.74556380954914,476.74556380954914,-24.190513295159917,24.190513295159917,1569.229412089759,1757.8708029837944,1730.3637908944934,1721.08054375877,1714.0547821061473
2023-10-27 10:00:00,2351.805300739813,2431.22252245031,2374.2369346865507,1278.4532463057596,1519.8396668423136,2353.4402026908665,-79.41722171049696,79.41722171049696,-22.431633946737747,22.431633946737747,1073.3520544340533,1073.3520544340533,831.9656338974994,831.9656338974994,-1.6349019510535072,1.6349019510535072,1991.43851459516,2353.4402026908665,2249.929474282232,2275.952624165932,2226.7403729916546
2023-10-27 11:00:00,2327.2293052659447,2390.3709637809498,2412.7793547103793,1237.5930568839253,2233.4589113146694,2416.1436547940384,-63.14165851500502,63.14165851500502,-85.55004944443453,85.55004944443453,1089.6362483820194,1089.6362483820194,93.77039395127531,93.77039395127531,-88.91434952809368,88.91434952809368,2138.0691882967926,2390.3709637809498,2338.9771855334343,2322.4122384396296,2309.259395810085
2023-10-27 12:00:00,2534.377153469616,2820.5562325815454,2869.0864041294303,1313.8367593722032,1643.9162011520273,2691.507674077148,-286.17907911192924,286.17907911192924,-334.7092506598142,334.7092506598142,1220.540394097413,1220.540394097413,890.4609523175889,890.4609523175889,-157.1305206075317,157.1305206075317,2267.7806542624708,2691.507674077148,2609.8846871175692,2616.008991534504,2559.625769263546
2023-10-27 13:00:00,2775.3765351757884,2719.1361863160246,2719.140978437402,1493.2960725949642,2493.6223345011053,2718.5782073271607,56.2403488597638,56.2403488597638,56.23555673838655,56.23555673838655,1282.0804625808241,1282.0804625808241,281.75420067468303,281.75420067468303,56.79832784862765,56.79832784862765,2428.7547558353313,2718.5782073271607,2641.652162614303,2631.8543634751572,2611.518550459337
2023-10-27 14:00:00,2123.6676179011392,2087.7497977892485,2075.0542309889147,1342.8308974071024,3156.739333358397,2137.5955185921107,35.917820111890705,35.917820111890705,48.61338691222454,48.61338691222454,780.8367204940369,780.8367204940369,-1033.0717154572576,1033.0717154572576,-13.927900690971455,13.927900690971455,2159.9939556271547,2087.7497977892485,2173.643980788607,2124.376761381479,2148.924117494879
2023-10-27 15:00:00,1895.8891106869662,2052.5435378251477,2017.176119516318,1106.635030368153,2014.9485947546625,1944.4159857933732,-156.65442713818152,156.65442713818152,-121.28700882935186,121.28700882935186,789.2540803188133,789.2540803188133,-119.0594840676963,119.0594840676963,-48.52687510640703,48.52687510640703,1827.1438536515311,2014.9485947546625,1960.4859557302461,1952.4853669635304,1928.2033646971138
2023-10-27 16:00:00,996.9584705932659,1170.3527951374977,1099.2795010706006,839.9996529880763,1766.2224687196313,1184.1486968890142,-173.39432454423172,173.39432454423172,-102.32103047733472,102.32103047733472,156.95881760518967,156.95881760518967,-769.2639981263653,769.2639981263653,-187.1902262957483,187.1902262957483,1212.000622960964,1170.3527951374977,1195.115641011923,1186.9859140099925,1193.8603304765702
2023-10-27 17:00:00,834.1983662026431,749.4404903829501,633.7083881912354,656.2982402358908,837.2498573389535,646.320327181901,84.75787581969303,84.75787581969303,200.48997801140774,200.48997801140774,177.90012596675228,177.90012596675228,-3.0514911363103465,3.0514911363103465,187.8780390207421,187.8780390207421,704.6034606661862,656.2982402358908,686.2181763697083,705.0533325076062,687.5662102328117
2023-10-27 18:00:00,109.64137136632041,45.531192722647035,36.14461341145274,424.93103649534845,89.92119607975737,13.507439297310313,64.11017864367338,64.11017864367338,73.49675795486768,73.49675795486768,-315.28966512902804,315.28966512902804,19.720175286563048,19.720175286563048,96.1339320690101,96.1339320690101,122.00709560130318,45.531192722647035,55.71522223657536,58.866837558642864,61.47752491828817
2023-10-27 19:00:00,36.1888147432794,45.62317530655989,38.109516514678106,338.3168756142761,46.44487048664587,37.34181322742338,-9.434360563280485,9.434360563280485,-1.9207017713987042,1.9207017713987042,-302.1280608709967,302.1280608709967,-10.256055743366467,10.256055743366467,-1.1529984841439784,1.1529984841439784,101.16725022991668,45.62317530655989,54.21585226021647,133.75996347090916,84.09455741080569
2023-10-27 20:00:00,11.993610217871076,34.90870750871895,36.06088448959936,382.42474268560875,53.156049968879415,33.65357084728479,-22.91509729084787,22.91509729084787,-24.067274271728284,24.067274271728284,-370.43113246773765,370.43113246773765,-41.162439751008336,41.162439751008336,-21.659960629413714,21.659960629413714,108.04079110001825,36.06088448959936,52.21457815049041,146.8081081401142,88.045678276642
2023-10-27 21:00:00,0.0,50.05401277876528,42.824743854900916,407.47737210119124,34.97135372408271,35.00116618917617,-50.05401277876528,50.05401277876528,-42.824743854900916,42.824743854900916,-407.47737210119124,407.47737210119124,-34.97135372408271,34.97135372408271,-35.00116618917617,35.00116618917617,114.06572972962326,42.824743854900916,57.673624091894226,149.07917627646074,91.83921929426637
2023-10-27 22:00:00,0.0,62.917975060637374,37.308478824846475,432.2759865748754,43.18366646529295,35.08007888494039,-62.917975060637374,62.917975060637374,-37.308478824846475,37.308478824846475,-432.2759865748754,432.2759865748754,-43.18366646529295,43.18366646529295,-35.08007888494039,35.08007888494039,122.15323716211851,43.18366646529295,61.390214159350776,159.91136249816768,97.83713620666732
2023-10-27 23:00:00,30.55419412611747,78.52581093914404,44.7398077157572,379.78187529332854,46.75090922808079,36.694089793068564,-47.97161681302657,47.97161681302657,-14.185613589639733,14.185613589639733,-349.2276811672111,349.2276811672111,-16.196715101963324,16.196715101963324,-6.1398956669510945,6.1398956669510945,117.29849859387582,46.75090922808079,66.0961055241412,146.6601990476551,94.62540904892778
2023-10-28 00:00:00,75.62008106610872,53.045610326408834,39.130474418900015,446.48977854930365,56.34144686619772,41.97615343180174,22.57447073969989,22.57447073969989,36.48960664720871,36.48960664720871,-370.86969748319495,370.86969748319495,19.278634199911004,19.278634199911004,33.64392763430698,33.64392763430698,127.39669271852242,53.045610326408834,62.77999866544123,172.39719540919282,104.42772745245504
2023-10-28 01:00:00,201.93716110532444,60.11547874668239,47.412264722915545,398.8628408107969,41.31097004833757,53.5014766413717,141.82168235864205,141.82168235864205,154.52489638240888,154.52489638240888,-196.92567970547248,196.92567970547248,160.62619105698687,160.62619105698687,148.43568446395273,148.43568446395273,120.24060619402083,53.5014766413717,66.91582241940208,152.2336832549856,100.4932682693948
2023-10-28 02:00:00,0.0,40.56264197190846,39.4578797256315,439.4751479286826,59.60167388114755,38.62495648703264,-40.56264197190846,40.56264197190846,-39.4578797256315,39.4578797256315,-439.4751479286826,439.4751479286826,-59.60167388114755,59.60167388114755,-38.62495648703264,38.62495648703264,123.54445999888055,40.56264197190846,59.39941004749565,167.85200652263632,100.60930826822224
2023-10-28 03:00:00,27.01816182104555,43.89737685299616,46.09376213692011,447.80298301884426,45.27157757634637,31.063314716273364,-16.87921503195061,16.87921503195061,-19.075600315874564,19.075600315874564,-420.7848211977987,420.7848211977987,-18.253415755300818,18.253415755300818,-4.045152895227815,4.045152895227815,122.82580286027603,45.27157757634637,58.52509214974343,166.03099920909574,98.14465092296163
2023-10-28 04:00:00,111.44042164012784,45.87456888102108,39.01445522703108,389.4371993454602,45.426946482959764,31.665327470979083,65.56585275910676,65.56585275910676,72.42596641309676,72.42596641309676,-277.99677770533236,277.99677770533236,66.01347515716807,66.01347515716807,79.77509416914876,79.77509416914876,110.28369948149025,45.426946482959764,53.95739229320524,148.6300223417099,89.16602978096842
2023-10-28 05:00:00,114.4532878860818,44.04823446902321,41.258273167311785,411.6853036691058,57.28062440846966,41.72102897112408,70.40505341705858,70.40505341705858,73.19501471877001,73.19501471877001,-297.232015783024,297.232015783024,57.17266347761213,57.17266347761213,72.73225891495773,72.73225891495773,119.1986929370069,44.04823446902321,58.68720969700282,159.63231120482655,97.67980065217502
2023-10-28 06:00:00,0.0,56.927447734405696,47.821477408941035,380.21697583783185,61.686113412255715,35.199656061870705,-56.927447734405696,56.927447734405696,-47.821477408941035,47.821477408941035,-380.21697583783185,380.21697583783185,-61.686113412255715,61.686113412255715,-35.199656061870705,35.199656061870705,116.370334091061,56.927447734405696,60.99557994741411,68.24197613964179,69.08526485670312
2023-10-28 07:00:00,605.8134987851241,723.8175616744935,525.5112665193965,604.5558569367341,463.0776120187445,547.6504147288219,-118.00406288936938,118.00406288936938,80.30223226572764,80.30223226572764,1.2576418483899943,1.2576418483899943,142.73588676637962,142.73588676637962,58.16308405630218,58.16308405630218,572.922542375638,547.6504147288219,580.1582533293569,625.6989118011354,585.8717409600397
2023-10-28 08:00:00,1206.5968681754719,1166.5100525760877,1201.6010077857188,823.5312268203463,801.1699666221191,1268.1675473703338,40.08681559938418,40.08681559938418,4.995860389753034,4.995860389753034,383.06564135512554,383.06564135512554,405.42690155335276,405.42690155335276,-61.570679194861896,61.570679194861896,1052.1959602349211,1166.5100525760877,1165.3763413238864,1162.7130733120114,1162.4995259118202
2023-10-28 09:00:00,1732.2611070152263,1687.912342865808,1806.697550234772,1138.4500994731613,1184.3184588279128,1757.5233394513582,44.34876414941846,44.34876414941846,-74.43644321954571,74.43644321954571,593.811007542065,593.811007542065,547.9426481873136,547.9426481873136,-25.262232436131853,25.262232436131853,1514.9803581706024,1687.912342865808,1678.7003541090357,1656.9160464329113,1655.1856596869761
2023-10-28 10:00:00,2380.355516451643,2386.8634916780716,2287.4386879824137,1261.6162821948046,1388.5957717668741,2296.9629056912554,-6.507975226428698,6.507975226428698,92.91682846922913,92.91682846922913,1118.7392342568382,1118.7392342568382,991.7597446847687,991.7597446847687,83.39261076038747,83.39261076038747,1924.295427862684,2287.4386879824137,2199.2003015496125,2221.1228967374104,2170.3486261968947
2023-10-28 11:00:00,2240.863554670856,2291.4013859680636,2152.960180009234,1225.200999431246,2553.6525971124347,2223.622308523977,-50.537831297207504,50.537831297207504,87.90337466162191,87.90337466162191,1015.6625552396101,1015.6625552396101,-312.78904244157866,312.78904244157866,17.241246146878893,17.241246146878893,2089.3674942089906,2223.622308523977,2210.911578292596,2210.4574952071157,2189.0086825965072
2023-10-28 12:00:00,2562.66839294472,2527.9430468454307,2528.319192865788,1244.0524800712374,2109.038112368875,2548.328478417182,34.725346099289254,34.725346099289254,34.34920007893197,34.34920007893197,1318.6159128734826,1318.6159128734826,453.63028057584506,453.63028057584506,14.339914527537985,14.339914527537985,2191.536262113703,2527.9430468454307,2448.72533167861,2433.1366408974377,2412.531539878991
2023-10-28 13:00:00,2524.889574610546,2752.4146350500064,2798.852775056921,1355.6476509301817,2150.03158447139,2694.192117309401,-227.5250604394605,227.5250604394605,-273.96320044637514,273.96320044637514,1169.2419236803642,1169.2419236803642,374.85799013915585,374.85799013915585,-169.30254269885518,169.30254269885518,2350.2277525635805,2694.192117309401,2651.765741111158,2614.291814981897,2588.7012408025125
2023-10-28 14:00:00,2364.2467678150847,2232.0658531924933,2368.3190922445065,1287.7407200694115,2708.3952582690895,2306.157293275334,132.18091462259144,132.18091462259144,-4.072324429421769,4.072324429421769,1076.5060477456732,1076.5060477456732,-344.1484904540048,344.1484904540048,58.08947453975088,58.08947453975088,2180.535643410167,2306.157293275334,2294.6516697365964,2238.8342222826477,2257.3843549428734
2023-10-28 15:00:00,1855.6201579260369,2083.8339054496078,1973.3634709292571,1252.9327864146467,2308.945026699443,2021.4695653764002,-228.21374752357087,228.21374752357087,-117.74331300322024,117.74331300322024,602.6873715113902,602.6873715113902,-453.32486877340625,453.32486877340625,-165.8494074503633,165.8494074503633,1928.108950973871,2021.4695653764002,2022.544784790975,2018.4071170849243,2002.2012738328242
2023-10-28 16:00:00,1193.7508838105696,984.2679937316003,1098.6961594373486,815.6046704094665,1945.302808235959,1128.2975345698517,209.48289007896926,209.48289007896926,95.054724373221,95.054724373221,378.14621340110307,378.14621340110307,-751.5519244253894,751.5519244253894,65.4533492407179,65.4533492407179,1194.4338332768452,1098.6961594373486,1142.5124968281127,1090.5266078466493,1134.4580049717679
2023-10-28 17:00:00,796.6804135219932,691.5493011562332,836.3195604873056,626.3616396513659,851.1299227611738,623.8567927640961,105.13111236575992,105.13111236575992,-39.63914696531242,39.63914696531242,170.3187738706273,170.3187738706273,-54.44950923918066,54.44950923918066,172.82362075789706,172.82362075789706,725.8434433640349,691.5493011562332,723.0135849883159,681.5297913009326,691.3030601124008
2023-10-28 18:00:00,0.0,48.23197923411417,37.74480456887714,434.6362285426485,94.00876381299334,34.035162295617816,-48.23197923411417,48.23197923411417,-37.74480456887714,37.74480456887714,-434.6362285426485,434.6362285426485,-94.00876381299334,94.00876381299334,-34.035162295617816,34.035162295617816,129.73138769085023,48.23197923411417,59.264172760385975,68.42275668958608,71.05938883228522
2023-10-28 19:00:00,0.0,62.35831589660106,43.2328616202212,344.85265371149103,42.43820434296475,39.74069070404426,-62.35831589660106,62.35831589660106,-43.2328616202212,43.2328616202212,-344.85265371149103,344.85265371149103,-42.43820434296475,42.43820434296475,-39.74069070404426,39.74069070404426,106.52454525506445,43.2328616202212,57.97922565216726,133.40093633669957,86.66709578848179
2023-10-28 20:00:00,0.0,67.93887223000287,31.34619722918327,401.62928858440426,51.213044125894235,38.59589943600887,-67.93887223000287,67.93887223000287,-31.34619722918327,31.34619722918327,-401.62928858440426,401.62928858440426,-51.213044125894235,51.213044125894235,-38.59589943600887,38.59589943600887,118.1446603210987,51.213044125894235,58.47423065776876,156.33791746344724,95.79175638778631
2023-10-28 21:00:00,215.75152174363018,39.24511423714181,33.3857620018154,467.937338503701,34.3799783716146,41.322799419030865,176.50640750648836,176.50640750648836,182.36575974181477,182.36575974181477,-252.18581676007085,252.18581676007085,181.3715433720156,181.3715433720156,174.4287223245993,174.4287223245993,123.25419850666074,39.24511423714181,54.026984545159785,165.9067271708987,98.89551309995586
2023-10-28 22:00:00,0.0,40.30747958517781,44.67851793604734,382.6457006574623,49.73361281310676,42.621794583843126,-40.30747958517781,40.30747958517781,-44.67851793604734,44.67851793604734,-382.6457006574623,382.6457006574623,-49.73361281310676,49.73361281310676,-42.621794583843126,42.621794583843126,111.99742111512747,44.67851793604734,57.42018498930879,148.0907107032956,92.57711184757542
2023-10-28 23:00:00,70.96152187286229,67.68936394167757,38.097415709287134,399.6285569767466,50.25936866093453,32.74757846280746,3.272157931184722,3.272157931184722,32.86410616357516,32.86410616357516,-328.6670351038843,328.6670351038843,20.702153211927765,20.702153211927765,38.21394341005483,38.21394341005483,117.68445675029068,50.25936866093453,59.992559299256826,155.07012515567814,94.60521237910012
2023-10-29 00:00:00,0.0,79.13900619451383,41.21414558606248,470.6305242471163,59.527571361984045,45.63265544080022,-79.13900619451383,79.13900619451383,-41.21414558606248,41.21414558606248,-470.6305242471163,470.6305242471163,-59.527571361984045,59.527571361984045,-45.63265544080022,45.63265544080022,139.2287805660954,59.527571361984045,71.98153434022838,182.85845722752373,113.42428467170477
2023-10-29 01:00:00,24.480724812697193,51.153269569405275,46.800246337181,417.4562996475499,35.05650494101055,40.990670820854994,-26.67254475670808,26.67254475670808,-22.319521524483807,22.319521524483807,-392.9755748348527,392.9755748348527,-10.575780128313358,10.575780128313358,-16.5099460081578,16.5099460081578,118.29139826320034,46.800246337181,60.596943442063456,153.2995657718235,96.02536658097713
2023-10-29 02:00:00,92.21808849615792,56.61578523545295,50.821151778231894,374.4384870401726,53.422085864460676,38.06638449733035,35.60230326070497,35.60230326070497,41.396936717926025,41.396936717926025,-282.2203985440147,282.2203985440147,38.79600263169724,38.79600263169724,54.15170399882757,54.15170399882757,114.6727788831297,53.422085864460676,61.002848772671385,149.72700621717425,93.7667891730457
2023-10-29 03:00:00,0.0,34.30520221234127,39.4578797256315,424.03678989139894,50.45912234459177,32.16880494218601,-34.30520221234127,34.30520221234127,-39.4578797256315,39.4578797256315,-424.03678989139894,424.03678989139894,-50.45912234459177,50.45912234459177,-32.16880494218601,32.16880494218601,116.08555982322989,39.4578797256315,51.94699457218471,159.23204982294584,93.00458627162234
2023-10-29 04:00:00,0.0,50.19085514126206,37.36180574742565,395.06893357483955,47.45549799834724,33.991999719103724,-50.19085514126206,50.19085514126206,-37.36180574742565,37.36180574742565,-395.06893357483955,395.06893357483955,-47.45549799834724,47.45549799834724,-33.991999719103724,33.991999719103724,112.81381843619565,47.45549799834724,54.66752048809591,151.73952867129492,91.28327837887711
2023-10-29 05:00:00,90.80127949270519,49.08923612424006,47.01957767316997,464.77117851307804,49.83100059565605,40.03206370922965,41.71204336846513,41.71204336846513,43.78170181953522,43.78170181953522,-373.96989902037285,373.96989902037285,40.97027889704914,40.97027889704914,50.769215783475545,50.769215783475545,130.14861132307476,49.08923612424006,61.74229927694231,174.09052462945786,104.78598217838095
2023-10-29 06:00:00,9.745108408134207,27.68812580148403,37.21406178535079,407.8074136376094,64.6176128280668,28.93009768764453,-17.943017393349823,17.943017393349823,-27.468953377216586,27.468953377216586,-398.06230522947516,398.06230522947516,-54.87250441993259,54.87250441993259,-19.184989279510322,19.184989279510322,113.2514623480311,37.21406178535079,48.6298262160703,53.7297183312963,59.144175371345106
2023-10-29 07:00:00,661.0509265080062,689.5981013932504,587.509333528597,636.4276338270693,407.0459396300574,556.5246438047235,-28.547174885244203,28.547174885244203,73.54159297940919,73.54159297940919,24.62329268093697,24.62329268093697,254.00498687794885,254.00498687794885,104.52628270328273,104.52628270328273,575.4211304367395,587.509333528597,590.0058767119424,615.422972829739,588.017809710797
2023-10-29 08:00:00,1320.4920608719267,1165.1703525405378,1201.6010077857188,818.2084390747484,852.0346737135974,1261.259701118404,155.3217083313889,155.3217083313889,118.89105308620788,118.89105308620788,502.2836217971783,502.2836217971783,468.4573871583293,468.4573871583293,59.23235975352259,59.23235975352259,1059.6548348466013,1165.1703525405378,1166.7174956138617,1162.3425018057167,1162.9009064188745
2023-10-29 09:00:00,1646.5228090661183,1713.0947142716823,1718.1681408385898,986.328170432736,1378.6826585481513,1795.8150056050408,-66.57190520556401,66.57190520556401,-71.64533177247154,71.64533177247154,660.1946386333823,660.1946386333823,267.840150517967,267.840150517967,-149.29219653892255,149.29219653892255,1518.41773793924,1713.0947142716823,1684.3012073130267,1679.507708771957,1671.9892235343514
2023-10-29 10:00:00,2242.085049288371,2312.573065987084,2246.955975586454,1232.3033776721736,1232.5784395695496,2192.95454952066,-70.48801669871318,70.48801669871318,-4.87092629808285,4.87092629808285,1009.7816716161974,1009.7816716161974,1009.5066097188214,1009.5066097188214,49.13049976771117,49.13049976771117,1843.4730816671843,2192.95454952066,2114.9343208184414,2135.9575157511867,2082.553077208457
2023-10-29 11:00:00,2593.5490812759926,2365.880010203725,2443.5112794441347,1512.9051352227889,2450.1742800385077,2484.965321475431,227.6690710722678,227.6690710722678,150.0378018318579,150.0378018318579,1080.6439460532038,1080.6439460532038,143.37480123748492,143.37480123748492,108.58375980056144,108.58375980056144,2251.4872052769174,2443.5112794441347,2401.2598162183203,2367.2877621071943,2377.854778848124
2023-10-29 12:00:00,2451.706127815439,2428.2770862272364,2530.7230342030157,1275.8803220178618,2634.0358806082227,2486.4617129761637,23.42904158820238,23.42904158820238,-79.01690638757691,79.01690638757691,1175.825805797577,1175.825805797577,-182.3297527927839,182.3297527927839,-34.75558516072488,34.75558516072488,2271.0756072065,2486.4617129761637,2452.374256318096,2398.572030545694,2406.7913500956697
2023-10-29 13:00:00,2312.2778318829205,2331.4527428616607,2295.907949575237,1164.9221461728694,2365.4338573890614,2355.3419195221645,-19.174910978740172,19.174910978740172,16.369882307683383,16.369882307683383,1147.3556857100511,1147.3556857100511,-53.15602550614085,53.15602550614085,-43.06408763924401,43.06408763924401,2102.6117231041985,2331.4527428616607,2282.9691689198385,2269.967189932573,2257.471636180996
2023-10-29 14:00:00,2442.254856567742,2395.075396160162,2385.542414114553,1331.376404604469,2123.643266874951,2309.1198075518264,47.17946040757988,47.17946040757988,56.71244245318894,56.71244245318894,1110.8784519632732,1110.8784519632732,318.61158969279086,318.61158969279086,133.13504901591568,133.13504901591568,2108.9514578611925,2309.1198075518264,2300.9710506219308,2283.4515380879707,2258.9410296955743
2023-10-29 15:00:00,1667.3888626742282,1910.2913310569772,1841.7292125930448,1139.4569627644653,2432.6171553167,1858.557018988,-242.90246838274902,242.90246838274902,-174.34034991881663,174.34034991881663,527.9318999097629,527.9318999097629,-765.2282926424718,765.2282926424718,-191.16815631377176,191.16815631377176,1836.5303361438375,1858.557018988,1897.4703578623248,1872.642738962342,1870.0514000737674
2023-10-29 16:00:00,1386.8348632673406,1197.0762566200358,1235.806989046287,888.8028515105,1636.6505630585114,1282.250000952377,189.75860664730476,189.75860664730476,151.02787422105348,151.02787422105348,498.0320117568406,498.0320117568406,-249.8156997911708,249.8156997911708,104.58486231496363,104.58486231496363,1248.1173322375423,1235.806989046287,1264.4750069565016,1237.94070260499,1256.7981795064313
2023-10-29 17:00:00,861.8873588876406,698.5007068866743,842.7408679851958,676.7624077099358,940.3516355828929,644.1510933147198,163.38665200096636,163.38665200096636,19.14649090244484,19.14649090244484,185.12495117770482,185.12495117770482,-78.46427669525224,78.46427669525224,217.73626557292084,217.73626557292084,760.5013422958837,698.5007068866743,754.1200404446159,700.7960134378508,717.4053032868607
2023-10-29 18:00:00,64.06262494886617,40.07042676762728,35.500986628596436,422.0279297846276,100.64129634683621,39.4577868203864,23.99219818123889,23.99219818123889,28.561638320269736,28.561638320269736,-357.9653048357614,357.9653048357614,-36.57867139797004,36.57867139797004,24.60483812847977,24.60483812847977,127.53968526961481,40.07042676762728,59.81981568348853,66.12741233405127,71.18366282326218
2023-10-29 19:00:00,0.0,39.64768548239046,33.93148029889748,446.88600213145486,45.21315594017541,33.24002222090376,-39.64768548239046,39.64768548239046,-33.93148029889748,33.93148029889748,-446.88600213145486,446.88600213145486,-45.21315594017541,45.21315594017541,-33.24002222090376,33.24002222090376,119.78366921476439,39.64768548239046,52.394612096384854,164.04536866022377,95.53673251411622
2023-10-29 20:00:00,231.82056903723654,48.75395540482418,37.23280073633683,365.95739794818803,51.88556761096499,53.85513262924324,183.06661363241236,183.06661363241236,194.5877683008997,194.5877683008997,-134.1368289109515,134.1368289109515,179.93500142627155,179.93500142627155,177.9654364079933,177.9654364079933,111.53697086591144,51.88556761096499,58.85594454078106,146.1071167121319,94.56733907490482
2023-10-29 21:00:00,23.081450241049374,49.96414796396197,35.66873587232431,423.0143460461024,35.33103957205139,26.554558774140077,-26.882697722912596,26.882697722912596,-12.587285631274938,12.587285631274938,-399.932895805053,399.932895805053,-12.249589331002014,12.249589331002014,-3.473108533090702,3.473108533090702,114.10656564571602,35.66873587232431,53.088316789777124,151.73734040434854,89.57992204220892
2023-10-29 22:00:00,139.8591599679747,49.7577471739631,43.169004147083065,392.23089501755464,44.59384372410613,33.42981632617764,90.10141279401161,90.10141279401161,96.69015582089165,96.69015582089165,-252.37173504957994,252.37173504957994,95.26531624386857,95.26531624386857,106.42934364179706,106.42934364179706,112.63626127777691,44.59384372410613,55.640139084216045,148.88495911214068,90.57074497969792
2023-10-29 23:00:00,0.0,42.43247356128054,44.59001515527346,385.0135907844031,53.51150716943193,36.35216449013116,-42.43247356128054,42.43247356128054,-44.59001515527346,44.59001515527346,-385.0135907844031,385.0135907844031,-53.51150716943193,53.51150716943193,-36.35216449013116,36.35216449013116,112.37995023210404,44.59001515527346,56.20049903101083,150.28568464967574,91.69227804865301
2023-10-30 00:00:00,106.78024979057037,50.967837422956066,39.69582044686549,420.75464888727817,59.6367447893763,41.578006264341866,55.8124123676143,55.8124123676143,67.08442934370487,67.08442934370487,-313.97439909670777,313.97439909670777,47.143505001194065,47.143505001194065,65.2022435262285,65.2022435262285,122.52661156216357,50.967837422956066,60.4287895976367,165.37144380882077,100.56099358723833
2023-10-30 01:00:00,0.0,60.02961604553896,39.182204470758954,399.1740884424556,42.10332743277508,36.20073039085261,-60.02961604553896,60.02961604553896,-39.182204470758954,39.182204470758954,-399.1740884424556,399.1740884424556,-42.10332743277508,42.10332743277508,-36.20073039085261,36.20073039085261,115.33799335647625,42.10332743277508,58.68631969527141,149.22455573567925,92.68100737875098
2023-10-30 02:00:00,32.33842382545518,34.12199934649345,37.94170889008159,362.9961000881271,50.57290798810425,35.678822045975664,-1.7835755210382729,1.7835755210382729,-5.603285064626412,5.603285064626412,-330.6576762626719,330.6576762626719,-18.234484162649068,18.234484162649068,-3.340398220520484,3.340398220520484,104.26230767175642,37.94170889008159,50.96449755461958,140.5105058887043,85.43072697654358
2023-10-30 03:00:00,0.0,50.83331423285281,38.658916056893524,437.54723315403214,49.90421046990777,30.022902319639062,-50.83331423285281,50.83331423285281,-38.658916056893524,38.658916056893524,-437.54723315403214,437.54723315403214,-49.90421046990777,49.90421046990777,-30.022902319639062,30.022902319639062,121.39331524666507,49.90421046990777,56.57626296487058,166.19711727514508,97.11525758526552
2023-10-30 04:00:00,190.11559761970446,36.52486798705409,39.4578797256315,397.9052855815498,51.323567462532324,39.92875546889183,153.59072963265038,153.59072963265038,150.65771789407296,150.65771789407296,-207.78968796184532,207.78968796184532,138.79203015717212,138.79203015717212,150.18684215081262,150.18684215081262,113.0280712451319,39.92875546889183,54.393819011839604,151.8796393001454,92.47340283640025
2023-10-30 05:00:00,0.0,40.06522105928571,41.258273167311785,427.0148541091916,58.02072700263274,41.2173656449016,-40.06522105928571,40.06522105928571,-41.258273167311785,41.258273167311785,-427.0148541091916,427.0148541091916,-58.02072700263274,58.02072700263274,-41.2173656449016,41.2173656449016,121.51528819666468,41.258273167311785,59.291009043072755,163.6902289840041,99.44090217643631
2023-10-30 06:00:00,0.0,41.77831511701379,39.01445522703108,377.4259965161025,62.22091809149186,36.28820813140854,-41.77831511701379,41.77831511701379,-39.01445522703108,39.01445522703108,-377.4259965161025,377.4259965161025,-62.22091809149186,62.22091809149186,-36.28820813140854,36.28820813140854,111.34557861660956,41.77831511701379,55.966592453437755,61.001462071210945,64.61717370699823
2023-10-30 07:00:00,678.8100363454877,751.1306566900325,620.6711756671303,637.3969360872652,395.1858348813203,586.2671969047037,-72.32062034454486,72.32062034454486,58.13886067835733,58.13886067835733,41.41310025822247,41.41310025822247,283.62420146416736,283.62420146416736,92.54283944078395,92.54283944078395,598.1303600460903,620.6711756671303,619.9946653873708,655.7715297612513,619.6093699347455
2023-10-30 08:00:00,1314.197881551389,1262.240130475248,1288.766725501864,876.3418300658768,802.4220770629483,1325.9034252123736,51.957751076140994,51.957751076140994,25.431156049525043,25.431156049525043,437.8560514855121,437.8560514855121,511.7758044884406,511.7758044884406,-11.705543660984631,11.705543660984631,1111.134837663662,1262.240130475248,1219.1937558163686,1236.0075310529098,1223.9680386359905
2023-10-30 09:00:00,1829.895958263083,1797.0115976696436,1714.1058521014168,1133.2767202253867,1487.7448021836597,1797.6428429574844,32.884360593439396,32.884360593439396,115.79010616166624,115.79010616166624,696.6192380376963,696.6192380376963,342.15115607942334,342.15115607942334,32.25311530559861,32.25311530559861,1585.9563630275184,1714.1058521014168,1709.5097318490193,1733.8844008633582,1709.7380810107136
2023-10-30 10:00:00,2086.27272862982,2349.3174597324814,2252.8262254171445,1310.8248345821842,1712.404783873515,2212.959610911266,-263.04473110266144,263.04473110266144,-166.55349678732455,166.55349678732455,775.4478940476358,775.4478940476358,373.86794475630495,373.86794475630495,-126.68688228144583,126.68688228144583,1967.666582903318,2212.959610911266,2170.75334730631,2193.9148420373676,2145.52569556602
2023-10-30 11:00:00,2512.4366352273473,2522.888321979961,2612.125885492922,1340.9498483589803,1761.4237968116952,2573.965191572556,-10.451686752613568,10.451686752613568,-99.68925026557463,99.68925026557463,1171.486786868367,1171.486786868367,751.0128384156521,751.0128384156521,-61.52855634520847,61.52855634520847,2162.270608843223,2522.888321979961,2414.825155025377,2430.026068916718,2400.7025272657843
2023-10-30 12:00:00,2551.209367589687,2429.7036528729004,2427.596472673403,1304.444230073391,2688.246139128283,2413.9558241373056,121.50571471678677,121.50571471678677,123.6128949162844,123.6128949162844,1246.7651375162961,1246.7651375162961,-137.03677153859599,137.03677153859599,137.25354345238156,137.25354345238156,2252.7892637770565,2427.596472673403,2405.2086545597194,2371.904987523469,2366.483110207829
2023-10-30 13:00:00,2179.3272166943766,2349.8652985293816,2301.0226383171084,1343.1760248434266,2859.02354612237,2309.2980634603464,-170.53808183500496,170.53808183500496,-121.69542162273183,121.69542162273183,836.15119185095,836.15119185095,-679.6963294279935,679.6963294279935,-129.97084676596978,129.97084676596978,2232.4771142545264,2309.2980634603464,2338.0607374057845,2302.4786727262144,2300.516858582574
2023-10-30 14:00:00,1931.6564904600812,2312.9353280688983,2181.0160283432815,1157.574064618492,1884.5618293466528,2141.878545089305,-381.2788376088172,381.2788376088172,-249.35953788320035,249.35953788320035,774.0824258415892,774.0824258415892,47.0946611134284,47.0946611134284,-210.22205462922398,210.22205462922398,1935.5931590933258,2141.878545089305,2124.1766298518833,2148.4156424823486,2097.2720225367957
2023-10-30 15:00:00,1648.7722906392241,1573.0874871560902,1608.6803708943166,1166.2414743300767,2063.998905593195,1626.8828058659929,75.68480348313392,75.68480348313392,40.0919197449075,40.0919197449075,482.53081630914744,482.53081630914744,-415.22661495397097,415.22661495397097,21.88948477323129,21.88948477323129,1607.7782087679345,1608.6803708943166,1637.0952938130047,1599.6332992526143,1617.9507808464712
2023-10-30 16:00:00,1028.4115745842967,1279.8299039357312,1206.575949022737,755.8659586584855,1469.6995803628768,1256.3759761619451,-251.41832935143452,251.41832935143452,-178.1643744384403,178.1643744384403,272.54561592581115,272.54561592581115,-441.2880057785801,441.2880057785801,-227.96440157764846,227.96440157764846,1193.669473628355,1256.3759761619451,1248.920968853959,1246.9455965113825,1238.7690595676625
2023-10-30 17:00:00,727.752138145233,675.3888359326397,904.5337684534206,701.0964234961264,742.7032671270612,675.5773384879169,52.363302212593226,52.363302212593226,-176.7816303081877,176.7816303081877,26.655714649106585,26.655714649106585,-14.95112898182822,14.95112898182822,52.17479965731604,52.17479965731604,739.859926699433,701.0964234961264,752.2803466352274,694.7867139292609,717.2075712068165
2023-10-30 18:00:00,183.94772071211761,46.21585812781855,42.824743854900916,401.87076841142033,90.08668262771211,41.83167024330755,137.73186258429905,137.73186258429905,141.1229768572167,141.1229768572167,-217.9230476993027,217.9230476993027,93.86103808440551,93.86103808440551,142.11605046881007,142.11605046881007,124.56594465303189,46.21585812781855,67.3773474096329,68.40562772002924,74.01441551816654
2023-10-30 19:00:00,0.0,48.13513329303212,36.228633733327236,338.29951425673124,46.68527220269998,47.3644245177788,-48.13513329303212,48.13513329303212,-36.228633733327236,36.228633733327236,-338.29951425673124,338.29951425673124,-46.68527220269998,46.68527220269998,-47.3644245177788,47.3644245177788,103.34259560071389,47.3644245177788,60.30027092077661,134.373290513433,88.54347245396143
2023-10-30 20:00:00,157.67222011039962,48.717296318318546,36.06088448959936,364.559199193201,42.774005688829476,33.6099427802165,108.95492379208108,108.95492379208108,121.61133562080026,121.61133562080026,-206.88697908280136,206.88697908280136,114.89821442157015,114.89821442157015,124.06227733018312,124.06227733018312,105.144265694033,42.774005688829476,57.36439073126796,139.30956374014093,86.75302803627257
2023-10-30 21:00:00,0.0,46.16331315270821,43.28677773874636,356.36021961789186,35.94723637265243,38.026721059673264,-46.16331315270821,46.16331315270821,-43.28677773874636,43.28677773874636,-356.36021961789186,356.36021961789186,-35.94723637265243,35.94723637265243,-38.026721059673264,38.026721059673264,103.95685358833444,43.28677773874636,58.164436859368806,134.27299375605241,86.12794411422792
2023-10-30 22:00:00,45.581481251824584,52.18548255727498,37.50341819035981,366.665667966338,38.38724949137177,12.916251874300126,-6.604001305450396,6.604001305450396,8.078063061464775,8.078063061464775,-321.0841867145134,321.0841867145134,7.194231760452816,7.194231760452816,32.665229377524454,32.665229377524454,101.53161401592894,38.38724949137177,51.63676599327067,136.87077503386163,79.44183548618551
2023-10-30 23:00:00,0.0,58.67959522330158,36.29702226760685,384.77660725842424,49.95156040568553,30.69131996901452,-58.67959522330158,58.67959522330158,-36.29702226760685,36.29702226760685,-384.77660725842424,384.77660725842424,-49.95156040568553,49.95156040568553,-30.69131996901452,30.69131996901452,112.07922102480654,49.95156040568553,59.984328231185316,150.39907446150713,91.66912900657194
2023-10-31 00:00:00,47.73899306542641,52.333547244967285,40.87304622769414,377.45097042461117,52.75450166007758,35.87728290058977,-4.5945541795408715,4.5945541795408715,6.865946837732274,6.865946837732274,-329.71197735918474,329.71197735918474,-5.015508594651166,5.015508594651166,11.861710164836644,11.861710164836644,111.85786969158798,52.333547244967285,61.12592244464949,150.03715596490454,92.89595404130176
2023-10-31 01:00:00,0.0,48.00882487167906,39.574353088034,334.7999181991867,38.87509505619878,41.10181637787227,-48.00882487167906,48.00882487167906,-39.574353088034,39.574353088034,-334.7999181991867,334.7999181991867,-38.87509505619878,38.87509505619878,-41.10181637787227,41.10181637787227,100.47200151859417,41.10181637787227,57.02496096162638,128.3205583955972,83.91841938646037
2023-10-31 02:00:00,0.0,48.114400660884414,39.00740161777842,399.70693281130417,49.311790895952775,43.72158088214835,-48.114400660884414,48.114400660884414,-39.00740161777842,39.00740161777842,-399.70693281130417,399.70693281130417,-49.311790895952775,49.311790895952775,-43.72158088214835,43.72158088214835,115.97242137361363,48.114400660884414,62.3275364421199,154.07111640003765,96.85839630379965
2023-10-31 03:00:00,47.53125145101256,49.29174655842375,41.258273167311785,425.2014795194321,46.141221953112954,42.96080335663896,-1.7604951074111952,1.7604951074111952,6.272978283700773,6.272978283700773,-377.67022806841953,377.67022806841953,1.3900294978996044,1.3900294978996044,4.570448094373596,4.570448094373596,120.97070491098391,46.141221953112954,64.13820580645263,159.8592992230087,99.98555316236298
2023-10-31 04:00:00,0.0,46.199419743464986,37.444948897332125,366.2411192379082,44.15247284118684,29.741885606215806,-46.199419743464986,46.199419743464986,-37.444948897332125,37.444948897332125,-366.2411192379082,366.2411192379082,-44.15247284118684,44.15247284118684,-29.741885606215806,29.741885606215806,104.7559692652216,44.15247284118684,54.86533930224502,140.77906676020325,85.59289279302195
2023-10-31 05:00:00,0.0,41.37678487863136,42.698132303397934,337.4392756298111,50.803193013025165,36.99446357456222,-41.37678487863136,41.37678487863136,-42.698132303397934,42.698132303397934,-337.4392756298111,337.4392756298111,-50.803193013025165,50.803193013025165,-36.99446357456222,36.99446357456222,101.86236987988556,42.698132303397934,55.61839875693272,134.36249958517277,84.76563619352122
2023-10-31 06:00:00,183.6285174827357,41.86838368379474,47.76954882561478,350.5923439236495,58.243030229221425,39.055598649471925,141.76013379894096,141.76013379894096,135.85896865712093,135.85896865712093,-166.96382644091378,166.96382644091378,125.38548725351427,125.38548725351427,144.57291883326377,144.57291883326377,107.50578106235045,47.76954882561478,59.364962946011055,60.71576738706461,65.33649504228717
2023-10-31 07:00:00,695.7306744119401,737.1095819256348,665.2327788650383,629.4377702600975,419.68083526484696,650.9361828538923,-41.378907513694685,41.378907513694685,30.49789554690176,30.49789554690176,66.29290415184255,66.29290415184255,276.0498391470931,276.0498391470931,44.79449155804775,44.79449155804775,620.4794298339019,650.9361828538923,647.6851953038286,676.2685165765922,651.4692361016852
2023-10-31 08:00:00,1450.484124288314,1306.2469079296493,1347.5698984255487,849.558794404163,742.8948010526011,1365.1024294231827,144.23721635866468,144.23721635866468,102.9142258627653,102.9142258627653,600.925329884151,600.925329884151,707.5893232357129,707.5893232357129,85.3816948651313,85.3816948651313,1122.274566247029,1306.2469079296493,1246.0540140992916,1268.7118618729232,1251.9051619257068
2023-10-31 09:00:00,1615.6540435110965,1759.1188230394653,1751.1695091609345,973.6316759262303,1338.7163752434512,1787.1629193999456,-143.4647795283688,143.4647795283688,-135.515465649838,135.515465649838,642.0223675848662,642.0223675848662,276.9376682676452,276.9376682676452,-171.50887588884916,171.50887588884916,1521.9598605540054,1751.1695091609345,1675.517236452928,1696.3843632019714,1673.39503588726
2023-10-31 10:00:00,1814.9599276913732,1841.0741601938332,1855.8578601071008,1033.9400992474248,1473.8607959697113,1830.5445513137925,-26.114232502460027,26.114232502460027,-40.89793241572761,40.89793241572761,781.0198284439484,781.0198284439484,341.09913172166193,341.09913172166193,-15.584623622419258,15.584623622419258,1607.0554933663723,1830.5445513137925,1753.3822455086151,1767.7096774815825,1743.8475858330921
2023-10-31 11:00:00,2286.3912684562792,2412.007020603816,2377.981264502765,1267.480182406915,1285.2156790879067,2325.749665429506,-125.61575214753657,125.61575214753657,-91.5899960464858,91.5899960464858,1018.9110860493643,1018.9110860493643,1001.1755893683726,1001.1755893683726,-39.35839697322672,39.35839697322672,1933.686762406182,2325.749665429506,2187.3454046730826,2242.6337365922327,2180.8810279467325
2023-10-31 12:00:00,2167.012288734609,2342.695894742863,2370.757277349867,1278.6374067709646,1968.0687925701989,2419.8043218430266,-175.68360600825417,175.68360600825417,-203.74498861525808,203.74498861525808,888.3748819636442,888.3748819636442,198.9434961644099,198.9434961644099,-252.79203310841785,252.79203310841785,2075.992738655384,2342.695894742863,2276.599786400662,2285.817476046668,2267.8845908338812
2023-10-31 13:00:00,2396.0358600340182,2193.785116832394,2248.321052456603,1324.8473166243175,2216.72228522901,2241.568477103078,202.25074320162412,202.25074320162412,147.71480757741529,147.71480757741529,1071.1885434097007,1071.1885434097007,179.3135748050081,179.3135748050081,154.4673829309404,154.4673829309404,2045.0488496490805,2216.72228522901,2177.7406133060863,2163.499244758605,2159.6954227698393
2023-10-31 14:00:00,2089.6595025767424,1899.121070381236,1882.9633514495133,1128.5470613328139,2638.462881750216,1858.4779074055466,190.5384321955064,190.5384321955064,206.6961511272291,206.6961511272291,961.1124412439285,961.1124412439285,-548.8033791734738,548.8033791734738,231.1815951711958,231.1815951711958,1881.514454463865,1882.9633514495133,1935.5490227049459,1881.646136713318,1893.1570201993618
2023-10-31 15:00:00,1614.740609751449,1516.2744692025842,1514.750114559012,927.9571358048923,2146.56388999044,1535.2671454778772,98.46614054886481,98.46614054886481,99.99049519243704,99.99049519243704,686.7834739465567,686.7834739465567,-531.8232802389912,531.8232802389912,79.47346427357184,79.47346427357184,1528.1625510069612,1516.2744692025842,1562.082229866035,1525.538696626485,1538.9722172447237
2023-10-31 16:00:00,1360.221856367693,1037.0796005509592,1158.2246643547223,908.0477426986552,1641.3656208407253,1184.8195653805185,323.1422558167337,323.1422558167337,201.99719201297057,201.99719201297057,452.17411366903775,452.17411366903775,-281.14376447303243,281.14376447303243,175.4022909871744,175.4022909871744,1185.9074387651162,1158.2246643547223,1174.908941040906,1126.049941464074,1164.4330655806211
2023-10-31 17:00:00,615.0603269326855,642.5810221390385,672.689458506488,502.4777358354291,918.417492727613,552.5317752204948,-27.520695206353025,27.520695206353025,-57.62913157380251,57.62913157380251,112.5825910972564,112.5825910972564,-303.3571657949275,303.3571657949275,62.52855171219073,62.52855171219073,657.7394968858126,642.5810221390385,649.866411342145,620.1137904875076,623.0483149701573
2023-10-31 18:00:00,0.0,55.05882535241366,35.66873587232431,412.06530424831436,79.1878389739575,40.43695510407555,-55.05882535241366,55.05882535241366,-35.66873587232431,35.66873587232431,-412.06530424831436,412.06530424831436,-79.1878389739575,79.1878389739575,-40.43695510407555,40.43695510407555,124.48353191021707,55.05882535241366,66.17676089658436,71.49967624525326,74.2870285454098
2023-10-31 19:00:00,0.0,40.12827679935469,37.74480456887714,350.37491442026817,40.167946236460445,31.215498132919834,-40.12827679935469,40.12827679935469,-37.74480456887714,37.74480456887714,-350.37491442026817,350.37491442026817,-40.167946236460445,40.167946236460445,-31.215498132919834,31.215498132919834,99.92628803157606,40.12827679935469,51.86046300691369,133.21813586047102,81.7519368931146
2023-10-31 20:00:00,0.0,34.29171422167235,29.48033422540795,336.5126034043561,42.983044642120056,28.944187026297598,-34.29171422167235,34.29171422167235,-29.48033422540795,29.48033422540795,-336.5126034043561,336.5126034043561,-42.983044642120056,42.983044642120056,-28.944187026297598,28.944187026297598,94.44237670397081,34.29171422167235,46.80574205937738,128.43451314465656,77.24938930726385
2023-10-31 21:00:00,0.0,37.88101931675467,33.93148029889748,404.8520785639553,31.64270093325712,37.257603658795674,-37.88101931675467,37.88101931675467,-33.93148029889748,33.93148029889748,-404.8520785639553,404.8520785639553,-31.64270093325712,31.64270093325712,-37.257603658795674,37.257603658795674,109.11297655433205,37.257603658795674,52.69293418421021,145.28998504012813,88.66899180992704
2023-10-31 22:00:00,73.67559576172307,69.22646702124574,36.79486284873994,365.9684309884142,38.95867948294163,55.18343338030072,4.4491287404773345,4.4491287404773345,36.880732912983134,36.880732912983134,-292.2928352266911,292.2928352266911,34.71691627878144,34.71691627878144,18.492162381422354,18.492162381422354,113.22637474432845,55.18343338030072,65.84655507198532,141.92903110379112,96.01463747765877
2023-10-31 23:00:00,149.12768636064865,39.371989561673225,38.097415709287134,397.1896940809326,48.915908758605475,34.33609344363538,109.75569679897544,109.75569679897544,111.03027065136152,111.03027065136152,-248.06200772028396,248.06200772028396,100.21177760204318,100.21177760204318,114.79159291701328,114.79159291701328,111.58222031082676,39.371989561673225,54.8445233132676,150.53486859622393,90.79748032373989
2023-11-01 00:00:00,19.048186908317053,46.99285990269869,35.64455545565184,445.6996966090862,58.34817839674438,33.28397114025929,-27.944672994381637,27.944672994381637,-16.596368547334787,16.596368547334787,-426.6515097007691,426.6515097007691,-39.299991488427324,39.299991488427324,-14.235784231942237,14.235784231942237,123.99385230088808,46.99285990269869,59.9108731407784,171.14703831223318,100.77293812413296
2023-11-01 01:00:00,137.32288635426903,44.90298860623371,46.74633021865584,367.27685967641133,37.0781850321141,36.631754937007884,92.41989774803531,92.41989774803531,90.57655613561319,90.57655613561319,-229.9539733221423,229.9539733221423,100.24470132215492,100.24470132215492,100.69113141726115,100.69113141726115,106.52722369408457,44.90298860623371,57.54122209487176,138.48522849763916,87.43973090397176
2023-11-01 02:00:00,38.382702377598434,39.89051600612333,41.258273167311785,371.62641390783665,53.5339114794452,39.428948725490685,-1.507813628524893,1.507813628524893,-2.8755707897133505,2.8755707897133505,-333.2437115302382,333.2437115302382,-15.151209101846767,15.151209101846767,-1.0462463478922501,1.0462463478922501,109.14761265724152,41.258273167311785,57.91788628064441,145.27897071432258,90.67436937503653
2023-11-01 03:00:00,10.744942050101825,66.53522528476796,46.24034847617808,344.1390796608452,45.009251917855714,38.40773870852134,-55.790283234666134,55.790283234666134,-35.49540642607625,35.49540642607625,-333.39413761074337,333.39413761074337,-34.26430986775389,34.26430986775389,-27.662796658419516,27.662796658419516,108.06632880963366,46.24034847617808,63.62521390727099,135.11752920824927,88.91763643828708
2023-11-01 04:00:00,0.0,57.64593418036358,46.24034847617808,374.6418957098086,47.685878784854026,39.54784101543064,-57.64593418036358,57.64593418036358,-46.24034847617808,46.24034847617808,-374.6418957098086,374.6418957098086,-47.685878784854026,47.685878784854026,-39.54784101543064,39.54784101543064,113.152379633327,47.685878784854026,63.647789920558196,145.7726838623404,93.36618626462109
2023-11-01 05:00:00,0.0,40.359720543936035,44.68850251446924,352.1688983284118,50.12479022198178,33.828287211724145,-40.359720543936035,40.359720543936035,-44.68850251446924,44.68850251446924,-352.1688983284118,352.1688983284118,-50.12479022198178,50.12479022198178,-33.828287211724145,33.828287211724145,104.23403976410461,44.68850251446924,56.216229698055365,139.10713634165703,86.20947520707946
2023-11-01 06:00:00,122.31894872195956,56.49281569020952,47.76954882561478,395.54632417332186,50.70024164775664,37.605723962630414,65.82613303175003,65.82613303175003,74.54939989634478,74.54939989634478,-273.2273754513623,273.2273754513623,71.61870707420292,71.61870707420292,84.71322475932914,84.71322475932914,117.62293085990666,50.70024164775664,64.60489509302262,69.16572272284492,71.17691630926768
2023-11-01 07:00:00,668.6497216561354,707.3978567721705,665.2327788650383,617.0478159603949,374.03557938245945,587.3421904988531,-38.74813511603509,38.74813511603509,3.4169427910970853,3.4169427910970853,51.60190569574047,51.60190569574047,294.61414227367595,294.61414227367595,81.30753115728226,81.30753115728226,590.2112442957833,617.0478159603949,620.6263171424943,636.2251731472592,612.5661340458533
2023-11-01 08:00:00,1405.0702482895517,1460.276828295937,1500.0174340141523,852.4615092700765,584.6648064969401,1460.869792687326,-55.206580006385366,55.206580006385366,-94.94718572460056,94.94718572460056,552.6087390194753,552.6087390194753,820.4054417926117,820.4054417926117,-55.7995443977743,55.7995443977743,1171.6580741528865,1460.276828295937,1351.9146582778276,1373.8690913704386,1344.2406982625225
2023-11-01 09:00:00,1751.3330762112685,1671.7628615657472,1778.7583125190179,1112.5655774517415,1456.8422593979833,1820.561872463841,79.57021464552122,79.57021464552122,-27.4252363077494,27.4252363077494,638.7674987595269,638.7674987595269,294.49081681328516,294.49081681328516,-69.22879625257247,69.22879625257247,1568.0981766796663,1671.7628615657472,1698.0791275673423,1685.303159369351,1692.7466959097094
2023-11-01 10:00:00,2107.3614651303524,1630.1075915816843,1591.040227939968,1038.7408263697919,1968.1863882272235,1664.1708332409994,477.253873548668,477.253873548668,516.3212371903844,516.3212371903844,1068.6206387605605,1068.6206387605605,139.1750769031289,139.1750769031289,443.19063188935297,443.19063188935297,1578.4491734719334,1630.1075915816843,1634.1009572337757,1624.8290386465533,1626.2030001066853
2023-11-01 11:00:00,2276.280175237717,2317.3200858970613,2252.134808051724,1376.7158790983424,2073.4801308950955,2272.9394777091106,-41.039910659344514,41.039910659344514,24.145367185992654,24.145367185992654,899.5642961393744,899.5642961393744,202.80004434262128,202.80004434262128,3.3406975286061424,3.3406975286061424,2058.5180763302665,2252.134808051724,2207.1448252142573,2226.365300570638,2196.344548543344
2023-11-01 12:00:00,2341.9896358549872,2095.0170901176475,2214.6640240225674,1311.970847989787,2592.8301684469816,2254.8416577048347,246.97254573733971,246.97254573733971,127.32561183241978,127.32561183241978,1030.0187878652002,1030.0187878652002,-250.84053259199436,250.84053259199436,87.14797815015254,87.14797815015254,2093.8647576563635,2214.6640240225674,2199.3518230989753,2142.6187606554186,2172.332458198558
2023-11-01 13:00:00,2516.3754831653105,2479.6728212749135,2459.3090161108166,1408.4284011480622,2273.659982402057,2450.404893283815,36.70266189039694,36.70266189039694,57.06646705449384,57.06646705449384,1107.9470820172482,1107.9470820172482,242.71550076325366,242.71550076325366,65.97058988149547,65.97058988149547,2214.295022843933,2450.404893283815,2385.286377025016,2391.27910334829,2365.909627337541
2023-11-01 14:00:00,2208.0534381596035,2155.2335904403794,2142.317233370461,1304.9996733486635,2684.241890386438,2120.29724536787,52.81984771922407,52.81984771922407,65.73620478914245,65.73620478914245,903.05376481094,903.05376481094,-476.18845222683467,476.18845222683467,87.75619279173361,87.75619279173361,2081.4179265827624,2142.317233370461,2166.1468857117316,2122.6079877613415,2126.9694964320483
2023-11-01 15:00:00,1850.3787243438853,1680.6856280544512,1769.8508593894894,1219.5432664441855,2385.505440190437,1776.1796417675234,169.69309628943415,169.69309628943415,80.52786495439591,80.52786495439591,630.8354578996998,630.8354578996998,-535.1267158465519,535.1267158465519,74.19908257636189,74.19908257636189,1766.3529671692172,1769.8508593894894,1796.9292622191847,1735.0340339028025,1768.0955106239444
2023-11-01 16:00:00,1133.1723831767358,1350.630579046956,1347.1738303180061,823.9491295910536,1637.7990318018965,1349.0619204211746,-217.45819587022015,217.45819587022015,-214.00144714127032,214.00144714127032,309.2232535856822,309.2232535856822,-504.62664862516067,504.62664862516067,-215.88953724443877,215.88953724443877,1301.7228982358174,1349.0619204211746,1359.246048642469,1335.48767721588,1338.577081488903
2023-11-01 17:00:00,478.2687988381849,714.1519702975836,589.1995794885943,695.6242801308456,889.530849055421,534.4385241191648,-235.88317145939868,235.88317145939868,-110.93078065040936,110.93078065040936,-217.35548129266067,217.35548129266067,-411.26205021723604,411.26205021723604,-56.16972528097983,56.16972528097983,684.5890406183219,695.6242801308456,644.2311806452501,651.3690575402794,632.4855844031563
2023-11-01 18:00:00,0.0,47.96402246877552,36.228633733327236,429.2796529210464,82.76397299777761,45.96025946296625,-47.96402246877552,47.96402246877552,-36.228633733327236,36.228633733327236,-429.2796529210464,429.2796529210464,-82.76397299777761,82.76397299777761,-45.96025946296625,45.96025946296625,128.43930831677864,47.96402246877552,65.88171314063926,71.50547932143368,76.09607129457088
2023-11-01 19:00:00,107.44356694758707,26.143388701203083,33.70059318691615,367.07767875991607,41.67942464656605,27.80953917255217,81.300178246384,81.300178246384,73.74297376067092,73.74297376067092,-259.634111812329,259.634111812329,65.76414230102102,65.76414230102102,79.6340277750349,79.6340277750349,99.2821248934307,33.70059318691615,46.64419828153985,136.90525144267608,80.48316773046136
2023-11-01 20:00:00,0.0,45.74198498790761,42.726879877743436,369.08971817529624,53.2506670371911,38.39188415293553,-45.74198498790761,45.74198498790761,-42.726879877743436,42.726879877743436,-369.08971817529624,369.08971817529624,-53.2506670371911,53.2506670371911,-38.39188415293553,38.39188415293553,109.84022684621478,45.74198498790761,59.118362552494915,145.7497777638376,91.10686429472983
2023-11-01 21:00:00,0.0,42.303761993242425,35.500986628596436,417.8655813823817,33.298739451926274,41.5273142808912,-42.303761993242425,42.303761993242425,-35.500986628596436,35.500986628596436,-417.8655813823817,417.8655813823817,-33.298739451926274,33.298739451926274,-41.5273142808912,41.5273142808912,114.09927674740761,41.5273142808912,57.22787773218171,151.1373644797524,93.63489086924
2023-11-01 22:00:00,0.0,49.338258154968074,37.50341819035981,422.95982419753295,40.32553738637611,45.53942672930307,-49.338258154968074,49.338258154968074,-37.50341819035981,37.50341819035981,-422.95982419753295,422.95982419753295,-40.32553738637611,40.32553738637611,-45.53942672930307,45.53942672930307,119.133292931708,45.53942672930307,61.80538924427946,156.67999023260123,98.4801577752664
2023-11-01 23:00:00,0.0,41.23022497843458,37.975948350455646,372.77277043478915,44.33643944251945,38.26691161049512,-41.23022497843458,41.23022497843458,-37.975948350455646,37.975948350455646,-372.77277043478915,372.77277043478915,-44.33643944251945,44.33643944251945,-38.26691161049512,38.26691161049512,106.91645896333878,41.23022497843458,55.77403313145679,141.9354744009749,88.34952637449629
2023-11-02 00:00:00,0.0,55.24542654663376,37.56802169845372,422.4750205749857,55.75604458956729,40.05810063947591,-55.24542654663376,55.24542654663376,-37.56802169845372,37.56802169845372,-422.4750205749857,422.4750205749857,-55.75604458956729,55.75604458956729,-40.05810063947591,40.05810063947591,122.22052280982328,55.24542654663376,62.52271072267873,165.61855197231276,100.89810349835727
2023-11-02 01:00:00,0.0,58.4980441363914,41.258273167311785,360.06961870586053,34.510823808130276,40.85060194556365,-58.4980441363914,58.4980441363914,-41.258273167311785,41.258273167311785,-360.06961870586053,360.06961870586053,-34.510823808130276,34.510823808130276,-40.85060194556365,40.85060194556365,107.03747235265155,41.258273167311785,59.45793001325335,134.2026970852038,87.67580298918017
2023-11-02 02:00:00,0.0,65.02190879004749,37.858685626452456,431.7247984009262,48.77854644666359,42.579940576786846,-65.02190879004749,65.02190879004749,-37.858685626452456,37.858685626452456,-431.7247984009262,431.7247984009262,-48.77854644666359,48.77854644666359,-42.579940576786846,42.579940576786846,125.19277596817531,48.77854644666359,64.92214218452435,163.66242203294237,102.12991257423245
2023-11-02 03:00:00,100.97438963954772,66.8824938679649,38.402628782701896,324.88810454167856,45.50078781087535,44.61641867659945,34.09189577158283,34.09189577158283,62.57176085684583,62.57176085684583,-223.91371490213083,223.91371490213083,55.47360182867237,55.47360182867237,56.35797096294827,56.35797096294827,104.05808673596403,45.50078781087535,61.04701674378258,129.31698283011633,86.84410095468236
2023-11-02 04:00:00,49.08495107985835,39.97908408280259,39.182204470758954,401.4999200705297,51.31047133654022,41.793524894687295,9.105866997055756,9.105866997055756,9.902746609099395,9.902746609099395,-352.41496899067135,352.41496899067135,-2.225520256681868,2.225520256681868,7.291426185171055,7.291426185171055,114.75304097106375,41.793524894687295,58.4646349148914,153.51222202418117,94.90237025487197
2023-11-02 05:00:00,221.79595665285504,41.628027125883015,39.01445522703108,351.076504521988,52.770279335142035,38.20296904146382,180.16792952697202,180.16792952697202,182.78150142582396,182.78150142582396,-129.28054786913296,129.28054786913296,169.02567731771302,169.02567731771302,183.5929876113912,183.5929876113912,104.5384470503016,41.628027125883015,55.31718918311796,138.9194712284181,86.8192813418139
2023-11-02 06:00:00,0.0,51.90102184332694,39.574353088034,344.55700663730244,63.035603196348305,37.97488299220768,-51.90102184332694,51.90102184332694,-39.574353088034,39.574353088034,-344.55700663730244,344.55700663730244,-63.035603196348305,63.035603196348305,-37.97488299220768,37.97488299220768,107.40857355144388,51.90102184332694,60.055526522903016,64.37544570042624,66.40598297572909
2023-11-02 07:00:00,626.0055989414338,702.8823595725921,620.6711756671303,558.1319750797951,355.5112368073982,564.3328228815589,-76.87676063115828,76.87676063115828,5.334423274303504,5.334423274303504,67.87362386163875,67.87362386163875,270.49436213403567,270.49436213403567,61.67277605987499,61.67277605987499,560.305914001695,564.3328228815589,589.1675627045006,618.5445648940131,587.2413856562049
2023-11-02 08:00:00,1411.3314861114634,1370.1398161540583,1457.0059413752679,873.3537392977017,621.1663422526067,1441.1710028298355,41.19166995740511,41.19166995740511,-45.674455263804475,45.674455263804475,537.9777468137617,537.9777468137617,790.1651438588567,790.1651438588567,-29.839516718372124,29.839516718372124,1152.567368381894,1370.1398161540583,1303.7534515138227,1326.177437825142,1307.7269410440354
2023-11-02 09:00:00,1598.7027210373108,1602.4094524804295,1610.6849318350783,996.5975500568067,1369.99272420536,1687.5925800303005,-3.7067314431187697,3.7067314431187697,-11.982210797767493,11.982210797767493,602.1051709805041,602.1051709805041,228.70999683195078,228.70999683195078,-88.88985899298973,88.88985899298973,1453.455447721595,1602.4094524804295,1574.1411636029777,1583.2781893177405,1575.4354114265946
2023-11-02 10:00:00,1819.6694604867384,1918.8057839639428,1941.7489043596588,996.9005587356468,1416.5270527257496,1926.630275266827,-99.13632347720431,99.13632347720431,-122.07944387292036,122.07944387292036,822.7689017510917,822.7689017510917,403.1424077609888,403.1424077609888,-106.96081478008864,106.96081478008864,1640.122515010365,1918.8057839639428,1824.2139990671553,1837.5481506687347,1811.8792029762055
2023-11-02 11:00:00,2146.120490731533,2230.71812390874,1998.8469248342014,1068.7868681845237,1630.4011104256613,2126.105615554508,-84.59763317720672,84.59763317720672,147.27356589733176,147.27356589733176,1077.3336225470096,1077.3336225470096,515.7193803058719,515.7193803058719,20.01487517702526,20.01487517702526,1810.971728581527,1998.8469248342014,2020.6593986121375,2073.4104528043067,2015.6364242521402
2023-11-02 12:00:00,2675.07464724079,2496.2294045644076,2529.1724511994476,1412.192060932666,2075.32723760549,2511.942137658081,178.84524267638244,178.84524267638244,145.90219604134245,145.90219604134245,1262.882586308124,1262.882586308124,599.7474096352998,599.7474096352998,163.1325095827092,163.1325095827092,2204.9726583920187,2496.2294045644076,2425.91499319772,2413.566200640793,2395.2273173615736
2023-11-02 13:00:00,2158.403328212662,2486.3030985634964,2525.1637548530866,1350.5588932415033,2558.151525522373,2427.6674759827715,-327.8997703508344,327.8997703508344,-366.7604266404246,366.7604266404246,807.8444349711588,807.8444349711588,-399.74819730971103,399.74819730971103,-269.2641477701095,269.2641477701095,2269.568949632646,2486.3030985634964,2438.624314646446,2403.6921671100235,2392.142229650024
2023-11-02 14:00:00,1955.2104762583986,2122.4709961569997,2057.3735140331833,1213.633507880308,1977.4778466435005,2025.45408793908,-167.26051989860116,167.26051989860116,-102.1630377747847,102.1630377747847,741.5769683780907,741.5769683780907,-22.267370385101913,22.267370385101913,-70.2436116806814,70.2436116806814,1879.2819905306144,2025.45408793908,2015.1125184386553,2020.4092220037082,1991.603737826648
2023-11-02 15:00:00,1850.0399399040887,2021.561754607945,2000.204506324157,1122.8646605795595,1761.0793493524934,1989.1902383694182,-171.5218147038563,171.5218147038563,-150.16456642006824,150.16456642006824,727.1752793245291,727.1752793245291,88.96059055159526,88.96059055159526,-139.15029846532957,139.15029846532957,1778.9801018467147,1989.1902383694182,1932.698184694242,1939.0758039080179,1915.1662646239045
2023-11-02 16:00:00,1359.5660632069869,1090.1535755757182,1159.7915125163595,894.5648644102107,1727.6278884674562,1182.7449770283604,269.41248763126873,269.41248763126873,199.7745506906274,199.7745506906274,465.0011987967762,465.0011987967762,-368.0618252604693,368.0618252604693,176.8210861786265,176.8210861786265,1210.976563599621,1159.7915125163595,1203.0545121783184,1154.1778924186817,1185.9140295046964
2023-11-02 17:00:00,708.0872613693517,701.7533357365189,557.3871803980702,655.4530966982007,1010.6561756120567,518.1378410149229,6.333925632832802,6.333925632832802,150.70008097128152,150.70008097128152,52.634164671150984,52.634164671150984,-302.568914242705,302.568914242705,189.94942035442887,189.94942035442887,688.6775258919539,655.4530966982007,639.3256563435385,642.7459443666705,625.984553594438
2023-11-02 18:00:00,0.0,53.599487154429255,37.74480456887714,388.9712578830174,90.23048136871631,43.246317482934295,-53.599487154429255,53.599487154429255,-37.74480456887714,37.74480456887714,-388.9712578830174,388.9712578830174,-90.23048136871631,90.23048136871631,-43.246317482934295,43.246317482934295,122.75846969159488,53.599487154429255,67.41938215274455,71.24123101413045,74.79914138496832
2023-11-02 19:00:00,0.0,55.39190808186976,35.47681937149442,424.10482499825014,37.812694396879074,41.62876423213254,-55.39190808186976,55.39190808186976,-35.47681937149442,35.47681937149442,-424.10482499825014,424.10482499825014,-37.812694396879074,37.812694396879074,-41.62876423213254,41.62876423213254,118.88300221612519,41.62876423213254,62.19284260618569,154.84515452786644,97.21375242986718
2023-11-02 20:00:00,79.77332439097289,40.451030748109105,35.44905804527018,334.23708352528274,48.09082402987639,31.989472676665795,39.322293642863784,39.322293642863784,44.32426634570271,44.32426634570271,-254.46375913430984,254.46375913430984,31.6825003610965,31.6825003610965,47.78385171430709,47.78385171430709,98.04349380504084,40.451030748109105,51.79252891019189,131.6427638939681,81.03718113758933
2023-11-02 21:00:00,0.0,41.370553208603305,35.66873587232431,385.5148594380172,33.85178243087056,81.04020056160778,-41.370553208603305,41.370553208603305,-35.66873587232431,35.66873587232431,-385.5148594380172,385.5148594380172,-33.85178243087056,33.85178243087056,-81.04020056160778,81.04020056160778,115.48922630228462,41.370553208603305,67.20663285451444,141.60633676633435,101.94977625903311
2023-11-02 22:00:00,0.0,44.4707275768449,40.731367605836155,309.12406998904737,40.86786815866897,38.527886317053024,-44.4707275768449,44.4707275768449,-40.731367605836155,40.731367605836155,-309.12406998904737,309.12406998904737,-40.86786815866897,40.86786815866897,-38.527886317053024,38.527886317053024,94.74438392949008,40.86786815866897,54.36561775401719,121.3447287077825,79.36755798784853
2023-11-02 23:00:00,140.930800237513,43.710564641448194,37.975948350455646,371.52474248784023,47.44207649282779,39.52237776097409,97.22023559606481,97.22023559606481,102.95485188705737,102.95485188705737,-230.59394225032722,230.59394225032722,93.48872374468522,93.48872374468522,101.40842247653893,101.40842247653893,108.03514194670917,43.710564641448194,57.70728356986194,143.54742273591765,89.88791583327054
2023-11-03 00:00:00,29.681747923304602,48.6850079699756,38.402628782701896,383.58606953411635,60.60749669413793,36.606804073913345,-19.003260046671,19.003260046671,-8.720880859397294,8.720880859397294,-353.90432161081173,353.90432161081173,-30.925748770833327,30.925748770833327,-6.925056150608743,6.925056150608743,113.57760141096904,48.6850079699756,61.221056423421686,153.92432192888276,94.58049460266781
2023-11-03 01:00:00,0.0,45.146102813845175,39.69582044686549,383.54943854606387,38.022695755890965,34.70314711577875,-45.146102813845175,45.146102813845175,-39.69582044686549,39.69582044686549,-383.54943854606387,383.54943854606387,-38.022695755890965,38.022695755890965,-34.70314711577875,34.70314711577875,108.22344093568884,39.69582044686549,57.15002896260116,142.18265600023517,88.38512309914442
2023-11-03 02:00:00,0.0,29.584209630273673,37.21406178535079,363.5608590386007,49.76494064742975,29.01938502590586,-29.584209630273673,29.584209630273673,-37.21406178535079,37.21406178535079,-363.5608590386007,363.5608590386007,-49.76494064742975,49.76494064742975,-29.01938502590586,29.01938502590586,101.82869122551216,37.21406178535079,51.02497844212023,140.13845250615736,83.51864453476689
2023-11-03 03:00:00,83.97346679891477,51.84221731460647,38.402628782701896,358.49624072985563,42.773561918597956,35.54176593398295,32.1312494843083,32.1312494843083,45.570838016212875,45.570838016212875,-274.52277393094084,274.52277393094084,41.199904880316815,41.199904880316815,48.43170086493182,48.43170086493182,105.41128293594898,42.773561918597956,58.083490058354755,137.49036556197527,86.8627664600854
2023-11-03 04:00:00,7.781134659300743,47.76710856980929,40.582382299695404,412.2783459154278,48.91375975512048,46.329104030863306,-39.98597391050855,39.98597391050855,-32.801247640394664,32.801247640394664,-404.49721125612706,404.49721125612706,-41.13262509581974,41.13262509581974,-38.547969371562566,38.547969371562566,119.17414011418325,47.76710856980929,63.97247409571192,157.5791402476193,99.56613313200867
2023-11-03 05:00:00,0.0,45.53438031870192,40.291771822804904,438.00793185634296,43.66055527601131,38.43756220204287,-45.53438031870192,45.53438031870192,-40.291771822804904,40.291771822804904,-438.00793185634296,438.00793185634296,-43.66055527601131,43.66055527601131,-38.43756220204287,38.43756220204287,121.1864402951808,43.66055527601131,61.862969319234594,161.9647682501108,99.07312177024835
2023-11-03 06:00:00,37.398055732219206,48.53381378672252,46.33821245333556,388.2116603960567,57.257960040898986,41.66425316084376,-11.135758054503313,11.135758054503313,-8.940156721116352,8.940156721116352,-350.8136046638375,350.8136046638375,-19.85990430867978,19.85990430867978,-4.266197428624551,4.266197428624551,116.4011799675715,48.53381378672252,62.86985735415014,66.83315545321358,70.52399046789218
2023-11-03 07:00:00,605.6672674503368,643.548661527293,575.5786640202793,545.9752669664226,369.23384748159197,547.6674611451887,-37.88139407695621,37.88139407695621,30.088603430057447,30.088603430057447,59.69200048391417,59.69200048391417,236.43341996874483,236.43341996874483,57.99980630514813,57.99980630514813,536.4007802281551,547.6674611451887,560.3852399609409,582.6399370229203,559.7212013698271
2023-11-03 08:00:00,1101.0915573533794,1293.2792391026744,1261.1585499984628,748.8730309502054,568.9828794059734,1327.9860271588973,-192.18768174929505,192.18768174929505,-160.06699264508347,160.06699264508347,352.218526403174,352.218526403174,532.1086779474059,532.1086779474059,-226.89446980551793,226.89446980551793,1040.0559453232427,1261.1585499984628,1183.9953586750905,1227.7242873857117,1197.1242883146688
2023-11-03 09:00:00,1670.0337815420587,1619.8731969963785,1749.9106911035135,1056.1860442142108,1123.7548757738275,1755.671230697454,50.160584545680194,50.160584545680194,-79.8769095614548,79.8769095614548,613.8477373278479,613.8477373278479,546.2789057682312,546.2789057682312,-85.63744915539519,85.63744915539519,1461.079207757077,1619.8731969963785,1599.01241329419,1612.9744103349108,1606.9461347796366
2023-11-03 10:00:00,2113.8327638494648,1874.809008886248,1962.435407901539,1185.0022328916884,1823.1327658889109,1991.2973207933576,239.0237549632168,239.0237549632168,151.3973559479257,151.3973559479257,928.8305309577763,928.8305309577763,290.6999979605539,290.6999979605539,122.53544305610717,122.53544305610717,1767.3353472723488,1874.809008886248,1889.9702995515604,1877.513403974211,1881.9716446708726
2023-11-03 11:00:00,2350.800262521681,2079.4744241499993,2140.4002865118164,1092.0830015110382,2254.397093262129,2154.931983934482,271.3258383716816,271.3258383716816,210.39997600986453,210.39997600986453,1258.7172610106427,1258.7172610106427,96.40316925955176,96.40316925955176,195.8682785871988,195.8682785871988,1944.2573578738932,2140.4002865118164,2090.328205554246,2061.5465722025124,2065.4003016887027
2023-11-03 12:00:00,2293.8478021343885,2459.6688890531404,2493.19293920789,1201.947169771923,1919.2355700220605,2448.2348938329883,-165.82108691875192,165.82108691875192,-199.34513707350152,199.34513707350152,1091.9006323624656,1091.9006323624656,374.612232112328,374.612232112328,-154.38709169859976,154.38709169859976,2104.4558923776003,2448.2348938329883,2318.458750111038,2349.6747914844327,2310.978219720759
2023-11-03 13:00:00,2505.5721020232363,2263.3527803554666,2339.0276834977485,1270.3851217590257,2475.2733477421707,2337.1584078897145,242.2193216677697,242.2193216677697,166.5444185254878,166.5444185254878,1235.1869802642107,1235.1869802642107,30.298754281065612,30.298754281065612,168.41369413352186,168.41369413352186,2137.039468248825,2337.1584078897145,2285.1320108740147,2247.6004749837484,2254.659320985037
2023-11-03 14:00:00,2002.9048079540196,1984.7955510257211,1982.2379125922478,1186.8887195378418,2802.9292322833007,2000.4975554801902,18.109256928298464,18.109256928298464,20.66689536177182,20.66689536177182,816.0160884161778,816.0160884161778,-800.0244243292811,800.0244243292811,2.4072524738294305,2.4072524738294305,1991.4697941838604,1984.7955510257211,2085.84379539932,1991.5084253095038,2021.5991361454571
2023-11-03 15:00:00,1954.651537564335,2107.7600654467496,2019.6022057815458,1118.5963917465851,1867.6759518697952,2014.6158388584554,-153.1085278824146,153.1085278824146,-64.9506682172107,64.9506682172107,836.0551458177499,836.0551458177499,86.97558569453986,86.97558569453986,-59.96430129412033,59.96430129412033,1825.6500907406262,2014.6158388584554,1978.057652354949,1995.1838050584242,1960.0256231438284
2023-11-03 16:00:00,1116.7596265400744,1316.0719517637842,1332.133792754824,757.4280572808352,1679.706803044775,1365.2350214427295,-199.31232522370988,199.31232522370988,-215.37416621474972,215.37416621474972,359.33156925923913,359.33156925923913,-562.9471765047006,562.9471765047006,-248.47539490265513,248.47539490265513,1290.1151252573895,1332.133792754824,1356.8193711877973,1323.0338247155496,1335.0259881110278
2023-11-03 17:00:00,702.1432999391818,654.5664805135218,699.206447315289,494.82078846502907,822.4098807555295,549.4099164252005,47.576819425660005,47.576819425660005,2.9368526238928325,2.9368526238928325,207.32251147415275,207.32251147415275,-120.26658081634764,120.26658081634764,152.73338351398127,152.73338351398127,644.0827026949139,654.5664805135218,652.5705836031682,619.8743779414431,620.4320122874062
2023-11-03 18:00:00,0.0,50.18675493031571,35.186155443495686,399.76598390007496,90.02546441493145,29.682645936616407,-50.18675493031571,50.18675493031571,-35.186155443495686,35.186155443495686,-399.76598390007496,399.76598390007496,-90.02546441493145,90.02546441493145,-29.682645936616407,29.682645936616407,120.96940092508684,50.18675493031571,60.797735863181465,65.27031603063726,67.95082494048627
2023-11-03 19:00:00,0.0,34.088700586560996,33.70059318691615,321.0971066234251,40.61902362114534,20.597345530397682,-34.088700586560996,34.088700586560996,-33.70059318691615,33.70059318691615,-321.0971066234251,321.0971066234251,-40.61902362114534,40.61902362114534,-20.597345530397682,20.597345530397682,90.02055390968904,34.088700586560996,43.891860481630296,122.80335161145396,72.13214351594262
2023-11-03 20:00:00,0.0,47.13210555038626,36.06088448959936,380.820604414357,45.92699356864177,43.325659032322946,-47.13210555038626,47.13210555038626,-36.06088448959936,36.06088448959936,-380.820604414357,380.820604414357,-45.92699356864177,45.92699356864177,-43.325659032322946,43.325659032322946,110.65324941106147,45.92699356864177,57.46289211901187,146.39507682235632,91.95317237108733
2023-11-03 21:00:00,84.73004805742326,44.07183916152553,35.500986628596436,368.4396611573352,32.134824064158686,40.17923992445683,40.65820889589773,40.65820889589773,49.229061428826824,49.229061428826824,-283.70961309991196,283.70961309991196,52.595223993264575,52.595223993264575,44.55080813296643,44.55080813296643,104.06531018721452,40.17923992445683,53.190765695556934,135.43959995020109,85.43801971606167
2023-11-03 22:00:00,0.0,36.9124615595959,37.308478824846475,370.5942671713646,43.17426583462629,36.35227668194864,-36.9124615595959,36.9124615595959,-37.308478824846475,37.308478824846475,-370.5942671713646,370.5942671713646,-43.17426583462629,43.17426583462629,-36.35227668194864,36.35227668194864,104.86835001447639,37.308478824846475,52.45049910662487,139.64053013271382,85.87143411108661
2023-11-03 23:00:00,3.768234868289792,51.74408254439956,38.097415709287134,418.77170550902446,43.271362387665164,41.10181704029284,-47.975847676109765,47.975847676109765,-34.32918084099734,34.32918084099734,-415.0034706407347,415.0034706407347,-39.50312751937537,39.50312751937537,-37.33358217200305,37.33358217200305,118.59727663813382,43.271362387665164,59.79028861389523,155.92146532407293,96.65334491707578
2023-11-04 00:00:00,0.0,56.81675159318126,40.87304622769414,377.24262652460607,54.01969365629296,37.72937041775801,-56.81675159318126,56.81675159318126,-40.87304622769414,40.87304622769414,-377.24262652460607,377.24262652460607,-54.01969365629296,54.01969365629296,-37.72937041775801,37.72937041775801,113.3362976839065,54.01969365629296,59.8258702275833,150.9865735167869,93.45686674364396
2023-11-04 01:00:00,26.809198664110212,36.478858282362786,39.574353088034,337.35474586940296,36.73794332819479,40.04200503170219,-9.669659618252574,9.669659618252574,-12.76515442392379,12.76515442392379,-310.54554720529273,310.54554720529273,-9.928744664084576,9.928744664084576,-13.232806367591976,13.232806367591976,98.03758111993935,39.574353088034,51.30566000400702,127.77390701850901,81.33978733708311
2023-11-04 02:00:00,0.0,45.0491950022586,46.02108396726075,355.780522926464,49.90432827755088,31.55635903571695,-45.0491950022586,45.0491950022586,-46.02108396726075,46.02108396726075,-355.780522926464,355.780522926464,-49.90432827755088,49.90432827755088,-31.55635903571695,31.55635903571695,105.66229784185023,46.02108396726075,55.37893615387696,140.50221337913777,86.20807623541785
2023-11-04 03:00:00,0.0,52.59076956741696,50.091774796272816,335.58185473173575,42.61743081871536,48.69982768954424,-52.59076956741696,52.59076956741696,-50.091774796272816,50.091774796272816,-335.58185473173575,335.58185473173575,-42.61743081871536,42.61743081871536,-48.69982768954424,48.69982768954424,105.91633152073703,50.091774796272816,61.56905054869415,132.7490611858887,89.21866536243111
2023-11-04 04:00:00,12.729148254837966,82.4290268922771,50.10525468258516,322.3202341292819,46.768934784113256,82.25578378431776,-69.69987863743913,69.69987863743913,-37.376106427747196,37.376106427747196,-309.59108587444393,309.59108587444393,-34.03978652927529,34.03978652927529,-69.52663552947979,69.52663552947979,116.77584685451504,82.25578378431776,78.34726779381813,140.0803792877252,105.33462025222957
2023-11-04 05:00:00,15.080876862502166,62.88792070535815,39.130474418900015,372.90148738095684,50.171943583685795,56.405141436937726,-47.80704384285598,47.80704384285598,-24.04959755639785,24.04959755639785,-357.82061051845466,357.82061051845466,-35.09106672118363,35.09106672118363,-41.32426457443556,41.32426457443556,116.2993935051677,56.405141436937726,65.65801769627998,148.8607660788427,98.89654212095789
2023-11-04 06:00:00,234.9800648793925,57.85017718423102,46.13328881991274,285.62360877236864,56.2744995371028,31.813488990547736,177.12988769516147,177.12988769516147,188.84677605947977,188.84677605947977,-50.64354389297614,50.64354389297614,178.7055653422897,178.7055653422897,203.16657588884476,203.16657588884476,95.53901266083258,56.2744995371028,56.74434479636709,61.3458213691065,60.89755017991814
2023-11-04 07:00:00,504.2511931964067,610.3712043560167,551.3778071069341,575.453828009917,455.7162936177496,499.0798588293306,-106.12001115961004,106.12001115961004,-47.12661391052745,47.12661391052745,-71.20263481351026,71.20263481351026,48.534899578657075,48.534899578657075,5.171334367076099,5.171334367076099,538.3997983839896,551.3778071069341,540.374285615285,555.3923789064028,536.2259307991703
2023-11-04 08:00:00,1200.8761099505089,1098.3756059788411,1210.5572620069956,877.7257842465185,729.0958109388278,1262.194208204345,102.50050397166774,102.50050397166774,-9.68115205648678,9.68115205648678,323.15032570399035,323.15032570399035,471.7802990116811,471.7802990116811,-61.31809825383607,61.31809825383607,1035.5897342751055,1098.3756059788411,1115.878976748662,1128.6854251353716,1132.9261090611
2023-11-04 09:00:00,1741.6490865092308,1663.5405709127983,1767.8920778710728,1023.5674049481559,1194.3457721203504,1722.274853580443,78.10851559643243,78.10851559643243,-26.242991361842087,26.242991361842087,718.0816815610749,718.0816815610749,547.3033143888804,547.3033143888804,19.374232928787706,19.374232928787706,1474.324135886564,1663.5405709127983,1621.2806941972106,1624.3959252052214,1613.022783714131
2023-11-04 10:00:00,1695.1539555743352,1922.446475590697,1838.6298174597775,1144.4241996810454,1578.2972645400503,1873.5527872328819,-227.29252001636178,227.29252001636178,-143.47586188544233,143.47586188544233,550.7297558932898,550.7297558932898,116.85669103428495,116.85669103428495,-178.39883165854667,178.39883165854667,1671.4701089008904,1838.6298174597775,1803.6216812590624,1832.4854590764105,1799.8367213273962
2023-11-04 11:00:00,2099.9552443810503,2194.0774498201,2184.1640738443025,1134.7930470923827,1300.7297706092174,2199.3643012956886,-94.1222054390496,94.1222054390496,-84.20882946325219,84.20882946325219,965.1621972886676,965.1621972886676,799.2254737718329,799.2254737718329,-99.40905691463831,99.40905691463831,1802.6257285323384,2184.1640738443025,2023.8898251790952,2078.227988876448,2031.0333501822684
2023-11-04 12:00:00,2115.2002692721426,2322.100924889947,2204.647575589634,1342.694079846155,2025.5741164981844,2267.2683284327964,-206.9006556178042,206.9006556178042,-89.44730631749144,89.44730631749144,772.5061894259875,772.5061894259875,89.62615277395821,89.62615277395821,-152.06805916065377,152.06805916065377,2032.4570050513435,2204.647575589634,2192.1089798959024,2218.7579700012207,2183.205151665965
2023-11-04 13:00:00,2240.0294865421224,2422.4972006961225,2454.9505568448362,1327.6047733981975,1636.0848245983357,2396.678043221117,-182.46771415400008,182.46771415400008,-214.92107030271382,214.92107030271382,912.4247131439249,912.4247131439249,603.9446619437867,603.9446619437867,-156.64855667899474,156.64855667899474,2047.5630797517217,2396.678043221117,2287.156786400448,2302.2712171703006,2265.6766256657925
2023-11-04 14:00:00,2019.2045754946807,1979.5925726380783,2001.9610902079705,1253.6544942383453,2264.2265691433604,2005.9758435039835,39.61200285660243,39.61200285660243,17.24348528671021,17.24348528671021,765.5500812563355,765.5500812563355,-245.02199364867965,245.02199364867965,13.22873199069727,13.22873199069727,1901.0821139463474,2001.9610902079705,1989.4093258155701,1963.9544162903305,1967.4207141218362
2023-11-04 15:00:00,1576.9380490740366,1974.0560964639562,1941.199419717521,1013.5071933110531,1666.9546467187217,1868.948512331843,-397.11804738991964,397.11804738991964,-364.2613706434845,364.2613706434845,563.4308557629835,563.4308557629835,-90.01659764468513,90.01659764468513,-292.01046325780635,292.01046325780635,1692.933173708619,1868.948512331843,1854.004355647813,1858.1869443977212,1826.0337272217528
2023-11-04 16:00:00,1217.9374072897294,1125.1881288790928,1170.1988338426088,851.9992965348964,1469.6862068505136,1210.252487939875,92.74927841063663,92.74927841063663,47.73857344712064,47.73857344712064,365.938110754833,365.938110754833,-251.74879956078416,251.74879956078416,7.684919349854454,7.684919349854454,1165.4649908093975,1170.1988338426088,1191.852547245552,1162.790495176419,1181.5364084764458
2023-11-04 17:00:00,385.2075078672557,719.9190081772601,644.1583983989673,582.6631390930173,821.5117308106031,540.7544188335152,-334.71150031000445,334.71150031000445,-258.9508905317116,258.9508905317116,-197.45563122576164,197.45563122576164,-436.30422294334744,436.30422294334744,-155.54691096625947,155.54691096625947,661.8013390626727,644.1583983989673,650.8207072796856,648.7343306397604,630.3776629550714
2023-11-04 18:00:00,49.17657813116972,55.651211228141456,35.44905804527018,354.9440035033344,72.08300708835463,38.30569608517855,-6.474633096971736,6.474633096971736,13.727520085899542,13.727520085899542,-305.76742537216467,305.76742537216467,-22.906428957184914,22.906428957184914,10.870882045991166,10.870882045991166,111.28659519005585,55.651211228141456,62.47477110015974,67.1381718738269,68.80234114724287
2023-11-04 19:00:00,0.0,40.66604795006569,35.49393301934378,369.0178692689165,38.49470819924786,33.00461785122057,-40.66604795006569,40.66604795006569,-35.49393301934378,35.49393301934378,-369.0178692689165,369.0178692689165,-38.49470819924786,38.49470819924786,-33.00461785122057,33.00461785122057,103.33543525775887,38.49470819924786,54.01089607758222,137.65165652014846,84.7667764011151
2023-11-04 20:00:00,0.0,46.16251255833305,36.06088448959936,330.44006373883997,44.34142723316444,39.21637382262509,-46.16251255833305,46.16251255833305,-36.06088448959936,36.06088448959936,-330.44006373883997,330.44006373883997,-44.34142723316444,44.34142723316444,-39.21637382262509,39.21637382262509,99.24425236851238,44.34142723316444,55.97408168273523,130.1710181848671,83.5356551985082
2023-11-04 21:00:00,58.68750103603016,61.908003923975414,35.66873587232431,334.26711623907914,27.825210281863956,36.035891671304064,-3.2205028879452513,3.2205028879452513,23.01876516370585,23.01876516370585,-275.579615203049,275.579615203049,30.862290754166207,30.862290754166207,22.6516093647261,22.6516093647261,99.14099159770937,36.035891671304064,56.46644789748581,122.22098648586055,80.6416069688066
2023-11-04 22:00:00,37.174390938399746,52.69093335013608,44.75013307984602,324.5769432799319,38.998832177352575,29.61121084960205,-15.516542411736332,15.516542411736332,-7.575742141446277,7.575742141446277,-287.40255234153216,287.40255234153216,-1.8244412389528293,1.8244412389528293,7.563180088797697,7.563180088797697,98.12561054737374,44.75013307984602,55.85011813495943,126.39765577887441,80.2216964535453
2023-11-04 23:00:00,0.0,41.01237141339464,35.84654415975377,362.2037184485295,44.59917599815682,32.92573215543172,-41.01237141339464,41.01237141339464,-35.84654415975377,35.84654415975377,-362.2037184485295,362.2037184485295,-44.59917599815682,44.59917599815682,-32.92573215543172,32.92573215543172,103.31750843505328,41.01237141339464,54.3265287905606,138.80449735783998,85.18795596261717
2023-11-05 00:00:00,45.17907556581576,41.57160675350321,38.33045251995508,383.7681638333923,50.715484485127035,40.43512114209546,3.607468812312547,3.607468812312547,6.848623045860677,6.848623045860677,-338.5890882675765,338.5890882675765,-5.5364089193112775,5.5364089193112775,4.743954423720297,4.743954423720297,110.96416574681461,41.57160675350321,59.48572309516675,147.88812497011943,92.49201179736788
2023-11-05 01:00:00,154.88946082720827,50.623376838358084,39.01445522703108,371.970418066443,34.49384305479031,34.16703744715292,104.26608398885018,104.26608398885018,115.87500560017719,115.87500560017719,-217.08095723923475,217.08095723923475,120.39561777241795,120.39561777241795,120.72242338005535,120.72242338005535,106.05382612675507,39.01445522703108,56.808553251004554,137.09299920995835,86.21463845307046
2023-11-05 02:00:00,0.0,32.16384430363642,39.4578797256315,397.3348128492033,50.63908146060211,36.68427091123727,-32.16384430363642,32.16384430363642,-39.4578797256315,39.4578797256315,-397.3348128492033,397.3348128492033,-50.63908146060211,50.63908146060211,-36.68427091123727,36.68427091123727,111.25597785006212,39.4578797256315,58.10797679372885,151.2934403566913,92.40847489738591
2023-11-05 03:00:00,75.37747113564292,45.08085323728317,38.402628782701896,361.3654771375328,42.01444707585525,30.816866985600573,30.29661789835975,30.29661789835975,36.974842352941025,36.974842352941025,-285.9880060018899,285.9880060018899,33.36302405978767,33.36302405978767,44.56060415004235,44.56060415004235,103.53605464379476,42.01444707585525,55.69628953337218,137.81975609435852,84.92539801419828
2023-11-05 04:00:00,0.0,42.489063091884475,40.45930949857381,378.38414842146915,46.12889867521707,43.31092905815396,-42.489063091884475,42.489063091884475,-40.45930949857381,40.45930949857381,-378.38414842146915,378.38414842146915,-46.12889867521707,46.12889867521707,-43.31092905815396,43.31092905815396,110.1544697490597,43.31092905815396,60.99160131084197,144.96008271397375,92.47858496888745
2023-11-05 05:00:00,117.54260623468092,50.67889177490265,39.69582044686549,395.31522441275087,46.290283078041966,42.14483048058523,66.86371445977827,66.86371445977827,77.84678578781543,77.84678578781543,-277.77261817806993,277.77261817806993,71.25232315663895,71.25232315663895,75.39777575409569,75.39777575409569,114.82501003862924,46.290283078041966,62.954465029460266,150.99776547845465,95.57963725621738
2023-11-05 06:00:00,0.0,77.57961557594355,18.525187181727894,284.337806826226,49.61288819078298,1.8812064982468624,-77.57961557594355,77.57961557594355,-18.525187181727894,18.525187181727894,-284.337806826226,284.337806826226,-49.61288819078298,49.61288819078298,-1.8812064982468624,1.8812064982468624,86.38734085458546,49.61288819078298,45.40492852628082,57.512410436227114,48.528911159318845
2023-11-05 07:00:00,550.2709460597567,686.0834118046172,566.6733999482079,611.2532761053405,358.40109201640223,544.9946902990472,-135.81246574486045,135.81246574486045,-16.40245388845119,16.40245388845119,-60.98233004558381,60.98233004558381,191.8698540433545,191.8698540433545,5.276255760709546,5.276255760709546,553.481174034723,566.6733999482079,562.7105739940766,603.976124021978,569.7011822715705
2023-11-05 08:00:00,1330.4844074264984,1168.817841099908,1217.5885487210314,819.2576720341997,605.2575826767795,1285.877624994649,161.66656632659033,161.66656632659033,112.89585870546694,112.89585870546694,511.2267353922987,511.2267353922987,725.2268247497188,725.2268247497188,44.6067824318493,44.6067824318493,1019.3598539053135,1168.817841099908,1136.8233111710779,1159.098380109952,1149.8240031643013
2023-11-05 09:00:00,1722.0560388735653,1711.624737266337,1751.2695748159217,978.3845829676263,1141.0155350298985,1776.3635959347052,10.431301607228306,10.431301607228306,-29.21353594235643,29.21353594235643,743.671455905939,743.671455905939,581.0405038436668,581.0405038436668,-54.30755706113996,54.30755706113996,1471.7316052028978,1711.624737266337,1642.1103576868304,1659.0784552478158,1639.9756841079145
2023-11-05 10:00:00,2047.2676601691003,1733.207089501041,1803.3745766099382,1196.7002009982498,1952.5183280902259,1878.0724904458111,314.0605706680592,314.0605706680592,243.89308355916205,243.89308355916205,850.5674591708505,850.5674591708505,94.74933207887443,94.74933207887443,169.19516972328915,169.19516972328915,1712.7745371290534,1803.3745766099382,1798.3336287150996,1770.536944072876,1788.8305773513657
2023-11-05 11:00:00,2288.6579201787044,2039.946596426208,2103.332879257405,1279.526461144153,2116.0873261003585,2083.0285976840923,248.71132375249636,248.71132375249636,185.32504092129966,185.32504092129966,1009.1314590345514,1009.1314590345514,172.57059407834595,172.57059407834595,205.6293224946121,205.6293224946121,1924.3843721224432,2083.0285976840923,2042.5552060482755,2018.202529512444,2019.709914629523
2023-11-05 12:00:00,2300.869074464324,2103.6620577342765,2195.756392307548,1328.3278743087471,2567.2394872199593,2286.032434830634,197.2070167300476,197.2070167300476,105.11268215677592,105.11268215677592,972.5412001555769,972.5412001555769,-266.37041275563524,266.37041275563524,14.836639633690083,14.836639633690083,2096.2036492802335,2195.756392307548,2212.2022190268253,2156.135648326971,2186.9485770283122
2023-11-05 13:00:00,2131.113342799993,2355.9078090662397,2274.5950781445545,1348.268629961444,2325.0217610396658,2268.034698256343,-224.79446626624667,224.79446626624667,-143.48173534456146,143.48173534456146,782.844712838549,782.844712838549,-193.90841823967276,193.90841823967276,-136.92135545634983,136.92135545634983,2114.365595293649,2274.5950781445545,2249.861747627197,2257.0832116914935,2228.5635465056057
2023-11-05 14:00:00,2188.705174919235,2195.4966192763914,2151.8762169674606,1250.0484785287954,2138.2227240885136,2202.8581287454467,-6.7914443571562515,6.7914443571562515,36.828957951774555,36.828957951774555,938.6566963904397,938.6566963904397,50.48245083072152,50.48245083072152,-14.152953826211615,14.152953826211615,1987.7004335213217,2151.8762169674606,2131.840942524076,2135.3662163905874,2118.273860127753
2023-11-05 15:00:00,1603.0115662256046,1537.5942149245623,1536.2346488272997,1010.7058779926106,2303.0890230285313,1568.920735321147,65.41735130104234,65.41735130104234,66.77691739830493,66.77691739830493,592.305688232994,592.305688232994,-700.0774568029267,700.0774568029267,34.09083090445756,34.09083090445756,1591.30890001883,1537.5942149245623,1635.5679111754293,1563.106576571818,1591.6482733921696
2023-11-05 16:00:00,1145.488753681317,1203.945077402564,1230.2267694372238,816.447794513575,1470.462249400528,1274.7195580363455,-58.456323721247145,58.456323721247145,-84.73801575590687,84.73801575590687,329.0409591677419,329.0409591677419,-324.9734957192111,324.9734957192111,-129.23080435502857,129.23080435502857,1199.1602897580474,1230.2267694372238,1250.3046760626787,1223.7419852993435,1236.9899679674852
2023-11-05 17:00:00,752.6346478078368,709.4185903159917,530.9212970704558,582.1402325841985,948.9507886383919,575.5917749651634,43.21605749184516,43.21605749184516,221.713350737381,221.713350737381,170.49441522363827,170.49441522363827,-196.31614083055513,196.31614083055513,177.04287284267343,177.04287284267343,669.4045367148403,582.1402325841985,635.4980826515393,657.2663296303978,636.8285860205818
2023-11-05 18:00:00,0.0,44.574235257239025,36.18235184843085,399.73102994729936,89.422001748801,34.416877748743474,-44.574235257239025,44.574235257239025,-36.18235184843085,36.18235184843085,-399.73102994729936,399.73102994729936,-89.422001748801,89.422001748801,-34.416877748743474,34.416877748743474,120.86529931010273,44.574235257239025,59.459297758810635,64.41434722054947,68.21852890557727
2023-11-05 19:00:00,14.397862488053754,47.636375449848245,42.89462912147131,381.52804359217686,40.084332828266014,33.13505113787649,-33.23851296179449,33.23851296179449,-28.496766633417558,28.496766633417558,-367.1301811041231,367.1301811041231,-25.68647034021226,25.68647034021226,-18.737188649822734,18.737188649822734,109.0556864259278,42.89462912147131,55.16025678002478,143.36053494540087,87.99438503038856
2023-11-05 20:00:00,107.99115704789885,51.26483272762126,36.06088448959936,363.8344385675478,48.23632008340248,32.13540050863255,56.72632432027759,56.72632432027759,71.93027255829949,71.93027255829949,-255.84328151964894,255.84328151964894,59.75483696449637,59.75483696449637,75.85575653926631,75.85575653926631,106.3063752753607,48.23632008340248,53.92482953099264,142.91575562864608,86.74053070469026
2023-11-05 21:00:00,0.0,48.90331368593511,35.66873587232431,387.2306770675858,33.07287673529096,42.30294303377934,-48.90331368593511,48.90331368593511,-35.66873587232431,35.66873587232431,-387.2306770675858,387.2306770675858,-33.07287673529096,33.07287673529096,-42.30294303377934,42.30294303377934,109.43570927898311,42.30294303377934,56.15020171420565,142.08923672452593,89.81956199417196
2023-11-05 22:00:00,0.0,58.220250033107824,37.308478824846475,352.40032735477496,39.57642112429975,20.12293754480869,-58.220250033107824,58.220250033107824,-37.308478824846475,37.308478824846475,-352.40032735477496,352.40032735477496,-39.57642112429975,39.57642112429975,-20.12293754480869,20.12293754480869,101.52568297636755,39.57642112429975,50.887311038019405,133.4235929934423,79.62299531367377
2023-11-05 23:00:00,29.77483044697949,37.476618103482664,39.65986842973343,396.09528400230874,46.977001268434165,46.443699488780894,-7.701787656503175,7.701787656503175,-9.88503798275394,9.88503798275394,-366.32045355532927,366.32045355532927,-17.202170821454676,17.202170821454676,-16.668869041801404,16.668869041801404,113.33049425854799,46.443699488780894,58.035101723485774,151.55249555470056,94.83111793292166
2023-11-06 00:00:00,45.56997235823749,71.88272343808292,39.42113834689875,380.35872691787824,54.217438884838515,56.03486949184379,-26.312751079845427,26.312751079845427,6.148834011338742,6.148834011338742,-334.7887545596408,334.7887545596408,-8.647466526601022,8.647466526601022,-10.4648971336063,10.4648971336063,120.38297941590845,56.03486949184379,69.24965985325238,152.60505447685202,101.83998408058177
2023-11-06 01:00:00,87.65606966913097,38.690118347935,39.574353088034,330.9843393966095,34.094842195529175,33.55408663089068,48.96595132119597,48.96595132119597,48.08171658109697,48.08171658109697,-243.32826972747856,243.32826972747856,53.5612274736018,53.5612274736018,54.10198303824029,54.10198303824029,95.37954793179968,38.690118347935,49.5752179295158,124.54027420157503,78.0213745518653
2023-11-06 02:00:00,187.12094514935097,53.354513296283905,44.38205238267572,361.7472986509177,51.5007299642721,35.812857146317,133.76643185306708,133.76643185306708,142.73889276667526,142.73889276667526,-174.6263535015667,174.6263535015667,135.62021518507888,135.62021518507888,151.30808800303396,151.30808800303396,109.35949028809327,51.5007299642721,57.98692827489229,144.57470057026578,89.80295814042947
2023-11-06 03:00:00,0.0,42.005831228775705,38.33045251995508,339.88069060771784,48.442064246966595,44.71866475583612,-42.005831228775705,42.005831228775705,-38.33045251995508,38.33045251995508,-339.88069060771784,339.88069060771784,-48.442064246966595,48.442064246966595,-44.71866475583612,44.71866475583612,102.67554067185026,44.71866475583612,56.258166078377286,134.75663230785284,86.7832806014063
2023-11-06 04:00:00,19.585400551782683,29.826437704247382,37.64694187209812,359.4934356289825,47.189438603455585,35.66306156285731,-10.241037152464699,10.241037152464699,-18.061541320315435,18.061541320315435,-339.9080350771998,339.9080350771998,-27.6040380516729,27.6040380516729,-16.077661011074625,16.077661011074625,101.96386307432819,37.64694187209812,50.99284104125634,138.01788869170642,84.22860384732593
2023-11-06 05:00:00,0.0,49.86793103916195,50.06529534922174,379.4981100900435,46.84925416493446,35.56664878494942,-49.86793103916195,49.86793103916195,-50.06529534922174,50.06529534922174,-379.4981100900435,379.4981100900435,-46.84925416493446,46.84925416493446,-35.56664878494942,35.56664878494942,112.3694478856622,49.86793103916195,59.81080672382812,147.5495140047354,91.79531555269139
2023-11-06 06:00:00,66.63769995473305,43.29000333424116,37.444948897332125,379.1989957194997,56.95802555035257,39.68162963323214,23.347696620491888,23.347696620491888,29.192751057400926,29.192751057400926,-312.56129576476667,312.56129576476667,9.679674404380478,9.679674404380478,26.95607032150091,26.95607032150091,111.31472062693153,43.29000333424116,56.927174109230805,62.614906411745565,66.06189420832565
2023-11-06 07:00:00,650.0309931834934,714.3463512474789,566.6733999482079,625.5299256536478,407.07167510713265,529.8040104222233,-64.31535806398551,64.31535806398551,83.35759323528544,83.35759323528544,24.501067529845614,24.501067529845614,242.95931807636072,242.95931807636072,120.22698276127005,120.22698276127005,568.685072475738,566.6733999482079,573.6767222082472,615.2852653683799,576.3864128525804
2023-11-06 08:00:00,1049.2849567900569,1190.996818217704,1129.225402376563,824.8040011806424,667.2442013814575,1206.6675791570367,-141.71186142764714,141.71186142764714,-79.94044558650603,79.94044558650603,224.48095560941442,224.48095560941442,382.04075540859935,382.04075540859935,-157.38262236697983,157.38262236697983,1003.7876004626808,1129.225402376563,1098.6556831662897,1139.535281172997,1113.5483252257295
2023-11-06 09:00:00,1548.1874472974541,1604.5428148108135,1698.9673460869633,995.3526709455756,940.3700588606023,1712.6997901480877,-56.3553675133594,56.3553675133594,-150.77989878950916,150.77989878950916,552.8347763518785,552.8347763518785,607.8173884368518,607.8173884368518,-164.51234285063356,164.51234285063356,1390.3865361704084,1604.5428148108135,1545.065558292372,1572.7430238198742,1555.959839897373
2023-11-06 10:00:00,2060.541268845422,2090.27464371284,2102.9790322351905,1220.2565916572057,1345.4677529549688,2093.5222415841945,-29.73337486741775,29.73337486741775,-42.437763389768406,42.437763389768406,840.2846771882164,840.2846771882164,715.0735158904533,715.0735158904533,-32.98097273877238,32.98097273877238,1770.50005242888,2090.27464371284,1949.3880357505514,1995.3165456890583,1956.215833234498
2023-11-06 11:00:00,2432.7245386605728,2395.327785245526,2507.76805554156,1316.7099153126705,1910.695710430594,2517.0155423888336,37.39675341504699,37.39675341504699,-75.04351688098723,75.04351688098723,1116.0146233479022,1116.0146233479022,522.0288282299787,522.0288282299787,-84.29100372826088,84.29100372826088,2129.503401783837,2395.327785245526,2358.422406321322,2352.0867973500117,2342.456549935934
2023-11-06 12:00:00,2266.295907682156,2351.578012828646,2354.3189445905987,1295.9584756585932,2553.3032658051943,2402.8891732602447,-85.28210514648981,85.28210514648981,-88.02303690844246,88.02303690844246,970.337432023563,970.337432023563,-287.0073581230381,287.0073581230381,-136.59326557808845,136.59326557808845,2191.6095744286554,2354.3189445905987,2341.436288216066,2318.9808294381282,2317.024884834038
2023-11-06 13:00:00,2303.123869578484,2197.6878705621334,2218.4069704135013,1403.951436681314,2455.3315414607573,2251.8233150151673,105.4359990163507,105.4359990163507,84.7168991649828,84.7168991649828,899.1724328971702,899.1724328971702,-152.2076718822732,152.2076718822732,51.30055456331684,51.30055456331684,2105.4402268265744,2218.4069704135013,2208.5163538350794,2186.254210777376,2189.883877752085
2023-11-06 14:00:00,1952.5241112399065,2089.901728157496,2032.7754478210197,1214.7763387096193,2191.081893881979,2009.4356158612945,-137.37761691758965,137.37761691758965,-80.25133658111326,80.25133658111326,737.7477725302872,737.7477725302872,-238.55778264207243,238.55778264207243,-56.911504621388076,56.911504621388076,1907.5942048862817,2032.7754478210197,2027.9329133930992,2011.0696374872714,1995.1067294136265
2023-11-06 15:00:00,1630.7362597777599,1664.8312507873236,1760.0724189110279,1092.9003659093264,2024.2228655819622,1769.7095541416472,-34.09499100956373,34.09499100956373,-129.33615913326798,129.33615913326798,537.8358938684335,537.8358938684335,-393.4866058042023,393.4866058042023,-138.97329436388736,138.97329436388736,1662.3472910662574,1760.0724189110279,1728.0470726553665,1695.5495538773007,1713.4903570013812
2023-11-06 16:00:00,1074.5148536971342,1112.7364570922207,1185.416478709936,856.5694539768359,1550.5635442850228,1270.981679977476,-38.221603395086504,38.221603395086504,-110.90162501280179,110.90162501280179,217.94539972029827,217.94539972029827,-476.0486905878886,476.0486905878886,-196.46682628034182,196.46682628034182,1195.2535228082984,1185.416478709936,1204.7796493920455,1184.9651436726208,1210.1704784765548
2023-11-06 17:00:00,487.37945096284966,589.2714777573107,796.841623693243,581.2181243624782,768.1201457946165,594.2635401937312,-101.892026794461,101.892026794461,-309.4621727303934,309.4621727303934,-93.83867339962853,93.83867339962853,-280.74069483176686,280.74069483176686,-106.8840892308815,106.8840892308815,665.9429823602759,594.2635401937312,663.7819940159252,613.7705478691264,635.307067076317
2023-11-06 18:00:00,156.82317327373164,43.46459267791458,36.18235184843085,364.0034771307479,78.91411412890515,28.61343609877501,113.35858059581706,113.35858059581706,120.6408214253008,120.6408214253008,-207.18030385701627,207.18030385701627,77.90905914482649,77.90905914482649,128.20973717495662,128.20973717495662,110.2355943769547,43.46459267791458,55.47721145464237,59.04054621388474,62.12513339570407
2023-11-06 19:00:00,0.0,60.21968759812373,36.400122603057085,357.56315962973184,42.95967986482395,49.64425651380557,-60.21968759812373,60.21968759812373,-36.400122603057085,36.400122603057085,-357.56315962973184,357.56315962973184,-42.95967986482395,42.95967986482395,-49.64425651380557,49.64425651380557,109.35738124190843,49.64425651380557,63.68324042553854,139.34609678899082,92.7091287155016
2023-11-06 20:00:00,0.0,48.768639827342675,37.74480456887714,381.6431459928139,43.40672822209879,35.44541514201141,-48.768639827342675,48.768639827342675,-37.74480456887714,37.74480456887714,-381.6431459928139,381.6431459928139,-43.40672822209879,43.40672822209879,-35.44541514201141,35.44541514201141,109.40174675062879,43.40672822209879,57.95097197408816,144.87765355331334,89.81802003674849
2023-11-06 21:00:00,0.0,41.883435438313484,37.74480456887714,380.8885766913867,30.986994718570102,40.77425774100305,-41.883435438313484,41.883435438313484,-37.74480456887714,37.74480456887714,-380.8885766913867,380.8885766913867,-30.986994718570102,30.986994718570102,-40.77425774100305,40.77425774100305,106.45561383163007,40.77425774100305,55.38624523341427,138.89364821714494,87.72994234969438
2023-11-06 22:00:00,0.0,50.119895369937716,37.308478824846475,386.75139579552194,39.318256172631465,38.95154617400741,-50.119895369937716,50.119895369937716,-37.308478824846475,37.308478824846475,-386.75139579552194,386.75139579552194,-39.318256172631465,39.318256172631465,-38.95154617400741,38.95154617400741,110.48991446738899,39.318256172631465,58.58961630230886,143.5481980594986,90.52963643682152
2023-11-06 23:00:00,0.0,68.19066784978651,37.5837997331806,356.39335266547164,44.73960936329004,41.862646847640214,-68.19066784978651,68.19066784978651,-37.5837997331806,37.5837997331806,-356.39335266547164,356.39335266547164,-44.73960936329004,44.73960936329004,-41.862646847640214,41.862646847640214,109.7540152918738,44.73960936329004,64.46284616435102,138.2357323539445,91.13290598339145
2023-11-07 00:00:00,67.03023546736777,58.43047994796544,39.182204470758954,433.0955898998205,51.42438882470007,42.23545405314499,8.599755519402336,8.599755519402336,27.84803099660882,27.84803099660882,-366.0653544324527,366.0653544324527,15.605846642667707,15.605846642667707,24.794781414222783,24.794781414222783,124.87362343927798,51.42438882470007,66.36253680503766,165.92574914723616,103.10830128416674
2023-11-07 01:00:00,0.0,40.71763172818382,37.08995693927772,379.50666072296815,35.0774502372091,44.23201108939017,-40.71763172818382,40.71763172818382,-37.08995693927772,37.08995693927772,-379.50666072296815,379.50666072296815,-35.0774502372091,35.0774502372091,-44.23201108939017,44.23201108939017,107.3247421434058,40.71763172818382,56.34546037231071,140.09826783022922,89.24446910732117
2023-11-07 02:00:00,90.70110131446675,48.705644110727434,39.574353088034,366.904079214926,41.29126782582909,30.048325177492682,41.99545720373932,41.99545720373932,51.12674822643275,51.12674822643275,-276.20297790045925,276.20297790045925,49.409833488637666,49.409833488637666,60.65277613697407,60.65277613697407,105.30473388340184,41.29126782582909,55.702987459954215,138.97511124255817,85.47404142293263
2023-11-07 03:00:00,46.789719605497744,41.70245260985466,39.574353088034,349.1635817268342,45.73261448585762,40.411858514695666,5.087266995643084,5.087266995643084,7.2153665174637425,7.2153665174637425,-302.37386212133646,302.37386212133646,1.057105119640127,1.057105119640127,6.377861090802078,6.377861090802078,103.31697208505523,41.70245260985466,54.892376553111966,135.55285609534968,85.87933591448866
2023-11-07 04:00:00,0.0,40.499864942716684,37.64694187209812,382.4133640562094,46.12359918237499,31.526333733717692,-40.499864942716684,40.499864942716684,-37.64694187209812,37.64694187209812,-382.4133640562094,382.4133640562094,-46.12359918237499,46.12359918237499,-31.526333733717692,31.526333733717692,107.64202075742337,40.499864942716684,52.94308392203605,145.32340837262782,87.31361858662738
2023-11-07 05:00:00,94.00258953931736,32.40971634193133,37.444948897332125,429.78569697851304,47.88992640427082,39.332123297424765,61.59287319738603,61.59287319738603,56.55764064198523,56.55764064198523,-335.7831074391957,335.7831074391957,46.11266313504654,46.11266313504654,54.67046624189259,54.67046624189259,117.37248238389444,39.332123297424765,54.637437989987205,159.89131664448965,95.69954752660689
2023-11-07 06:00:00,310.3201276114097,47.32771873776798,39.74210233176188,396.9790930385976,56.199874104014455,42.52348069927471,262.9924088736417,262.9924088736417,270.5780252796478,270.5780252796478,-86.65896542718792,86.65896542718792,254.12025350739526,254.12025350739526,267.796646912135,267.796646912135,116.55445378228335,47.32771873776798,60.55922765093299,66.65446783957461,69.97969554346389
2023-11-07 07:00:00,642.3033407974139,687.7606594076924,620.8544413638978,678.7499627357913,449.2785972762035,533.0616655140525,-45.45731861027855,45.45731861027855,21.44889943351609,21.44889943351609,-36.44662193837746,36.44662193837746,193.02474352121033,193.02474352121033,109.24167528336136,109.24167528336136,593.9410652595275,620.8544413638978,604.2278261198238,613.205082995151,590.6304188892084
2023-11-07 08:00:00,1016.8710423594542,902.8343043260547,1074.6705286148585,852.5631159382933,842.7478191648362,1054.5237565856464,114.0367380333995,114.0367380333995,-57.799486255404304,57.799486255404304,164.30792642116091,164.30792642116091,174.12322319461805,174.12322319461805,-37.65271422619219,37.65271422619219,945.4679049259379,902.8343043260547,978.8889349905133,961.1312201838973,982.00437885464
2023-11-07 09:00:00,1645.46125511745,1401.8872162142998,1434.0634337743984,914.6216859774231,1071.0625842460931,1456.7661358020528,243.57403890315027,243.57403890315027,211.39782134305165,211.39782134305165,730.8395691400269,730.8395691400269,574.3986708713569,574.3986708713569,188.69511931539728,188.69511931539728,1255.6802112028533,1401.8872162142998,1365.1595039358922,1374.4887905871917,1364.3837577579066
2023-11-07 10:00:00,2102.387966483227,2116.76066035805,2135.6465470574058,1102.3232124497392,1457.5068916536134,2095.492969779133,-14.372693874822744,14.372693874822744,-33.25858057417872,33.25858057417872,1000.0647540334878,1000.0647540334878,644.8810748296137,644.8810748296137,6.8949967040939555,6.8949967040939555,1781.5460562595879,2095.492969779133,1989.6694495439772,2009.815971954836,1975.253431657388
2023-11-07 11:00:00,2540.7511781834733,2527.775438118308,2530.603941655652,1380.935731385168,1765.1288151949013,2568.508532163995,12.975740065165155,12.975740065165155,10.147236527821406,10.147236527821406,1159.8154467983052,1159.8154467983052,775.6223629885719,775.6223629885719,-27.757353980521657,27.757353980521657,2154.590491703605,2527.775438118308,2395.6919356219914,2428.0398824076033,2391.739350182398
2023-11-07 12:00:00,2284.261846184732,2388.107772801084,2409.769932647514,1430.2347722715344,2772.5783639230262,2354.31814364582,-103.84592661635224,103.84592661635224,-125.5080864627821,125.5080864627821,854.0270739131975,854.0270739131975,-488.31651773829435,488.31651773829435,-70.05629746108798,70.05629746108798,2271.001797057796,2388.107772801084,2378.847101885653,2342.8390913315184,2341.5698461058746
2023-11-07 13:00:00,2466.6173536336164,2350.058034043484,2379.1364189700025,1502.7471555334507,2235.762816723518,2424.946719189335,116.55931959013242,116.55931959013242,87.48093466361388,87.48093466361388,963.8701981001657,963.8701981001657,230.85453691009843,230.85453691009843,41.670634444281404,41.670634444281404,2178.530228891958,2350.058034043484,2325.8971389319663,2321.0662980417815,2314.784420708383
2023-11-07 14:00:00,2139.8707249090276,2122.540740138012,2139.754277294777,1277.872594198184,2723.886659566738,2119.2165143119505,17.32998477101546,17.32998477101546,0.11644761425077377,0.11644761425077377,861.9981307108435,861.9981307108435,-584.0159346577107,584.0159346577107,20.654210597077054,20.654210597077054,2076.6541571019325,2122.540740138012,2145.5022370962715,2107.7774974793697,2115.1580546554687
2023-11-07 15:00:00,2004.4738302302596,1739.5717705989055,1737.595503811245,1224.85097441789,2239.0538574175766,1767.0326885720533,264.9020596313542,264.9020596313542,266.8783264190147,266.8783264190147,779.6228558123696,779.6228558123696,-234.580027187317,234.580027187317,237.44114165820633,237.44114165820633,1741.6209589635341,1739.5717705989055,1768.6757764765446,1748.4248025002385,1756.8609032001525
2023-11-07 16:00:00,1177.6043869928799,1052.011969677437,1143.1540854347782,832.2918198183951,1945.4829161028235,1158.0588069905477,125.59241731544284,125.59241731544284,34.45030155810173,34.45030155810173,345.3125671744848,345.3125671744848,-767.8785291099437,767.8785291099437,19.545580002332144,19.545580002332144,1226.1999196047964,1143.1540854347782,1187.7271888290745,1136.0824058495782,1173.9946237226645
2023-11-07 17:00:00,953.7752775186514,739.3561847266807,579.710612472313,683.2916590187498,955.9518829953985,612.2035137968767,214.41909279197068,214.41909279197068,374.0646650463384,374.0646650463384,270.4836184999016,270.4836184999016,-2.1766054767471132,2.1766054767471132,341.5717637217747,341.5717637217747,714.1027706020037,683.2916590187498,673.0958199380597,693.6343592103365,675.2803106242949
2023-11-07 18:00:00,43.98260528487717,58.94488331209143,24.47328080034409,340.8104346075049,96.90705969761616,36.86180725027331,-14.96227802721426,14.96227802721426,19.509324484533078,19.509324484533078,-296.82782932262774,296.82782932262774,-52.924454412738996,52.924454412738996,7.120798034603858,7.120798034603858,111.59949313356597,58.94488331209143,60.811612395490926,68.11634343998836,68.37064682741163
2023-11-07 19:00:00,84.69647581151631,38.89936899350162,37.74480456887714,420.25731924882655,43.55392219587124,28.41142490770973,45.79710681801469,45.79710681801469,46.951671242639165,46.951671242639165,-335.56084343731027,335.56084343731027,41.14255361564507,41.14255361564507,56.28505090380658,56.28505090380658,113.77336798295725,38.89936899350162,53.94034726932801,155.16857535104694,91.16963536424588
2023-11-07 20:00:00,170.03324439360642,49.88686581369351,35.94441112719686,378.0291234517611,53.36378381438239,33.04342349054418,120.14637857991292,120.14637857991292,134.08883326640955,134.08883326640955,-207.99587905815469,207.99587905815469,116.66946057922404,116.66946057922404,136.98982090306225,136.98982090306225,110.05352153951563,49.88686581369351,56.83912238561209,149.72031030538935,90.58721881331239
2023-11-07 21:00:00,0.0,42.16922073627952,44.9657706486668,397.3878870086557,37.63785256027257,38.2589191919439,-42.16922073627952,42.16922073627952,-44.9657706486668,44.9657706486668,-397.3878870086557,397.3878870086557,-37.63785256027257,37.63785256027257,-38.2589191919439,38.2589191919439,112.08393002916368,42.16922073627952,59.13711512680622,146.9222733475896,91.88638638654025
2023-11-07 22:00:00,96.90968460267541,54.40948236856552,35.47134400443344,400.0392119532635,43.31232386013908,32.108783105242125,42.50020223410989,42.50020223410989,61.43834059824197,61.43834059824197,-303.1295273505881,303.1295273505881,53.59736074253633,53.59736074253633,64.80090149743329,64.80090149743329,113.06822905832871,43.31232386013908,58.71421639930688,150.3303902880764,91.74878443892915
2023-11-07 23:00:00,0.0,51.407661640686904,38.58796673619019,403.0805881761108,53.4657544823653,53.49620744930071,-51.407661640686904,51.407661640686904,-38.58796673619019,38.58796673619019,-403.0805881761108,403.0805881761108,-53.4657544823653,53.4657544823653,-53.49620744930071,53.49620744930071,120.00763569693079,53.4657544823653,66.55208904029871,158.35020459048891,102.17145671848259
2023-11-08 00:00:00,15.111887932093069,64.43015725841487,39.01445522703108,359.82361560827485,56.43554106208436,38.32543041268416,-49.3182693263218,49.3182693263218,-23.90256729493801,23.90256729493801,-344.7117276761818,344.7117276761818,-41.32365312999129,41.32365312999129,-23.213542480591094,23.213542480591094,111.60583991369785,56.43554106208436,63.89568792667527,147.4519634259415,93.39054947106143
2023-11-08 01:00:00,8.30612574105881,55.15840752488396,39.182204470758954,375.0322264918101,39.64251007367451,42.15608174246581,-46.85228178382515,46.85228178382515,-30.876078729700144,30.876078729700144,-366.7261007507513,366.7261007507513,-31.336384332615697,31.336384332615697,-33.849956001406994,33.849956001406994,110.23428606071866,42.15608174246581,61.57403961663333,141.01349649975256,91.25433439555266
2023-11-08 02:00:00,57.24107364318094,48.105360959780654,39.574353088034,325.67561276571564,49.80710553898455,52.8065028800579,9.135712683400286,9.135712683400286,17.666720555146938,17.666720555146938,-268.4345391225347,268.4345391225347,7.4339681041963885,7.4339681041963885,4.434570763123041,4.434570763123041,103.19378704651453,49.80710553898455,61.41878902002779,132.56765770700386,89.39599200342398
2023-11-08 03:00:00,53.01843272519986,37.39706757696833,39.74210233176188,340.82802188515217,48.34616908249405,36.56959554371311,15.621365148231526,15.621365148231526,13.27633039343798,13.27633039343798,-287.80958915995234,287.80958915995234,4.672263642705808,4.672263642705808,16.448837181486745,16.448837181486745,100.5765912840179,39.74210233176188,54.102772211525604,133.50950489807184,83.71292049842543
2023-11-08 04:00:00,0.0,36.68433202056985,39.182204470758954,354.3920479642432,51.9806124923198,34.8783883463263,-36.68433202056985,36.68433202056985,-39.182204470758954,39.182204470758954,-354.3920479642432,354.3920479642432,-51.9806124923198,51.9806124923198,-34.8783883463263,34.8783883463263,103.42351705884361,39.182204470758954,54.389308235004485,138.86452072742856,85.63652976976388
2023-11-08 05:00:00,12.485417099490242,59.13581143992831,39.182204470758954,390.00467042484354,50.29105726795228,43.33995060427874,-46.65039434043807,46.65039434043807,-26.696787371268712,26.696787371268712,-377.5192533253533,377.5192533253533,-37.80564016846204,37.80564016846204,-30.8545335047885,30.8545335047885,116.39073884155236,50.29105726795228,64.65814967433015,152.20514121501967,97.00512515597116
2023-11-08 06:00:00,0.0,58.45722511365379,42.34503730439758,414.32684840925003,49.89627511696521,43.19254138993833,-58.45722511365379,58.45722511365379,-42.34503730439758,42.34503730439758,-414.32684840925003,414.32684840925003,-49.89627511696521,49.89627511696521,-43.19254138993833,43.19254138993833,121.64358546684097,49.89627511696521,66.22579556245918,72.83372810249531,74.68508247084222
2023-11-08 07:00:00,713.5104217794111,689.3505369131813,620.6711756671303,642.4928355156411,375.0803560606958,541.1007624247128,24.159884866229845,24.159884866229845,92.83924611228076,92.83924611228076,71.01758626377,71.01758626377,338.4300657187153,338.4300657187153,172.4096593546983,172.4096593546983,573.7391333162723,620.6711756671303,592.4690603090186,610.1921834875681,583.766352287173
2023-11-08 08:00:00,1318.4255443783898,945.6960047661753,1114.5381928333907,757.4033808329824,1008.2397643195608,1146.2079615311186,372.72953961221447,372.72953961221447,203.8873515449991,203.8873515449991,561.0221635454074,561.0221635454074,310.185780058829,310.185780058829,172.21758284727116,172.21758284727116,994.4170608566455,1008.2397643195608,1050.7794509062019,1020.4659086227994,1049.4986123362532
2023-11-08 09:00:00,1587.0332529556915,1573.9751457043576,1613.9716946940966,1029.0703930001323,1448.44303378432,1610.9023953133922,13.058107251333922,13.058107251333922,-26.938441738405118,26.938441738405118,557.9628599555592,557.9628599555592,138.59021917137147,138.59021917137147,-23.86914235770064,23.86914235770064,1455.2725324992598,1573.9751457043576,1558.324042073016,1549.4425366255387,1545.5649591720967
2023-11-08 10:00:00,1753.497784166858,1888.682133595357,1933.9997669568243,1097.9630622669379,1495.7671536670273,1892.1890646080005,-135.184349428499,135.184349428499,-180.50198278996618,180.50198278996618,655.5347218999202,655.5347218999202,257.7306304998308,257.7306304998308,-138.69128044114245,138.69128044114245,1661.7202362188295,1888.682133595357,1829.4091158996926,1821.645643686192,1806.0982880411316
2023-11-08 11:00:00,2428.482997380091,2671.6372918695565,2617.703934096521,1301.726660901698,1233.7950774045225,2568.12049469016,-243.15429448946543,243.15429448946543,-189.22093671643006,189.22093671643006,1126.756336478393,1126.756336478393,1194.6879199755685,1194.6879199755685,-139.63749731006874,139.63749731006874,2078.5966917924916,2568.12049469016,2399.1644170609065,2462.6700726926183,2387.893784222588
2023-11-08 12:00:00,2281.1597580285093,2386.334992826893,2412.661508366648,1312.0244811522473,2693.25033748082,2484.1483434676165,-105.17523479838383,105.17523479838383,-131.50175033813866,131.50175033813866,969.135276876262,969.135276876262,-412.0905794523105,412.0905794523105,-202.98858543910728,202.98858543910728,2257.683932658845,2412.661508366648,2403.1162222549206,2377.083679968696,2382.426425892377
2023-11-08 13:00:00,2462.5910582439833,2637.325277187207,2601.5421097029266,1401.272114014186,2103.3700533727697,2678.5927413026157,-174.73421894322382,174.73421894322382,-138.9510514589433,138.9510514589433,1061.3189442297974,1061.3189442297974,359.2210048712136,359.2210048712136,-216.00168305863235,216.00168305863235,2284.420459115941,2601.5421097029266,2513.489716220186,2543.83407100045,2509.799776249902
2023-11-08 14:00:00,2033.218573368366,2059.365776238068,2075.9494132850723,1210.7445764549695,2554.184772984763,2047.5608239159847,-26.14720286970214,26.14720286970214,-42.73083991670637,42.73083991670637,822.4739969133964,822.4739969133964,-520.9661996163973,520.9661996163973,-14.342250547618733,14.342250547618733,1989.5610725757717,2059.365776238068,2074.6098686277965,2034.882879442754,2040.2722037195165
2023-11-08 15:00:00,1612.7940574631157,1893.947849406136,1852.4864870699967,1051.8779233162945,1762.0571537684204,1779.7354515681786,-281.1537919430202,281.1537919430202,-239.69242960688098,239.69242960688098,560.9161341468212,560.9161341468212,-149.26309630530477,149.26309630530477,-166.94139410506295,166.94139410506295,1668.0209730258052,1779.7354515681786,1789.9455390034263,1791.9060671406496,1764.1067667620196
2023-11-08 16:00:00,1377.327116424175,1216.410756592576,1254.3418941545747,945.6163132779883,1544.9751740312734,1317.967963156295,160.91635983159904,160.91635983159904,122.9852222696004,122.9852222696004,431.7108031461868,431.7108031461868,-167.64805760709828,167.64805760709828,59.359153267880174,59.359153267880174,1255.8624202425415,1254.3418941545747,1280.8984773228615,1258.7134176566815,1276.6496451736302
2023-11-08 17:00:00,630.1966935240076,767.8067299165667,945.2486120787448,652.6049443134074,837.6518812041575,736.7438244758591,-137.6100363925591,137.6100363925591,-315.0519185547372,315.0519185547372,-22.408250789399744,22.408250789399744,-207.45518768014983,207.45518768014983,-106.5471309518515,106.5471309518515,788.0111983977472,767.8067299165667,810.1283999868562,764.5491988287085,777.3542842193907
2023-11-08 18:00:00,17.33616099570368,65.79387124958636,35.47681937149442,448.5566861698809,85.23699821815424,48.75299155923645,-48.45771025388268,48.45771025388268,-18.140658375790743,18.140658375790743,-431.2205251741772,431.2205251741772,-67.90083722245056,67.90083722245056,-31.41683056353277,31.41683056353277,136.76347331367046,65.79387124958636,75.17319138855297,81.9724879617066,84.24699677965924
2023-11-08 19:00:00,73.67903744436602,51.21360807324011,34.81698392152044,358.57273527146145,38.69190780219256,39.27409763916859,22.465429371125907,22.465429371125907,38.86205352284558,38.86205352284558,-284.8936978270954,284.8936978270954,34.98712964217346,34.98712964217346,34.40493980519743,34.40493980519743,104.5138665415166,39.27409763916859,57.717440263579086,134.83081299406604,86.52206881343056
2023-11-08 20:00:00,0.0,49.2778781881936,38.491179972736106,394.47986677413127,45.17150794157975,21.170906386975034,-49.2778781881936,49.2778781881936,-38.491179972736106,38.491179972736106,-394.47986677413127,394.47986677413127,-45.17150794157975,45.17150794157975,-21.170906386975034,21.170906386975034,109.71826785272314,45.17150794157975,55.42477534614033,149.9640155913452,87.7944721291853
2023-11-08 21:00:00,0.0,68.5948580289075,33.72749795661729,322.6178825330107,31.81764055086829,51.09881619661154,-68.5948580289075,68.5948580289075,-33.72749795661729,33.72749795661729,-322.6178825330107,322.6178825330107,-31.81764055086829,31.81764055086829,-51.09881619661154,51.09881619661154,101.57133905320306,51.09881619661154,61.92968145091787,124.84206583923398,86.56555523700847
2023-11-08 22:00:00,45.201842482288754,44.35650079842428,38.87093154529277,414.8025411484122,37.83884658870756,49.26669992884591,0.8453416838644756,0.8453416838644756,6.330910936995984,6.330910936995984,-369.60069866612344,369.60069866612344,7.362995893581193,7.362995893581193,-4.064857446557156,4.064857446557156,117.02710400193655,44.35650079842428,61.93874645599492,152.88325121953397,97.70536008881517
2023-11-08 23:00:00,0.0,41.511657765243164,37.41605048945272,341.2762800847862,48.10768552265709,37.27566046216147,-41.511657765243164,41.511657765243164,-37.41605048945272,37.41605048945272,-341.2762800847862,341.2762800847862,-48.10768552265709,48.10768552265709,-37.27566046216147,37.27566046216147,101.11746686486012,41.511657765243164,54.35060844986147,134.07945556407165,84.20764466958425
2023-11-09 00:00:00,0.0,64.9771853966621,37.56802169845372,388.6534691978993,53.85957791287623,41.08229682387596,-64.9771853966621,64.9771853966621,-37.56802169845372,37.56802169845372,-388.6534691978993,388.6534691978993,-53.85957791287623,53.85957791287623,-41.08229682387596,41.08229682387596,117.22811020595346,53.85957791287623,64.50656308832626,154.29774529838312,97.30337392197869
2023-11-09 01:00:00,0.0,47.46482851131853,41.258273167311785,399.59072152494394,36.20737813188394,35.482738612866704,-47.46482851131853,47.46482851131853,-41.258273167311785,41.258273167311785,-399.59072152494394,399.59072152494394,-36.20737813188394,36.20737813188394,-35.482738612866704,35.482738612866704,112.00078798966497,41.258273167311785,57.767278818767245,146.73764966043026,90.8481838642656
2023-11-09 02:00:00,0.0,58.19920500372256,39.69582044686549,375.43073498599466,46.71511330837183,41.70752119119919,-58.19920500372256,58.19920500372256,-39.69582044686549,39.69582044686549,-375.43073498599466,375.43073498599466,-46.71511330837183,46.71511330837183,-41.70752119119919,41.70752119119919,112.34967898723076,46.71511330837183,62.096288500732044,145.3297998116587,93.0392665294032
2023-11-09 03:00:00,0.0,50.6271763634967,39.01445522703108,372.06869160425117,42.88213757428332,43.22107926329019,-50.6271763634967,50.6271763634967,-39.01445522703108,39.01445522703108,-372.06869160425117,372.06869160425117,-42.88213757428332,42.88213757428332,-43.22107926329019,43.22107926329019,109.56270800647049,43.22107926329019,59.92067092888038,141.73978628997574,91.05489461960897
2023-11-09 04:00:00,0.0,37.20767670595491,39.69582044686549,407.0926102759767,46.421090094521034,38.149412843171376,-37.20767670595491,37.20767670595491,-39.69582044686549,39.69582044686549,-407.0926102759767,407.0926102759767,-46.421090094521034,46.421090094521034,-38.149412843171376,38.149412843171376,113.7133220732979,39.69582044686549,57.410419773148064,152.60496525466107,93.3771624916366
2023-11-09 05:00:00,110.05318874451913,51.554678000408806,37.895427005185205,348.84739460667174,48.73022525940145,39.252119296584475,58.49851074411033,58.49851074411033,72.15776173933392,72.15776173933392,-238.7942058621526,238.7942058621526,61.32296348511768,61.32296348511768,70.80106944793465,70.80106944793465,105.25596883365033,48.73022525940145,58.25760336055947,138.76537606358252,88.00851145328956
2023-11-09 06:00:00,101.79915997989697,51.95780283368237,38.72931910235861,383.2828321046623,60.68045948267321,36.172849181885894,49.8413571462146,49.8413571462146,63.06984087753836,63.06984087753836,-281.48367212476535,281.48367212476535,41.11870049722376,41.11870049722376,65.62631079801108,65.62631079801108,114.16465254105249,51.95780283368237,61.291582542853995,65.88437165035447,68.2202866025502
2023-11-09 07:00:00,732.7041562433803,680.0842784173093,725.2120043370235,636.6809207296037,355.9348400248241,554.4254616981804,52.61987782607105,52.61987782607105,7.492151906356867,7.492151906356867,96.02323551377663,96.02323551377663,376.76931621855624,376.76931621855624,178.27869454519998,178.27869454519998,590.4675010413882,636.6809207296037,611.1542785324971,615.5016001887943,596.9753561643012
2023-11-09 08:00:00,1199.003613081887,1322.3077018222364,1338.392410776903,876.3419307317987,729.4082517541673,1347.2233739704568,-123.30408874034947,123.30408874034947,-139.38879769501614,139.38879769501614,322.6616823500882,322.6616823500882,469.5953613277196,469.5953613277196,-148.2197608885699,148.2197608885699,1122.7347338111124,1322.3077018222364,1238.06920626814,1269.9105130633652,1246.3855373557653
2023-11-09 09:00:00,1677.0491717475654,1634.2446003792863,1714.2344098820856,988.3056166157825,1251.127979989477,1675.6747581925486,42.804571368279085,42.804571368279085,-37.185238134520205,37.185238134520205,688.743555131783,688.743555131783,425.9211917580885,425.9211917580885,1.3744135550168721,1.3744135550168721,1452.717473011836,1634.2446003792863,1591.9055576440587,1592.2155095130302,1580.9147663880035
2023-11-09 10:00:00,1825.0172945566273,1578.8996195325733,1592.628829194289,1007.5236812942181,1931.1904897878176,1710.987414275766,246.11767502405405,246.11767502405405,232.38846536233837,232.38846536233837,817.4936132624092,817.4936132624092,-106.17319523119022,106.17319523119022,114.02988028086133,114.02988028086133,1564.2460068169328,1592.628829194289,1632.4333809593475,1614.129874140839,1629.0156607485956
2023-11-09 11:00:00,2295.875482152416,2497.4937010369513,2477.30532832895,1383.9508751064864,1397.5040371763178,2508.9638220773054,-201.61821888453505,201.61821888453505,-181.42984617653383,181.42984617653383,911.9246070459299,911.9246070459299,898.3714449760985,898.3714449760985,-213.08833992488917,213.08833992488917,2053.0435527452023,2477.30532832895,2314.199419559016,2367.5996928615327,2316.941208690666
2023-11-09 12:00:00,2302.7928551477034,2420.8009135631805,2341.4374297342238,1415.5007941469078,2380.7314353985084,2385.099099564635,-118.00805841547708,118.00805841547708,-38.64457458652032,38.64457458652032,887.2920610007957,887.2920610007957,-77.93858025080499,77.93858025080499,-82.30624441693135,82.30624441693135,2188.713934481491,2380.7314353985084,2333.513532169738,2340.46427563911,2316.9559491518794
2023-11-09 13:00:00,2126.2422855344075,2642.389590117835,2592.4876948554015,1385.8417665949132,2034.4448390907212,2612.4868050705186,-516.1473045834273,516.1473045834273,-466.245409320994,466.245409320994,740.4005189394943,740.4005189394943,91.79744644368634,91.79744644368634,-486.24451953611106,486.24451953611106,2253.530139145878,2592.4876948554015,2482.0432473009846,2516.760919312053,2472.8446388271905
2023-11-09 14:00:00,2169.766597473017,2191.7327247103676,2168.3020728512215,1284.675719103654,2119.0550616106134,2201.249820914357,-21.96612723735052,21.96612723735052,1.46452462179559,1.46452462179559,885.090878369363,885.090878369363,50.71153586240371,50.71153586240371,-31.48322344133976,31.48322344133976,1993.003079838043,2168.3020728512215,2127.002025023661,2134.968960109867,2117.4418756905384
2023-11-09 15:00:00,1651.089865446697,1546.1312963459216,1591.2348914134213,992.455041724586,2245.7129521514858,1555.8156818950047,104.95856910077555,104.95856910077555,59.85497403327577,59.85497403327577,658.6348237221112,658.6348237221112,-594.6230867047886,594.6230867047886,95.27418355169243,95.27418355169243,1586.2699727060838,1555.8156818950047,1646.5541241743506,1561.0782149186953,1590.7068326481315
2023-11-09 16:00:00,1214.158709635952,1386.9838135122548,1460.7094684020253,929.251544328338,1386.805353456679,1435.5131355882438,-172.82510387630282,172.82510387630282,-246.5507587660734,246.5507587660734,284.9071653076139,284.9071653076139,-172.64664382072715,172.64664382072715,-221.35442595229188,221.35442595229188,1319.8526630575084,1386.9838135122548,1397.0523418793105,1381.4032649986275,1384.6098417925318
2023-11-09 17:00:00,706.2759818545172,700.7508177070366,589.1995794885943,692.5455156290698,873.497453529571,453.9141579637534,5.525164147480609,5.525164147480609,117.07640236592295,117.07640236592295,13.730466225447458,13.730466225447458,-167.22147167505375,167.22147167505375,252.36182389076384,252.36182389076384,661.981504863605,692.5455156290698,628.6787159887169,615.0690259310221,596.3034551413934
2023-11-09 18:00:00,60.17019894705658,49.17879194181708,34.861120378394276,391.19271252574003,87.68661111719891,36.406337426576776,10.991407005239502,10.991407005239502,25.309078568662308,25.309078568662308,-331.02251357868346,331.02251357868346,-27.516412170142324,27.516412170142324,23.763861520479807,23.763861520479807,119.86511467794541,49.17879194181708,65.78164813536917,66.55295240808348,70.95467058394024
2023-11-09 19:00:00,0.0,42.27137371583869,37.74480456887714,374.35621167243175,39.17535837366567,27.768220817772075,-42.27137371583869,42.27137371583869,-37.74480456887714,37.74480456887714,-374.35621167243175,374.35621167243175,-39.17535837366567,39.17535837366567,-27.768220817772075,27.768220817772075,104.26319382971705,39.17535837366567,54.72209500079121,139.7296143632955,84.74179573872382
2023-11-09 20:00:00,0.0,29.919340944310033,35.94441112719686,387.2528340944166,46.89919953953492,29.42761744476086,-29.919340944310033,29.919340944310033,-35.94441112719686,35.94441112719686,-387.2528340944166,387.2528340944166,-46.89919953953492,46.89919953953492,-29.42761744476086,29.42761744476086,105.88868063004384,35.94441112719686,53.03260905240169,145.718853382298,86.68869834537084
2023-11-09 21:00:00,0.0,56.40908798297267,31.936015503410317,328.9015316425117,31.276611641029458,66.30008364745994,-56.40908798297267,56.40908798297267,-31.936015503410317,31.936015503410317,-328.9015316425117,328.9015316425117,-31.276611641029458,31.276611641029458,-66.30008364745994,66.30008364745994,102.96466608347683,56.40908798297267,62.71874027979181,128.1038305440571,91.09972119334203
2023-11-09 22:00:00,146.2238986575158,45.364621303047876,38.87093154529277,378.48440279380316,38.50408667418285,39.935915252416514,100.85927735446793,100.85927735446793,107.35296711222304,107.35296711222304,-232.26050413628735,232.26050413628735,107.71981198333296,107.71981198333296,106.28798340509928,106.28798340509928,108.23199151374862,39.935915252416514,58.87929702466242,140.92773008353902,89.57568948569346
2023-11-09 23:00:00,97.71804785810943,48.77325585018691,37.41605048945272,379.8592505914175,50.76271924006628,42.17498983489726,48.94479200792252,48.94479200792252,60.30199736865671,60.30199736865671,-282.1412027333081,282.1412027333081,46.95532861804315,46.95532861804315,55.54305802321217,55.54305802321217,111.79725320120413,48.77325585018691,62.78039374332047,148.8948396285078,94.29701861876876
2023-11-10 00:00:00,0.0,58.63790630182016,47.97216258391847,331.73748684615236,57.654275401893585,54.54504450511972,-58.63790630182016,58.63790630182016,-47.97216258391847,47.97216258391847,-331.73748684615236,331.73748684615236,-57.654275401893585,57.654275401893585,-54.54504450511972,54.54504450511972,110.10937512778087,57.654275401893585,69.95217024381988,139.8792388351712,95.88030665027745
2023-11-10 01:00:00,61.88755164948907,49.616246981524206,39.182204470758954,376.20077672649563,36.30616502647476,37.388294075791094,12.271304667964863,12.271304667964863,22.705347178730115,22.705347178730115,-314.31322507700656,314.31322507700656,25.58138662301431,25.58138662301431,24.499257573697975,24.499257573697975,107.73873745620895,39.182204470758954,60.33632651920327,139.13736036976627,88.86751237309088
2023-11-10 02:00:00,27.859233483701573,45.1238244603377,40.582382299695404,388.62151044334854,50.52736977122409,40.875765389599955,-17.26459097663613,17.26459097663613,-12.72314881599383,12.72314881599383,-360.76227695964695,360.76227695964695,-22.668136287522515,22.668136287522515,-13.016531905898383,13.016531905898383,113.14617047284113,45.1238244603377,63.19370888211888,150.3345483795955,94.86286435100254
2023-11-10 03:00:00,0.0,38.02765532828447,39.74210233176188,339.8820573964521,45.480260835784,44.34280131968063,-38.02765532828447,38.02765532828447,-39.74210233176188,39.74210233176188,-339.8820573964521,339.8820573964521,-45.480260835784,45.480260835784,-44.34280131968063,44.34280131968063,101.49497544239262,44.34280131968063,58.156101834231904,133.45956194915343,86.65225448743026
2023-11-10 04:00:00,12.432700862847032,48.068820426507145,40.87304622769414,404.3996702077205,46.822750298528646,42.68250254581844,-35.63611956366012,35.63611956366012,-28.440345364847108,28.440345364847108,-391.96696934487346,391.96696934487346,-34.39004943568162,34.39004943568162,-30.249801682971405,30.249801682971405,116.56935794125377,46.822750298528646,64.680388378194,154.09582627128617,97.4832364922585
2023-11-10 05:00:00,85.83846974345172,45.91422986631529,40.87304622769414,393.92112254042235,46.45282242353456,41.70141441202904,39.924239877136436,39.924239877136436,44.965423515757585,44.965423515757585,-308.0826527969706,308.0826527969706,39.38564731991716,39.38564731991716,44.13705533142269,44.13705533142269,113.77252709399909,45.91422986631529,63.17185492059656,150.5317346914351,95.20586518481512
2023-11-10 06:00:00,93.99195274635566,36.73874296582215,39.182204470758954,350.0955819369841,56.189651185459255,36.754804755900075,57.25320978053352,57.25320978053352,54.80974827559671,54.80974827559671,-256.10362919062845,256.10362919062845,37.80230156089641,37.80230156089641,57.23714799045559,57.23714799045559,103.79219706298491,39.182204470758954,57.66978900444299,56.859597731994356,62.4682163847082
2023-11-10 07:00:00,855.0675070258078,718.3216389736037,729.7671623492682,561.5571979346005,343.730660975255,565.220731865481,136.74586805220406,136.74586805220406,125.30034467653957,125.30034467653957,293.5103090912073,293.5103090912073,511.3368460505528,511.3368460505528,289.84677516032684,289.84677516032684,583.7194784196416,565.220731865481,620.5561126876279,632.0107186749783,605.5580914658063
2023-11-10 08:00:00,1061.1450354888393,1128.0964472919263,1076.2737047952407,761.8883211509504,915.5647382384666,1195.0641970093118,-66.95141180308701,66.95141180308701,-15.128669306401434,15.128669306401434,299.25671433788887,299.25671433788887,145.58029725037272,145.58029725037272,-133.91916152047247,133.91916152047247,1015.3774816971793,1076.2737047952407,1077.6434088246924,1114.371082528718,1099.6926831473215
2023-11-10 09:00:00,1392.6610116742884,1600.146110255626,1550.1793615860029,1004.7697041172247,1005.2551073864536,1586.5689888420166,-207.48509858133752,207.48509858133752,-157.5183499117145,157.5183499117145,387.89130755706367,387.89130755706367,387.4059042878348,387.4059042878348,-193.90797716772818,193.90797716772818,1349.3838544374646,1550.1793615860029,1457.903293824808,1520.8442970860947,1480.814845929167
2023-11-10 10:00:00,1804.1396750220667,1627.5151762211449,1596.7333773780028,859.192056864278,1424.7067623622115,1717.4630100848808,176.62449880092186,176.62449880092186,207.4062976440639,207.4062976440639,944.9476181577887,944.9476181577887,379.4329126598552,379.4329126598552,86.67666493718593,86.67666493718593,1445.1220765821035,1596.7333773780028,1560.5335819349114,1599.781596488553,1580.6115708604364
2023-11-10 11:00:00,2147.20310401445,2271.5670409796103,2259.5109423828358,1062.3684944314714,1507.9764383785184,2190.9306485399084,-124.36393696516006,124.36393696516006,-112.30783836838555,112.30783836838555,1084.8346095829788,1084.8346095829788,639.2266656359318,639.2266656359318,-43.72754452545814,43.72754452545814,1858.470712942469,2190.9306485399084,2061.7900814447994,2123.4472248365573,2065.4514641808823
2023-11-10 12:00:00,2089.3297150862422,2305.169537975886,2204.647575589634,1288.234611850333,2061.369599772718,2274.9142296412815,-215.83982288964398,215.83982288964398,-115.31786050339178,115.31786050339178,801.0951032359092,801.0951032359092,27.960115313524057,27.960115313524057,-185.58451455503928,185.58451455503928,2026.8671109659706,2204.647575589634,2175.341566486251,2212.60221737253,2176.7394032790844
2023-11-10 13:00:00,2270.369058450872,2268.101979457325,2321.610107560627,1380.7006062661,2130.305955410012,2316.664605687538,2.2670789935473294,2.2670789935473294,-51.24104910975484,51.24104910975484,889.6684521847721,889.6684521847721,140.06310304086037,140.06310304086037,-46.2955472366657,46.2955472366657,2083.4766508763205,2268.101979457325,2221.161600201958,2227.2831687520875,2214.5616819989855
2023-11-10 14:00:00,1773.9993402040145,2251.7550150997126,2316.7645381880475,1301.4065661440104,2105.6418094870696,2241.559814778407,-477.7556748956981,477.7556748956981,-542.765197984033,542.765197984033,472.5927740600041,472.5927740600041,-331.6424692830551,331.6424692830551,-467.56047457439263,467.56047457439263,2043.4255487394498,2241.559814778407,2203.251652030479,2186.1976150952423,2173.831852841288
2023-11-10 15:00:00,1695.4987053952443,1639.0504708305266,1712.354060687279,995.961867973985,1710.4535564363348,1676.3430004107472,56.44823456471772,56.44823456471772,-16.855355292034574,16.855355292034574,699.5368374212593,699.5368374212593,-14.954851041090478,14.954851041090478,19.155704984497106,19.155704984497106,1546.8325912677744,1676.3430004107472,1640.1795081732798,1622.572865835767,1623.4608305384183
2023-11-10 16:00:00,1021.3203068127782,1228.4811900027648,1218.4377067922014,757.217540491928,1499.1698808394046,1253.941434905506,-207.16088318998663,207.16088318998663,-197.11739997942323,197.11739997942323,264.10276632085015,264.10276632085015,-477.84957402662644,477.84957402662644,-232.62112809272776,232.62112809272776,1191.4495506063608,1228.4811900027648,1251.208757578811,1225.0097716546659,1231.9437558724164
2023-11-10 17:00:00,500.95793430784227,689.694901971551,720.4809427991305,567.3632638764898,734.8783119887225,549.0686097634443,-188.7369676637087,188.7369676637087,-219.52300849128824,219.52300849128824,-66.40532956864752,66.40532956864752,-233.92037768088028,233.92037768088028,-48.11067545560206,48.11067545560206,652.2972060798677,689.694901971551,664.663668402939,636.287705541614,630.5585753520284
2023-11-10 18:00:00,29.244359119502786,49.708964378376585,35.66873587232431,386.8910832648676,74.36576027601502,42.143248320963686,-20.4646052588738,20.4646052588738,-6.4243767528215265,6.4243767528215265,-357.6467241453648,357.6467241453648,-45.121401156512235,45.121401156512235,-12.8988892014609,12.8988892014609,117.75555842250944,49.708964378376585,67.6813975040333,67.85322777439256,72.64014893222239
2023-11-10 19:00:00,0.0,40.7344334807631,34.42583943831124,308.8900812994062,37.85511897837456,41.05391753126837,-40.7344334807631,40.7344334807631,-34.42583943831124,34.42583943831124,-308.8900812994062,308.8900812994062,-37.85511897837456,37.85511897837456,-41.05391753126837,41.05391753126837,92.59187814562469,40.7344334807631,54.3369058689334,120.0294020254006,79.03905150367882
2023-11-10 20:00:00,214.92972491782595,58.74967116772038,36.228633733327236,342.38618163798077,44.195225916707926,41.5851739018274,156.18005375010557,156.18005375010557,178.70109118449872,178.70109118449872,-127.45645672015482,127.45645672015482,170.73449900111802,170.73449900111802,173.34455101599855,173.34455101599855,104.62897727151274,44.195225916707926,62.59121197600346,133.65251263308977,88.11594761739599
2023-11-10 21:00:00,0.0,67.58562862341753,35.47681937149442,320.75118622104543,34.270448748932395,45.19835113460719,-67.58562862341753,67.58562862341753,-35.47681937149442,35.47681937149442,-320.75118622104543,320.75118622104543,-34.270448748932395,34.270448748932395,-45.19835113460719,45.19835113460719,100.6564868198994,45.19835113460719,63.95563327744121,123.49304070626874,85.4055697860143
2023-11-10 22:00:00,223.87210959000208,69.98729172217095,36.01528716068288,299.8212780936956,34.04333446962545,35.25871536519763,153.88481786783115,153.88481786783115,187.8568224293192,187.8568224293192,-75.9491685036935,75.9491685036935,189.82877512037663,189.82877512037663,188.61339422480444,188.61339422480444,95.02518136227451,36.01528716068288,60.71963909044506,114.36830336416372,78.58316208187706
2023-11-10 23:00:00,138.0584609050579,48.57996600694415,38.86090476099545,391.7335770875748,47.98193497515207,32.65529141508365,89.47849489811375,89.47849489811375,99.19755614406245,99.19755614406245,-253.67511618251692,253.67511618251692,90.07652592990583,90.07652592990583,105.40316948997425,105.40316948997425,111.96233484915004,47.98193497515207,64.40932419198646,151.10742760887888,93.57855079310634
2023-11-11 00:00:00,90.90963850983036,43.135381190306624,46.2862838700093,336.8852823538097,56.38263981504902,39.908501622068115,47.774257319523734,47.774257319523734,44.62335463982106,44.62335463982106,-245.97564384397936,245.97564384397936,34.52699869478134,34.52699869478134,51.00113688776224,51.00113688776224,104.51961777024853,46.2862838700093,64.95157286395946,137.50452579316533,89.62245347560076
2023-11-11 01:00:00,143.9312176477542,48.98391957605512,37.77395964635372,361.640473864639,35.365860960295656,38.491806672694665,94.9472980716991,94.9472980716991,106.15725800140049,106.15725800140049,-217.70925621688477,217.70925621688477,108.56535668745855,108.56535668745855,105.43941097505954,105.43941097505954,104.45120414400762,38.491806672694665,62.21309324346093,134.18602854531835,87.50833869997423
2023-11-11 02:00:00,40.46119987160404,62.28576820237631,38.402628782701896,322.88565110388464,50.12028071410159,43.372774134414264,-21.824568330772273,21.824568330772273,2.0585710889021414,2.0585710889021414,-282.4244512322806,282.4244512322806,-9.659080842497552,9.659080842497552,-2.911574262810227,2.911574262810227,103.41342058749574,50.12028071410159,67.46507983092027,131.9498918310365,89.18173044296903
2023-11-11 03:00:00,0.0,47.29227723766723,37.21406178535079,313.4289555328568,43.86502952709818,35.205248406184324,-47.29227723766723,47.29227723766723,-37.21406178535079,37.21406178535079,-313.4289555328568,313.4289555328568,-43.86502952709818,43.86502952709818,-35.205248406184324,35.205248406184324,95.40111449783146,43.86502952709818,59.7077880078801,124.73420732882576,81.45387118181492
2023-11-11 04:00:00,51.48516811159259,51.790068088890514,37.939308036745885,317.90558113063423,44.369692449064324,36.725737615706116,-0.3048999772979215,0.3048999772979215,13.545860074846708,13.545860074846708,-266.42041301904163,266.42041301904163,7.115475662528269,7.115475662528269,14.759430495886477,14.759430495886477,97.74607746420821,44.369692449064324,61.83600999644837,126.43045905353529,83.37430373097796
2023-11-11 05:00:00,0.0,58.21752150580751,40.87304622769414,370.22038123211996,46.36043437804622,41.424483808359646,-58.21752150580751,58.21752150580751,-40.87304622769414,40.87304622769414,-370.22038123211996,370.22038123211996,-46.36043437804622,46.36043437804622,-41.424483808359646,41.424483808359646,111.4191734304055,46.36043437804622,69.54839007697935,143.51841843426834,94.48877400112734
2023-11-11 06:00:00,0.0,63.54867704653961,37.895427005185205,358.36956480118505,50.68898369168856,37.04796939015674,-63.54867704653961,63.54867704653961,-37.895427005185205,37.895427005185205,-358.36956480118505,358.36956480118505,-50.68898369168856,50.68898369168856,-37.04796939015674,37.04796939015674,109.51012438695105,50.68898369168856,68.7129501490523,69.38689895174818,70.7415734856617
2023-11-11 07:00:00,546.8557649755184,695.0686561924452,866.9582531779986,520.2879062438346,231.35833557370088,665.4643074847993,-148.2128912169269,148.2128912169269,-320.10248820248023,320.10248820248023,26.567858731683714,26.567858731683714,315.4974294018175,315.4974294018175,-118.60854250928094,118.60854250928094,595.8274917345558,665.4643074847993,644.8573839768676,656.4150022427846,642.6400757097667
2023-11-11 08:00:00,1106.0937039023197,1035.1987072051224,1176.4624362945335,859.6235758083127,699.5699833408513,1191.1981036747904,70.89499669719726,70.89499669719726,-70.36873239221381,70.36873239221381,246.470128094007,246.470128094007,406.5237205614684,406.5237205614684,-85.10439977247074,85.10439977247074,992.410561264722,1035.1987072051224,1043.0159020822753,1069.1620823639028,1070.375128321756
2023-11-11 09:00:00,1796.5412901165355,1434.2723283740893,1538.0570863744274,1066.7817111590723,1255.9175405464248,1522.9542380267046,362.2689617424462,362.2689617424462,258.4842037421081,258.4842037421081,729.7595789574632,729.7595789574632,540.6237495701107,540.6237495701107,273.5870520898309,273.5870520898309,1363.5965808961437,1434.2723283740893,1429.1724245781902,1439.67417702649,1437.9641442659738
2023-11-11 10:00:00,1909.8318369374247,1719.5116605022693,1813.3239525884287,1096.2128391585618,1928.4840864900339,1825.552209401615,190.32017643515542,190.32017643515542,96.50788434899596,96.50788434899596,813.6189977788629,813.6189977788629,-18.65224955260919,18.65224955260919,84.2796275358096,84.2796275358096,1676.6169496281814,1813.3239525884287,1760.7312883076515,1738.4554119098466,1750.189841871209
2023-11-11 11:00:00,2219.1102510268033,2055.8897568826815,2134.5947362055435,1398.993557185933,1837.2400043209088,2143.6796395687547,163.22049414412186,163.22049414412186,84.51551482125979,84.51551482125979,820.1166938408703,820.1166938408703,381.8702467058945,381.8702467058945,75.43061145804859,75.43061145804859,1914.0795388327642,2055.8897568826815,2015.1753600558914,2039.6836562735284,2028.0095405791294
2023-11-11 12:00:00,2144.002367136971,1899.3797660686187,2002.878880503207,1276.6912542665918,2478.8335828714326,2024.5862451182606,244.6226010683522,244.6226010683522,141.12348663376383,141.12348663376383,867.311112870379,867.311112870379,-334.8312157344617,334.8312157344617,119.41612201871021,119.41612201871021,1936.4739457656221,2002.878880503207,2018.0822315323253,1948.0699636926122,1982.0576967442578
2023-11-11 13:00:00,2330.2420707985452,2429.10296911683,2434.189679549955,1362.653707432078,2012.6035199460587,2443.1262061530474,-98.86089831828485,98.86089831828485,-103.94760875140992,103.94760875140992,967.5883633664673,967.5883633664673,317.63855085248656,317.63855085248656,-112.88413535450218,112.88413535450218,2136.3352164395938,2429.10296911683,2285.919099029258,2345.4796144245247,2305.311898554663
2023-11-11 14:00:00,1779.6540848751672,1712.7359631611855,1720.1674632489314,1116.8813426701222,2709.9986340533283,1747.3229536541205,66.91812171398169,66.91812171398169,59.486621626235774,59.486621626235774,662.772742205045,662.772742205045,-930.3445491781611,930.3445491781611,32.33113122104669,32.33113122104669,1801.4212713575375,1720.1674632489314,1845.936425320411,1749.7176527679715,1788.4450684288463
2023-11-11 15:00:00,1418.588200421607,1615.390363864433,1633.5719870721773,1019.091490302848,1707.4320637312544,1593.2831131715686,-196.802163442826,196.802163442826,-214.9837866505702,214.9837866505702,399.4967101187591,399.4967101187591,-288.8438633096473,288.8438633096473,-174.69491274996153,174.69491274996153,1513.7538036284561,1615.390363864433,1586.560379867688,1578.2672205857807,1570.8556634960455
2023-11-11 16:00:00,1151.9600602512621,990.582010809619,1125.79467223081,875.5701025635999,1441.5210184823184,1135.3603605230464,161.37804944164316,161.37804944164316,26.165388020452156,26.165388020452156,276.3899576876622,276.3899576876622,-289.56095823105625,289.56095823105625,16.599699728215683,16.599699728215683,1113.7656329218787,1125.79467223081,1119.8103964112443,1070.970602357325,1107.0594983195558
2023-11-11 17:00:00,524.0762925377358,706.4383705759361,569.4015224801905,600.8292856489524,889.7759275512861,561.811238496991,-182.36207803820037,182.36207803820037,-45.32522994245471,45.32522994245471,-76.7529931112166,76.7529931112166,-365.6996350135504,365.6996350135504,-37.73494595925524,37.73494595925524,665.6512689506712,600.8292856489524,641.4335292303668,650.8141004646732,633.1667903980444
2023-11-11 18:00:00,139.35557049575752,61.1711164328403,33.05832608337828,296.9959804218007,78.69981944654003,40.155681556948274,78.18445406291721,78.18445406291721,106.29724441237923,106.29724441237923,-157.6404099260432,157.6404099260432,60.655751049217486,60.655751049217486,99.19988893880924,99.19988893880924,102.0161847883015,61.1711164328403,64.56192023209715,67.12000647671105,67.93895128169243
2023-11-11 19:00:00,0.0,52.97735126763019,37.74480456887714,321.9491841007317,42.44585230429065,38.85355922382448,-52.97735126763019,52.97735126763019,-37.74480456887714,37.74480456887714,-321.9491841007317,321.9491841007317,-42.44585230429065,42.44585230429065,-38.85355922382448,38.85355922382448,98.79415029307084,42.44585230429065,61.81738626683036,126.29685184322298,83.96381333639508
2023-11-11 20:00:00,233.70023110440218,62.35197535338033,36.228633733327236,390.2557063313948,39.62279015597638,36.99171103548748,171.34825575102184,171.34825575102184,197.47159737107495,197.47159737107495,-156.5554752269926,156.5554752269926,194.0774409484258,194.0774409484258,196.7085200689147,196.7085200689147,113.09016332191325,39.62279015597638,67.3161960195488,144.8126650086019,93.65503317992535
2023-11-11 21:00:00,30.202512752728417,61.56822352491905,36.94584090013917,360.6334449665337,35.69915843951511,34.739613074859825,-31.36571077219063,31.36571077219063,-6.74332814741075,6.74332814741075,-330.4309322138053,330.4309322138053,-5.496645686786692,5.496645686786692,-4.537100322131408,4.537100322131408,105.91725618119338,36.94584090013917,64.21096246185249,133.5534491358079,87.46069733050876
2023-11-11 22:00:00,6.932690490054684,38.34326059649493,38.87093154529277,366.37889661068067,34.19096179853793,28.124248247651817,-31.410570106440247,31.410570106440247,-31.938241055238088,31.938241055238088,-359.44620612062596,359.44620612062596,-27.258271308483245,27.258271308483245,-21.19155775759713,21.19155775759713,101.18165975973162,38.34326059649493,57.31684166685727,135.09303188156784,83.58414366600421
2023-11-11 23:00:00,0.0,70.818075563468,44.8096929823276,359.40382629933015,41.04048570735547,39.64535782730235,-70.818075563468,70.818075563468,-44.8096929823276,44.8096929823276,-359.40382629933015,359.40382629933015,-41.04048570735547,41.04048570735547,-39.64535782730235,39.64535782730235,111.1434876759567,44.8096929823276,68.29819608960761,137.6802500674395,91.95130294776595
2023-11-12 00:00:00,65.69210323526465,58.56035977860581,41.258273167311785,399.7946553248212,48.77875222180304,43.85018851415564,7.131743456658846,7.131743456658846,24.43383006795287,24.43383006795287,-334.1025520895565,334.1025520895565,16.913351013461615,16.913351013461615,21.841914721109013,21.841914721109013,118.44844580133949,48.77875222180304,68.6531905811605,154.0835231527085,99.28074098325973
2023-11-12 01:00:00,0.0,54.70930598108099,39.01445522703108,354.8300447786841,32.92296745396393,31.166718385484074,-54.70930598108099,54.70930598108099,-39.01445522703108,39.01445522703108,-354.8300447786841,354.8300447786841,-32.92296745396393,32.92296745396393,-31.166718385484074,31.166718385484074,102.52869836524883,39.01445522703108,58.06842138982677,131.32253698330013,83.55637086208465
2023-11-12 02:00:00,30.047419446794972,45.51457623797946,41.258273167311785,347.0422160498555,44.714428251941804,33.76004367429346,-15.46715679118449,15.46715679118449,-11.210853720516813,11.210853720516813,-316.99479660306054,316.99479660306054,-14.667008805146832,14.667008805146832,-3.712624227498491,3.712624227498491,102.4579074762764,44.714428251941804,57.64357178290437,135.41276459131592,85.16049114238007
2023-11-12 03:00:00,84.18231670397884,46.437271911004125,37.38181102907867,340.14248462610357,43.07816547548183,33.18983836577651,37.74504479297472,37.74504479297472,46.80050567490017,46.80050567490017,-255.96016792212473,255.96016792212473,41.10415122849701,41.10415122849701,50.99247833820233,50.99247833820233,100.04591428148895,43.07816547548183,55.96395724078458,132.19746122066834,83.09557606788897
2023-11-12 04:00:00,66.93094691936471,54.07888689072774,44.69667518056854,322.6221279621672,45.444389383075944,57.06121587298412,12.852060028636977,12.852060028636977,22.234271738796174,22.234271738796174,-255.6911810428025,255.6911810428025,21.48655753628877,21.48655753628877,9.869731046380593,9.869731046380593,104.78065905790473,54.07888689072774,66.92751708320138,131.18806020909886,91.80304817386784
2023-11-12 05:00:00,123.98612009477019,52.44361689617224,36.20050834352076,357.22723144125837,49.2391789976561,61.17089923055529,71.54250319859796,71.54250319859796,87.78561175124943,87.78561175124943,-233.2411113464882,233.2411113464882,74.74694109711409,74.74694109711409,62.81522086421489,62.81522086421489,111.25628698183255,52.44361689617224,68.09065261536219,142.59692610029163,97.69171085717372
2023-11-12 06:00:00,53.78410736607816,44.91400905341474,39.182204470758954,354.2572120145539,58.93258508548375,37.887969784838965,8.870098312663423,8.870098312663423,14.601902895319206,14.601902895319206,-300.4731046484757,300.4731046484757,-5.148477719405591,5.148477719405591,15.896137581239195,15.896137581239195,107.03479608181007,44.91400905341474,61.05984542795515,61.4424333813606,65.73523681612453
2023-11-12 07:00:00,511.60252368043416,675.8435402319997,566.6733999482079,573.9968436452674,376.2361352526483,533.0791588089518,-164.2410165515655,164.2410165515655,-55.07087626777377,55.07087626777377,-62.394319964833244,62.394319964833244,135.36638842778586,135.36638842778586,-21.476635128517614,21.476635128517614,545.1658155774151,566.6733999482079,557.9041836442614,593.8109084087099,561.1635224931647
2023-11-12 08:00:00,889.9348964916462,1044.3465535564815,1124.0172257418224,794.8273184817457,669.7105786790138,1125.9937627511774,-154.41165706483525,154.41165706483525,-234.08232925017614,234.08232925017614,95.10757800990052,95.10757800990052,220.22431781263242,220.22431781263242,-236.05886625953121,236.05886625953121,951.779087842048,1044.3465535564815,1036.9911180128363,1041.0704766005601,1038.9730485026641
2023-11-12 09:00:00,1664.7665830874328,1707.737794629711,1787.9703354221763,1047.463851848104,601.6314704614213,1779.1434181674683,-42.9712115422783,42.9712115422783,-123.20375233474351,123.20375233474351,617.3027312393288,617.3027312393288,1063.1351126260115,1063.1351126260115,-114.37683508003556,114.37683508003556,1384.7893741057765,1707.737794629711,1572.4432719539145,1632.2749555338578,1594.2020267009807
2023-11-12 10:00:00,2090.901695853361,2074.773876463827,2071.764559981076,1267.5133251296577,1582.5302027516395,2113.533096736221,16.127819389534125,16.127819389534125,19.137135872284944,19.137135872284944,823.3883707237035,823.3883707237035,508.3714931017216,508.3714931017216,-22.631400882859907,22.631400882859907,1822.0230122124842,2071.764559981076,1988.5692416641705,2010.5763832701425,1986.854909270035
2023-11-12 11:00:00,2501.8200611697985,2372.0856014069077,2464.819742702296,1430.6849657380267,1969.872621412881,2488.194257728984,129.73445976289076,129.73445976289076,37.00031846750244,37.00031846750244,1071.1350954317718,1071.1350954317718,531.9474397569174,531.9474397569174,13.625803440814252,13.625803440814252,2145.1314377978188,2372.0856014069077,2347.7253352846033,2338.831949220804,2332.6323244569826
2023-11-12 12:00:00,2335.4385287775094,2240.0820245287587,2334.619673221273,1364.6773250258652,2825.511060362462,2409.7110374649733,95.35650424875075,95.35650424875075,0.8188555562364854,0.8188555562364854,970.7612037516442,970.7612037516442,-490.0725315849527,490.0725315849527,-74.27250868746387,74.27250868746387,2234.9202241206663,2334.619673221273,2331.0987289553664,2289.4221882871952,2315.082527489896
2023-11-12 13:00:00,2284.8242094292714,2401.555524131029,2379.1364189700025,1224.519045660791,2220.6102124569793,2390.321104024473,-116.73131470175758,116.73131470175758,-94.31220954073115,94.31220954073115,1060.3051637684803,1060.3051637684803,64.21399697229208,64.21399697229208,-105.49689459520141,105.49689459520141,2123.228461048655,2379.1364189700025,2318.909338606769,2314.68707917435,2292.788838348961
2023-11-12 14:00:00,2073.892621281013,1817.1736407619244,1817.2607032167118,1083.7617578884294,2643.839438749458,1849.2736394189965,256.7189805190885,256.7189805190885,256.6319180643011,256.6319180643011,990.1308633925835,990.1308633925835,-569.9468174684453,569.9468174684453,224.61898186201643,224.61898186201643,1842.261836007104,1817.2607032167118,1863.9898056745144,1834.3300989325999,1847.8030664673543
2023-11-12 15:00:00,1739.034218624491,1549.12018820696,1617.206030907832,1107.386174321905,2350.5134700442013,1612.1645330218655,189.91403041753097,189.91403041753097,121.82818771665893,121.82818771665893,631.648044302586,631.648044302586,-611.4792514197104,611.4792514197104,126.8696856026254,126.8696856026254,1647.2780793005527,1612.1645330218655,1647.765672503185,1597.4808589795093,1625.462481909292
2023-11-12 16:00:00,1210.482226231205,1130.9583046362686,1185.6131760313938,807.0984823194545,1645.1549097267286,1292.852231622586,79.52392159493638,79.52392159493638,24.869050199811227,24.869050199811227,403.38374391175046,403.38374391175046,-434.67268349552364,434.67268349552364,-82.37000539138103,82.37000539138103,1212.3354208672863,1185.6131760313938,1231.5620755482653,1203.939617601469,1231.6880384428946
2023-11-12 17:00:00,455.0339931135967,646.2551170063554,544.5381537464481,557.4427911388037,933.1291682547983,521.320753086957,-191.22112389275867,191.22112389275867,-89.50416063285138,89.50416063285138,-102.40879802520703,102.40879802520703,-478.0951751412016,478.0951751412016,-66.28675997336029,66.28675997336029,640.5371966466724,557.4427911388037,598.7697559958082,607.059431722631,594.1203462622577
2023-11-12 18:00:00,0.0,46.84880933923571,35.44905804527018,361.86217176256866,74.0132997024303,37.501513014798455,-46.84880933923571,46.84880933923571,-35.44905804527018,35.44905804527018,-361.86217176256866,361.86217176256866,-74.0132997024303,74.0132997024303,-37.501513014798455,37.501513014798455,111.13497037286065,46.84880933923571,58.51908386810135,63.330468751992015,66.28216246355983
2023-11-12 19:00:00,0.0,43.47864590069379,35.37688178252336,370.7591291087385,39.876406225795975,44.34548597710876,-43.47864590069379,43.47864590069379,-35.37688178252336,35.37688178252336,-370.7591291087385,370.7591291087385,-39.876406225795975,39.876406225795975,-44.34548597710876,44.34548597710876,106.7673097989721,43.47864590069379,56.33471750799583,140.22189499314808,89.18954290555934
2023-11-12 20:00:00,0.0,79.64673716384672,4.705817115865892,270.1769812452154,40.286958409452694,-3.176315272428365,-79.64673716384672,79.64673716384672,-4.705817115865892,4.705817115865892,-270.1769812452154,270.1769812452154,-40.286958409452694,40.286958409452694,3.176315272428365,3.176315272428365,78.32803573239048,40.286958409452694,36.41174086213809,109.2539652601815,58.7300559286883
2023-11-12 21:00:00,0.0,37.08344232232613,35.37688178252336,316.22869227794723,30.65829581291153,33.84356906665591,-37.08344232232613,37.08344232232613,-35.37688178252336,35.37688178252336,-316.22869227794723,316.22869227794723,-30.65829581291153,30.65829581291153,-33.84356906665591,33.84356906665591,90.63817625247283,35.37688178252336,46.755325311245116,117.74499054330579,74.24644382019102
2023-11-12 22:00:00,0.0,73.42464998807232,43.169004147083065,340.3951446147489,39.44369987135598,38.11741685171199,-73.42464998807232,73.42464998807232,-43.169004147083065,43.169004147083065,-340.3951446147489,340.3951446147489,-39.44369987135598,39.44369987135598,-38.11741685171199,38.11741685171199,106.90998309459444,43.169004147083065,61.225831226180844,130.84672457709198,86.62724673024313
2023-11-12 23:00:00,32.22133336277345,73.66408087956579,43.56679654831453,308.2441135575343,45.98166359738187,45.903751547242955,-41.44274751679234,41.44274751679234,-11.345463185541078,11.345463185541078,-276.02278019476086,276.02278019476086,-13.760330234608418,13.760330234608418,-13.682418184469505,13.682418184469505,103.47208122600789,45.98166359738187,63.14568325622094,124.6603985854276,86.21699110714474
2023-11-13 00:00:00,0.0,50.12983899209974,37.858685626452456,348.94687230739964,52.42812808890504,35.11609231268482,-50.12983899209974,50.12983899209974,-37.858685626452456,37.858685626452456,-348.94687230739964,348.94687230739964,-52.42812808890504,52.42812808890504,-35.11609231268482,35.11609231268482,104.89592346550835,50.12983899209974,54.48776066766163,140.69426462541182,86.55701074356067
2023-11-13 01:00:00,0.0,60.14927527949123,37.56802169845372,388.3203158084085,35.779675227326635,48.541020890224544,-60.14927527949123,60.14927527949123,-37.56802169845372,37.56802169845372,-388.3203158084085,388.3203158084085,-35.779675227326635,35.779675227326635,-48.541020890224544,48.541020890224544,114.07166178078094,48.541020890224544,61.46380627360839,145.37027110052054,94.57275974643977
2023-11-13 02:00:00,131.08568630090647,56.140490935817915,39.69582044686549,341.0011966231777,46.76245440799459,37.05447725613297,74.94519536508855,74.94519536508855,91.38986585404098,91.38986585404098,-209.91551032227122,209.91551032227122,84.32323189291188,84.32323189291188,94.0312090447735,94.0312090447735,104.13088793399773,46.76245440799459,56.418082343115486,135.0340770725495,85.67272086272564
2023-11-13 03:00:00,8.251910420798273,64.93108209618954,40.87304622769414,348.46257416819947,45.41451339001099,41.27084193494707,-56.67917167539127,56.67917167539127,-32.621135806895865,32.621135806895865,-340.2106637474012,340.2106637474012,-37.16260296921271,37.16260296921271,-33.0189315141488,33.0189315141488,108.19041156340825,45.41451339001099,61.22084422127713,136.32893162346753,89.15718345309446
2023-11-13 04:00:00,86.28588414252775,52.76586755268681,38.32830709193253,330.4197155337095,44.201876651573635,32.76983891252879,33.52001658984094,33.52001658984094,47.95757705059522,47.95757705059522,-244.13383139118176,244.13383139118176,42.084007490954114,42.084007490954114,53.51604522999896,53.51604522999896,99.69712114848625,44.201876651573635,53.712305659075426,130.0672283162144,81.62725220478995
2023-11-13 05:00:00,18.351446075409207,41.99924450229556,39.69582044686549,383.33161851160185,47.50864078623853,34.727791659626604,-23.647798426886354,23.647798426886354,-21.344374371456283,21.344374371456283,-364.9801724361926,364.9801724361926,-29.157194710829323,29.157194710829323,-16.376345584217397,16.376345584217397,109.4526231813256,41.99924450229556,55.22926067002476,146.60271521866466,89.38567573479727
2023-11-13 06:00:00,46.39951312070514,56.37275251920996,39.182204470758954,335.54241124624684,54.22524286140408,48.66515869435259,-9.973239398504823,9.973239398504823,7.217308649946183,7.217308649946183,-289.1428981255417,289.1428981255417,-7.8257297406989395,7.8257297406989395,-2.265645573647454,2.265645573647454,106.79755395839447,54.22524286140408,60.602400624351354,69.18791480350811,70.02963715890726
2023-11-13 07:00:00,431.24669759600465,702.1107935172575,558.5389017259156,515.8874044448129,396.97712060374755,539.0153012113332,-270.8640959212529,270.8640959212529,-127.29220412991094,127.29220412991094,-84.64070684880824,84.64070684880824,34.2695769922571,34.2695769922571,-107.76860361532852,107.76860361532852,542.5059043006133,539.0153012113332,570.2340898590437,605.300679060487,568.9646717782485
2023-11-13 08:00:00,1312.5556389980666,906.2332245998003,1050.8311068905473,823.9478879630833,790.0320467149888,1126.6551751636832,406.32241439826623,406.32241439826623,261.7245321075193,261.7245321075193,488.60775103498327,488.60775103498327,522.5235922830777,522.5235922830777,185.90046383438334,185.90046383438334,939.5398882664207,906.2332245998003,1006.5882570534772,982.3518088689514,1009.9210324627494
2023-11-13 09:00:00,1615.9531579604804,1648.085716795839,1679.3626684748906,987.2485631874899,1287.9946402401126,1659.0602059102857,-32.13255883535862,32.13255883535862,-63.40951051441016,63.40951051441016,628.7045947729905,628.7045947729905,327.9585177203678,327.9585177203678,-43.10704794980529,43.10704794980529,1452.3503589217237,1648.085716795839,1599.7619894456957,1592.6574561679386,1580.0079466504922
2023-11-13 10:00:00,1824.1691670929372,1905.7253209017892,1932.1649356893754,1160.239091649633,1389.2431575160838,1896.305244745856,-81.55615380885206,81.55615380885206,-107.99576859643821,107.99576859643821,663.9300754433041,663.9300754433041,434.9260095768534,434.9260095768534,-72.13607765291886,72.13607765291886,1656.7355501005477,1896.305244745856,1828.261359387377,1828.2023668146367,1807.547276829885
2023-11-13 11:00:00,2184.7115596225044,2410.2364488736994,2402.8220936987022,1326.7632981956922,1226.5001552214856,2345.938650083844,-225.52488925119496,225.52488925119496,-218.11053407619784,218.11053407619784,857.9482614268122,857.9482614268122,958.2114044010189,958.2114044010189,-161.22709046133969,161.22709046133969,1942.4521292146849,2345.938650083844,2216.2675602880036,2250.6118133390382,2197.7419679478185
2023-11-13 12:00:00,2155.6890787924235,2214.7487782550143,2172.5501820208233,1146.311867446005,2039.8780276921339,2259.306292205562,-59.05969946259074,59.05969946259074,-16.86110322839977,16.86110322839977,1009.3772113464186,1009.3772113464186,115.81105110028966,115.81105110028966,-103.61721341313842,103.61721341313842,1966.5590295239076,2172.5501820208233,2144.648472934413,2153.6591078208467,2134.6653385724717
2023-11-13 13:00:00,2225.07488704515,2414.2464438935417,2410.3645539543354,1293.9743521209655,1970.8195258539747,2396.2552272898297,-189.1715568483919,189.1715568483919,-185.2896669091856,185.2896669091856,931.1005349241843,931.1005349241843,254.2553611911751,254.2553611911751,-171.18034024467988,171.18034024467988,2097.132020622529,2396.2552272898297,2302.824921950931,2313.7147519311243,2283.6393517470883
2023-11-13 14:00:00,1806.0324285199872,2070.9883936156293,2090.553784834983,1324.9692120083532,2128.7344190693116,2053.2002777299026,-264.9559650956421,264.9559650956421,-284.52135631499596,284.52135631499596,481.063216511634,481.063216511634,-322.70199054932436,322.70199054932436,-247.1678492099154,247.1678492099154,1933.6892174516356,2070.9883936156293,2038.2314935769593,2024.4622060007132,2016.1860089096094
2023-11-13 15:00:00,1579.0369408933373,1766.3512455019581,1778.1494799505413,1095.4384653942323,1625.9562916521188,1787.007975643853,-187.3143046086209,187.3143046086209,-199.112539057204,199.112539057204,483.598475499105,483.598475499105,-46.91935075878155,46.91935075878155,-207.97103475051563,207.97103475051563,1610.5806916285405,1766.3512455019581,1723.2456140016056,1725.8170983825014,1714.2365471697108
2023-11-13 16:00:00,1046.773983761793,1117.0848326497755,1071.5426432573474,744.8153885190208,1381.9914078752226,1176.9070957148283,-70.3108488879825,70.3108488879825,-24.768659495554402,24.768659495554402,301.9585952427723,301.9585952427723,-335.2174241134296,335.2174241134296,-130.13311195303527,130.13311195303527,1098.4682736032391,1117.0848326497755,1135.663906596468,1129.4465438553304,1134.608208999153
2023-11-13 17:00:00,606.6816703794747,705.7783017576841,537.9121948906815,550.3790907313328,834.6521791467495,598.1795965151193,-99.0966313782094,99.0966313782094,68.7694754887932,68.7694754887932,56.30257964814189,56.30257964814189,-227.97050876727485,227.97050876727485,8.502073864355339,8.502073864355339,645.3802726083135,598.1795965151193,633.6393869869053,655.3792814401035,635.4175743527892
2023-11-13 18:00:00,131.75661573287715,39.56193596871042,36.06088448959936,333.75543137378605,80.66045039621102,36.51460001058049,92.19467976416672,92.19467976416672,95.69573124327779,95.69573124327779,-201.9988156409089,201.9988156409089,51.09616533666613,51.09616533666613,95.24201572229666,95.24201572229666,105.31066044777747,39.56193596871042,59.777961843795524,58.372352524991555,63.81014640230771
2023-11-13 19:00:00,0.0,61.49908454336131,41.37905177635584,284.7643794277013,40.67631827196319,53.20228677049539,-61.49908454336131,61.49908454336131,-41.37905177635584,41.37905177635584,-284.7643794277013,284.7643794277013,-40.67631827196319,40.67631827196319,-53.20228677049539,53.20228677049539,96.3042241579754,53.20228677049539,63.41385519595942,117.66052716824427,84.22361689495527
2023-11-13 20:00:00,0.0,88.33550764833196,26.154873776288788,273.27286744001157,44.3893133840432,60.976734658854525,-88.33550764833196,88.33550764833196,-26.154873776288788,26.154873776288788,-273.27286744001157,273.27286744001157,-44.3893133840432,44.3893133840432,-60.976734658854525,60.976734658854525,98.625859381506,60.976734658854525,67.4617183228258,118.0306059832771,87.56821609990297
2023-11-13 21:00:00,0.0,53.89649983759413,37.74480456887714,331.05114593978095,29.60279342410367,36.8369824080371,-53.89649983759413,53.89649983759413,-37.74480456887714,37.74480456887714,-331.05114593978095,331.05114593978095,-29.60279342410367,29.60279342410367,-36.8369824080371,36.8369824080371,97.8264452356786,37.74480456887714,57.384148835021605,122.4799025222389,80.89190093592129
2023-11-13 22:00:00,42.8741095057484,66.54250106731918,36.62711360501206,332.976138466063,37.56189413802269,39.11498711427261,-23.66839156157078,23.66839156157078,6.246995900736337,6.246995900736337,-290.1020289603146,290.1020289603146,5.312215367725713,5.312215367725713,3.759122391475792,3.759122391475792,102.56452687813791,39.11498711427261,61.833205109378255,126.65209532930974,84.8814929300885
2023-11-13 23:00:00,0.0,52.002530328063855,37.41605048945272,336.28653269176067,44.0359919507024,30.838745689475655,-52.002530328063855,52.002530328063855,-37.41605048945272,37.41605048945272,-336.28653269176067,336.28653269176067,-44.0359919507024,44.0359919507024,-30.838745689475655,30.838745689475655,100.11597022989106,44.0359919507024,57.311601594111096,131.71115417301988,82.89776991401264
2023-11-14 00:00:00,74.37563980333113,92.58487139669641,29.90529630055603,287.9066103068492,50.77991172366483,81.21595311333006,-18.20923159336529,18.20923159336529,44.470343502775094,44.470343502775094,-213.53097050351806,213.53097050351806,23.595728079666294,23.595728079666294,-6.840313309998933,6.840313309998933,108.4785285682193,81.21595311333006,77.24677721174035,131.0487337155197,100.42754961448787
2023-11-14 01:00:00,0.0,35.212557988530996,46.580981828263674,317.122580394282,35.91951019013818,31.810233330930146,-35.212557988530996,35.212557988530996,-46.580981828263674,46.580981828263674,-317.122580394282,317.122580394282,-35.91951019013818,35.91951019013818,-31.810233330930146,31.810233330930146,93.329172746429,35.91951019013818,54.176849195297216,120.28043125138134,77.3650653494754
2023-11-14 02:00:00,0.0,37.93171701327144,37.21406178535079,345.46654011100634,41.4153170787904,31.399932556333127,-37.93171701327144,37.93171701327144,-37.21406178535079,37.21406178535079,-345.46654011100634,345.46654011100634,-41.4153170787904,41.4153170787904,-31.399932556333127,31.399932556333127,98.68551370895042,37.93171701327144,54.594579276461374,131.5856039687995,81.87114422663497
2023-11-14 03:00:00,177.0225259991233,52.27001301028063,39.574353088034,339.6632576841009,41.27309321550948,41.672326092353245,124.75251298884268,124.75251298884268,137.4481729110893,137.4481729110893,-162.64073168497762,162.64073168497762,135.74943278361383,135.74943278361383,135.35019990677006,135.35019990677006,102.89060861805565,41.672326092353245,60.56565137730945,130.90991241914006,86.35525608101663
2023-11-14 04:00:00,123.2579728695679,64.87658349640635,37.858685626452456,345.16428105777084,46.691543567544265,57.75276111938221,58.38138937316154,58.38138937316154,85.39928724311544,85.39928724311544,-221.90630818820296,221.90630818820296,76.56642930202364,76.56642930202364,65.50521175018568,65.50521175018568,110.46877097351123,57.75276111938221,69.84489229146914,139.55173008016362,96.46329313006851
2023-11-14 05:00:00,11.921331775690192,41.21559051286092,47.76954882561478,350.61290759397014,49.97204321885888,36.08251312491034,-29.29425873717073,29.29425873717073,-35.848217049924585,35.848217049924585,-338.69157581827994,338.69157581827994,-38.05071144316869,38.05071144316869,-24.16118134922015,24.16118134922015,105.130520655243,47.76954882561478,61.75207826424574,139.50355421341902,88.61929649933009
2023-11-14 06:00:00,0.0,49.09125375938592,39.01445522703108,339.8832272037974,52.13536600128658,39.07961921677458,-49.09125375938592,49.09125375938592,-39.01445522703108,39.01445522703108,-339.8832272037974,339.8832272037974,-52.13536600128658,52.13536600128658,-39.07961921677458,39.07961921677458,103.84078428165512,49.09125375938592,61.84859547882186,62.51262255328328,65.89244610931749
2023-11-14 07:00:00,814.2203892260541,716.4668819717637,547.095306075754,609.1460086032906,386.6946893828595,655.316744198123,97.75350725429041,97.75350725429041,267.12508315030004,267.12508315030004,205.07438062276344,205.07438062276344,427.52569984319456,427.52569984319456,158.90364502793102,158.90364502793102,582.9439260463582,609.1460086032906,598.7700586553054,658.0649538620498,624.7026378041028
2023-11-14 08:00:00,990.1336942246052,1229.292529171885,1158.6775104694893,736.7454348538288,743.0166623811185,1228.2199917188923,-239.15883494727984,239.15883494727984,-168.54381624488417,168.54381624488417,253.38825937077638,253.38825937077638,247.11703184348664,247.11703184348664,-238.08629749428712,238.08629749428712,1019.1904257190429,1158.6775104694893,1114.6213209622529,1165.9401369001346,1133.6505208463032
2023-11-14 09:00:00,1721.9188497175337,1625.271889763051,1720.7676697047893,1116.2771505267006,898.2037945731167,1668.1831235817197,96.64695995448278,96.64695995448278,1.151180012744362,1.151180012744362,605.6416991908332,605.6416991908332,823.715055144417,823.715055144417,53.73572613581405,53.73572613581405,1405.7407256298754,1625.271889763051,1530.065433111759,1572.285910668699,1545.4901729764563
2023-11-14 10:00:00,2078.595677613828,1807.897355565158,1878.4329156373942,1227.6552713995757,1785.4019066489057,1918.171525975098,270.69832204866975,270.69832204866975,200.16276197643356,200.16276197643356,850.9404062142521,850.9404062142521,293.1937709649221,293.1937709649221,160.42415163872988,160.42415163872988,1723.5117950452263,1807.897355565158,1818.1936038900112,1815.6639385321605,1818.4939269307163
2023-11-14 11:00:00,1853.1537514938257,2111.9195018249193,2149.9588048184796,1131.965087855547,2028.3419628890256,2129.1405457212127,-258.7657503310936,258.7657503310936,-296.80505332465395,296.80505332465395,721.1886636382787,721.1886636382787,-175.18821139519991,175.18821139519991,-275.986794227387,275.986794227387,1910.2651806218369,2111.9195018249193,2052.2825747770257,2056.5895186328826,2040.542773291582
2023-11-14 12:00:00,2258.407676396823,2247.4085370393486,2305.0473906452835,1400.7632050791087,1762.4963017832968,2286.929902599983,10.999139357474178,10.999139357474178,-46.63971424846068,46.63971424846068,857.6444713177141,857.6444713177141,495.91137461352605,495.91137461352605,-28.522226203160244,28.522226203160244,2000.5290674294042,2247.4085370393486,2139.228093681131,2185.2011058245553,2154.8205538575835
2023-11-14 13:00:00,2203.1945285096767,2300.2206117333017,2359.7620746996495,1294.2119187655994,2201.599114490466,2352.867536350977,-97.02608322362494,97.02608322362494,-156.56754618997275,156.56754618997275,908.9826097440773,908.9826097440773,1.5954140192106934,1.5954140192106934,-149.6730078413002,149.6730078413002,2101.7322512079986,2300.2206117333017,2248.321584593769,2256.4681809610133,2242.3568871782295
2023-11-14 14:00:00,1865.72363170042,1711.5725930663953,1763.8204215075916,1208.0611831266308,2449.801560558742,1800.1941560468235,154.15103863402464,154.15103863402464,101.90321019282828,101.90321019282828,657.6624485737891,657.6624485737891,-584.0779288583221,584.0779288583221,65.52947565359636,65.52947565359636,1786.6899828612368,1763.8204215075916,1828.9008384355795,1760.6942788989763,1794.2553629819786
2023-11-14 15:00:00,1459.7153827967936,1605.5238521934518,1604.4777997996296,1085.9383775601998,1889.6048040737908,1608.4663253003898,-145.8084693966582,145.8084693966582,-144.76241700283595,144.76241700283595,373.7770052365938,373.7770052365938,-429.88942127699715,429.88942127699715,-148.7509425035962,148.7509425035962,1558.8022317854925,1605.5238521934518,1613.1512515033628,1592.3901080031453,1595.1161192691288
2023-11-14 16:00:00,1083.8109970859255,929.7472831583541,1040.1032875362355,844.5096704481819,1437.782710926401,1024.6710506060133,154.06371392757137,154.06371392757137,43.70770954968998,43.70770954968998,239.3013266377436,239.3013266377436,-353.97171384047556,353.97171384047556,59.13994647991217,59.13994647991217,1055.3628005350372,1024.6710506060133,1044.945717887444,995.9090686056568,1028.2632061761403
2023-11-14 17:00:00,574.2016448776977,654.5914153516286,584.6444214763495,566.5501134843163,805.6008223514193,539.1502665791262,-80.38977047393087,80.38977047393087,-10.44277659865179,10.44277659865179,7.651531393381447,7.651531393381447,-231.39917747372158,231.39917747372158,35.051378298571535,35.051378298571535,630.107407848568,584.6444214763495,614.8657745460044,612.6138684689597,602.0954277900281
2023-11-14 18:00:00,166.73176490259308,43.51243508776322,36.18235184843085,396.1075700202799,75.31275254739096,35.27146547178768,123.21932981482986,123.21932981482986,130.54941305416224,130.54941305416224,-229.37580511768684,229.37580511768684,91.41901235520213,91.41901235520213,131.4602994308054,131.4602994308054,117.27731499513052,43.51243508776322,64.89726422746931,63.169608175180755,68.92981781417866
2023-11-14 19:00:00,100.0290789005707,58.6031229627881,36.69078653105582,381.41693932710587,42.13859750067462,39.5025574316967,41.4259559377826,41.4259559377826,63.338292369514875,63.338292369514875,-281.38786042653516,281.38786042653516,57.890481399896075,57.890481399896075,60.526521468873995,60.526521468873995,111.6704007506642,42.13859750067462,65.25605588931555,143.922100048604,92.98803841784805
2023-11-14 20:00:00,0.0,58.68906967228956,36.69078653105582,396.64137213985435,48.39865266317718,47.860140852685575,-58.68906967228956,58.68906967228956,-36.69078653105582,36.69078653105582,-396.64137213985435,396.64137213985435,-48.39865266317718,48.39865266317718,-47.860140852685575,47.860140852685575,117.65600437181249,48.39865266317718,69.5428727495874,152.87146850618032,99.82753142162993
2023-11-14 21:00:00,0.0,47.33359055353795,36.18235184843085,372.374347245315,30.215735898234467,32.771888484829404,-47.33359055353795,47.33359055353795,-36.18235184843085,36.18235184843085,-372.374347245315,372.374347245315,-30.215735898234467,30.215735898234467,-32.771888484829404,32.771888484829404,103.77558280606954,36.18235184843085,58.0878020218839,134.65330408741752,85.13182609097022
2023-11-14 22:00:00,101.44967703228885,47.164498121013224,35.180680076434705,384.0504230198368,37.21883145731868,45.44984764434496,54.28517891127562,54.28517891127562,66.26899695585413,66.26899695585413,-282.60074598754795,282.60074598754795,64.23084557497017,64.23084557497017,55.99982938794388,55.99982938794388,109.81285606378967,45.44984764434496,62.93601038818959,143.73761378218197,93.05462799273839
2023-11-14 23:00:00,28.362428865044574,46.17448530242303,41.099727565819585,328.13128086743745,47.73396469758998,54.74235265758616,-17.812056437378455,17.812056437378455,-12.73729870077501,12.73729870077501,-299.76885200239286,299.76885200239286,-19.37153583254541,19.37153583254541,-26.379923792541586,26.379923792541586,103.57636221817124,47.73396469758998,65.19570612460933,131.85315954854423,90.77840267709755
2023-11-15 00:00:00,0.0,52.276766650767534,39.69582044686549,404.1907959055861,50.4300688208836,40.510441583471916,-52.276766650767534,52.276766650767534,-39.69582044686549,39.69582044686549,-404.1907959055861,404.1907959055861,-50.4300688208836,50.4300688208836,-40.510441583471916,40.510441583471916,117.42077868151493,50.4300688208836,67.29340479109263,156.55828694629434,98.74175157421347
2023-11-15 01:00:00,209.37908352902787,45.59425858480082,39.4578797256315,379.9904519338967,34.720940194572286,37.890966215103624,163.78482494422704,163.78482494422704,169.92120380339637,169.92120380339637,-170.6113684048688,170.6113684048688,174.6581433344556,174.6581433344556,171.48811731392425,171.48811731392425,107.53089933080098,39.4578797256315,61.07048459983656,139.72287557568737,89.3223811618381
2023-11-15 02:00:00,0.0,54.88747141372899,45.726386009006376,320.3732396240318,53.454047222509054,40.31682218412657,-54.88747141372899,54.88747141372899,-45.726386009006376,45.726386009006376,-320.3732396240318,320.3732396240318,-53.454047222509054,53.454047222509054,-40.31682218412657,40.31682218412657,102.95159329068056,53.454047222509054,65.66034011232911,133.52980494296588,88.41072661154992
2023-11-15 03:00:00,247.89695433994137,63.16333315380953,39.182204470758954,357.23620648868325,37.892882013995795,36.94029431182756,184.73362118613184,184.73362118613184,208.7147498691824,208.7147498691824,-109.33925214874188,109.33925214874188,210.00407232594557,210.00407232594557,210.95666002811382,210.95666002811382,106.88298408781502,39.182204470758954,65.63134344074109,134.08267609343096,88.67886154018012
2023-11-15 04:00:00,42.79549220796434,63.57057395110594,40.87304622769414,377.21515599320855,49.05458557739123,55.53680039036512,-20.775081743141605,20.775081743141605,1.9224459802701972,1.9224459802701972,-334.4196637852442,334.4196637852442,-6.259093369426893,6.259093369426893,-12.741308182400786,12.741308182400786,117.25003242795299,55.53680039036512,74.85127533874294,149.44742114602857,101.84697550909509
2023-11-15 05:00:00,0.0,41.23589016954682,38.96252664370482,325.49963193987844,48.6901028113228,30.734420499468015,-41.23589016954682,41.23589016954682,-38.96252664370482,38.96252664370482,-325.49963193987844,325.49963193987844,-48.6901028113228,48.6901028113228,-30.734420499468015,30.734420499468015,97.02451441278417,41.23589016954682,57.48779039941865,129.49669775735669,81.64713342948303
2023-11-15 06:00:00,0.0,42.416663763625266,39.182204470758954,393.530449954841,54.646459200554006,35.77458337152257,-42.416663763625266,42.416663763625266,-39.182204470758954,39.182204470758954,-393.530449954841,393.530449954841,-54.646459200554006,54.646459200554006,-35.77458337152257,35.77458337152257,113.11007215226036,42.416663763625266,64.62248325119138,61.63206216258498,67.65329472888949
2023-11-15 07:00:00,654.4667420429641,697.5710686043498,847.4719295230888,552.3522038279389,255.03178355713834,660.1912681416181,-43.10432656138562,43.10432656138562,-193.00518748012462,193.00518748012462,102.11453821502528,102.11453821502528,399.4349584858258,399.4349584858258,-5.724526098653996,5.724526098653996,602.5236507308267,660.1912681416181,661.8815606411207,657.8429031034734,648.4603228978672
2023-11-15 08:00:00,938.912506748452,968.6610188044558,1083.0300997139818,769.3007698228404,860.6061442535057,1139.7713727057442,-29.748512056003847,29.748512056003847,-144.11759296552987,144.11759296552987,169.61173692561158,169.61173692561158,78.30636249494626,78.30636249494626,-200.8588659572922,200.8588659572922,964.2738810601055,968.6610188044558,1023.0442953235831,1018.6779836515373,1033.325734445706
2023-11-15 09:00:00,1683.422306330236,1729.0142101247447,1852.6227958397774,1222.4862546481984,743.3128662847059,1807.819993716757,-45.59190379450865,45.59190379450865,-169.20048950954128,169.20048950954128,460.9360516820377,460.9360516820377,940.1094400455302,940.1094400455302,-124.39768738652083,124.39768738652083,1471.0512241228366,1729.0142101247447,1630.3037965628882,1675.267049401776,1647.445497357318
2023-11-15 10:00:00,2135.90068862711,2084.745284054403,2115.473130591909,1185.1867886234213,1403.905988627829,2079.718928036942,51.155404572707084,51.155404572707084,20.427558035200946,20.427558035200946,950.7139000036887,950.7139000036887,731.994699999281,731.994699999281,56.18176059016787,56.18176059016787,1773.806023986901,2079.718928036942,1947.9619183731709,1989.9555992289143,1952.0802456853942
2023-11-15 11:00:00,2111.0294958824315,2081.2488069382694,2087.2046820817636,1401.7107437991408,2582.108252660485,2141.9945156292993,29.780688944162193,29.780688944162193,23.824813800667926,23.824813800667926,709.3187520832907,709.3187520832907,-471.0787567780535,471.0787567780535,-30.96501974686771,30.96501974686771,2058.8534002217916,2087.2046820817636,2112.1469980320744,2092.753897530635,2101.639851839031
2023-11-15 12:00:00,2430.8740911542804,2341.3696037567365,2515.243497680508,1507.6888138576503,2054.643395507125,2551.8007453274686,89.50448739754393,89.50448739754393,-84.36940652622752,84.36940652622752,923.1852772966301,923.1852772966301,376.23069564715524,376.23069564715524,-120.92665417318813,120.92665417318813,2194.149211225898,2341.3696037567365,2375.6920775721255,2360.3328284687045,2369.9974631229225
2023-11-15 13:00:00,2185.4040574700666,2331.9121475621077,2432.105990508607,1433.5200524401257,2548.728393324131,2412.319918521424,-146.50809009204113,146.50809009204113,-246.70193303854057,246.70193303854057,751.8840050299409,751.8840050299409,-363.32433585406443,363.32433585406443,-226.9158610513573,226.9158610513573,2231.717300471279,2412.319918521424,2351.721807987158,2325.976024722654,2332.1167936114844
2023-11-15 14:00:00,2110.143128757376,2027.2908563454737,2020.4175935107476,1261.1553634521294,2402.6385086315818,2059.8849207844846,82.85227241190228,82.85227241190228,89.7255352466284,89.7255352466284,848.9877653052465,848.9877653052465,-292.4953798742058,292.4953798742058,50.25820797289134,50.25820797289134,1954.2774485448833,2027.2908563454737,2024.2280671080416,2015.1650533369998,2014.6504099993858
2023-11-15 15:00:00,1673.4000631090748,1538.2790178233545,1637.1953269356584,1112.2855994704641,2343.6259540816286,1610.568531533705,135.12104528572036,135.12104528572036,36.20473617341645,36.20473617341645,561.1144636386107,561.1144636386107,-670.2258909725538,670.2258909725538,62.83153157536981,62.83153157536981,1648.3908859689623,1610.568531533705,1638.625841044713,1592.999432380142,1621.27946552799
2023-11-15 16:00:00,1082.7427933066165,1023.5511562848303,1159.7915125163595,854.973486126859,1639.0820007498455,1161.658750569836,59.191637021786164,59.191637021786164,-77.04871920974301,77.04871920974301,227.76930717975745,227.76930717975745,-556.339207443229,556.339207443229,-78.91595726321952,78.91595726321952,1167.8113812495462,1159.7915125163595,1146.8665401203486,1108.2615020597468,1142.4324390179052
2023-11-15 17:00:00,702.9065157076129,674.968609295348,561.8102766186759,621.7578057792565,852.6873239237879,567.5867905529357,27.937906412264965,27.937906412264965,141.09623908893707,141.09623908893707,81.14870992835642,81.14870992835642,-149.78080821617493,149.78080821617493,135.31972515467726,135.31972515467726,655.7621612340008,621.7578057792565,627.5071578411118,636.9921292542201,624.0195764859869
2023-11-15 18:00:00,62.529244115023005,48.883906609107626,36.77830322437026,408.230044180725,82.80750720408138,36.416919093486335,13.645337505915379,13.645337505915379,25.750940890652743,25.750940890652743,-345.70080006570197,345.70080006570197,-20.27826308905837,20.27826308905837,26.11232502153667,26.11232502153667,122.62333606235411,48.883906609107626,65.46035183831131,67.26563919039518,71.62584833978005
2023-11-15 19:00:00,0.0,37.632004429128955,35.47681937149442,389.60609102164693,39.00869074122401,47.1000152102717,-37.632004429128955,37.632004429128955,-35.47681937149442,35.47681937149442,-389.60609102164693,389.60609102164693,-39.00869074122401,39.00869074122401,-47.1000152102717,47.1000152102717,109.76472415475321,39.00869074122401,58.13286914244082,144.18791082535085,92.06918186334246
2023-11-15 20:00:00,178.71134217543002,41.16384285640889,33.93148029889748,387.699763708102,47.37396566256771,31.496475757779685,137.54749931902114,137.54749931902114,144.77986187653255,144.77986187653255,-208.988421532672,208.988421532672,131.3373765128623,131.3373765128623,147.21486641765034,147.21486641765034,108.33310565675114,41.16384285640889,54.98613563477561,147.60866823438036,88.74435744365296
2023-11-15 21:00:00,0.0,38.9552405265389,36.18235184843085,410.21688100058935,35.58194827902037,36.76925163740129,-38.9552405265389,38.9552405265389,-36.18235184843085,36.18235184843085,-410.21688100058935,410.21688100058935,-35.58194827902037,35.58194827902037,-36.76925163740129,36.76925163740129,111.54113465839616,36.76925163740129,57.64219360019526,148.32861910300534,91.45332107011967
2023-11-15 22:00:00,27.56970956476243,50.43995954552146,37.308478824846475,361.0603413283758,37.82473360050328,31.572137784469398,-22.87024998075903,22.87024998075903,-9.738769260084045,9.738769260084045,-333.49063176361335,333.49063176361335,-10.255024035740849,10.255024035740849,-4.002428219706967,4.002428219706967,103.64113021674328,37.82473360050328,57.78036408622301,134.79541591886505,84.81538760176895
2023-11-15 23:00:00,0.0,43.02102251210203,39.65986842973343,383.8372254270372,46.777208858901005,30.17215288185597,-43.02102251210203,43.02102251210203,-39.65986842973343,39.65986842973343,-383.8372254270372,383.8372254270372,-46.777208858901005,46.777208858901005,-30.17215288185597,30.17215288185597,108.69349562192592,43.02102251210203,57.063839671500936,146.76835792530218,88.9227889797973
2023-11-16 00:00:00,0.0,46.66524208842614,37.858685626452456,383.85983012400396,54.385861695181404,54.33057882753799,-46.66524208842614,46.66524208842614,-37.858685626452456,37.858685626452456,-383.85983012400396,383.85983012400396,-54.385861695181404,54.385861695181404,-54.33057882753799,54.33057882753799,115.4200396723204,54.33057882753799,65.08184389435101,153.21146736353515,99.43811707733754
2023-11-16 01:00:00,0.0,69.79641166184325,53.9894547552881,359.6214928744786,31.47530564332307,21.334759487106094,-69.79641166184325,69.79641166184325,-53.9894547552881,53.9894547552881,-359.6214928744786,359.6214928744786,-31.47530564332307,31.47530564332307,-21.334759487106094,21.334759487106094,107.24348488440782,53.9894547552881,64.62108993565882,136.67340654625923,86.1039978188782
2023-11-16 02:00:00,0.0,56.17694399581664,39.182204470758954,354.556988771524,48.02531897684054,42.03353194312784,-56.17694399581664,56.17694399581664,-39.182204470758954,39.182204470758954,-354.556988771524,354.556988771524,-48.02531897684054,48.02531897684054,-42.03353194312784,42.03353194312784,107.99499763161359,48.02531897684054,61.901941125741175,139.9848199152456,90.5717342272443
2023-11-16 03:00:00,34.97267641485679,44.10410705584552,46.2862838700093,303.5449750275341,36.919985517974794,28.59710607918851,-9.131430640988725,9.131430640988725,-11.313607455152507,11.313607455152507,-268.57229861267734,268.57229861267734,-1.9473091031180019,1.9473091031180019,6.375570335668282,6.375570335668282,91.89049151011045,44.10410705584552,52.47601327424726,119.06271883220381,75.55913914979512
2023-11-16 04:00:00,105.89318311994182,35.55990302704036,39.01445522703108,344.1831169714224,45.44688754696117,31.476116396145514,70.33328009290146,70.33328009290146,66.87872789291075,66.87872789291075,-238.28993385148058,238.28993385148058,60.44629557298065,60.44629557298065,74.41706672379631,74.41706672379631,99.13609583372012,39.01445522703108,49.50227371072448,133.1380266783205,80.91453256268663
2023-11-16 05:00:00,147.6036509393675,41.302464936728555,39.182204470758954,355.2083651980094,51.92358414807558,35.96853225858197,106.30118600263894,106.30118600263894,108.42144646860854,108.42144646860854,-207.6047142586419,207.6047142586419,95.68006679129192,95.68006679129192,111.63511868078552,111.63511868078552,104.71703020243089,41.302464936728555,54.36965401575731,139.7226826996516,86.36481350682524
2023-11-16 06:00:00,27.768714710403646,42.77047771174577,39.01445522703108,368.8682169739807,61.51730102645159,37.71833700400565,-15.001763001342123,15.001763001342123,-11.245740516627432,11.245740516627432,-341.09950226357705,341.09950226357705,-33.74858631604795,33.74858631604795,-9.949622293602001,9.949622293602001,109.97775758864296,42.77047771174577,57.542158474338294,61.41701946249289,65.22697229957907
2023-11-16 07:00:00,503.01602747073605,679.0074625069833,614.2498681692401,575.5859998741169,342.2162698824165,545.4714717836715,-175.99143503624725,175.99143503624725,-111.23384069850408,111.23384069850408,-72.5699724033808,72.5699724033808,160.79975758831955,160.79975758831955,-42.45544431293547,42.45544431293547,551.3062144432856,575.5859998741169,592.2982216998691,600.6362908708804,577.2358910166163
2023-11-16 08:00:00,1182.8648603709034,898.8910402870015,1046.4009664105404,856.5257836338211,816.3541546543659,1105.83111862659,283.97382008390196,283.97382008390196,136.46389396036307,136.46389396036307,326.33907673708234,326.33907673708234,366.5107057165376,366.5107057165376,77.03374174431337,77.03374174431337,944.8006127224638,898.8910402870015,987.0154133784973,974.7459355195167,998.654750939215
2023-11-16 09:00:00,1390.2106861539362,1570.068416644684,1657.8241976721026,905.1850320043554,1123.2309537144931,1611.7609604498425,-179.85773049074783,179.85773049074783,-267.61351151816643,267.61351151816643,485.02565414958076,485.02565414958076,266.97973243944307,266.97973243944307,-221.55027429590632,221.55027429590632,1373.6139120970954,1570.068416644684,1536.1870353054314,1523.639828421955,1515.0230336276036
2023-11-16 10:00:00,1851.3788388023224,2236.0115975153717,2282.869062710079,1178.7213285809228,1002.4139027627572,2203.3624795052283,-384.63275871304927,384.63275871304927,-431.4902239077567,431.4902239077567,672.6575102213997,672.6575102213997,848.9649360395653,848.9649360395653,-351.98364070290586,351.98364070290586,1780.6756742148718,2203.3624795052283,2058.6463259519596,2089.616085122179,2041.2863540662615
2023-11-16 11:00:00,2339.1618822705072,2245.149667168923,2312.3636613476797,1376.413230718944,1806.5965152846857,2285.502044696206,94.01221510158439,94.01221510158439,26.798220922827568,26.798220922827568,962.7486515515632,962.7486515515632,532.5653669858216,532.5653669858216,53.65983757430104,53.65983757430104,2005.205023843288,2245.149667168923,2171.424144863462,2185.2719874294175,2165.1502533957623
2023-11-16 12:00:00,2132.595261499347,2328.2025909716945,2259.1707756756687,1278.275458392079,2161.8262522946534,2346.2378998240993,-195.60732947234737,195.60732947234737,-126.57551417632158,126.57551417632158,854.3198031072682,854.3198031072682,-29.230990795306298,29.230990795306298,-213.64263832475217,213.64263832475217,2074.742595431639,2259.1707756756687,2233.1649552268755,2257.5751849653993,2231.4181411088302
2023-11-16 13:00:00,2021.8193001440166,2140.1788144790353,2166.2289199796683,1251.9126089861415,2099.0042105007537,2161.5159185090943,-118.35951433501873,118.35951433501873,-144.4096198356517,144.4096198356517,769.906691157875,769.906691157875,-77.18491035673719,77.18491035673719,-139.6966183650777,139.6966183650777,1963.768094490939,2140.1788144790353,2093.627691822103,2093.6567296916237,2081.2421290541242
2023-11-16 14:00:00,2028.7117052788572,2033.8027619596742,1999.101686588548,1086.689080133912,1815.5219814223517,2062.845389958424,-5.091056680817019,5.091056680817019,29.61001869030906,29.61001869030906,942.0226251449451,942.0226251449451,213.18972385650545,213.18972385650545,-34.13368467956707,34.13368467956707,1799.592180012582,1999.101686588548,1948.4250549227916,1972.252375775172,1948.6907432035905
2023-11-16 15:00:00,1657.5681134070703,1714.9166658702713,1746.1472548260872,963.7286794982311,1955.9775635132921,1700.0131435502192,-57.34855246320103,57.34855246320103,-88.57914141901688,88.57914141901688,693.8394339088392,693.8394339088392,-298.4094501062218,298.4094501062218,-42.44503014314887,42.44503014314887,1616.15666145162,1714.9166658702713,1707.4240577512028,1680.8176078486604,1679.7064606803267
2023-11-16 16:00:00,1193.6187205856315,1086.1278865037893,1200.5184728311876,879.6466303808897,1563.5623676215819,1218.5201987520584,107.4908340818422,107.4908340818422,-6.899752245556101,6.899752245556101,313.9720902047418,313.9720902047418,-369.94364703595033,369.94364703595033,-24.90147816642684,24.90147816642684,1189.6751112179013,1200.5184728311876,1209.3610315014832,1156.9097475925037,1191.5202957221882
2023-11-16 17:00:00,483.2095581824558,643.8478211304708,624.9780571173985,557.2596686218211,814.451505387757,523.5437201011165,-160.63826294801504,160.63826294801504,-141.76849893494273,141.76849893494273,-74.05011043936531,74.05011043936531,-331.24194720530124,331.24194720530124,-40.3341619186607,40.3341619186607,632.8161544717128,624.9780571173985,623.8149126248587,604.4470908240371,599.7505759492345
2023-11-16 18:00:00,101.72887682435652,37.523245278383655,35.186155443495686,367.45836637161113,74.1346030389352,33.31862429062867,64.20563154597286,64.20563154597286,66.54272138086083,66.54272138086083,-265.7294895472546,265.7294895472546,27.594273785421322,27.594273785421322,68.41025253372786,68.41025253372786,109.52419888461088,37.523245278383655,58.71721574502966,57.862145063925325,63.54237287773441
2023-11-16 19:00:00,0.0,48.6411715898006,41.65173268745824,329.2255903820218,40.256646034842646,33.69391287956368,-48.6411715898006,48.6411715898006,-41.65173268745824,41.65173268745824,-329.2255903820218,329.2255903820218,-40.256646034842646,40.256646034842646,-33.69391287956368,33.69391287956368,98.6938107147374,41.65173268745824,56.766237010860756,127.36585533478106,81.71717242255276
2023-11-16 20:00:00,0.0,44.33058042872634,36.18235184843085,358.99631470643544,39.296002043421126,37.37054281588676,-44.33058042872634,44.33058042872634,-36.18235184843085,36.18235184843085,-358.99631470643544,358.99631470643544,-39.296002043421126,39.296002043421126,-37.37054281588676,37.37054281588676,103.2351583685801,39.296002043421126,57.04774967930875,135.2060958423254,85.79729389338361
2023-11-16 21:00:00,0.0,40.908783834132784,34.12641966441082,359.4155660406371,29.581185150826293,46.14672615147188,-40.908783834132784,40.908783834132784,-34.12641966441082,34.12641966441082,-359.4155660406371,359.4155660406371,-29.581185150826293,29.581185150826293,-46.14672615147188,46.14672615147188,102.03573616829576,40.908783834132784,56.099109622490495,131.92977902276147,86.0451590575291
2023-11-16 22:00:00,0.0,41.42230444823616,37.18701146601499,348.4647798999051,36.813756669658886,33.08056311901016,-41.42230444823616,41.42230444823616,-37.18701146601499,37.18701146601499,-348.4647798999051,348.4647798999051,-36.813756669658886,36.813756669658886,-33.08056311901016,33.08056311901016,99.39368312056507,37.18701146601499,53.47683265914214,130.4210400776396,81.66421106894956
2023-11-16 23:00:00,86.29874553156563,54.39859932425621,31.824920315140254,352.1943698926599,43.50273703207257,26.89662068122492,31.90014620730942,31.90014620730942,54.473825216425375,54.473825216425375,-265.8956243610943,265.8956243610943,42.79600849949306,42.79600849949306,59.40212485034071,59.40212485034071,101.76344944907078,43.50273703207257,54.43802526720668,136.11022689024875,82.89648967329578
2023-11-17 00:00:00,34.1138476590899,42.092313437628306,37.895427005185205,363.2338732964499,53.93236824326142,31.218391010568592,-7.978465778538407,7.978465778538407,-3.781579346095306,3.781579346095306,-329.12002563735996,329.12002563735996,-19.818520584171523,19.818520584171523,2.895456648521307,2.895456648521307,105.67447459861867,42.092313437628306,56.92406810048503,143.17080331752803,87.40703454724137
2023-11-17 01:00:00,80.46915051941578,41.0666576301086,37.56802169845372,352.7728135767196,34.957612792212714,30.29966711282109,39.402492889307176,39.402492889307176,42.90112882096206,42.90112882096206,-272.3036630573038,272.3036630573038,45.51153772720306,45.51153772720306,50.169483406594686,50.169483406594686,99.33295456206316,37.56802169845372,52.85533614001153,131.0852956994371,81.10871388681143
2023-11-17 02:00:00,0.0,41.688349070580436,41.258273167311785,340.96900278847477,48.28801394246308,30.098098431024543,-41.688349070580436,41.688349070580436,-41.258273167311785,41.258273167311785,-340.96900278847477,340.96900278847477,-48.28801394246308,48.28801394246308,-30.098098431024543,30.098098431024543,100.46034747997092,41.688349070580436,55.31862610647952,134.1124111347018,82.94100035455348
2023-11-17 03:00:00,98.50795519730822,45.40596298616631,38.20683973310104,355.2686792166626,40.99821830901657,27.961273107324374,53.10199221114191,53.10199221114191,60.30111546420718,60.30111546420718,-256.76072401935437,256.76072401935437,57.50973688829165,57.50973688829165,70.54668208998385,70.54668208998385,101.56819467045418,40.99821830901657,54.4699171518456,135.27935658131037,82.83067567550249
2023-11-17 04:00:00,7.714175631519635,41.59971311758346,41.258273167311785,335.48338200248065,43.96928494561248,72.03011564727808,-33.885537486063825,33.885537486063825,-33.54409753579215,33.54409753579215,-327.769206370961,327.769206370961,-36.25510931409284,36.25510931409284,-64.31594001575844,64.31594001575844,106.86815377605328,43.96928494561248,67.43863145428942,131.42351406267292,95.43829753975497
2023-11-17 05:00:00,0.0,54.834849714308874,45.55634576910208,325.15997863462957,42.015559230058514,38.43665647016565,-54.834849714308874,54.834849714308874,-45.55634576910208,45.55634576910208,-325.15997863462957,325.15997863462957,-42.015559230058514,42.015559230058514,-38.43665647016565,38.43665647016565,101.20067796365294,45.55634576910208,60.49279762451804,128.0211210131429,84.481642478062
2023-11-17 06:00:00,0.0,40.55009016503047,39.182204470758954,351.97937509276727,51.84597192686632,42.84463414082461,-40.55009016503047,40.55009016503047,-39.182204470758954,39.182204470758954,-351.97937509276727,351.97937509276727,-51.84597192686632,51.84597192686632,-42.84463414082461,42.84463414082461,105.2804551592495,42.84463414082461,58.85942223297769,60.65756285603442,65.48011338671846
2023-11-17 07:00:00,325.8266227772501,650.1812795217893,549.1371534927019,586.5224814177616,354.37918533860443,502.92321805072476,-324.35465674453917,324.35465674453917,-223.31053071545182,223.31053071545182,-260.69585864051146,260.69585864051146,-28.552562561354307,28.552562561354307,-177.09659527347463,177.09659527347463,528.6286635643164,549.1371534927019,534.5662237358696,569.5380762932281,537.5416663317376
2023-11-17 08:00:00,1286.2782625008917,1185.4980872207539,1248.6510867936051,935.8106278623824,425.58386482063344,1335.5090398601385,100.78017528013788,100.78017528013788,37.6271757072866,37.6271757072866,350.46763463850937,350.46763463850937,860.6943976802584,860.6943976802584,-49.23077735924676,49.23077735924676,1026.2105413115028,1185.4980872207539,1120.0119051621703,1182.715109239794,1163.1620205549175
2023-11-17 09:00:00,1654.0616223306938,1377.9993219542766,1453.9444202909222,951.841466543417,1440.0529964300908,1507.1615459569541,276.06230037641717,276.06230037641717,200.11720203977166,200.11720203977166,702.2201557872768,702.2201557872768,214.00862590060296,214.00862590060296,146.9000763737397,146.9000763737397,1346.199950235132,1440.0529964300908,1421.8504183454252,1407.2081776393363,1419.3898780338457
2023-11-17 10:00:00,2280.477679681577,2072.7406551374975,2071.764559981076,1345.1717555826206,1645.8252613174361,2128.3820605352666,207.7370245440793,207.7370245440793,208.71311970050056,208.71311970050056,935.3059240989562,935.3059240989562,634.6524183641407,634.6524183641407,152.09561914631013,152.09561914631013,1852.7768585107794,2071.764559981076,1996.126920983097,2023.443937768813,2002.1030414347824
2023-11-17 11:00:00,2003.6980821205136,2288.353255466589,2311.850900867649,1155.2922901522054,2103.4996598135062,2342.014008772766,-284.65517334607534,284.65517334607534,-308.1528187471356,308.1528187471356,848.4057919683082,848.4057919683082,-99.80157769299262,99.80157769299262,-338.3159266522523,338.3159266522523,2040.2020230145433,2288.353255466589,2236.1713794741013,2230.0061117228283,2216.296453716541
2023-11-17 12:00:00,2152.5093742429617,2133.114233649363,2251.702854996287,1354.5838708749638,2033.3321971185565,2264.848575427764,19.395140593598626,19.395140593598626,-99.19348075332528,99.19348075332528,797.9255033679979,797.9255033679979,119.17717712440526,119.17717712440526,-112.33920118480228,112.33920118480228,2007.5163464133868,2133.114233649363,2148.2644761197666,2134.9551700120905,2139.438878207787
2023-11-17 13:00:00,1888.083619104429,2026.938729350666,2034.0175431308928,1193.3187534190886,2339.485479130796,2065.5723481933283,-138.85511024623702,138.85511024623702,-145.93392402646373,145.93392402646373,694.7648656853405,694.7648656853405,-451.4018600263671,451.4018600263671,-177.48872908889916,177.48872908889916,1931.8665706449544,2034.0175431308928,2043.4411874473526,2010.0071673917512,2015.5222902193875
2023-11-17 14:00:00,2109.0754131515973,2195.280164978612,2169.0099449166305,1235.9375668070468,1723.1746931110697,2153.936427775739,-86.20475182701466,86.20475182701466,-59.93453176503317,59.93453176503317,873.1378463445506,873.1378463445506,385.90072004052763,385.90072004052763,-44.86101462414172,44.86101462414172,1895.4677595178196,2153.936427775739,2063.6816559923573,2092.9333221795123,2056.8653309102724
2023-11-17 15:00:00,1627.7392408190426,1694.1538110642684,1740.6907924812888,981.1817997374164,2055.2014646882667,1716.2428699545849,-66.41457024522583,66.41457024522583,-112.95155166224617,112.95155166224617,646.5574410816262,646.5574410816262,-427.4622238692241,427.4622238692241,-88.50362913554227,88.50362913554227,1637.4941475851651,1716.2428699545849,1723.0435286885486,1683.7826296876324,1692.7952510208042
2023-11-17 16:00:00,1248.4903264578752,1172.2712030738373,1194.6830857694495,907.3274089693068,1451.113887717121,1264.6127037157291,76.21912338403786,76.21912338403786,53.807240688425736,53.807240688425736,341.1629174885684,341.1629174885684,-202.6235612592459,202.6235612592459,-16.12237725785394,16.12237725785394,1198.001657849089,1194.6830857694495,1227.4151961670161,1207.6927896989805,1223.0552680727626
2023-11-17 17:00:00,490.4152337596378,691.0088765306623,561.942338410315,615.608131027192,924.5672243382041,527.9647108530648,-200.59364277102452,200.59364277102452,-71.52710465067719,71.52710465067719,-125.19289726755426,125.19289726755426,-434.15199057856637,434.15199057856637,-37.54947709342707,37.54947709342707,664.2182562318877,615.608131027192,635.2336085586409,634.0584407377507,619.2242082059081
2023-11-17 18:00:00,71.6365564465178,44.25864240758622,35.51488853853114,371.8450918428666,73.21643394552086,38.842743932881135,27.37791403893158,27.37791403893158,36.12166790798666,36.12166790798666,-300.2085353963488,300.2085353963488,-1.5798774990030608,1.5798774990030608,32.79381251363667,32.79381251363667,112.73556013347721,44.25864240758622,61.38769824555915,63.17694818294199,67.68505474182201
2023-11-17 19:00:00,0.0,48.58417287086412,35.500986628596436,321.7626679221763,39.5562498878916,35.42087484883129,-48.58417287086412,48.58417287086412,-35.500986628596436,35.500986628596436,-321.7626679221763,321.7626679221763,-39.5562498878916,39.5562498878916,-35.42087484883129,35.42087484883129,96.16499043167195,39.5562498878916,54.13668373637658,124.21817529817702,79.82363076646672
2023-11-17 20:00:00,134.37161939475158,34.53477214603211,34.98573729931417,299.8852988525525,44.912230509156196,34.3077746049848,99.83684724871947,99.83684724871947,99.38588209543741,99.38588209543741,-165.51367945780095,165.51367945780095,89.45938888559539,89.45938888559539,100.06384478976678,100.06384478976678,89.72516268240796,34.98573729931417,49.770560630913,118.42620304922248,75.2656165615192
2023-11-17 21:00:00,53.621512149228266,52.03898617348982,42.60277503167036,314.32172902189507,32.95060799005286,42.44402737464898,1.5825259757384487,1.5825259757384487,11.018737117557905,11.018737117557905,-260.70021687266683,260.70021687266683,20.670904159175407,20.670904159175407,11.177484774579284,11.177484774579284,96.8716251183514,42.60277503167036,58.40230755321146,120.25759441209077,81.46110108819073
2023-11-17 22:00:00,0.0,56.523411834180564,43.169004147083065,338.1643822119006,39.8156795223528,29.625120430943603,-56.523411834180564,56.523411834180564,-43.169004147083065,43.169004147083065,-338.1643822119006,338.1643822119006,-39.8156795223528,39.8156795223528,-29.625120430943603,29.625120430943603,101.45951962929212,43.169004147083065,58.00563086573541,130.32628771663622,82.71650358675862
2023-11-17 23:00:00,0.0,59.05998567397806,35.96961696087536,372.7933558185531,41.97446712759952,59.00352778868216,-59.05998567397806,59.05998567397806,-35.96961696087536,35.96961696087536,-372.7933558185531,372.7933558185531,-41.97446712759952,41.97446712759952,-59.00352778868216,59.00352778868216,113.76019067393763,59.00352778868216,67.5632600737199,146.3288519332104,98.72037729460304
2023-11-18 00:00:00,0.0,64.84785862194305,46.88693723455243,352.2864252136391,50.44082941840479,45.75116294308699,-64.84785862194305,64.84785862194305,-46.88693723455243,46.88693723455243,-352.2864252136391,352.2864252136391,-50.44082941840479,50.44082941840479,-45.75116294308699,45.75116294308699,112.04264268632528,50.44082941840479,67.81131665982724,140.9945081569751,94.20050857092315
2023-11-18 01:00:00,0.0,53.060265644961845,37.30075268272222,326.8358604350171,32.622319649309446,34.01696656640776,-53.060265644961845,53.060265644961845,-37.30075268272222,37.30075268272222,-326.8358604350171,326.8358604350171,-32.622319649309446,32.622319649309446,-34.01696656640776,34.01696656640776,96.76723299568366,37.30075268272222,55.3784024679526,122.28991179504555,79.45733419131771
2023-11-18 02:00:00,0.0,43.57828927790777,37.01539964593325,358.614180624825,45.82709707213435,26.690828133642373,-43.57828927790777,43.57828927790777,-37.01539964593325,37.01539964593325,-358.614180624825,358.614180624825,-45.82709707213435,45.82709707213435,-26.690828133642373,26.690828133642373,102.34515895088855,43.57828927790777,54.15538901772227,138.98857979967357,83.75038806212493
2023-11-18 03:00:00,0.0,47.18829909219126,39.828793229133304,349.1738970590271,39.22893012963064,42.12776552794015,-47.18829909219126,47.18829909219126,-39.828793229133304,39.828793229133304,-349.1738970590271,349.1738970590271,-39.22893012963064,39.22893012963064,-42.12776552794015,42.12776552794015,103.50953700758448,42.12776552794015,58.984188959091085,133.08207082794243,86.74733844321497
2023-11-18 04:00:00,0.0,55.14487445830111,41.811010331228225,369.10608157404636,43.62394776369984,48.13551586126062,-55.14487445830111,55.14487445830111,-41.811010331228225,41.811010331228225,-369.10608157404636,369.10608157404636,-43.62394776369984,43.62394776369984,-48.13551586126062,48.13551586126062,111.56428599770724,48.13551586126062,64.59032202713657,142.622058336072,94.10367448075614
2023-11-18 05:00:00,16.45830950760776,46.64975991510943,42.60847890366412,322.9567950371871,46.39822259882445,29.179208247993095,-30.19145040750167,30.19145040750167,-26.150169396056363,26.150169396056363,-306.49848552957934,306.49848552957934,-29.939913091216688,29.939913091216688,-12.720898740385337,12.720898740385337,97.55849294055562,46.39822259882445,54.89902615961793,129.36579433033324,80.6269863846951
2023-11-18 06:00:00,11.454570079432514,43.5934544239436,41.34496406468321,360.65254086829134,53.849844036368566,43.9654322831552,-32.138884344511084,32.138884344511084,-29.890393985250697,29.890393985250697,-349.1979707888588,349.1979707888588,-42.39527395693605,42.39527395693605,-32.51086220372269,32.51086220372269,108.68124713528837,43.9654322831552,61.159068378601845,63.23138559511051,67.84647207580242
2023-11-18 07:00:00,545.9822813665235,632.2539428961052,527.0868007534781,583.231022556211,431.40377320975705,518.518475140827,-86.2716615295817,86.2716615295817,18.89548061304538,18.89548061304538,-37.24874118968751,37.24874118968751,114.57850815676642,114.57850815676642,27.46380622569643,27.46380622569643,538.4988029112757,527.0868007534781,539.8319040361118,570.0067605740729,544.355054993476
2023-11-18 08:00:00,1107.7185366113335,1175.5201448519242,1229.144973594631,835.951809732999,549.4694037018145,1285.9371360108087,-67.80160824059067,67.80160824059067,-121.42643698329744,121.42643698329744,271.76672687833457,271.76672687833457,558.2491329095191,558.2491329095191,-178.21859939947512,178.21859939947512,1015.2046935784356,1175.5201448519242,1134.5163979323138,1160.550606817543,1148.748467342806
2023-11-18 09:00:00,1414.623079319038,1703.7634544302762,1762.063970031053,1104.823646521248,983.4732248516557,1757.5176357838445,-289.1403751112382,289.1403751112382,-347.44089071201506,347.44089071201506,309.7994327977899,309.7994327977899,431.1498544673823,431.1498544673823,-342.89455646480656,342.89455646480656,1462.3283863236156,1703.7634544302762,1612.5706848824086,1647.4591884043484,1621.9781664075192
2023-11-18 10:00:00,1943.8687711562548,2316.2016144145596,2361.399852649698,1260.2952552666413,741.633619043653,2267.153703928009,-372.3328432583048,372.3328432583048,-417.53108149344325,417.53108149344325,683.5735158896134,683.5735158896134,1202.2351521126018,1202.2351521126018,-323.28493277175403,323.28493277175403,1789.3368090605122,2267.153703928009,2052.5355884964733,2143.4277996623805,2070.0871190453604
2023-11-18 11:00:00,2226.9761232066107,2021.5579794780688,2018.5117859810696,1388.8283019801863,1979.788215133993,2069.1373297528135,205.41814372854196,205.41814372854196,208.46433722554116,208.46433722554116,838.1478212264244,838.1478212264244,247.1879080726178,247.1879080726178,157.83879345379728,157.83879345379728,1895.5647224652262,2018.5117859810696,1989.2732772273043,1998.0338074566396,1989.1325358487911
2023-11-18 12:00:00,2292.992540232748,2284.013702060442,2399.9550744477474,1356.8792982184175,2289.4711245136914,2426.588885052298,8.978838172306041,8.978838172306041,-106.96253421499932,106.96253421499932,936.1132420143306,936.1132420143306,3.5214157190566766,3.5214157190566766,-133.5963448195498,133.5963448195498,2151.381616858519,2289.4711245136914,2301.82445730498,2286.996631397422,2292.240426992884
2023-11-18 13:00:00,2153.5747713589735,1978.8577233424446,1989.1023073217625,1335.7632185551076,2704.8622920785824,2078.9471052684435,174.7170480165289,174.7170480165289,164.472464037211,164.472464037211,817.8115528038659,817.8115528038659,-551.2875207196089,551.2875207196089,74.62766609053006,74.62766609053006,2017.506529313268,1989.1023073217625,2058.1853275205403,2020.4791797114913,2042.8900790859518
2023-11-18 14:00:00,1872.2354009160597,2049.2364714852247,2038.9639744372605,1055.3430103571816,1976.8526320665278,2003.9652209376661,-177.001070569165,177.001070569165,-166.72857352120081,166.72857352120081,816.8923905588781,816.8923905588781,-104.61723115046811,104.61723115046811,-131.72982002160643,131.72982002160643,1824.8722618567722,2003.9652209376661,1966.708878696575,1968.3458334324214,1946.2839101975865
2023-11-18 15:00:00,1386.0619301001345,1508.795153670065,1444.2040841755252,914.7100484169541,1811.1074553012077,1504.978534261221,-122.73322356993049,122.73322356993049,-58.142154075390636,58.142154075390636,471.3518816831804,471.3518816831804,-425.04552520107313,425.04552520107313,-118.91660416108652,118.91660416108652,1436.7590551649946,1504.978534261221,1493.0222263470391,1486.0393382958907,1482.065987278122
2023-11-18 16:00:00,1158.0419884159282,1197.0390733139538,1206.2242601835153,855.3534789996858,1194.4417994874316,1283.9427448267677,-38.997084898025605,38.997084898025605,-48.18227176758705,48.18227176758705,302.6885094162425,302.6885094162425,-36.399811071503336,36.399811071503336,-125.90075641083945,125.90075641083945,1147.4002713622708,1197.0390733139538,1203.7228536259604,1208.218534182293,1209.8510195802837
2023-11-18 17:00:00,651.5617604782504,667.304630926875,551.5590725580506,627.0824998097933,863.508027452663,493.5904946952614,-15.742870448624558,15.742870448624558,100.00268792019983,100.00268792019983,24.479260668457187,24.479260668457187,-211.94626697441254,211.94626697441254,157.97126578298906,157.97126578298906,640.6089450885287,627.0824998097933,610.5970992222008,607.1816843058871,592.1735230151844
2023-11-18 18:00:00,50.72913791774459,74.43842148700467,44.34050161231337,354.4520697091261,79.36932889071716,48.70373402857974,-23.709283569260087,23.709283569260087,6.38863630543122,6.38863630543122,-303.7229317913815,303.7229317913815,-28.64019097297257,28.64019097297257,2.025403889164849,2.025403889164849,120.2608111455482,74.43842148700467,77.77415586565765,80.46473214704025,81.26457543863495
2023-11-18 19:00:00,65.7285008694083,45.768192031687846,36.269042745802274,358.02498445371333,38.09542100325393,33.128053951440045,19.960308837720447,19.960308837720447,29.45945812360602,29.45945812360602,-292.29648358430507,292.29648358430507,27.63307986615436,27.63307986615436,32.60044691796825,32.60044691796825,102.2571388371795,38.09542100325393,58.09117822244107,134.07429003839175,84.72667903597376
2023-11-18 20:00:00,44.21276422783721,35.41927299969056,36.269042745802274,342.73725930833274,41.86637121934934,26.93197508057446,8.79349122814665,8.79349122814665,7.943721482034938,7.943721482034938,-298.5244950804955,298.5244950804955,2.3463930084878726,2.3463930084878726,17.28078914726275,17.28078914726275,96.64478427074987,36.269042745802274,53.14539069628462,130.44843910398023,79.79350081034431
2023-11-18 21:00:00,0.0,47.237975732241836,43.471332613275266,310.57813917473806,28.985851410545994,42.92359449879514,-47.237975732241836,47.237975732241836,-43.471332613275266,43.471332613275266,-310.57813917473806,310.57813917473806,-28.985851410545994,28.985851410545994,-42.92359449879514,42.92359449879514,94.63937868591925,43.471332613275266,58.08897746059593,117.8091821006224,80.28204250530837
2023-11-18 22:00:00,0.0,34.45330606444877,34.19517793716691,365.2725903095695,36.90822676493598,25.80820824638812,-34.45330606444877,34.45330606444877,-34.19517793716691,34.19517793716691,-365.2725903095695,365.2725903095695,-36.90822676493598,36.90822676493598,-25.80820824638812,25.80820824638812,99.32750186450185,34.45330606444877,51.96640392628085,134.6810596181799,81.02138108551621
2023-11-18 23:00:00,0.0,56.68570634402976,35.25927487860841,309.2696113550244,42.845467510037,43.38427046351348,-56.68570634402976,56.68570634402976,-35.25927487860841,35.25927487860841,-309.2696113550244,309.2696113550244,-42.845467510037,42.845467510037,-43.38427046351348,43.38427046351348,97.4888661102426,43.38427046351348,60.44428401349542,122.93435154957615,83.18821798367269
2023-11-19 00:00:00,155.1640528176349,57.569431636957226,42.60847890366412,318.8016659241013,49.86541073932958,32.43378856175506,97.59462118067768,97.59462118067768,112.55557391397079,112.55557391397079,-163.6376131064664,163.6376131064664,105.29864207830533,105.29864207830533,122.73026425587986,122.73026425587986,100.25575515316146,49.86541073932958,61.294219851595386,130.5462872947611,84.09006088689024
2023-11-19 01:00:00,0.0,54.457712109912066,38.48931968007332,301.6709232396786,37.37747763042932,36.26668041672551,-54.457712109912066,54.457712109912066,-38.48931968007332,38.48931968007332,-301.6709232396786,301.6709232396786,-37.37747763042932,37.37747763042932,-36.26668041672551,36.26668041672551,93.65242261536375,38.48931968007332,58.369358953448376,116.9990639280973,78.59434747088156
2023-11-19 02:00:00,30.95594847586634,60.08525859123196,41.34496406468321,329.4879043937289,44.94611628259311,43.34973319403067,-29.129310115365623,29.129310115365623,-10.389015588816871,10.389015588816871,-298.53195591786255,298.53195591786255,-13.99016780672677,13.99016780672677,-12.39378471816433,12.39378471816433,103.84279530525357,44.94611628259311,65.3249543731202,130.30865271593385,88.12858782657308
2023-11-19 03:00:00,0.0,44.913196125695585,39.101146124402504,321.7791707048038,42.245015285464376,35.532346449644116,-44.913196125695585,44.913196125695585,-39.101146124402504,39.101146124402504,-321.7791707048038,321.7791707048038,-42.245015285464376,42.245015285464376,-35.532346449644116,35.532346449644116,96.71417493800207,42.245015285464376,57.579923940672366,126.10526191126618,81.5548600331108
2023-11-19 04:00:00,19.374190066810616,38.32494262865721,39.782511344236916,354.806473657009,43.33781264398036,36.44392962630711,-18.950752561846596,18.950752561846596,-20.4083212774263,20.4083212774263,-335.4322835901984,335.4322835901984,-23.96362257716974,23.96362257716974,-17.069739559496494,17.069739559496494,102.5391339800381,39.782511344236916,58.36280280835059,135.7118205579659,86.01899973116399
2023-11-19 05:00:00,8.590801841663039,38.76073948130569,39.26889536813038,339.21343300035016,46.01372851918908,36.21173149403647,-30.169937639642654,30.169937639642654,-30.678093526467343,30.678093526467343,-330.6226311586871,330.6226311586871,-37.42292667752604,37.42292667752604,-27.620929652373434,27.620929652373434,99.89370557260237,39.26889536813038,57.523762955950176,131.9501899182198,84.06327327557875
2023-11-19 06:00:00,0.0,52.85721793948574,39.782511344236916,329.8992053388288,52.51509481533533,38.354449905601115,-52.85721793948574,52.85721793948574,-39.782511344236916,39.782511344236916,-329.8992053388288,329.8992053388288,-52.51509481533533,52.51509481533533,-38.354449905601115,38.354449905601115,102.68169586869757,52.51509481533533,62.488673575512024,63.4537309080839,65.98995049993852
2023-11-19 07:00:00,612.9961099186825,703.3466313185486,574.5434295829897,646.6464913912616,335.95029837898977,564.1798376832054,-90.35052139986612,90.35052139986612,38.452680335692776,38.452680335692776,-33.65038147257917,33.65038147257917,277.0458115396927,277.0458115396927,48.81627223547707,48.81627223547707,564.933337670999,574.5434295829897,580.5367892280385,620.0726051336808,586.0054533793566
2023-11-19 08:00:00,955.3121367927332,1105.8288260548682,1168.2966683808793,834.2712899134094,711.8251818470319,1225.2525149605901,-150.51668926213495,150.51668926213495,-212.98453158814607,212.98453158814607,121.0408468793238,121.0408468793238,243.4869549457013,243.4869549457013,-269.9403781678569,269.9403781678569,1009.0948962313557,1105.8288260548682,1085.551599725828,1112.6357537795311,1106.3256882899968
2023-11-19 09:00:00,1520.4557626971373,1485.8014749545566,1516.9622038898856,941.2637912164541,1046.2206638295431,1560.3294887711538,34.654287742580664,34.654287742580664,3.493558807251702,3.493558807251702,579.1919714806832,579.1919714806832,474.23509886759416,474.23509886759416,-39.87372607401653,39.87372607401653,1310.1155245323187,1485.8014749545566,1415.2781304770974,1455.4540939728643,1435.308669995683
2023-11-19 10:00:00,2029.1102971800608,2073.583169970071,2072.9905674605034,1266.6890539128515,1322.7624016120894,2081.391741737018,-44.47287279001034,44.47287279001034,-43.88027028044257,43.88027028044257,762.4212432672093,762.4212432672093,706.3478955679714,706.3478955679714,-52.28144455695724,52.28144455695724,1763.4833869385068,2072.9905674605034,1935.4401899969528,1982.8958065906859,1944.4758247113966
2023-11-19 11:00:00,2181.268602040488,2281.1897306925207,2447.8744248198504,1321.3719369072483,1827.0651343034804,2433.9410588874903,-99.92112865203262,99.92112865203262,-266.60582277936237,266.60582277936237,859.8966651332398,859.8966651332398,354.2034677370077,354.2034677370077,-252.6724568470022,252.6724568470022,2062.288457122118,2281.1897306925207,2267.8097175745584,2261.3447470798906,2257.9922425982563
2023-11-19 12:00:00,1912.0426360104702,2245.389388888993,2127.1370735258433,1173.7553967568729,2022.8333559191701,2222.221448293801,-333.3467528785227,333.3467528785227,-215.0944375153731,215.0944375153731,738.2872392535974,738.2872392535974,-110.79071990869988,110.79071990869988,-310.1788122833309,310.1788122833309,1958.2673326769363,2127.1370735258433,2129.7936440706217,2152.302389846818,2120.7265663693797
2023-11-19 13:00:00,2025.5878837255354,2067.742327147358,2102.4742536009203,1253.8883630213782,1706.8009240483036,2123.9123377706856,-42.154443421822634,42.154443421822634,-76.88636987538484,76.88636987538484,771.6995207041573,771.6995207041573,318.78695967723183,318.78695967723183,-98.3244540451501,98.3244540451501,1850.9636411177294,2067.742327147358,2002.072516255621,2019.5597245254676,2001.4648680120094
2023-11-19 14:00:00,1900.135191694545,2055.734259685108,2010.6711971366647,1205.5911016038644,2035.8480769848318,2068.256837487657,-155.59906799056307,155.59906799056307,-110.53600544211963,110.53600544211963,694.5440900906806,694.5440900906806,-135.71288529028675,135.71288529028675,-168.12164579311184,168.12164579311184,1875.2202945796253,2035.8480769848318,1999.186096913316,2005.3368434942277,1990.0523085357195
2023-11-19 15:00:00,1494.4783679225889,1405.7772377704584,1408.1868277965748,1076.8293073275267,2056.5392834227946,1427.5245642877658,88.70113015213042,88.70113015213042,86.29154012601407,86.29154012601407,417.6490605950621,417.6490605950621,-562.0609155002057,562.0609155002057,66.95380363482309,66.95380363482309,1474.971444121024,1408.1868277965748,1477.6646986903893,1433.0596976308202,1453.7165205781207
2023-11-19 16:00:00,1025.4651223382205,1223.2517771856637,1227.750104624455,887.6645468518889,1337.5875789690658,1321.0746146068177,-197.7866548474433,197.7866548474433,-202.28498228623448,202.28498228623448,137.80057548633158,137.80057548633158,-312.12245663084536,312.12245663084536,-295.60949226859725,295.60949226859725,1199.4657244475784,1227.750104624455,1244.220660446852,1245.4628125905842,1251.0131097221101
2023-11-19 17:00:00,688.7523306675597,703.7265295554396,604.1893349220401,615.0829557210989,734.4046512063467,551.0865127597456,-14.97419888787988,14.97419888787988,84.56299574551963,84.56299574551963,73.66937494646083,73.66937494646083,-45.65232053878697,45.65232053878697,137.66581790781413,137.66581790781413,641.6979968329342,615.0829557210989,637.8003994762535,639.3259646999797,621.694811171406
2023-11-19 18:00:00,0.0,46.19584549526814,33.60833772670572,315.4391292176139,80.61394422538798,27.058457297839396,-46.19584549526814,46.19584549526814,-33.60833772670572,33.60833772670572,-315.4391292176139,315.4391292176139,-80.61394422538798,80.61394422538798,-27.058457297839396,27.058457297839396,100.58314279256304,46.19584549526814,57.66961049365266,56.770818225227984,59.86044863374468
2023-11-19 19:00:00,0.0,55.218258875192404,37.83149546624857,372.20599236641795,34.31779374636773,46.911703449487376,-55.218258875192404,55.218258875192404,-37.83149546624857,37.83149546624857,-372.20599236641795,372.20599236641795,-34.31779374636773,34.31779374636773,-46.911703449487376,46.911703449487376,109.29704878074281,46.911703449487376,63.65868269091334,139.46242624331867,92.17808312631564
2023-11-19 20:00:00,99.11531319470703,46.60089455259113,34.901529390869314,357.75606562981335,41.37996984391937,29.68371729779649,52.5144186421159,52.5144186421159,64.21378380383771,64.21378380383771,-258.6407524351063,258.6407524351063,57.73534335078766,57.73534335078766,69.43159589691054,69.43159589691054,102.06443534299792,41.37996984391937,56.30712086575073,136.29279857968754,84.12960636179037
2023-11-19 21:00:00,0.0,42.249051287119975,36.269042745802274,361.3905851027148,30.64306523721078,32.9837607893968,-42.249051287119975,42.249051287119975,-36.269042745802274,36.269042745802274,-361.3905851027148,361.3905851027148,-30.64306523721078,30.64306523721078,-32.9837607893968,32.9837607893968,100.70710103244893,36.269042745802274,55.542196015207566,131.55511444943943,82.86736550376325
2023-11-19 22:00:00,7.045959065910236,56.9419798467316,36.10197805805431,324.7507150136523,36.29081232248884,37.15647571243253,-49.89602078082136,49.89602078082136,-29.05601899214407,29.05601899214407,-317.7047559477421,317.7047559477421,-29.244853256578605,29.244853256578605,-30.110516646522296,30.110516646522296,98.24839219067192,37.15647571243253,59.16648352677373,123.088482146821,81.7574632826993
2023-11-19 23:00:00,65.46310170095015,56.8358130744673,37.670490630552024,354.4736270943641,42.36037509625362,36.05528473661686,8.627288626482844,8.627288626482844,27.792611070398124,27.792611070398124,-289.0105253934139,289.0105253934139,23.102726604696528,23.102726604696528,29.407816964333286,29.407816964333286,105.47911812645077,42.36037509625362,61.93179191560103,135.99435069568676,87.68472335599986
2023-11-20 00:00:00,0.0,54.97174866370221,45.71521292922032,327.661561649608,46.07649508373889,29.042094619146678,-54.97174866370221,54.97174866370221,-45.71521292922032,45.71521292922032,-327.661561649608,327.661561649608,-46.07649508373889,46.07649508373889,-29.042094619146678,29.042094619146678,100.69342258908321,46.07649508373889,60.89316602411258,130.55201505349962,83.38065776492964
2023-11-20 01:00:00,13.714575235341158,51.41311530691588,38.65807305786705,296.97527699260144,32.67910364338747,42.56795598802366,-37.69854007157472,37.69854007157472,-24.94349782252589,24.94349782252589,-283.2607017572603,283.2607017572603,-18.964528408046313,18.964528408046313,-28.853380752682504,28.853380752682504,92.4587049977591,42.56795598802366,56.8339504308193,114.93461135154251,78.5359007318651
2023-11-20 02:00:00,64.82149815885367,38.467258819815896,36.996256288306256,365.8336810953027,43.0680363605005,44.8013835813999,26.354239339037775,26.354239339037775,27.825241870547416,27.825241870547416,-301.01218293644905,301.01218293644905,21.75346179835317,21.75346179835317,20.020114577453775,20.020114577453775,105.83332322906506,43.0680363605005,58.20394207120098,139.89772978094118,89.55744291773563
2023-11-20 03:00:00,164.32348858749754,60.016841287809356,41.397273602107894,389.9136571110109,42.00789993699389,37.77010252156802,104.30664729968818,104.30664729968818,122.92621498538963,122.92621498538963,-225.59016852351334,225.59016852351334,122.31558865050366,122.31558865050366,126.55338606592952,126.55338606592952,114.22115489189801,42.00789993699389,65.33598477475448,146.379627089199,93.91293504187924
2023-11-20 04:00:00,0.0,49.89803161950659,46.88693723455243,334.33471352879695,46.877801127680094,47.07974839482124,-49.89803161950659,49.89803161950659,-46.88693723455243,46.88693723455243,-334.33471352879695,334.33471352879695,-46.877801127680094,46.877801127680094,-47.07974839482124,47.07974839482124,105.01544638107146,47.07974839482124,64.45214987116684,133.1754590281575,89.70732162497585
2023-11-20 05:00:00,0.0,60.737809666310234,38.505985801987805,381.364533597248,44.62893959265909,46.62215710290063,-60.737809666310234,60.737809666310234,-38.505985801987805,38.505985801987805,-381.364533597248,381.364533597248,-44.62893959265909,44.62893959265909,-46.62215710290063,46.62215710290063,114.37188515222115,46.62215710290063,67.79087751130083,146.2475830471082,96.41034661854708
2023-11-20 06:00:00,56.3326619325328,41.873659110403516,39.101146124402504,357.3766048159323,51.45471105687899,35.40766317812873,14.459002822129285,14.459002822129285,17.231515808130297,17.231515808130297,-301.0439428833995,301.0439428833995,4.877950875653809,4.877950875653809,20.924998754404072,20.924998754404072,105.0427568571492,41.873659110403516,59.372785100736024,58.88458965474479,63.56729643369984
2023-11-20 07:00:00,563.9436292955606,662.2523074937073,575.7585543213997,568.7666296943654,321.96972307729567,527.8254095004228,-98.30867819814671,98.30867819814671,-11.814925025839102,11.814925025839102,-4.823000398804766,4.823000398804766,241.97390621826497,241.97390621826497,36.11821979513786,36.11821979513786,531.3145248174382,568.7666296943654,555.8595112385674,582.6429032928412,553.3787112229948
2023-11-20 08:00:00,1110.9462362300399,997.1117274711921,1105.4425567666747,920.6108449243999,763.1764953156986,1206.8998195057804,113.83450875884773,113.83450875884773,5.503679463365188,5.503679463365188,190.33539130563997,190.33539130563997,347.76974091434124,347.76974091434124,-95.95358327574058,95.95358327574058,998.6482887967492,997.1117274711921,1042.2195713787005,1060.5091234792358,1071.9282301178869
2023-11-20 09:00:00,1658.9944025017403,1501.2419171228485,1585.7845527147524,888.663601674546,1089.5546240637384,1597.1376279914693,157.75248537889183,157.75248537889183,73.20984978698789,73.20984978698789,770.3308008271943,770.3308008271943,569.4397784380019,569.4397784380019,61.85677451027095,61.85677451027095,1332.476464713471,1501.2419171228485,1466.6617924999437,1479.3809946606216,1469.7356546891576
2023-11-20 10:00:00,1599.2151341253866,1994.7748520138155,1927.4439745649975,993.7439628642753,1383.2972636699867,1997.848318472429,-395.55971788842885,395.55971788842885,-328.22884043961085,328.22884043961085,605.4711712611113,605.4711712611113,215.9178704553999,215.9178704553999,-398.6331843470423,398.6331843470423,1659.4216743171007,1927.4439745649975,1844.0979387277575,1895.0909386423853,1853.210661768949
2023-11-20 11:00:00,1979.6969492387148,2131.817560751701,2207.81889650193,1422.370964673796,1186.1426693827116,2151.403848922694,-152.12061151298622,152.12061151298622,-228.12194726321513,228.12194726321513,557.3259845649188,557.3259845649188,793.5542798560032,793.5542798560032,-171.70689968397937,171.70689968397937,1819.9107880465665,2131.817560751701,1967.282054057298,2044.1214153914586,1997.6839682284794
2023-11-20 12:00:00,2031.8294857845608,2103.699947845323,2034.6615880056906,1294.7499395845598,2200.798145600287,2189.4382692175077,-71.87046206076229,71.87046206076229,-2.832102221129844,2.832102221129844,737.079546200001,737.079546200001,-168.96865981572637,168.96865981572637,-157.6087834329469,157.6087834329469,1964.6695780506736,2103.699947845323,2064.9674506608076,2087.7123333185837,2076.6255046474535
2023-11-20 13:00:00,2354.601360110058,2216.031006021072,2236.592733025228,1377.6440842539723,2040.0527065209342,2248.987142146513,138.57035408898628,138.57035408898628,118.0086270848301,118.0086270848301,976.9572758560857,976.9572758560857,314.5486535891239,314.5486535891239,105.61421796354489,105.61421796354489,2023.861534393544,2216.031006021072,2157.3724587927795,2168.267005370446,2152.261574556979
2023-11-20 14:00:00,1862.5833056208473,1911.0980940076208,1924.8567263423486,1252.8255889185828,2454.9864554898304,1920.8234819182444,-48.51478838677349,48.51478838677349,-62.273420721501225,62.273420721501225,609.7577167022646,609.7577167022646,-592.4031498689831,592.4031498689831,-58.240176297397056,58.240176297397056,1892.9180693353253,1920.8234819182444,1948.956125124456,1908.5617029791192,1920.0036586817864
2023-11-20 15:00:00,1481.969874921323,1573.2171967801723,1680.7279604185194,1094.956353508984,1911.116901727974,1649.618073270065,-91.24732185884932,91.24732185884932,-198.75808549719636,198.75808549719636,387.01352141233906,387.01352141233906,-429.14702680665096,429.14702680665096,-167.64819834874197,167.64819834874197,1581.9272971411428,1649.618073270065,1636.4095872887688,1598.7504898354312,1616.8570972195016
2023-11-20 16:00:00,1008.2935685311902,891.5721483904573,1035.5045491227986,850.5928954909009,1430.845392132641,993.9094249121949,116.7214201407329,116.7214201407329,-27.210980591608404,27.210980591608404,157.7006730402893,157.7006730402893,-422.5518236014509,422.5518236014509,14.384143618995267,14.384143618995267,1040.4848820097984,993.9094249121949,1023.3008509002966,966.9471514327809,1003.9532620843219
2023-11-20 17:00:00,571.9708988473685,687.7005373981541,638.3302905589477,594.885578809552,716.231114563774,558.8045123318115,-115.72963855078558,115.72963855078558,-66.35939171157918,66.35939171157918,-22.914679962183527,22.914679962183527,-144.26021571640547,144.26021571640547,13.166386515557065,13.166386515557065,639.1904067324479,638.3302905589477,636.1959226364697,634.4786906785394,620.8013678073546
2023-11-20 18:00:00,0.0,37.66681274865812,35.58767752596786,343.41371117471107,77.90838831753197,33.12224043698707,-37.66681274865812,37.66681274865812,-35.58767752596786,35.58767752596786,-343.41371117471107,343.41371117471107,-77.90838831753197,77.90838831753197,-33.12224043698707,33.12224043698707,105.53976604077123,37.66681274865812,57.45923889443934,56.665327042790736,61.969771076720676
2023-11-20 19:00:00,18.827712794571447,47.48647118561466,36.269042745802274,335.5347728885328,36.0767475204328,33.95319623444851,-28.658758391043214,28.658758391043214,-17.441329951230827,17.441329951230827,-316.7070600939614,316.7070600939614,-17.24903472586135,17.24903472586135,-15.125483439877065,15.125483439877065,97.86404611496621,36.269042745802274,55.33502400123784,125.97184369847365,80.75550877979639
2023-11-20 20:00:00,0.0,33.03210474588388,32.5875199730825,360.4814626918419,40.54813781045466,-9.650330852099986,-33.03210474588388,33.03210474588388,-32.5875199730825,32.5875199730825,-360.4814626918419,360.4814626918419,-40.54813781045466,40.54813781045466,9.650330852099986,9.650330852099986,91.39977887383259,33.03210474588388,40.108951616828996,134.2733253554996,68.6645726960451
2023-11-20 21:00:00,70.66685468910033,43.82110921739286,37.83149546624857,338.2884578340061,28.52510606253271,41.9436377572668,26.845745471707474,26.845745471707474,32.835359222851764,32.835359222851764,-267.6216031449058,267.6216031449058,42.14174862656762,42.14174862656762,28.723216931833534,28.723216931833534,98.0819612674894,41.9436377572668,55.94356702654811,125.47967110239496,82.43209124363415
2023-11-20 22:00:00,0.0,37.17910241493205,37.3951697222179,324.3405107498626,38.011561819732194,26.75826506528775,-37.17910241493205,37.17910241493205,-37.3951697222179,37.3951697222179,-324.3405107498626,324.3405107498626,-38.011561819732194,38.011561819732194,-26.75826506528775,26.75826506528775,92.73692195440648,37.3951697222179,50.17615601262533,123.72532886951701,76.06948286858156
2023-11-20 23:00:00,21.915982052102915,67.99539374897799,35.54006770947649,346.70550176278726,40.19115946447053,55.59237357308631,-46.07941169687507,46.07941169687507,-13.624085657373573,13.624085657373573,-324.7895197106844,324.7895197106844,-18.275177412367615,18.275177412367615,-33.6763915209834,33.6763915209834,109.20489925175971,55.59237357308631,66.93176596831805,136.7658263865503,94.0687322714297
2023-11-21 00:00:00,129.45702327898513,56.11414297979326,41.811010331228225,363.0940945828368,49.734196947350775,45.46635852518405,73.34288029919188,73.34288029919188,87.6460129477569,87.6460129477569,-233.63707130385168,233.63707130385168,79.72282633163437,79.72282633163437,83.99066475380108,83.99066475380108,111.24396067327862,49.734196947350775,64.83665007512707,143.7421662379966,93.91570873362964
2023-11-21 01:00:00,97.4560081013227,57.95491198162379,39.782511344236916,327.1968331408491,35.78781775654591,37.44731865629665,39.50109611969891,39.50109611969891,57.67349675708578,57.67349675708578,-229.74082503952638,229.74082503952638,61.66819034477678,61.66819034477678,60.00868944502604,60.00868944502604,99.63387857591047,39.782511344236916,59.44143303926333,124.40893044814416,82.57134849266369
2023-11-21 02:00:00,50.71648837171499,50.2182255726119,39.101146124402504,317.9847485976574,45.319609071876364,41.09802335497784,0.4982627991030881,0.4982627991030881,11.615342247312483,11.615342247312483,-267.2682602259424,267.2682602259424,5.3968792998386235,5.3968792998386235,9.618465016737147,9.618465016737147,98.7443505443052,45.319609071876364,59.161895379251376,127.11915092961067,83.85278867251522
2023-11-21 03:00:00,0.0,49.89216221815651,39.782511344236916,363.78100808112686,37.3460983879831,31.85862941974971,-49.89216221815651,49.89216221815651,-39.782511344236916,39.782511344236916,-363.78100808112686,363.78100808112686,-37.3460983879831,37.3460983879831,-31.85862941974971,31.85862941974971,104.53208189025061,39.782511344236916,58.410943122422495,136.00749518280236,85.60367375356753
2023-11-21 04:00:00,0.0,43.44921370213464,39.828793229133304,365.4912651625439,42.17665437004133,40.54517312845522,-43.44921370213464,43.44921370213464,-39.828793229133304,39.828793229133304,-365.4912651625439,365.4912651625439,-42.17665437004133,42.17665437004133,-40.54517312845522,40.54517312845522,106.29821991846168,42.17665437004133,58.87637933186201,139.1710376077921,88.78290369127961
2023-11-21 05:00:00,0.0,40.60468107558017,39.26889536813038,349.3824530360752,44.639190682894196,42.361298546672714,-40.60468107558017,40.60468107558017,-39.26889536813038,39.26889536813038,-349.3824530360752,349.3824530360752,-44.639190682894196,44.639190682894196,-42.361298546672714,42.361298546672714,103.25130374187054,42.361298546672714,57.786963897851976,135.37880174798207,87.07225015145886
2023-11-21 06:00:00,0.0,52.17948299408744,41.397273602107894,352.55360913582683,49.10099972387824,43.77355304881189,-52.17948299408744,52.17948299408744,-41.397273602107894,41.397273602107894,-352.55360913582683,352.55360913582683,-49.10099972387824,49.10099972387824,-43.77355304881189,43.77355304881189,107.80098370094247,49.10099972387824,62.3594212450439,66.34415422256129,68.92597999023242
2023-11-21 07:00:00,505.53880520045817,617.6870824421727,549.8688265980534,534.5090166672751,312.7361194042244,503.7742093528874,-112.14827724171454,112.14827724171454,-44.3300213975952,44.3300213975952,-28.97021146681692,28.97021146681692,192.8026857962338,192.8026857962338,1.7645958475707744,1.7645958475707744,503.7150508929226,534.5090166672751,528.0629490093179,549.3216110506121,524.713220067141
2023-11-21 08:00:00,820.7904175575584,1007.285722888217,1018.1840084547486,651.3783965192479,587.340031180024,1053.301573362447,-186.49530533065865,186.49530533065865,-197.39359089719017,197.39359089719017,169.4120210383105,169.4120210383105,233.45038637753441,233.45038637753441,-232.51115580488863,232.51115580488863,863.4979464809369,1007.285722888217,960.6135952868905,977.9541451083021,964.9302260872345
2023-11-21 09:00:00,1606.9867378001554,1698.8174681107894,1777.882840822571,1087.4685478919266,563.0712106330591,1743.869103730857,-91.83073031063395,91.83073031063395,-170.89610302241567,170.89610302241567,519.5181899082288,519.5181899082288,1043.9155271670963,1043.9155271670963,-136.88236593070155,136.88236593070155,1374.2218342378405,1698.8174681107894,1569.4235947716024,1614.954268634925,1578.9315466156977
2023-11-21 10:00:00,1807.419721804139,1743.0023842692774,1801.6420179951867,1181.2940704299187,1787.2793994998283,1807.7846474555179,64.41733753486164,64.41733753486164,5.77770380895231,5.77770380895231,626.1256513742203,626.1256513742203,20.140322304310757,20.140322304310757,-0.36492565137882593,0.36492565137882593,1664.2005039299456,1787.2793994998283,1748.1678464846786,1738.79649912335,1740.4863339595013
2023-11-21 11:00:00,2106.935165223555,1949.333051631455,1910.8254012798511,1313.7232657157715,1764.814517467949,1954.5857519320036,157.60211359210007,157.60211359210007,196.1097639437039,196.1097639437039,793.2118995077835,793.2118995077835,342.1206477556061,342.1206477556061,152.3494132915514,152.3494132915514,1778.6563976054058,1910.8254012798511,1890.0399492002216,1899.7058655138048,1883.5721743216895
2023-11-21 12:00:00,2279.1647454089816,2222.1892564605787,2285.2507100771313,1297.7069871472095,2227.258551600248,2326.184842887083,56.975488948402926,56.975488948402926,-6.0859646681497,6.0859646681497,981.4577582617721,981.4577582617721,51.906193808733406,51.906193808733406,-47.020097478101434,47.020097478101434,2071.7180696344503,2227.258551600248,2226.3281128382096,2208.2465763406913,2209.952989257977
2023-11-21 13:00:00,2035.802903522303,2280.925360306421,2138.793935976536,1159.0507752253409,1949.895771411757,2220.1458311431866,-245.12245678411819,245.12245678411819,-102.99103245423294,102.99103245423294,876.7521282969622,876.7521282969622,85.90713211054594,85.90713211054594,-184.34292762088353,184.34292762088353,1949.7623348126483,2138.793935976536,2136.4524011804588,2163.3425939093186,2123.9201317181
2023-11-21 14:00:00,2009.8930894073108,2000.0927780806855,2001.721460840876,1214.1327431549657,2039.74744520956,2033.26481809593,9.800311326625206,9.800311326625206,8.17162856643472,8.17162856643472,795.760346252345,795.760346252345,-29.8543558022493,29.8543558022493,-23.371728688619214,23.371728688619214,1857.7918490764037,2001.721460840876,1976.985930186581,1967.3541113839742,1961.5133459056333
2023-11-21 15:00:00,1714.667022181477,1510.7382818220015,1607.439702794504,1046.7544728614819,2063.9717169188384,1572.300214849139,203.92874035947557,203.92874035947557,107.22731938697302,107.22731938697302,667.9125493199952,667.9125493199952,-349.3046947373614,349.3046947373614,142.3668073323381,142.3668073323381,1560.240877849193,1572.300214849139,1603.0154051877034,1544.0576405383003,1570.6301322574675
2023-11-21 16:00:00,1114.6347898373965,1024.787244894591,1131.445060334789,925.7107339201666,1624.951501289857,1131.5228445922294,89.8475449428056,89.8475449428056,-16.810270497392594,16.810270497392594,188.9240559172299,188.9240559172299,-510.3167114524606,510.3167114524606,-16.888054754832865,16.888054754832865,1167.6834770063265,1131.445060334789,1158.826242976232,1099.6767944374033,1137.3921755438016
2023-11-21 17:00:00,478.47724950716486,639.2848037092858,540.173075994346,511.1123175893603,814.360066211441,487.83681681913083,-160.80755420212097,160.80755420212097,-61.69582648718119,61.69582648718119,-32.63506808219546,32.63506808219546,-335.88281670427614,335.88281670427614,-9.359567311965975,9.359567311965975,598.5534160647128,540.173075994346,578.8754637143834,581.6309913488674,565.429983095744
2023-11-21 18:00:00,0.0,49.56932396051749,37.83149546624857,343.31889233128464,74.77520674610088,38.579455754761234,-49.56932396051749,49.56932396051749,-37.83149546624857,37.83149546624857,-343.31889233128464,343.31889233128464,-74.77520674610088,74.77520674610088,-38.579455754761234,38.579455754761234,108.81487485178256,49.56932396051749,58.435197286692606,64.04602876617014,66.22323393716758
2023-11-21 19:00:00,149.6102641339802,58.47409911266207,36.269042745802274,314.0547430633867,35.965581205806586,34.22638806509857,91.13616502131813,91.13616502131813,113.34122138817793,113.34122138817793,-164.4444789294065,164.4444789294065,113.64468292817361,113.64468292817361,115.38387606888162,115.38387606888162,95.79797083855124,36.269042745802274,52.92878952666762,119.48336822507933,77.72851910625405
2023-11-21 20:00:00,0.0,46.1531852913182,38.730957638448494,321.07513891099893,48.38788850130517,30.825339459006088,-46.1531852913182,46.1531852913182,-38.730957638448494,38.730957638448494,-321.07513891099893,321.07513891099893,-48.38788850130517,48.38788850130517,-30.825339459006088,30.825339459006088,97.03450196021538,46.1531852913182,52.542388289287366,129.5236526612172,80.19178056899565
2023-11-21 21:00:00,0.0,41.11020794632063,36.147575386970786,314.5779752157361,27.73115065185289,45.34882083353169,-41.11020794632063,41.11020794632063,-36.147575386970786,36.147575386970786,-314.5779752157361,314.5779752157361,-27.73115065185289,27.73115065185289,-45.34882083353169,45.34882083353169,92.98314600688242,41.11020794632063,52.33137670604808,117.79891520935817,78.7054809427047
2023-11-21 22:00:00,23.69917607314634,52.83352504046215,46.30005588128534,345.0552977498711,36.880442363346475,32.97078624965268,-29.13434896731581,29.13434896731581,-22.600879808139,22.600879808139,-321.35612167672474,321.35612167672474,-13.181266290200135,13.181266290200135,-9.271610176506343,9.271610176506343,102.80802145692353,46.30005588128534,56.989517822546404,132.1587830346855,83.90025179848482
2023-11-21 23:00:00,0.0,41.04584959369818,39.746559327104855,343.08122222012355,42.927261411993534,44.95266397862431,-41.04584959369818,41.04584959369818,-39.746559327104855,39.746559327104855,-343.08122222012355,343.08122222012355,-42.927261411993534,42.927261411993534,-44.95266397862431,44.95266397862431,102.35071130630888,42.927261411993534,56.34781265404628,132.97344965443253,86.25705374953027
2023-11-22 00:00:00,96.76444577050073,47.56749822121801,34.0817387101076,324.18536819692804,45.26080780771201,40.15422181785653,49.19694754928272,49.19694754928272,62.68270706039313,62.68270706039313,-227.4209224264273,227.4209224264273,51.503637962788716,51.503637962788716,56.6102239526442,56.6102239526442,98.24992695076443,45.26080780771201,54.192482973868636,128.93817592447684,82.62002742322784
2023-11-22 01:00:00,0.0,51.19898157414569,37.85609180462736,337.9597867524876,33.298353906413375,44.92653421753775,-51.19898157414569,51.19898157414569,-37.85609180462736,37.85609180462736,-337.9597867524876,337.9597867524876,-33.298353906413375,33.298353906413375,-44.92653421753775,44.92653421753775,101.04794965104236,44.92653421753775,56.63580384971548,128.18523785357297,84.64120928470255
2023-11-22 02:00:00,0.0,41.310191845603775,33.9652653477051,326.3928392579646,42.56733708040813,34.74792471658018,-41.310191845603775,41.310191845603775,-33.9652653477051,33.9652653477051,-326.3928392579646,326.3928392579646,-42.56733708040813,42.56733708040813,-34.74792471658018,34.74792471658018,95.79671164965237,41.310191845603775,50.425619047843,127.33784416323377,79.43796623656954
2023-11-22 03:00:00,0.0,43.238708312094595,35.765658789385384,343.09687194464004,40.435877640701776,38.914741215840685,-43.238708312094595,43.238708312094595,-35.765658789385384,35.765658789385384,-343.09687194464004,343.09687194464004,-40.435877640701776,40.435877640701776,-38.914741215840685,38.914741215840685,100.2903715805325,40.435877640701776,53.31797529143239,131.23417593188327,83.20666792626933
2023-11-22 04:00:00,0.0,39.23595684541968,35.765658789385384,317.8573144112047,42.3815154784255,30.564692855247173,-39.23595684541968,39.23595684541968,-35.765658789385384,35.765658789385384,-317.8573144112047,317.8573144112047,-42.3815154784255,42.3815154784255,-30.564692855247173,30.564692855247173,93.16102767593648,39.23595684541968,48.98933672563329,124.08058756835753,76.66612139443397
2023-11-22 05:00:00,87.8660120632913,54.512577450043885,41.42909931808609,356.6004121606657,44.85601286135427,42.49702757164967,33.35343461324741,33.35343461324741,46.436912745205206,46.436912745205206,-268.7344000973744,268.7344000973744,43.00999920193702,43.00999920193702,45.368984491641626,45.368984491641626,107.97902587235993,44.85601286135427,59.90643341103504,138.3793326511477,89.58094050745675
2023-11-22 06:00:00,0.0,65.45293063400702,32.803607725568384,354.67627420591265,54.931736573540014,66.81833121642026,-65.45293063400702,65.45293063400702,-32.803607725568384,32.803607725568384,-354.67627420591265,354.67627420591265,-54.931736573540014,54.931736573540014,-66.81833121642026,66.81833121642026,114.93657607108966,65.45293063400702,68.32975852622413,80.70764443985578,81.06220234732596
2023-11-22 07:00:00,567.4028603092894,681.6375588091047,569.0871971088136,560.9082449092019,342.1498936659955,557.6004402916683,-114.2346984998153,114.2346984998153,-1.6843367995242033,1.6843367995242033,6.4946154000874685,6.4946154000874685,225.25296664329392,225.25296664329392,9.802420017621102,9.802420017621102,542.2766669569568,560.9082449092019,563.8934765320362,602.6181556982294,569.9289111188048
2023-11-22 08:00:00,880.4936620871972,886.8857702412632,876.8560283341361,835.5931411383705,876.2541631968286,998.4548941189006,-6.3921081540660225,6.3921081540660225,3.6376337530610954,3.6376337530610954,44.90052094882674,44.90052094882674,4.239498890368623,4.239498890368623,-117.96123203170339,117.96123203170339,894.8087994058999,876.8560283341361,912.6872581932371,922.7334161539454,929.2789410091149
2023-11-22 09:00:00,1442.2131797491306,1597.1231284373287,1650.1784912134199,1096.4996788580088,747.7795631219452,1649.213692532815,-154.90994868819803,154.90994868819803,-207.96531146428924,207.96531146428924,345.71350089112184,345.71350089112184,694.4336166271854,694.4336166271854,-207.00051278368437,207.00051278368437,1348.1589108327034,1597.1231284373287,1511.0101837029067,1538.0610323845872,1514.1958854993518
2023-11-22 10:00:00,1565.9982760004116,1615.8146459405605,1689.7511667651963,1212.733728391663,1360.5438539329673,1775.7526198679004,-49.81636994014889,49.81636994014889,-123.75289076478475,123.75289076478475,353.26454760874867,353.26454760874867,205.45442206744428,205.45442206744428,-209.75434386748884,209.75434386748884,1530.9192029796575,1615.8146459405605,1633.4482814159005,1638.3274052304916,1642.867070563429
2023-11-22 11:00:00,2059.7704477542356,2043.2087489229066,2063.195309825986,1198.3883134937369,1237.2149771295658,2082.3591193844213,16.561698831329068,16.561698831329068,-3.42486207175034,3.42486207175034,861.3821342604988,861.3821342604988,822.5554706246699,822.5554706246699,-22.588671630185672,22.588671630185672,1724.8732937513232,2043.2087489229066,1913.254711095696,1959.453223509886,1923.2588630088235
2023-11-22 12:00:00,2340.4995205517644,2396.9625927299367,2502.2817712474416,1318.1947946465173,1770.8735812019106,2482.8498241146085,-56.4630721781723,56.4630721781723,-161.78225069567725,161.78225069567725,1022.3047259052471,1022.3047259052471,569.6259393498538,569.6259393498538,-142.35030356284415,142.35030356284415,2094.2325127880827,2396.9625927299367,2339.9344149502094,2331.9097381627817,2316.9697133144355
2023-11-22 13:00:00,2242.8374162711,2112.0537285276496,2127.943191510319,1339.1864240951716,2481.740203366915,2150.097815376335,130.78368774345063,130.78368774345063,114.89422476078107,114.89422476078107,903.6509921759286,903.6509921759286,-238.9027870958148,238.9027870958148,92.73960089476532,92.73960089476532,2042.204272575278,2127.943191510319,2126.738767278275,2102.512117796544,2107.2356831127686
2023-11-22 14:00:00,1818.5766505712636,2011.8691109549598,1960.3884879603363,1198.84292410592,2151.328474485835,1963.361114919925,-193.29246038369615,193.29246038369615,-141.8118373890727,141.8118373890727,619.7337264653436,619.7337264653436,-332.75182391457156,332.75182391457156,-144.78446434866146,144.78446434866146,1857.1580224853956,1963.361114919925,1957.0777158233773,1950.9033856035803,1936.4981579091516
2023-11-22 15:00:00,1443.418187405711,1708.2049279476946,1737.2372930126967,1007.6358861839653,1602.9304868964507,1747.1114566285296,-264.7867405419836,264.7867405419836,-293.81910560698566,293.81910560698566,435.7823012217457,435.7823012217457,-159.51229949073968,159.51229949073968,-303.69326922281857,303.69326922281857,1560.6240101338674,1708.2049279476946,1681.1008973294645,1675.602611207797,1668.5581459136579
2023-11-22 16:00:00,1003.2144389641691,1105.8651971832899,1126.4956278639354,710.653367773913,1299.401562471021,1214.9964854429104,-102.6507582191208,102.6507582191208,-123.28118889976633,123.28118889976633,292.56107119025603,292.56107119025603,-296.1871235068519,296.1871235068519,-211.78204647874134,211.78204647874134,1091.4824481470139,1126.4956278639354,1139.266314045038,1134.2897589502932,1143.362608616584
2023-11-22 17:00:00,549.6131362073487,625.4039732547991,530.2783520946961,499.7674995418821,780.462883960103,468.24714104206623,-75.7908370474504,75.7908370474504,19.334784112652642,19.334784112652642,49.8456366654666,49.8456366654666,-230.8497477527543,230.8497477527543,81.36599516528247,81.36599516528247,580.8319699787094,530.2783520946961,568.6079757008227,564.8853226081524,549.8638116968476
2023-11-22 18:00:00,20.08635545609162,50.85012436582919,37.812423505041615,319.9196178390485,75.6226548458376,34.04463980405255,-30.763768909737568,30.763768909737568,-17.726068048949994,17.726068048949994,-299.8332623829569,299.8332623829569,-55.53629938974598,55.53629938974598,-13.95828434796093,13.95828434796093,103.64989207196189,50.85012436582919,61.51680427756549,61.64840930913601,64.48847045121333
2023-11-22 19:00:00,0.0,61.05568864119608,30.689737470504465,322.75488281186733,31.84758772465157,31.265202269643694,-61.05568864119608,61.05568864119608,-30.689737470504465,30.689737470504465,-322.75488281186733,322.75488281186733,-31.84758772465157,31.84758772465157,-31.265202269643694,31.265202269643694,95.52261978357264,31.84758772465157,56.65633358799052,119.1197762508163,78.0903973622853
2023-11-22 20:00:00,0.0,56.03210823782155,30.689737470504465,318.926301989214,41.557876262239624,36.79943760644626,-56.03210823782155,56.03210823782155,-30.689737470504465,30.689737470504465,-318.926301989214,318.926301989214,-41.557876262239624,41.557876262239624,-36.79943760644626,36.79943760644626,96.80109231324518,41.557876262239624,56.57476631803106,124.76840398033193,81.12305707344719
2023-11-22 21:00:00,117.11904207724916,61.12856498174223,37.234265499817035,312.1638594646064,27.714536052674717,39.11498711427261,55.99047709550693,55.99047709550693,79.88477657743212,79.88477657743212,-195.04481738735723,195.04481738735723,89.40450602457445,89.40450602457445,78.00405496297655,78.00405496297655,95.4712426226226,39.11498711427261,58.55918760975714,116.46946839473358,79.42584274872627
2023-11-22 22:00:00,0.0,114.58506922897776,39.53657553582691,271.39808931422016,37.86325061437474,96.2321792445256,-114.58506922897776,114.58506922897776,-39.53657553582691,39.53657553582691,-271.39808931422016,271.39808931422016,-37.86325061437474,37.86325061437474,-96.2321792445256,96.2321792445256,111.92303278758504,96.2321792445256,87.82660181883553,125.43438081337362,105.60933719608488
2023-11-22 23:00:00,134.66759268360423,71.93303921652272,31.618939717110372,342.13767969828075,41.05917506917189,46.04934994514526,62.73455346708151,62.73455346708151,103.04865296649385,103.04865296649385,-207.47008701467652,207.47008701467652,93.60841761443234,93.60841761443234,88.61824273845897,88.61824273845897,106.5596367292462,46.04934994514526,65.71808063629143,132.87977892069657,90.10115520197468
2023-11-23 00:00:00,18.2136194000205,48.23094036098175,31.7214474074244,316.57899731210085,49.52151553694278,39.191469155869584,-30.017320960961246,30.017320960961246,-13.507828007403898,13.507828007403898,-298.36537791208036,298.36537791208036,-31.307896136922277,31.307896136922277,-20.977849755849082,20.977849755849082,97.04887395466388,48.23094036098175,57.59011768604444,129.2515875167019,83.30058018293059
2023-11-23 01:00:00,0.0,41.72661671234988,34.398145434452424,333.47947261101217,32.54978434652394,31.06009162708258,-41.72661671234988,41.72661671234988,-34.398145434452424,34.398145434452424,-333.47947261101217,333.47947261101217,-32.54978434652394,32.54978434652394,-31.06009162708258,31.06009162708258,94.6428221462842,34.398145434452424,53.16640090249897,123.38319915224895,78.10546277109773
2023-11-23 02:00:00,0.0,50.30384959075069,34.20320606893909,350.5520383623937,42.82887210540487,40.82011473890672,-50.30384959075069,50.30384959075069,-34.20320606893909,34.20320606893909,-350.5520383623937,350.5520383623937,-42.82887210540487,42.82887210540487,-40.82011473890672,40.82011473890672,103.74161617327903,42.82887210540487,60.04205552469781,135.14582198250153,87.46870943459695
2023-11-23 03:00:00,0.0,67.77963634143775,44.532132086045465,292.78763851610705,39.329301898961845,91.53476091271098,-67.77963634143775,67.77963634143775,-44.532132086045465,44.532132086045465,-292.78763851610705,292.78763851610705,-39.329301898961845,39.329301898961845,-91.53476091271098,91.53476091271098,107.19269395105262,67.77963634143775,76.43223386993442,123.90190321684817,99.8457320987875
2023-11-23 04:00:00,50.33656705515603,36.892146435210336,32.5188699215663,320.9442986473763,41.22169505005932,35.39358639746439,13.444420619945696,13.444420619945696,17.817697133589732,17.817697133589732,-270.60773159222026,270.60773159222026,9.114872005096714,9.114872005096714,14.942980657691642,14.942980657691642,93.39411929033533,36.892146435210336,52.776772765266635,123.83961154479971,78.74245643057984
2023-11-23 05:00:00,0.0,46.92726867683571,32.10239891084546,306.5804037233188,42.55726618518442,41.15393260426077,-46.92726867683571,46.92726867683571,-32.10239891084546,32.10239891084546,-306.5804037233188,306.5804037233188,-42.55726618518442,42.55726618518442,-41.15393260426077,41.15393260426077,93.86425402008902,42.55726618518442,56.06512320793102,121.76420744662472,80.35243652123668
2023-11-23 06:00:00,85.03355529804406,65.06276549975003,33.52184084910468,298.9616194416112,49.902397462870475,45.21671568547262,19.970789798294035,19.970789798294035,51.51171444893939,51.51171444893939,-213.92806414356716,213.92806414356716,35.13115783517359,35.13115783517359,39.81683961257144,39.81683961257144,98.5330677877618,49.902397462870475,62.837039934412026,69.15004124187033,68.34608104753158
2023-11-23 07:00:00,513.6055764206379,641.5007834641808,550.7108288206459,571.6414261945426,335.1389830551387,501.66403960999577,-127.89520704354288,127.89520704354288,-37.105252400008,37.105252400008,-58.035849773904715,58.035849773904715,178.46659336549925,178.46659336549925,11.941536810642162,11.941536810642162,520.1312122289007,550.7108288206459,540.571768852252,563.1388889373413,535.4722477046573
2023-11-23 08:00:00,1060.965933411835,898.9741803105621,1005.7110925929655,780.5785788044117,751.2962628306929,1104.3094741764794,161.99175310127293,161.99175310127293,55.254840818869525,55.254840818869525,280.3873546074234,280.3873546074234,309.6696705811422,309.6696705811422,-43.34354076464433,43.34354076464433,908.1739177430223,898.9741803105621,954.8177354046252,963.3346897000754,977.9424059153105
2023-11-23 09:00:00,1410.115469945739,1486.0223693719824,1575.059084909879,975.8725406902962,1078.8771071393094,1556.7500575498877,-75.9068994262434,75.9068994262434,-164.9436149641399,164.9436149641399,434.24292925544285,434.24292925544285,331.2383628064297,331.2383628064297,-146.6345876041487,146.6345876041487,1334.5162319322712,1486.0223693719824,1452.4231980651457,1461.7888345934407,1452.5168676940077
2023-11-23 10:00:00,1967.6862859423281,1661.9239432945071,1708.9127177425335,1256.984655090319,1596.3057908903313,1763.5181170029862,305.762342647821,305.762342647821,258.7735681997947,258.7735681997947,710.7016308520092,710.7016308520092,371.38049505199683,371.38049505199683,204.16816893934197,204.16816893934197,1597.5290448041355,1661.9239432945071,1670.2366903318152,1673.0837258599395,1675.2055572189508
2023-11-23 11:00:00,1768.5469152564606,1900.604144564547,1851.6072894630745,1019.7783974217539,1934.166567996801,1866.4809480946544,-132.05722930808633,132.05722930808633,-83.06037420661391,83.06037420661391,748.7685178347067,748.7685178347067,-165.61965274034037,165.61965274034037,-97.93403283819384,97.93403283819384,1714.5274695081662,1866.4809480946544,1829.3644493571146,1834.544183106665,1815.374273259698
2023-11-23 12:00:00,2020.681005559957,2220.7864594263697,2007.9242230423472,1200.5493747669964,1235.7179605667282,2092.7366422850914,-200.10545386641274,200.10545386641274,12.756782517609736,12.756782517609736,820.1316307929606,820.1316307929606,784.9630449932288,784.9630449932288,-72.05563672513449,72.05563672513449,1751.5429320175067,2007.9242230423472,1919.3328572783453,2041.5984560613274,1957.1353088624214
2023-11-23 13:00:00,2108.2926768620214,2300.2887969744197,2299.039337147172,1178.620096706722,1663.8284694407594,2344.883174028236,-191.99612011239833,191.99612011239833,-190.74666028515048,190.74666028515048,929.6725801552993,929.6725801552993,444.464207421262,444.464207421262,-236.59049716621485,236.59049716621485,1957.3319748594618,2299.039337147172,2155.201744170997,2210.7800634560776,2170.237572065662
2023-11-23 14:00:00,1673.2636570882614,1633.0886247753629,1665.7002079326628,1045.282300457638,2150.9553742799644,1705.1237815404918,40.175032312898566,40.175032312898566,7.563449155598619,7.563449155598619,627.9813566306234,627.9813566306234,-477.691717191703,477.691717191703,-31.860124452230366,31.860124452230366,1640.0300577972241,1665.7002079326628,1695.8991715766579,1656.78160171146,1674.8349998539786
2023-11-23 15:00:00,1642.9627225669506,1510.7635543198478,1521.670579250581,1000.8360570577016,1681.3741349474606,1539.7012302232993,132.19916824710276,132.19916824710276,121.29214331636945,121.29214331636945,642.1266655092489,642.1266655092489,-38.41141238051,38.41141238051,103.2614923436513,103.2614923436513,1450.8691111597782,1521.670579250581,1512.5788746448957,1501.4765241428622,1502.330687912943
2023-11-23 16:00:00,1161.5178841951067,1032.0659283635446,1165.6696912388813,913.3367374401668,1527.991835410627,1189.7210364091527,129.45195583156215,129.45195583156215,-4.151807043774625,4.151807043774625,248.18114675493996,248.18114675493996,-366.4739512155202,366.4739512155202,-28.203152214045986,28.203152214045986,1165.7570457724744,1165.6696912388813,1171.2463004401186,1119.469795999906,1158.3104453683327
2023-11-23 17:00:00,597.3257639983213,610.9853223480977,528.697223161933,548.0935684896816,820.2836567278752,458.42123380175354,-13.659558349776376,13.659558349776376,68.62854083638831,68.62854083638831,49.232195508639734,49.232195508639734,-222.9578927295538,222.9578927295538,138.9045301965678,138.9045301965678,593.2962009058682,548.0935684896816,560.4658058430739,559.9093593515256,546.4560364999041
2023-11-23 18:00:00,0.0,41.37090676918921,28.88934402882418,323.3633423429369,76.97839342892055,31.53543951717254,-41.37090676918921,41.37090676918921,-28.88934402882418,28.88934402882418,-323.3633423429369,323.3633423429369,-76.97839342892055,76.97839342892055,-31.53543951717254,31.53543951717254,100.42748521740869,41.37090676918921,53.72227160708772,56.13724012805005,59.35043846745757
2023-11-23 19:00:00,46.11888582411175,55.96405287914213,32.25219019095075,327.5500188338271,35.28902281165198,42.3547970893515,-9.84516705503038,9.84516705503038,13.866695633161001,13.866695633161001,-281.4311330097153,281.4311330097153,10.829863012459768,10.829863012459768,3.76408873476025,3.76408873476025,98.68201636098469,42.3547970893515,56.67939040646886,125.08705390161437,82.7372959824922
2023-11-23 20:00:00,50.272186060300974,39.890297059718726,30.689737470504465,366.1359215524103,43.585062061103876,29.762797053162185,10.381889000582248,10.381889000582248,19.58244858979651,19.58244858979651,-315.86373549210936,315.86373549210936,6.687123999197098,6.687123999197098,20.50938900713879,20.50938900713879,102.0127630393799,39.890297059718726,51.81582356494127,139.24189040808025,83.67242621041487
2023-11-23 21:00:00,0.0,43.757501002884034,37.28020089364826,334.860149520053,26.82538372031922,35.66841886745404,-43.757501002884034,43.757501002884034,-37.28020089364826,37.28020089364826,-334.860149520053,334.860149520053,-26.82538372031922,26.82538372031922,-35.66841886745404,35.66841886745404,95.67833080087172,37.28020089364826,52.7598860636633,122.37225861223806,78.80899333643556
2023-11-23 22:00:00,150.66254640896946,45.52424616488727,30.691426160550225,276.48758520430647,35.530091754732595,30.11702049484861,105.13830024408219,105.13830024408219,119.97112024841924,119.97112024841924,-125.82503879533701,125.82503879533701,115.13245465423687,115.13245465423687,120.54552591412084,120.54552591412084,83.67007395586504,35.530091754732595,46.96319577373477,107.81733978960476,69.19157955914459
2023-11-23 23:00:00,0.0,66.61629680372313,33.8067197462129,346.46566856667306,42.112050816766036,65.26325267300757,-66.61629680372313,66.61629680372313,-33.8067197462129,33.8067197462129,-346.46566856667306,346.46566856667306,-42.112050816766036,42.112050816766036,-65.26325267300757,65.26325267300757,110.85279772127653,65.26325267300757,67.94719142491367,140.3634966986106,97.71641651591409
2023-11-24 00:00:00,0.0,44.00957190295461,32.402812627258804,354.7615381604628,47.40724855022145,32.439236486083715,-44.00957190295461,44.00957190295461,-32.402812627258804,32.402812627258804,-354.7615381604628,354.7615381604628,-47.40724855022145,47.40724855022145,-32.439236486083715,32.439236486083715,102.20408154539628,44.00957190295461,53.209931468517325,138.5942324391138,84.46991277858534
2023-11-24 01:00:00,0.0,50.19527149316362,44.57268097129534,325.1050387411125,32.14925169242536,53.01415860864761,-50.19527149316362,50.19527149316362,-44.57268097129534,44.57268097129534,-325.1050387411125,325.1050387411125,-32.14925169242536,32.14925169242536,-53.01415860864761,53.01415860864761,101.00728030132889,50.19527149316362,61.18435384380186,125.44979374725297,86.79453205931176
2023-11-24 02:00:00,47.38559398267982,51.40669217687162,35.765658789385384,328.45364458079746,42.86934881600516,44.09547243909757,-4.021098194191801,4.021098194191801,11.619935193294438,11.619935193294438,-281.0680505981176,281.0680505981176,4.516245166674665,4.516245166674665,3.290121543582252,3.290121543582252,100.51816336043144,44.09547243909757,57.62010574396804,128.91247463237056,84.88250127280739
2023-11-24 03:00:00,0.0,51.75492696179694,39.7447631707133,285.79128950143286,40.85354247240791,47.495714196909255,-51.75492696179694,51.75492696179694,-39.7447631707133,39.7447631707133,-285.79128950143286,285.79128950143286,-40.85354247240791,40.85354247240791,-47.495714196909255,47.495714196909255,93.12804726065205,47.495714196909255,57.39962719769543,116.32751809846579,80.24289588036063
2023-11-24 04:00:00,0.0,41.574956614042556,34.0817387101076,290.2388483007077,39.852219113961716,46.75428389101025,-41.574956614042556,41.574956614042556,-34.0817387101076,34.0817387101076,-290.2388483007077,290.2388483007077,-39.852219113961716,39.852219113961716,-46.75428389101025,46.75428389101025,90.50040932596596,41.574956614042556,53.04718303018273,115.48502912000976,78.01060228845299
2023-11-24 05:00:00,83.7868387473215,31.928257698665693,34.20320606893909,338.92550453699374,43.661804838313465,42.20557705177414,51.85858104865581,51.85858104865581,49.58363267838241,49.58363267838241,-255.13866578967225,255.13866578967225,40.12503390900803,40.12503390900803,41.581261695547354,41.581261695547354,98.18487003893722,42.20557705177414,52.571906245293775,131.80404641195574,83.39087521531712
2023-11-24 06:00:00,19.205290969289525,46.93406228609969,32.803607725568384,339.92433143072026,50.267128226120896,38.01748121252553,-27.728771316810164,27.728771316810164,-13.598316756278859,13.598316756278859,-320.7190404614307,320.7190404614307,-31.06183725683137,31.06183725683137,-18.812190243236007,18.812190243236007,101.58932217620695,46.93406228609969,55.379006876746885,60.655665931059616,62.731762520088445
2023-11-24 07:00:00,506.506064004481,687.5404650749987,568.9641243076919,593.8624944105723,330.0100931148313,577.9504040021867,-181.03440107051767,181.03440107051767,-62.458060303210914,62.458060303210914,-87.35643040609125,87.35643040609125,176.4959708896497,176.4959708896497,-71.4443399977057,71.4443399977057,551.6655161820561,577.9504040021867,573.1751126772409,613.9009620852722,582.0460064656024
2023-11-24 08:00:00,942.4717798164953,1024.653411590118,1153.4688291377615,859.5782856280724,610.8585891344517,1152.7365569438327,-82.1816317736226,82.1816317736226,-210.99704932126622,210.99704932126622,82.89349418842289,82.89349418842289,331.61319068204364,331.61319068204364,-210.26477712733742,210.26477712733742,960.2591344868472,1024.653411590118,1046.3864399895344,1043.7600720652513,1049.6430919025715
2023-11-24 09:00:00,1560.4413634903224,1511.009060366807,1520.5603862632333,1212.8148331603948,960.3736479252187,1575.4675946533707,49.43230312351534,49.43230312351534,39.88097722708903,39.88097722708903,347.6265303299276,347.6265303299276,600.0677155651036,600.0677155651036,-15.026231163048351,15.026231163048351,1356.0451044738047,1511.009060366807,1449.0916242431435,1483.8574338848755,1466.1872572638408
2023-11-24 10:00:00,1920.3591359100956,2025.118426918678,2028.2147834255147,1247.8187054164657,1256.153574859517,2021.953032347692,-104.75929100858252,104.75929100858252,-107.85564751541915,107.85564751541915,672.5404304936299,672.5404304936299,664.2055610505786,664.2055610505786,-101.59389643759641,101.59389643759641,1715.8517045935732,2021.953032347692,1900.726741107056,1931.3887918498508,1897.1956072753248
2023-11-24 11:00:00,2042.353012240237,1795.5886207732547,1850.2348468940559,1268.2214843342028,2228.12584356835,1926.977465037677,246.76439146698226,246.76439146698226,192.11816534618106,192.11816534618106,774.1315279060341,774.1315279060341,-185.77283132811294,185.77283132811294,115.37554720256003,115.37554720256003,1813.8296521215082,1850.2348468940559,1864.6552325062034,1840.4775834570573,1859.701268220815
2023-11-24 12:00:00,2158.421257258844,1955.831935722337,1979.9763606285644,1076.0626598335705,2148.687465479283,2002.2336601463032,202.589321536507,202.589321536507,178.44489663027957,178.44489663027957,1082.3585974252735,1082.3585974252735,9.733791779560761,9.733791779560761,156.18759711254074,156.18759711254074,1832.5584163620115,1979.9763606285644,1950.1565925817229,1932.7703972414292,1931.8365122486084
2023-11-24 13:00:00,1747.5109383515467,1905.9092174963944,1955.9542561507474,1155.598792840847,2124.4941974542076,1967.4860320146702,-158.39827914484772,158.39827914484772,-208.4433177992007,208.4433177992007,591.9121455106997,591.9121455106997,-376.9832591026609,376.9832591026609,-219.97509366312352,219.97509366312352,1821.8884991913735,1955.9542561507474,1925.3588336564621,1899.176046360371,1905.2353702462588
2023-11-24 14:00:00,1763.4538520628785,1798.3961305426433,1834.8097261660928,1313.8067638964533,1895.3447817743408,1862.298324297412,-34.94227847976481,34.94227847976481,-71.35587410321432,71.35587410321432,449.6470881664252,449.6470881664252,-131.89092971146238,131.89092971146238,-98.84447223453344,98.84447223453344,1740.9311453353882,1834.8097261660928,1812.8151692299616,1800.3272931068973,1804.588632627618
2023-11-24 15:00:00,1430.184878606069,1552.040797866273,1550.2071365879783,926.0586464454817,1607.9847803708315,1570.753669362535,-121.85591926020379,121.85591926020379,-120.0222579819092,120.0222579819092,504.1262321605874,504.1262321605874,-177.79990176476235,177.79990176476235,-140.5687907564659,140.5687907564659,1441.40900612662,1552.040797866273,1529.8206027065205,1524.4651217932555,1518.718252447764
2023-11-24 16:00:00,1075.6853438030034,1146.0808906863508,1183.2756726541318,906.8485473473959,1247.722152570661,1270.300799712401,-70.39554688334738,70.39554688334738,-107.59032885112833,107.59032885112833,168.83679645560755,168.83679645560755,-172.03680876765748,172.03680876765748,-194.6154559093975,194.6154559093975,1150.845612594188,1183.2756726541318,1189.9101142881832,1184.776279966517,1196.635200737728
2023-11-24 17:00:00,534.7043117453752,626.1441519078123,568.6818503487875,585.6578158121757,759.1201171911958,486.22359282543187,-91.43984016243712,91.43984016243712,-33.97753860341231,33.97753860341231,-50.95350406680052,50.95350406680052,-224.41580544582064,224.41580544582064,48.48071891994334,48.48071891994334,605.1655056170806,585.6578158121757,591.5090735834651,577.8743902958787,569.0928588523057
2023-11-24 18:00:00,0.0,44.913363291839126,32.25219019095075,346.0035631862989,74.39456025076113,36.24716527499029,-44.913363291839126,44.913363291839126,-32.25219019095075,32.25219019095075,-346.0035631862989,346.0035631862989,-74.39456025076113,74.39456025076113,-36.24716527499029,36.24716527499029,106.76216843896805,44.913363291839126,60.62672779085879,60.86814543092315,65.05032870932624
2023-11-24 19:00:00,0.0,43.14939275920864,33.6920493270369,291.77505446702884,33.55110617165765,42.75883224842787,-43.14939275920864,43.14939275920864,-33.6920493270369,33.6920493270369,-291.77505446702884,291.77505446702884,-33.55110617165765,33.55110617165765,-42.75883224842787,42.75883224842787,88.98528699467198,42.75883224842787,53.41761530944434,113.78060848330007,76.50829098644328
2023-11-24 20:00:00,0.0,49.711341485715735,35.42827894373936,368.18954732057045,39.724058171012295,36.160251400735156,-49.711341485715735,49.711341485715735,-35.42827894373936,35.42827894373936,-368.18954732057045,368.18954732057045,-39.724058171012295,39.724058171012295,-36.160251400735156,36.160251400735156,105.84269546435459,39.724058171012295,59.38958244926006,138.26370491587974,87.69657558255989
2023-11-24 21:00:00,55.70684662950766,62.43600886394177,30.008372250670053,289.0873056758874,27.441001240504306,38.73442998584777,-6.7291622344341135,6.7291622344341135,25.698474378837606,25.698474378837606,-233.38045904637977,233.38045904637977,28.265845389003353,28.265845389003353,16.97241664365989,16.97241664365989,89.54142360337026,38.73442998584777,55.573748354148925,109.32292119472228,75.12417158250497
2023-11-24 22:00:00,28.396359840125733,51.0183861661445,31.815864446920084,324.4930993337528,32.45792674948214,28.677006065134215,-22.62202632601877,22.62202632601877,-3.4195046067943515,3.4195046067943515,-296.09673949362707,296.09673949362707,-4.061566909356408,4.061566909356408,-0.280646225008482,0.280646225008482,93.69245655228676,32.45792674948214,53.32467408277197,120.06847852476335,76.49183830574479
2023-11-24 23:00:00,96.52640005860594,61.39439298468089,30.804407889680466,298.3602357899948,41.11343438285348,39.095643386829835,35.13200707392505,35.13200707392505,65.72199216892548,65.72199216892548,-201.8338357313889,201.8338357313889,55.41296567575247,55.41296567575247,57.43075667177611,57.43075667177611,94.1536228868079,41.11343438285348,57.08629331435421,118.28747480499588,79.26198369053256
2023-11-25 00:00:00,34.5181909032462,45.43197537917517,32.803607725568384,353.3542697442742,50.539993677216906,40.470601801922115,-10.91378447592897,10.91378447592897,1.7145831776778166,1.7145831776778166,-318.836078841028,318.836078841028,-16.021802773970705,16.021802773970705,-5.9524108986759146,5.9524108986759146,104.52008966563135,45.43197537917517,58.48050514839217,139.85187100792157,88.49785114040482
2023-11-25 01:00:00,73.60172425833017,38.88013861436403,35.765658789385384,335.80426783996074,32.45373892917157,23.91770833163939,34.72158564396614,34.72158564396614,37.83606546894478,37.83606546894478,-262.2025435816306,262.2025435816306,41.147985329158594,41.147985329158594,49.684015926690776,49.684015926690776,93.36430250090422,35.765658789385384,49.50420819569183,124.45247356047247,75.64340669335802
2023-11-25 02:00:00,76.47320210107527,53.624812786568306,24.628376161728216,271.9445485426967,43.206956600711266,27.570297393618148,22.848389314506967,22.848389314506967,51.84482593934706,51.84482593934706,-195.4713464416214,195.4713464416214,33.26624550036401,33.26624550036401,48.902904707457125,48.902904707457125,84.19499829706452,43.206956600711266,49.34829620458166,111.82823418330689,70.70601825450309
2023-11-25 03:00:00,2.047517032849929,47.65344561363814,32.83569271400613,334.41389290064507,41.202574209001135,46.57422138195022,-45.60592858078821,45.60592858078821,-30.7881756811562,30.7881756811562,-332.3663758677951,332.3663758677951,-39.1550571761512,39.1550571761512,-44.526704349100285,44.526704349100285,100.53596536384813,46.57422138195022,58.705087346649165,130.77746396837904,86.26680274366814
2023-11-25 04:00:00,2.7498753732834764,47.281210868697684,24.06847830072529,281.8934325753265,40.9305574591381,19.789738016841653,-44.53133549541421,44.53133549541421,-21.318602927441813,21.318602927441813,-279.143557202043,279.143557202043,-38.18068208585463,38.18068208585463,-17.039862643558177,17.039862643558177,82.79268344414584,40.9305574591381,45.99974202768825,113.21941999399462,68.28223289870235
2023-11-25 05:00:00,0.0,63.27723777650953,34.20320606893909,320.91745398849696,40.65779020194707,44.14339838651169,-63.27723777650953,63.27723777650953,-34.20320606893909,34.20320606893909,-320.91745398849696,320.91745398849696,-40.65779020194707,40.65779020194707,-44.14339838651169,44.14339838651169,100.63981728448087,44.14339838651169,61.561178363830734,125.78137179328142,85.15940818133215
2023-11-25 06:00:00,0.0,51.083826673285046,33.217344454688714,329.4418434072855,48.6325930723139,52.76743579456774,-51.083826673285046,51.083826673285046,-33.217344454688714,33.217344454688714,-329.4418434072855,329.4418434072855,-48.6325930723139,48.6325930723139,-52.76743579456774,52.76743579456774,103.02860868042816,51.083826673285046,61.723683470515034,67.17234401181278,69.82801713969752
2023-11-25 07:00:00,479.3900914431058,659.7722282114257,550.7108288206459,497.8605506361982,316.8106788216488,501.2424917303974,-180.38213676831992,180.38213676831992,-71.32073737754013,71.32073737754013,-18.47045919309238,18.47045919309238,162.57941262145698,162.57941262145698,-21.852400287291573,21.852400287291573,505.27935564406323,501.2424917303974,531.7290835423476,565.8654454969085,530.5827281866689
2023-11-25 08:00:00,1029.6173638180533,937.80567129316,1046.4259362182906,783.8032056654788,661.8324128727496,1098.1905893079797,91.81169252489326,91.81169252489326,-16.80857240023738,16.80857240023738,245.81415815257446,245.81415815257446,367.78495094530365,367.78495094530365,-68.57322548992647,68.57322548992647,905.6115630715318,937.80567129316,964.7329941294245,976.2629142311175,983.0592029840648
2023-11-25 09:00:00,1257.7218736535945,1449.7357954897277,1476.2593448601974,850.543825823148,883.9050903893427,1499.405407160684,-192.01392183613325,192.01392183613325,-218.53747120660296,218.53747120660296,407.1780478304464,407.1780478304464,373.81678326425174,373.81678326425174,-241.68353350708958,241.68353350708958,1231.9698927446202,1449.7357954897277,1367.7240087197044,1399.3069081674823,1376.3843350472168
2023-11-25 10:00:00,1712.1483848229984,1844.3370426479323,1801.8022165790314,1043.9729941678108,861.2923151708093,1809.9941962621413,-132.1886578249339,132.1886578249339,-89.65383175603301,89.65383175603301,668.1753906551876,668.1753906551876,850.8560696521891,850.8560696521891,-97.84581143914284,97.84581143914284,1472.279752965545,1801.8022165790314,1633.6264575234406,1722.4170018274788,1663.2678276508132
2023-11-25 11:00:00,1989.933923325405,2170.5916453282834,2171.8207939483405,1287.8294489544564,1431.0374746643056,2173.057624795742,-180.65772200287847,180.65772200287847,-181.88687062293548,181.88687062293548,702.1044743709485,702.1044743709485,558.8964486610994,558.8964486610994,-183.12370147033698,183.12370147033698,1846.8673975382258,2170.5916453282834,2017.7605840756378,2074.2141648315037,2031.5774291389362
2023-11-25 12:00:00,2271.3571724997128,2217.864538060294,2363.690818493526,1314.2764610829188,1726.6095201565395,2279.523850826751,53.49263443941891,53.49263443941891,-92.3336459938132,92.3336459938132,957.080711416794,957.080711416794,544.7476523431733,544.7476523431733,-8.166678327038426,8.166678327038426,1980.393037724006,2217.864538060294,2161.384422929177,2165.120881789345,2149.934969125708
2023-11-25 13:00:00,1891.2207522857268,1790.7148129833433,1859.6938994021268,1311.3195965972388,2693.26214281768,1962.5864135385166,100.50593930238347,100.50593930238347,31.526852883599986,31.526852883599986,579.901155688488,579.901155688488,-802.0413905319531,802.0413905319531,-71.36566125278978,71.36566125278978,1923.5153730677812,1859.6938994021268,1928.3080948858521,1882.1164611752267,1920.3477241395833
2023-11-25 14:00:00,1741.894673407492,1802.5142078132965,1788.7163921530039,1092.6608410865815,1906.019831989876,1833.8140759933071,-60.619534405804416,60.619534405804416,-46.82171874551182,46.82171874551182,649.2338323209106,649.2338323209106,-164.12515858238385,164.12515858238385,-91.91940258581508,91.91940258581508,1684.7450698072128,1802.5142078132965,1778.86312455338,1776.5734268654746,1770.3427945857607
2023-11-25 15:00:00,1471.950236570888,1497.2897666149872,1595.6425431948826,945.1354124244324,1755.2160202828177,1608.6901339102983,-25.33953004409932,25.33953004409932,-123.69230662399468,123.69230662399468,526.8148241464555,526.8148241464555,-283.26578371192977,283.26578371192977,-136.7398973394104,136.7398973394104,1480.3947752854838,1595.6425431948826,1554.9442533779352,1525.6413794047294,1541.9926716739558
2023-11-25 16:00:00,967.4655379911882,966.1094348571704,1090.6577254669492,770.6971461380624,1320.13024539135,1110.829819823143,1.3561031340177578,1.3561031340177578,-123.19218747576099,123.19218747576099,196.76839185312576,196.76839185312576,-352.6647074001618,352.6647074001618,-143.36428183195483,143.36428183195483,1051.684874335335,1090.6577254669492,1066.7974158160646,1035.1981821904117,1063.1016182336384
2023-11-25 17:00:00,661.5184925530415,657.904279640774,545.979767282753,551.9823900759076,725.404106302532,496.3699820405136,3.614212912267476,3.614212912267476,115.53872527028852,115.53872527028852,109.53610247713391,109.53610247713391,-63.88561374949052,63.88561374949052,165.14851051252788,165.14851051252788,595.528105068496,551.9823900759076,578.6623246699759,590.7311379890125,569.1976562194984
2023-11-25 18:00:00,0.0,35.11258995155873,28.459821440158468,333.2990515048653,78.64898903739332,29.83335764768256,-35.11258995155873,35.11258995155873,-28.459821440158468,28.459821440158468,-333.2990515048653,333.2990515048653,-78.64898903739332,78.64898903739332,-29.83335764768256,29.83335764768256,101.07076191633169,35.11258995155873,50.74125467418376,53.31627184982777,57.39808187000631
2023-11-25 19:00:00,0.0,50.53041702890662,25.925759114003693,266.38524960411,34.238594806213236,33.46429666403975,-50.53041702890662,50.53041702890662,-25.925759114003693,25.925759114003693,-266.38524960411,266.38524960411,-34.238594806213236,34.238594806213236,-33.46429666403975,33.46429666403975,82.10886344345467,34.238594806213236,48.2070763243488,103.88259124558226,68.74153229247821
2023-11-25 20:00:00,0.0,44.321097179448316,27.568112558787615,325.12055492694714,40.79013745716531,82.64489229739114,-44.321097179448316,44.321097179448316,-27.568112558787615,27.568112558787615,-325.12055492694714,325.12055492694714,-40.79013745716531,40.79013745716531,-82.64489229739114,82.64489229739114,104.08895888394791,44.321097179448316,63.50969372413759,127.14855061478475,94.54424353794451
2023-11-25 21:00:00,0.0,91.40665974543033,35.95861366117625,254.47676721074035,26.05483996588945,64.98824717487399,-91.40665974543033,91.40665974543033,-35.95861366117625,35.95861366117625,-254.47676721074035,254.47676721074035,-26.05483996588945,26.05483996588945,-64.98824717487399,64.98824717487399,94.57702555162209,64.98824717487399,70.47406081926195,106.26144030204007,84.93370488168982
2023-11-25 22:00:00,21.644850949344065,46.149605815479525,31.862146331816472,298.2837671429366,33.65261363567477,32.667111196371735,-24.50475486613546,24.50475486613546,-10.217295382472408,10.217295382472408,-276.63891619359254,276.63891619359254,-12.007762686330704,12.007762686330704,-11.02226024702767,11.02226024702767,88.52304882445583,33.65261363567477,50.33481973768534,113.0419596878533,73.25106583182709
2023-11-25 23:00:00,0.0,54.53718272543915,32.60480133136073,332.7400093327723,37.638380107614,45.10569232268067,-54.53718272543915,54.53718272543915,-32.60480133136073,32.60480133136073,-332.7400093327723,332.7400093327723,-37.638380107614,37.638380107614,-45.10569232268067,45.10569232268067,100.52521316397336,45.10569232268067,58.50675028582252,128.40906253968149,85.200924944982
2023-11-26 00:00:00,0.0,55.983007396610176,35.94104112793166,338.44750596912917,44.946674065479854,44.43986868336336,-55.983007396610176,55.983007396610176,-35.94104112793166,35.94104112793166,-338.44750596912917,338.44750596912917,-44.946674065479854,44.946674065479854,-44.43986868336336,44.43986868336336,103.95161944850284,44.946674065479854,60.33967922294108,132.99692363657465,87.67927848422796
2023-11-26 01:00:00,101.60303936045113,56.866316678437315,33.9652653477051,305.10374370169905,29.113464811913488,43.37260718999885,44.73672268201382,44.73672268201382,67.63777401274604,67.63777401274604,-203.5007043412479,203.5007043412479,72.48957454853765,72.48957454853765,58.23043217045228,58.23043217045228,93.68427954595077,43.37260718999885,56.75553853157183,116.18829119227476,79.2945262643439
2023-11-26 02:00:00,27.364945254101404,53.85770134559504,35.765658789385384,309.5523664052481,42.00947800297909,39.12420841189237,-26.492756091493636,26.492756091493636,-8.40071353528398,8.40071353528398,-282.1874211511467,282.1874211511467,-14.644532748877683,14.644532748877683,-11.759263157790965,11.759263157790965,96.06188259102001,42.00947800297909,57.02885575350686,122.2723445236598,80.82757828373248
2023-11-26 03:00:00,0.0,43.55541491564425,41.32589210347626,287.0450481432227,38.46374647583078,35.27048384707136,-43.55541491564425,43.55541491564425,-41.32589210347626,41.32589210347626,-287.0450481432227,287.0450481432227,-38.46374647583078,38.46374647583078,-35.27048384707136,35.27048384707136,89.13211709704906,41.32589210347626,52.91741086260914,113.896780664342,74.92477764690942
2023-11-26 04:00:00,0.0,53.59266702753071,39.0648203432956,316.37736664221313,39.45712691758475,28.108309267036343,-53.59266702753071,53.59266702753071,-39.0648203432956,39.0648203432956,-316.37736664221313,316.37736664221313,-39.45712691758475,39.45712691758475,-28.108309267036343,28.108309267036343,95.3200580395321,39.45712691758475,54.846936884293,122.53319883497326,77.89971417709357
2023-11-26 05:00:00,0.0,50.830391198191336,35.32583121959188,287.2180122504777,41.84188333421316,55.39235160171888,-50.830391198191336,50.830391198191336,-35.32583121959188,35.32583121959188,-287.2180122504777,287.2180122504777,-41.84188333421316,41.84188333421316,-55.39235160171888,55.39235160171888,94.1216939208386,50.830391198191336,58.8864933157962,118.15127436828597,83.01413940973615
2023-11-26 06:00:00,52.10259575413511,68.80121441723922,35.94104112793166,337.4589512143395,47.96938797247102,25.241021214008306,-16.698618663104114,16.698618663104114,16.161554626203447,16.161554626203447,-285.3563554602044,285.3563554602044,4.13320778166409,4.13320778166409,26.861574540126803,26.861574540126803,103.08232318919792,47.96938797247102,59.513338925929524,66.01748908785756,63.323917284777366
2023-11-26 07:00:00,519.0324030647204,664.4580847781472,544.2895213227557,492.37668127683986,335.0888328183046,498.3351723289296,-145.4256817134268,145.4256817134268,-25.257118258035348,25.257118258035348,26.65572178788051,26.65572178788051,183.9435702464158,183.9435702464158,20.697230735790754,20.697230735790754,506.90965850499543,498.3351723289296,544.5958368726335,567.3566831614364,534.634722177006
2023-11-26 08:00:00,1181.9603145723431,959.465425125964,1118.3132014937826,846.6627831414444,606.2924979072332,1124.6802839755876,222.49488944637915,222.49488944637915,63.64711307856055,63.64711307856055,335.29753143089874,335.29753143089874,575.66781666511,575.66781666511,57.28003059675552,57.28003059675552,931.0828383288023,959.465425125964,1013.7966584590682,1000.5151067417027,1015.4461540211094
2023-11-26 09:00:00,1327.6957046819437,1330.2260014462547,1228.440440199194,907.5667055249426,1357.2861653061784,1352.7507891558841,-2.5302967643110605,2.5302967643110605,99.25526448274968,99.25526448274968,420.1289991570011,420.1289991570011,-29.590460624234765,29.590460624234765,-25.055084473940497,25.055084473940497,1235.2540203264907,1330.2260014462547,1284.8150726786002,1308.4918434232145,1295.5930367270194
2023-11-26 10:00:00,1769.7381208470385,1717.7740825967578,1788.769700672313,1229.2931543244922,1241.3860634039547,1912.2850291121968,51.96403825028074,51.96403825028074,-19.031579825274548,19.031579825274548,540.4449665225463,540.4449665225463,528.3520574430838,528.3520574430838,-142.5469082651582,142.5469082651582,1577.901606021943,1717.7740825967578,1728.98807313112,1734.165623578945,1736.9834360398474
2023-11-26 11:00:00,1896.9173917240305,2040.9120236797419,2070.423395480828,1244.7856339630077,1641.9508346021319,2072.7188975343647,-143.99463195571138,143.99463195571138,-173.50600375679733,173.50600375679733,652.1317577610228,652.1317577610228,254.96655712189863,254.96655712189863,-175.80150581033422,175.80150581033422,1814.158157052015,2040.9120236797419,1985.065730863566,1982.4279258478107,1967.623507930689
2023-11-26 12:00:00,2150.8222450699545,2374.150110904194,2454.7962214340455,1300.865611120319,1456.422103819685,2407.291121567034,-223.32786583423967,223.32786583423967,-303.97397636409096,303.97397636409096,849.9566339496355,849.9566339496355,694.4001412502696,694.4001412502696,-256.4688764970797,256.4688764970797,1998.7050337690555,2374.150110904194,2270.4644581275666,2271.4588909625045,2243.7762357942393
2023-11-26 13:00:00,1727.0947231850078,1889.5000857168475,1856.5466016808148,1217.13611501351,2319.0241043938295,1937.0009259575952,-162.40536253183973,162.40536253183973,-129.45187849580702,129.45187849580702,509.95860817149764,509.95860817149764,-591.9293812088217,591.9293812088217,-209.90620277258745,209.90620277258745,1843.8415665525195,1889.5000857168475,1900.6683946209764,1890.0527820397733,1893.3848515002478
2023-11-26 14:00:00,1883.358411267348,1786.5785281987305,1843.324938363059,1196.143691295784,1697.43665886723,1853.0936311931296,96.77988306861744,96.77988306861744,40.033472904289056,40.033472904289056,687.2147199715639,687.2147199715639,185.92175240011784,185.92175240011784,30.26478007421838,30.26478007421838,1675.3154895835864,1786.5785281987305,1776.6061519514556,1773.1541475125068,1770.609913994532
2023-11-26 15:00:00,1527.14137660566,1550.1616626969076,1596.8823868072943,1088.9220965958013,1860.646470040476,1568.969434770579,-23.0202860912475,23.0202860912475,-69.74101020163425,69.74101020163425,438.2192800098587,438.2192800098587,-333.505093434816,333.505093434816,-41.82805816491896,41.82805816491896,1533.1164101822117,1568.969434770579,1578.2167393919249,1550.6904185646003,1559.0893163775156
2023-11-26 16:00:00,945.2324101433913,900.6089497064636,994.1575247458635,630.4350145794854,1445.2584029846496,978.076153127115,44.62346043692776,44.62346043692776,-48.92511460247215,48.92511460247215,314.797395563906,314.797395563906,-500.02599284125824,500.02599284125824,-32.8437429837237,32.8437429837237,989.7072090287154,978.076153127115,993.1679098411398,950.5785885293346,976.6806219423084
2023-11-26 17:00:00,570.3519212518191,593.7908413134087,570.5991984854326,538.9421302656067,665.9869075736448,490.47529298347337,-23.438920061589556,23.438920061589556,-0.24727723361343124,0.24727723361343124,31.409790986212442,31.409790986212442,-95.63498632182564,95.63498632182564,79.87662826834577,79.87662826834577,571.9588741243133,570.5991984854326,563.2351504155847,556.2465866576995,548.3313545435426
2023-11-26 18:00:00,22.48024892956269,55.94464487803044,29.39654580634088,295.91831106808695,74.56093125168248,36.41400870919542,-33.46439594846775,33.46439594846775,-6.9162968767781905,6.9162968767781905,-273.4380621385243,273.4380621385243,-52.080682322119785,52.080682322119785,-13.93375977963273,13.93375977963273,98.44688834266722,55.94464487803044,56.21589307986734,62.83612706677097,62.687785454364025
2023-11-26 19:00:00,0.0,49.54755077226098,30.83547819973069,336.53823936128,34.56287780224077,64.10712860238888,-49.54755077226098,49.54755077226098,-30.83547819973069,30.83547819973069,-336.53823936128,336.53823936128,-34.56287780224077,34.56287780224077,-64.10712860238888,64.10712860238888,103.11825494758027,49.54755077226098,60.7465911996423,129.6508881609586,90.5643205181741
2023-11-26 20:00:00,0.0,41.964598563860335,32.25219019095075,324.9532668213657,40.48198163089062,43.26612539667614,-41.964598563860335,41.964598563860335,-32.25219019095075,32.25219019095075,-324.9532668213657,324.9532668213657,-40.48198163089062,40.48198163089062,-43.26612539667614,43.26612539667614,96.58363252074871,41.964598563860335,53.49499673718172,126.26815226792404,81.89889628501669
2023-11-26 21:00:00,0.0,57.03037779431261,33.849838800972364,355.7613117627556,26.997032579656906,61.27492033460285,-57.03037779431261,57.03037779431261,-33.849838800972364,33.849838800972364,-355.7613117627556,355.7613117627556,-26.997032579656906,26.997032579656906,-61.27492033460285,61.27492033460285,106.98269625446005,57.03037779431261,63.00179395577138,134.63631989898323,92.94295747423897
2023-11-26 22:00:00,0.0,85.85839803974315,31.815864446920084,285.5505200536495,33.68970663415091,46.93386950549783,-85.85839803974315,85.85839803974315,-31.815864446920084,31.815864446920084,-285.5505200536495,285.5505200536495,-33.68970663415091,33.68970663415091,-46.93386950549783,46.93386950549783,96.7696717359923,46.93386950549783,62.72167237823765,113.22119952140457,81.52356981819068
2023-11-26 23:00:00,0.0,51.334552866715484,31.923436111526325,340.2399565324972,39.71131855989958,37.48773185864203,-51.334552866715484,51.334552866715484,-31.923436111526325,31.923436111526325,-340.2399565324972,340.2399565324972,-39.71131855989958,39.71131855989958,-37.48773185864203,37.48773185864203,100.13939918585612,39.71131855989958,54.84577213050619,129.8699099516789,82.94013083355516
2023-11-27 00:00:00,162.14525081520347,56.464521670443,40.135907653922494,328.76329428422883,46.21775245014814,45.530311198847784,105.68072914476048,105.68072914476048,122.00934316128098,122.00934316128098,-166.61804346902537,166.61804346902537,115.92749836505533,115.92749836505533,116.61493961635568,116.61493961635568,103.42235745151807,46.21775245014814,61.02221205759045,130.98141500037235,87.391621847462
2023-11-27 01:00:00,10.035544608675968,82.82078158126834,45.93547624929887,335.1197596354331,32.70945985250642,121.28547442694078,-72.78523697259237,72.78523697259237,-35.8999316406229,35.8999316406229,-325.08421502675714,325.08421502675714,-22.67391524383045,22.67391524383045,-111.24992981826482,111.24992981826482,123.5741903490895,82.82078158126834,90.35798223915327,138.465946306013,117.61911151875594
2023-11-27 02:00:00,38.22596165483177,70.13263190243049,33.169859868817134,321.09669231345623,40.919107078449535,31.32725882096556,-31.90667024759872,31.90667024759872,5.0561017860146364,5.0561017860146364,-282.87073065862444,282.87073065862444,-2.6931454236177643,2.6931454236177643,6.89870283386621,6.89870283386621,99.32910999682379,40.919107078449535,58.20177176334686,124.97238264895154,81.0835200872474
2023-11-27 03:00:00,0.0,44.48465978135105,34.24948795383548,300.3378321541445,39.21114920617969,40.680461785177364,-44.48465978135105,44.48465978135105,-34.24948795383548,34.24948795383548,-300.3378321541445,300.3378321541445,-39.21114920617969,39.21114920617969,-40.680461785177364,40.680461785177364,91.79271817613763,40.680461785177364,53.26045309967384,117.98994786426844,77.86975628144569
2023-11-27 04:00:00,74.60046522328675,43.37772292887744,31.00321428388811,336.6730233450527,39.937233730731464,35.80955175245867,31.222742294409308,31.222742294409308,43.597250939398634,43.597250939398634,-262.07255812176595,262.07255812176595,34.66323149255528,34.66323149255528,38.79091347082808,38.79091347082808,97.36014920820168,39.937233730731464,52.59637124790825,128.95797061502782,81.10024275101289
2023-11-27 05:00:00,285.1961879558403,46.48359908876867,39.7447631707133,320.9149673481332,44.8660714605028,38.435167173734456,238.71258886707162,238.71258886707162,245.451424785127,245.451424785127,-35.7187793922929,35.7187793922929,240.33011649533748,240.33011649533748,246.76102078210585,246.76102078210585,98.08891364837048,44.8660714605028,56.68488882558454,127.68074022679193,82.61450488013392
2023-11-27 06:00:00,134.56541362851223,44.260450693766195,34.24948795383548,331.508850938771,58.15105203821411,46.08046789205646,90.30496293474604,90.30496293474604,100.31592567467675,100.31592567467675,-196.94343731025876,196.94343731025876,76.41436159029811,76.41436159029811,88.48494573645577,88.48494573645577,102.85006190332865,46.08046789205646,60.63186263284171,62.38333921612201,66.69066651376613
2023-11-27 07:00:00,480.50586339497664,639.3245151142324,546.1556708084012,570.9376491060732,368.86954323037133,485.91251703956027,-158.8186517192558,158.8186517192558,-65.64980741342453,65.64980741342453,-90.43178571109655,90.43178571109655,111.63632016460531,111.63632016460531,-5.406653644583628,5.406653644583628,522.2399790597277,546.1556708084012,535.6909359520222,558.1755548754794,529.790446468108
2023-11-27 08:00:00,1158.5626606745004,1065.6877590954764,1059.9267258382881,664.5721311576605,491.29122413841696,1111.971331887235,92.87490157902403,92.87490157902403,98.6359348362123,98.6359348362123,493.99052951683996,493.99052951683996,667.2714365360835,667.2714365360835,46.59132878726541,46.59132878726541,878.6898344234153,1059.9267258382881,985.5826134832921,1023.4734535313855,1000.8490533665333
2023-11-27 09:00:00,1422.2638086997995,1414.0900544468864,1322.8409832955865,998.0696243943438,1282.4613002907215,1423.8639424943215,8.173754252913113,8.173754252913113,99.42282540421297,99.42282540421297,424.1941843054557,424.1941843054557,139.80250840907797,139.80250840907797,-1.6001337945219802,1.6001337945219802,1288.265180984372,1322.8409832955865,1349.8681848802664,1379.2747588223624,1361.1687078065274
2023-11-27 10:00:00,1900.6291839985586,1842.2522118713118,1889.8275983175556,1295.4366054514192,1325.1376185300787,1946.5209715926635,58.376972127246745,58.376972127246745,10.801585681002962,10.801585681002962,605.1925785471394,605.1925785471394,575.4915654684798,575.4915654684798,-45.891787594104926,45.891787594104926,1659.8350011526059,1842.2522118713118,1794.7465717909945,1818.8076765721053,1805.3374690579835
2023-11-27 11:00:00,2024.108304398388,2113.805148945864,2050.27682695084,1412.8718964578861,2020.716792274168,2121.104553557635,-89.69684454747585,89.69684454747585,-26.168522552452032,26.168522552452032,611.236407940502,611.236407940502,3.391512124220071,3.391512124220071,-96.99624915924687,96.99624915924687,1943.755043637279,2050.27682695084,2045.2957539154722,2064.97993873682,2046.0546272346705
2023-11-27 12:00:00,1994.3962717800475,2086.6828408600454,2165.243522686629,1196.8931436227708,1914.2191572827621,2177.4669579406236,-92.28656907999789,92.28656907999789,-170.84725090658162,170.84725090658162,797.5031281572767,797.5031281572767,80.1771144972854,80.1771144972854,-183.0706861605761,183.0706861605761,1908.101124478566,2086.6828408600454,2065.9559034394465,2060.3435610697748,2055.003455836604
2023-11-27 13:00:00,1822.286525098845,1878.5047361763673,1905.2809760008997,1283.6249560462618,2401.285536706042,2016.5535132361556,-56.218211077522255,56.218211077522255,-82.99445090205472,82.99445090205472,538.6615690525832,538.6615690525832,-578.999011607197,578.999011607197,-194.2669881373106,194.2669881373106,1897.0499436331454,1905.2809760008997,1951.3185152904116,1925.4829315313373,1945.761125420385
2023-11-27 14:00:00,1806.9645026916735,1909.0678757012263,1890.7494000924225,1112.795208966913,1728.438545238591,1888.4892773731942,-102.1033730095528,102.1033730095528,-83.78489740074906,83.78489740074906,694.1692937247606,694.1692937247606,78.52595745308258,78.52595745308258,-81.52477468152074,81.52477468152074,1705.9080614744694,1888.4892773731942,1836.2647479843959,1841.9463519347894,1822.3427977452884
2023-11-27 15:00:00,1333.4004696781592,1448.7698598994282,1467.2546731896325,915.0423876055212,1774.3799750304038,1517.9312511014884,-115.36939022126899,115.36939022126899,-133.85420351147332,133.85420351147332,418.358082072638,418.358082072638,-440.9795053522446,440.9795053522446,-184.53078142332924,184.53078142332924,1424.6756293652948,1467.2546731896325,1481.6999530552935,1462.2900080998063,1471.7183644398865
2023-11-27 16:00:00,1030.5498044411818,905.8159357983308,1016.741195863353,870.4004056708327,1337.0093248673718,1112.2987540166291,124.73386864285101,124.73386864285101,13.80860857782875,13.80860857782875,160.14939877034908,160.14939877034908,-306.45952042619,306.45952042619,-81.74894957544734,81.74894957544734,1048.4531232433033,1016.741195863353,1041.0066110552475,1010.551937497312,1047.6179400177543
2023-11-27 17:00:00,582.9353677922315,683.4219758968786,559.904085923741,701.501292043096,756.0389944022328,571.5560911901002,-100.48660810464708,100.48660810464708,23.03128186849051,23.03128186849051,-118.56592425086444,118.56592425086444,-173.10362661000124,173.10362661000124,11.379276602131313,11.379276602131313,654.4844878912097,683.4219758968786,627.2259785571825,641.1809640831444,625.7301986083601
2023-11-27 18:00:00,0.0,44.21365048287122,28.74442083005167,338.133142739248,76.09217827836979,50.87456212223771,-44.21365048287122,44.21365048287122,-28.74442083005167,28.74442083005167,-338.133142739248,338.133142739248,-76.09217827836979,76.09217827836979,-50.87456212223771,50.87456212223771,107.61159089055568,50.87456212223771,61.91929541703203,65.23130609698651,69.84241105676423
2023-11-27 19:00:00,26.382677720299792,56.564194157845186,30.008372250670053,324.49475307222093,35.13999796065576,39.391641120591515,-30.181516437545394,30.181516437545394,-3.625694530370261,3.625694530370261,-298.11207535192113,298.11207535192113,-8.75732024035597,8.75732024035597,-13.008963400291723,13.008963400291723,97.11979171239668,39.391641120591515,56.668187160450906,123.22191744210603,81.26931794736473
2023-11-27 20:00:00,120.30605094455828,38.60155382712036,32.25219019095075,345.5858014551156,42.746993921320126,41.788274822524855,81.70449711743791,81.70449711743791,88.05386075360752,88.05386075360752,-225.2797505105573,225.2797505105573,77.55905702323815,77.55905702323815,78.51777612203342,78.51777612203342,100.19496284340633,41.788274822524855,55.4216053590667,133.31102045182018,85.01643527645231
2023-11-27 21:00:00,40.4813353695017,38.03100576129064,28.029032451407918,315.7157542867309,30.64915055607486,27.931189433944635,2.4503296082110566,2.4503296082110566,12.452302918093782,12.452302918093782,-275.23441891722916,275.23441891722916,9.832184813426839,9.832184813426839,12.550145935557065,12.550145935557065,88.07122649788978,30.64915055607486,47.72095200263853,116.16913167527166,72.36750828973993
2023-11-27 22:00:00,0.0,37.86792666613556,33.43062670479105,371.0517276044062,36.8910107220882,35.356505826187814,-37.86792666613556,37.86792666613556,-33.43062670479105,33.43062670479105,-371.0517276044062,371.0517276044062,-36.8910107220882,36.8910107220882,-35.356505826187814,35.356505826187814,102.91955950472178,36.8910107220882,55.11870031330231,137.1392257867836,85.33259089620769
2023-11-27 23:00:00,0.0,55.10218563577169,31.923436111526325,333.90027299493414,41.59699481547103,41.027127729736975,-55.10218563577169,55.10218563577169,-31.923436111526325,31.923436111526325,-333.90027299493414,333.90027299493414,-41.59699481547103,41.59699481547103,-41.027127729736975,41.027127729736975,100.71000345748803,41.59699481547103,58.71869144325643,129.28797826930995,84.7494271512149
2023-11-28 00:00:00,20.05935790777537,50.40740833368042,32.281345268427316,278.100059910653,42.68555072542017,43.3150601330293,-30.34805042590505,30.34805042590505,-12.221987360651944,12.221987360651944,-258.0407020028776,258.0407020028776,-22.6261928176448,22.6261928176448,-23.255702225253927,23.255702225253927,89.35788487424205,43.3150601330293,55.18665173903984,113.49875630327274,77.14021141414804
2023-11-28 01:00:00,0.0,58.84332464262091,39.35548427129434,311.1161582502499,32.384552292828985,46.205702843828966,-58.84332464262091,58.84332464262091,-39.35548427129434,39.35548427129434,-311.1161582502499,311.1161582502499,-32.384552292828985,32.384552292828985,-46.205702843828966,46.205702843828966,97.58104446016462,46.205702843828966,59.97383926291693,120.15037924535525,82.79461501328038
2023-11-28 02:00:00,20.785970127591842,68.47603956024986,34.20320606893909,305.0789206267305,41.634642708165124,36.82718526634733,-47.69006943265802,47.69006943265802,-13.417235941347247,13.417235941347247,-284.29295049913867,284.29295049913867,-20.848672580573282,20.848672580573282,-16.041215138755486,16.041215138755486,97.24399884608638,41.634642708165124,58.962502707172895,120.66792608373474,80.70336545975903
2023-11-28 03:00:00,68.45708924739348,52.791101812023854,33.68959009283255,302.65747393025043,39.900029659373274,40.263633153657636,15.66598743536963,15.66598743536963,34.76749915456093,34.76749915456093,-234.20038468285696,234.20038468285696,28.55705958802021,28.55705958802021,28.193456093735847,28.193456093735847,93.86036572962755,40.263633153657636,55.50062307730944,118.83634398892173,79.12588989652637
2023-11-28 04:00:00,8.751609611076104,92.72570152226963,44.37302352885258,321.2234060190704,41.17545952658924,124.45198878043469,-83.97409191119353,83.97409191119353,-35.62141391777647,35.62141391777647,-312.4717964079943,312.4717964079943,-32.42384991551314,32.42384991551314,-115.70037916935858,115.70037916935858,124.78991587544331,92.72570152226963,93.0960714301467,140.65491607303773,119.97367718213093
2023-11-28 05:00:00,0.0,63.176484395858544,32.281345268427316,305.37505638754385,34.71709686707399,23.809236254159252,-63.176484395858544,63.176484395858544,-32.281345268427316,32.281345268427316,-305.37505638754385,305.37505638754385,-34.71709686707399,34.71709686707399,-23.809236254159252,23.809236254159252,91.8718438346126,34.71709686707399,53.00550269824883,115.91448472321494,73.8122122441935
2023-11-28 06:00:00,0.0,54.98344958682046,32.910014404775495,274.2322459751592,44.15259822627309,39.50977584093632,-54.98344958682046,54.98344958682046,-32.910014404775495,32.910014404775495,-274.2322459751592,274.2322459751592,-44.15259822627309,44.15259822627309,-39.50977584093632,39.50977584093632,89.1576168067929,44.15259822627309,52.80183038920021,60.593597629046954,59.75210693501999
2023-11-28 07:00:00,612.7927486922528,685.313290308675,550.7108288206459,519.1335178423535,320.67684678013404,547.441952676987,-72.52054161642229,72.52054161642229,62.08191987160683,62.08191987160683,93.65923084989925,93.65923084989925,292.1159019121187,292.1159019121187,65.35079601526581,65.35079601526581,524.6552872857591,547.441952676987,556.4478752876357,595.7544881122939,560.0801570125282
2023-11-28 08:00:00,865.3578068710647,1085.22409842281,1121.7191203377222,664.4276646751481,597.1450924544007,1154.8049845353078,-219.86629155174523,219.86629155174523,-256.3613134666575,256.3613134666575,200.93014219591657,200.93014219591657,268.21271441666397,268.21271441666397,-289.4471776642431,289.4471776642431,924.6641920850777,1085.22409842281,1045.5702338187325,1057.9303923552397,1046.9440231762687
2023-11-28 09:00:00,1401.5030464061952,1494.4456494937258,1548.4137684453592,947.6054315713478,818.1976121310273,1538.383754773875,-92.94260308753064,92.94260308753064,-146.91072203916406,146.91072203916406,453.89761483484733,453.89761483484733,583.3054342751678,583.3054342751678,-136.88070836767974,136.88070836767974,1269.409243283067,1494.4456494937258,1408.9274414130734,1440.1161592145727,1416.2716797996823
2023-11-28 10:00:00,1543.474860984167,1864.7914699229448,1879.9081713199332,1172.0462710038419,1062.1924106790311,1894.3420507107562,-321.3166089387778,321.3166089387778,-336.43331033576624,336.43331033576624,371.4285899803251,371.4285899803251,481.28245030513585,481.28245030513585,-350.86718972658923,350.86718972658923,1574.6560747273015,1864.7914699229448,1744.5220003006546,1786.616025600595,1753.1410328579866
2023-11-28 11:00:00,1902.9298964120867,2018.0586492240038,1946.314351960933,1190.289463341103,1174.8785562343219,2052.706978789234,-115.12875281191714,115.12875281191714,-43.38445554884629,43.38445554884629,712.6404330709836,712.6404330709836,728.0513401777648,728.0513401777648,-149.7770823771475,149.7770823771475,1676.4495999099192,1946.314351960933,1835.608765518734,1925.9704332993476,1874.3050753852551
2023-11-28 12:00:00,1984.6088086434922,1958.1228633592755,1914.9598248184127,1133.2362910614875,1800.2941399769277,1968.1515408962382,26.48594528421677,26.48594528421677,69.64898382507954,69.64898382507954,851.3725175820048,851.3725175820048,184.31466866656456,184.31466866656456,16.457267747254036,16.457267747254036,1754.9529320224683,1914.9598248184127,1875.0719033153573,1900.180487219322,1877.1966117441448
2023-11-28 13:00:00,2199.4156658100173,1962.2484355374609,1970.6682852985525,1182.7199652571207,2103.2657728716467,2044.597160308145,237.16723027255648,237.16723027255648,228.74738051146483,228.74738051146483,1016.6957005528966,1016.6957005528966,96.14989293837061,96.14989293837061,154.81850550187232,154.81850550187232,1852.699923854585,1970.6682852985525,1953.4239436562698,1954.0884994638034,1951.713149768568
2023-11-28 14:00:00,1938.5173555856124,1796.9549629880064,1841.3428994311698,1100.6661027177568,2229.203478984584,1844.4397482402246,141.56239259760605,141.56239259760605,97.17445615444262,97.17445615444262,837.8512528678557,837.8512528678557,-290.6861233989714,290.6861233989714,94.07760734538783,94.07760734538783,1762.5214384723483,1841.3428994311698,1837.1940361073612,1800.8703412089744,1812.811550537415
2023-11-28 15:00:00,1421.155900591778,1430.4431930180094,1355.4137841556005,1064.2388698616717,2064.2619079817714,1476.5964554428656,-9.287292426231488,9.287292426231488,65.74211643617741,65.74211643617741,356.91703073010626,356.91703073010626,-643.1060073899935,643.1060073899935,-55.440554851087654,55.440554851087654,1478.1908420919838,1430.4431930180094,1478.0150156680397,1458.6134664676586,1471.9460041476796
2023-11-28 16:00:00,980.5218707789669,888.1434099876128,1001.9238955742196,767.8441643337271,1313.3897393959858,975.8349076774917,92.37846079135409,92.37846079135409,-21.402024795252714,21.402024795252714,212.67770644523978,212.67770644523978,-332.86786861701887,332.86786861701887,4.686963101475158,4.686963101475158,989.4272233938075,975.8349076774917,988.5343434232593,944.8360033164349,973.0635302361682
2023-11-28 17:00:00,462.0153565959547,659.8682830107743,566.8157008631421,533.5757938518854,711.490190422957,483.45400853571675,-197.85292641481965,197.85292641481965,-104.80034426718737,104.80034426718737,-71.56043725593065,71.56043725593065,-249.47483382700227,249.47483382700227,-21.438651939762053,21.438651939762053,591.0407953368951,566.8157008631421,581.7813269404616,586.2957543660933,565.3220851664888
2023-11-28 18:00:00,164.7643952225122,35.359567176107454,29.39654580634088,297.34321598182976,69.9820963430227,33.42443799781424,129.40482804640476,129.40482804640476,135.36784941617134,135.36784941617134,-132.57882075931755,132.57882075931755,94.7822988794895,94.7822988794895,131.33995722469797,131.33995722469797,93.10117266102301,35.359567176107454,52.553111640315265,52.10151006809416,56.70150864429028
2023-11-28 19:00:00,130.34463001058052,58.333418884893575,30.689737470504465,294.481432349238,37.69313962099326,46.937222894885124,72.01121112568694,72.01121112568694,99.65489254007605,99.65489254007605,-164.13680233865747,164.13680233865747,92.65149038958725,92.65149038958725,83.40740711569539,83.40740711569539,93.62699024410287,46.937222894885124,59.5865397759908,117.50285242163423,81.2396602870851
2023-11-28 20:00:00,16.807143897726064,35.371012118392734,29.290139127133767,319.7078253201862,41.20840277879898,35.125214815278454,-18.56386822066667,18.56386822066667,-12.482995229407702,12.482995229407702,-302.90068142246014,302.90068142246014,-24.401258881072913,24.401258881072913,-18.31807091755239,18.31807091755239,92.14051883195803,35.371012118392734,52.97801455688078,123.00701234309325,78.2486547994395
2023-11-28 21:00:00,0.0,40.88859789656617,30.736019355400853,318.44657862881905,26.609214842517538,33.74333786228166,-40.88859789656617,40.88859789656617,-30.736019355400853,30.736019355400853,-318.44657862881905,318.44657862881905,-26.609214842517538,26.609214842517538,-33.74333786228166,33.74333786228166,90.08474971711705,33.74333786228166,51.88247417965043,116.30066088433723,75.22055803507602
2023-11-28 22:00:00,0.0,47.57191355027365,31.13449922708568,290.829947565747,34.294148911584806,33.67850973972033,-47.57191355027365,47.57191355027365,-31.13449922708568,31.13449922708568,-290.829947565747,290.829947565747,-34.294148911584806,34.294148911584806,-33.67850973972033,33.67850973972033,87.50180379888228,34.294148911584806,52.89569836297201,111.25488850783346,73.48123876896217
2023-11-28 23:00:00,0.0,56.35633262925266,31.32827578911164,365.6585802482271,39.810876104500544,43.11879254146024,-56.35633262925266,56.35633262925266,-31.32827578911164,31.32827578911164,-365.6585802482271,365.6585802482271,-39.810876104500544,39.810876104500544,-43.11879254146024,43.11879254146024,107.25457146251044,43.11879254146024,63.419980670635944,138.55756227870643,90.66793568559685
2023-11-29 00:00:00,0.0,60.21605362956455,34.20320606893909,364.37652154218955,45.62514223973366,35.62395359755028,-60.21605362956455,60.21605362956455,-34.20320606893909,34.20320606893909,-364.37652154218955,364.37652154218955,-45.62514223973366,45.62514223973366,-35.62395359755028,35.62395359755028,108.00897541559543,45.62514223973366,63.61974126658984,141.25055603047042,90.18767499174723
2023-11-29 01:00:00,0.0,53.1992987209726,34.24948795383548,314.28640568961146,30.9955898494689,41.195558772867294,-53.1992987209726,53.1992987209726,-34.24948795383548,34.24948795383548,-314.28640568961146,314.28640568961146,-30.9955898494689,30.9955898494689,-41.195558772867294,41.195558772867294,94.78526819735114,41.195558772867294,58.44326015146157,119.04282527853118,80.44199102304151
2023-11-29 02:00:00,187.88476179119291,48.84023546131837,41.3076319592546,315.84320038565306,40.67528760733138,39.63328826803401,139.04452632987454,139.04452632987454,146.57712983193832,146.57712983193832,-127.95843859446015,127.95843859446015,147.20947418386154,147.20947418386154,148.2514735231589,148.2514735231589,97.25992873631829,41.3076319592546,60.136632494374155,123.41536474640485,82.44424257310416
2023-11-29 03:00:00,0.0,53.93276015336814,41.42909931808609,367.70843549575653,41.816822856571655,44.43994908958831,-53.93276015336814,53.93276015336814,-41.42909931808609,41.42909931808609,-367.70843549575653,367.70843549575653,-41.816822856571655,41.816822856571655,-44.43994908958831,44.43994908958831,109.86541338267416,44.43994908958831,67.68593137637097,140.37124451823212,93.27822526283342
2023-11-29 04:00:00,0.0,51.46215260323534,33.52184084910468,329.67013877554024,39.76389584018342,34.72424014267985,-51.46215260323534,51.46215260323534,-33.52184084910468,33.52184084910468,-329.67013877554024,329.67013877554024,-39.76389584018342,39.76389584018342,-34.72424014267985,34.72424014267985,97.8284536421487,39.76389584018342,59.132788992742334,126.73576872079047,82.27110607102556
2023-11-29 05:00:00,0.0,37.98070725317337,33.52184084910468,315.2576016497365,42.343356449575495,36.28820813140854,-37.98070725317337,37.98070725317337,-33.52184084910468,33.52184084910468,-315.2576016497365,315.2576016497365,-42.343356449575495,42.343356449575495,-36.28820813140854,36.28820813140854,93.0783428665997,37.98070725317337,55.25366982101484,122.90883525070315,79.32206172111704
2023-11-29 06:00:00,259.85447289763346,36.39626513461733,30.363178240222222,299.4793956926389,48.54429895906398,31.95116046001437,223.45820776301613,223.45820776301613,229.49129465741123,229.49129465741123,-39.62492279500543,39.62492279500543,211.31017393856948,211.31017393856948,227.9033124376191,227.9033124376191,89.34685969731137,36.39626513461733,52.42291486634916,50.94791210104466,55.2708521216833
2023-11-29 07:00:00,516.3705013305747,652.3679515762327,573.4129118866805,556.3586368687824,375.9750187654339,514.3971024468773,-135.997450245658,135.997450245658,-57.04241055610578,57.04241055610578,-39.98813553820764,39.98813553820764,140.3954825651408,140.3954825651408,1.9733988836974277,1.9733988836974277,534.5023243088015,556.3586368687824,550.6953256401505,575.6170086571967,547.6735856403399
2023-11-29 08:00:00,1054.0983341786578,898.1286371453981,967.3416310200056,750.4833967958049,745.2671108880786,1002.8217335646153,155.96969703325965,155.96969703325965,86.75670315865216,86.75670315865216,303.6149373828529,303.6149373828529,308.83122329057915,308.83122329057915,51.27660061404242,51.27660061404242,872.8085018827805,898.1286371453981,916.2863139201229,921.940525492378,926.5940989132296
2023-11-29 09:00:00,1486.9065478752223,1415.4476536736518,1469.7054509304073,977.6931311374459,1088.331788757565,1484.4160000839445,71.4588942015705,71.4588942015705,17.201096944814935,17.201096944814935,509.21341673777636,509.21341673777636,398.5747591176573,398.5747591176573,2.490547791277777,2.490547791277777,1287.1188049166028,1415.4476536736518,1382.075881108922,1397.639502969625,1388.2215762236738
2023-11-29 10:00:00,1499.8828601084138,1556.5710653683316,1559.851936566465,1094.1806402135371,1706.7241095334396,1610.9874026003342,-56.68820525991782,56.68820525991782,-59.96907645805118,59.96907645805118,405.70221989487663,405.70221989487663,-206.8412494250258,206.8412494250258,-111.10454249192048,111.10454249192048,1505.6630308564213,1559.851936566465,1562.3967486543315,1557.6235561843594,1559.3361781429585
2023-11-29 11:00:00,2117.675994680043,1925.9937418386364,1960.8096858942838,1166.3267129785836,1397.932978754881,2023.1327871500473,191.68225284140658,191.68225284140658,156.8663087857592,156.8663087857592,951.3492817014594,951.3492817014594,719.7430159251619,719.7430159251619,94.5432075299957,94.5432075299957,1694.8391813232865,1925.9937418386364,1863.9511386062918,1885.7890872774547,1868.5164614597907
2023-11-29 12:00:00,1979.1792396045007,1994.5985040812595,1961.3195660337406,1292.0816821504804,2299.810819936453,2024.4989839274772,-15.419264476758826,15.419264476758826,17.85967357076015,17.85967357076015,687.0975574540203,687.0975574540203,-320.63158033195214,320.63158033195214,-45.319744322976476,45.319744322976476,1914.461911225882,1994.5985040812595,1990.6965448635385,1979.5276701785115,1978.859443543287
2023-11-29 13:00:00,1951.5258731676356,2171.412760943748,2189.4959502835895,1253.8476943171765,1690.0540587295532,2180.659488697327,-219.8868877761122,219.8868877761122,-237.97007711595393,237.97007711595393,697.6781788504591,697.6781788504591,261.47181443808245,261.47181443808245,-229.1336155296915,229.1336155296915,1897.093990594279,2171.412760943748,2073.2511877869065,2091.891148164981,2065.0933966438874
2023-11-29 14:00:00,2026.0816145023132,2119.9643704550776,2115.8825080397723,1272.3781656517294,1794.4382011692278,2064.685768191087,-93.88275595276446,93.88275595276446,-89.80089353745916,89.80089353745916,753.7034488505838,753.7034488505838,231.6434133330854,231.6434133330854,-38.60415368877375,38.60415368877375,1873.4698027013787,2064.685768191087,2014.250388002545,2029.4324194497708,2000.735956414188
2023-11-29 15:00:00,1406.3883849252973,1463.3749320231075,1524.7689337340105,940.261532487877,2113.8918278109895,1544.4364717820426,-56.98654709781022,56.98654709781022,-118.38054880871323,118.38054880871323,466.1268524374202,466.1268524374202,-707.5034428856923,707.5034428856923,-138.04808685674539,138.04808685674539,1517.3467395676055,1524.7689337340105,1545.7059624591684,1503.8849362141375,1527.2339118719215
2023-11-29 16:00:00,935.2157856314278,913.6578807839138,993.8052801435884,816.4941625088131,1369.5130213803498,981.1766793677564,21.55790484751401,21.55790484751401,-58.58949451216063,58.58949451216063,118.72162312261469,118.72162312261469,-434.29723574892193,434.29723574892193,-45.96089373632856,45.96089373632856,1014.9294048368841,981.1766793677564,1001.8644687237077,964.2949775749578,989.0690507305277
2023-11-29 17:00:00,508.2648814767804,677.3338918981099,514.490439693244,637.7252210193866,758.805865536901,483.32480700141025,-169.0690104213295,169.0690104213295,-6.2255582164635825,6.2255582164635825,-129.46033954260622,129.46033954260622,-250.54098406012065,250.54098406012065,24.940074475370125,24.940074475370125,614.3360450298103,637.7252210193866,578.0365670345976,600.2318123686101,573.0126842272065
2023-11-29 18:00:00,107.6291285313008,50.77215883702372,28.88934402882418,306.50456865831563,67.34160760446966,33.64952273340104,56.856969694277076,56.856969694277076,78.73978450247661,78.73978450247661,-198.87544012701483,198.87544012701483,40.287520926831135,40.287520926831135,73.97960579789975,73.97960579789975,97.43144037240685,50.77215883702372,56.60888692768445,59.633152466551856,61.08880443943247
2023-11-29 19:00:00,81.38229320235352,54.84549421911791,30.689737470504465,325.87109718166215,34.38399539329779,31.769975267175884,26.536798983235613,26.536798983235613,50.692555731849055,50.692555731849055,-244.4888039793086,244.4888039793086,46.998297809055735,46.998297809055735,49.61231793517764,49.61231793517764,95.51205990635164,34.38399539329779,54.567532088742645,121.8301259298071,78.37570444027043
2023-11-29 20:00:00,27.86188618619005,39.803592241135114,37.234265499817035,307.177902175728,43.53401034801822,32.7432151201185,-11.941706054945065,11.941706054945065,-9.372379313626986,9.372379313626986,-279.31601598953796,279.31601598953796,-15.672124161828172,15.672124161828172,-4.881328933928451,4.881328933928451,92.09859707696337,39.803592241135114,52.53874094043114,121.50805246426623,77.18240046082559
2023-11-29 21:00:00,0.0,51.05968070782761,29.39654580634088,279.52035646165683,28.2949959528153,42.94639606856686,-51.05968070782761,51.05968070782761,-29.39654580634088,29.39654580634088,-279.52035646165683,279.52035646165683,-28.2949959528153,28.2949959528153,-42.94639606856686,42.94639606856686,86.24359499944148,42.94639606856686,52.92756357468214,108.05802414019323,74.13367452806428
2023-11-29 22:00:00,0.0,42.85808301355903,33.37831716736637,330.58054786594096,35.174120575552635,51.7975675229209,-42.85808301355903,42.85808301355903,-33.37831716736637,33.37831716736637,-330.58054786594096,330.58054786594096,-35.174120575552635,35.174120575552635,-51.7975675229209,51.7975675229209,98.75772722906797,42.85808301355903,58.570664969935045,126.10123749407104,85.5126296895996
2023-11-29 23:00:00,0.0,66.03989629184149,32.60480133136073,339.5494798937023,40.83240438269206,41.28730980564102,-66.03989629184149,66.03989629184149,-32.60480133136073,32.60480133136073,-339.5494798937023,339.5494798937023,-40.83240438269206,40.83240438269206,-41.28730980564102,41.28730980564102,104.0627783410475,41.28730980564102,61.77156174207343,130.58399866287982,86.77668575082367
2023-11-30 00:00:00,116.03678217171407,57.59864847291121,31.791235587424534,361.92793091879156,47.522520685306034,39.55579084178236,58.43813369880286,58.43813369880286,84.24554658428953,84.24554658428953,-245.8911487470775,245.8911487470775,68.51426148640803,68.51426148640803,76.4809913299317,76.4809913299317,107.67922530124315,47.522520685306034,61.00858568004996,141.8441437553517,90.3028220592256
2023-11-30 01:00:00,0.0,53.50435554108285,30.709075269280543,304.78645530576784,34.80537699209038,32.14081112769895,-53.50435554108285,53.50435554108285,-30.709075269280543,30.709075269280543,-304.78645530576784,304.78645530576784,-34.80537699209038,34.80537699209038,-32.14081112769895,32.14081112769895,91.1892148471841,34.80537699209038,53.38625996003987,115.79970048619361,75.42179332884666
2023-11-30 02:00:00,159.43711881644535,59.37873571751914,33.19083393079523,377.4813457583833,36.82365660046214,32.24128515615821,100.05838309892621,100.05838309892621,126.24628488565011,126.24628488565011,-218.04422694193798,218.04422694193798,122.61346221598322,122.61346221598322,127.19583366028714,127.19583366028714,107.82317143266361,36.82365660046214,60.048952629208216,139.0209633478385,87.73386611087838
2023-11-30 03:00:00,128.76528773991947,52.921443031760276,33.06936657196374,319.81612966511494,43.80743446616181,43.60864235023124,75.8438447081592,75.8438447081592,95.69592116795573,95.69592116795573,-191.05084192519547,191.05084192519547,84.95785327375766,84.95785327375766,85.15664538968824,85.15664538968824,98.64460321704641,43.80743446616181,58.87304758328441,126.61004302584774,84.09557629619518
2023-11-30 04:00:00,0.0,51.07126490513608,28.79090824107546,294.45589943434476,45.309836148707895,33.82619764901829,-51.07126490513608,51.07126490513608,-28.79090824107546,28.79090824107546,-294.45589943434476,294.45589943434476,-45.309836148707895,45.309836148707895,-33.82619764901829,33.82619764901829,90.6908212756565,45.309836148707895,53.56890876441622,120.05365513439895,76.99017295457952
2023-11-30 05:00:00,0.0,39.0185724737687,33.19083393079523,389.03597071236857,43.817445813853666,36.314415064959086,-39.0185724737687,39.0185724737687,-33.19083393079523,33.19083393079523,-389.03597071236857,389.03597071236857,-43.817445813853666,43.817445813853666,-36.314415064959086,36.314415064959086,108.27544759914906,39.0185724737687,58.20274057725721,145.94334128138266,90.1617970904136
2023-11-30 06:00:00,0.0,57.01999932166519,32.20497231654485,388.5773918849128,40.66099084654793,34.16588543784658,-57.01999932166519,57.01999932166519,-32.20497231654485,32.20497231654485,-388.5773918849128,388.5773918849128,-40.66099084654793,40.66099084654793,-34.16588543784658,34.16588543784658,110.52584796150347,40.66099084654793,61.1800916001788,66.21551974847108,67.15703008446498
2023-11-30 07:00:00,586.5048503941393,662.2969942708355,567.9517521695481,575.8095837818308,314.6576583418699,550.7482588713029,-75.79214387669617,75.79214387669617,18.55309822459128,18.55309822459128,10.695266612308501,10.695266612308501,271.84719205226946,271.84719205226946,35.7565915228364,35.7565915228364,534.2928494870774,567.9517521695481,560.9280365657696,590.4311302158483,562.4159717061615
2023-11-30 08:00:00,1187.8282048349479,1013.6128022366921,1140.1287922640045,799.4176910003317,667.7564765532667,1162.132689828702,174.21540259825576,174.21540259825576,47.69941257094342,47.69941257094342,388.41051383461615,388.41051383461615,520.0717282816812,520.0717282816812,25.69551500624584,25.69551500624584,956.6096903765992,1013.6128022366921,1051.9144931579258,1041.0678349562672,1051.6431744753181
2023-11-30 09:00:00,1519.2754116256028,1522.0133702989572,1576.7379219168395,1070.7989636751297,1153.857750665243,1543.8814992443329,-2.737958673354342,2.737958673354342,-57.46251029123664,57.46251029123664,448.47644795047313,448.47644795047313,365.41766096035985,365.41766096035985,-24.606087618730044,24.606087618730044,1373.4579011601004,1522.0133702989572,1488.5057634853881,1484.007168240913,1475.2217595987768
2023-11-30 10:00:00,1612.6080800393938,1557.5534853668087,1521.0852339667194,1177.2441119606506,1816.4215041180569,1592.4782742980722,55.054594672585154,55.054594672585154,91.52284607267438,91.52284607267438,435.36396807874326,435.36396807874326,-203.81342407866305,203.81342407866305,20.12980574132166,20.12980574132166,1532.9565219420615,1557.5534853668087,1561.4114849916584,1560.6518330187637,1561.7059546511532
2023-11-30 11:00:00,2115.7840532249206,2113.780187921704,2179.3166569825053,1277.29033056354,1277.6013112818416,2158.00609383497,2.003865303216571,2.003865303216571,-63.53260375758464,63.53260375758464,838.4937226613806,838.4937226613806,838.182741943079,838.182741943079,-42.22204061004959,42.22204061004959,1801.1989161169124,2113.780187921704,2027.8918766685827,2033.2735781542465,2010.1906384372255
2023-11-30 12:00:00,2140.6144783359928,2036.926364989339,2092.8142540737194,1234.6308715270754,2308.923940920807,2079.8819129112403,103.68811334665384,103.68811334665384,47.80022426227333,47.80022426227333,905.9836068089173,905.9836068089173,-168.30946258481436,168.30946258481436,60.732565424752465,60.732565424752465,1950.635468884436,2079.8819129112403,2050.012956520358,2023.9257605344383,2028.285091475574
2023-11-30 13:00:00,2017.4116061300533,2093.296001050634,2135.3479841658404,1368.5267117795747,2316.8297932436476,2158.4350170902235,-75.88439492058069,75.88439492058069,-117.93637803578713,117.93637803578713,648.8848943504786,648.8848943504786,-299.4181871135943,299.4181871135943,-141.02341096017017,141.02341096017017,2014.4871014659843,2135.3479841658404,2110.393770026084,2089.1950359871157,2094.4610655152014
2023-11-30 14:00:00,1685.1312921055394,2006.2479927373172,1927.1287666229994,1180.7401905164022,1821.8591490148276,1983.4754206087016,-321.1167006317778,321.1167006317778,-241.99747451745998,241.99747451745998,504.3911015891372,504.3911015891372,-136.72785690928822,136.72785690928822,-298.3441285031622,298.3441285031622,1783.8903039000495,1927.1287666229994,1923.1299994313654,1932.7089144475522,1910.2248190654254
2023-11-30 15:00:00,1645.9179910244834,1440.1186175581472,1515.9239426153604,1055.156129919951,1769.2993550413976,1519.6944737355625,205.7993734663362,205.7993734663362,129.99404840912302,129.99404840912302,590.7618611045325,590.7618611045325,-123.38136401691418,123.38136401691418,126.2235172889209,126.2235172889209,1460.038503774084,1515.9239426153604,1496.6774629623328,1469.9673402761528,1485.940036473475
2023-11-30 16:00:00,1088.3055252609656,917.1613531989997,1035.803724562281,757.0948939128816,1610.2697131843565,1059.278203436115,171.14417206196595,171.14417206196595,52.50180069868452,52.50180069868452,331.210631348084,331.210631348084,-521.9641879233909,521.9641879233909,29.02732182485056,29.02732182485056,1075.921577658927,1035.803724562281,1061.400737519478,1007.4244756081125,1047.6875201572855
2023-11-30 17:00:00,674.4625973841003,667.7003639353824,559.9559469530735,635.6581933226247,821.7990074213294,541.7235667974121,6.762233448717893,6.762233448717893,114.50665043102674,114.50665043102674,38.804404061475566,38.804404061475566,-147.33641003722914,147.33641003722914,132.73903058668816,132.73903058668816,645.3674156859645,635.6581933226247,611.0894044045041,623.2074403191659,607.7072499137763
2023-11-30 18:00:00,258.53841120501045,58.98072925081157,28.973307379132173,359.2122901921733,78.3662314689494,29.540533596919246,199.55768195419887,199.55768195419887,229.56510382587828,229.56510382587828,-100.67387898716288,100.67387898716288,180.17217973606105,180.17217973606105,228.9978776080912,228.9978776080912,111.01461837759715,58.98072925081157,60.03079974832916,65.75883729267954,65.84792150720588
2023-11-30 19:00:00,54.7267016312372,46.540396663592034,30.555967316027594,357.3098951728125,41.42915471903104,31.572360750001376,8.186304967645164,8.186304967645164,24.170734315209604,24.170734315209604,-302.5831935415753,302.5831935415753,13.297546912206158,13.297546912206158,23.15434088123582,23.15434088123582,101.48155492429291,41.42915471903104,55.28487556905688,136.19337685516547,84.05425886212555
2023-11-30 20:00:00,32.56647209107891,57.14437441104113,29.632664084464928,384.18068784801784,44.644982814430364,41.867730835147704,-24.57790231996222,24.57790231996222,2.9338080066139796,2.9338080066139796,-351.61421575693896,351.61421575693896,-12.078510723351457,12.078510723351457,-9.301258744068797,9.301258744068797,111.49408799862037,44.644982814430364,62.23028833662264,146.50569432450658,93.29315856509238
2023-11-30 21:00:00,135.793746132566,43.30410539419349,31.101685613109677,365.45700636071535,29.89884222399862,29.097998981979128,92.48964073837251,92.48964073837251,104.69206051945633,104.69206051945633,-229.66326022814934,229.66326022814934,105.89490390856739,105.89490390856739,106.69574715058688,106.69574715058688,99.77192771479925,31.101685613109677,52.54485678901094,130.92714448174695,80.81558572058304
2023-11-30 22:00:00,198.78209114670057,66.06346863835012,25.08182868456354,321.73572246034513,40.93190113487018,41.747808938125544,132.71862250835045,132.71862250835045,173.70026246213703,173.70026246213703,-122.95363131364456,122.95363131364456,157.8501900118304,157.8501900118304,157.034282208575,157.034282208575,99.11214597125091,41.747808938125544,59.639143845052004,125.41781987348926,83.68908009743768
2023-11-30 23:00:00,0.0,51.10817049699284,31.280519857263496,328.3557053500667,49.930620995558094,39.76174084384527,-51.10817049699284,51.10817049699284,-31.280519857263496,31.280519857263496,-328.3557053500667,328.3557053500667,-49.930620995558094,49.930620995558094,-39.76174084384527,39.76174084384527,100.08735150874529,49.930620995558094,59.89123555748491,133.4581463019107,85.97463302833678
2023-12-01 00:00:00,0.0,63.852853409040655,31.89764226663164,284.5898997599065,46.992282304281225,38.75916444579331,-63.852853409040655,63.852853409040655,-31.89764226663164,31.89764226663164,-284.5898997599065,284.5898997599065,-46.992282304281225,46.992282304281225,-38.75916444579331,38.75916444579331,93.21836843713066,46.992282304281225,59.90367398260366,118.2715675409688,79.84807903365653
2023-12-01 01:00:00,0.0,44.98579203320593,34.80559618866621,332.60514951696956,33.9926911258775,40.23065454470757,-44.98579203320593,44.98579203320593,-34.80559618866621,34.80559618866621,-332.60514951696956,332.60514951696956,-33.9926911258775,33.9926911258775,-40.23065454470757,40.23065454470757,97.32397668188536,40.23065454470757,57.43504801299484,125.44781766885414,82.37578594987326
2023-12-01 02:00:00,34.27499744111674,32.58163959302019,31.436722374011342,350.99392070035145,40.2978822118867,34.27389384556022,1.6933578480965465,1.6933578480965465,2.8382750671053962,2.8382750671053962,-316.7189232592347,316.7189232592347,-6.022884770769963,6.022884770769963,0.0011035955565219524,0.0011035955565219524,97.91681174496598,34.27389384556022,53.51575712843298,131.6994972485282,82.00271743119359
2023-12-01 03:00:00,88.92586038240727,56.01643277219486,34.753286651241524,303.65931496187557,38.58437647106145,44.685579436896894,32.909427610212404,32.909427610212404,54.17257373116574,54.17257373116574,-214.7334545794683,214.7334545794683,50.34148391134582,50.34148391134582,44.24028094551037,44.24028094551037,95.53979805865406,44.685579436896894,59.15783324697273,119.93721890805631,81.7735911456189
2023-12-01 04:00:00,0.0,55.95229357412135,34.753286651241524,291.88086989682006,45.90903947141435,42.060819747622624,-55.95229357412135,55.95229357412135,-34.753286651241524,34.753286651241524,-291.88086989682006,291.88086989682006,-45.90903947141435,45.90903947141435,-42.060819747622624,42.060819747622624,94.11126186824399,45.90903947141435,58.21537786836197,119.70058859903607,80.60920626339274
2023-12-01 05:00:00,113.37955202216703,35.612223414305774,31.268973130283467,309.91097520065114,45.731870909390736,35.45804176372266,77.76732860786126,77.76732860786126,82.11057889188356,82.11057889188356,-196.5314231784841,196.5314231784841,67.6476811127763,67.6476811127763,77.92151025844437,77.92151025844437,91.59641688367076,35.612223414305774,51.23409324914127,121.94970794824337,77.36603208869407
2023-12-01 06:00:00,0.0,37.35256546742297,33.06936657196374,309.6991385158583,56.954128939896854,46.91226058434817,-37.35256546742297,37.35256546742297,-33.06936657196374,33.06936657196374,-309.6991385158583,309.6991385158583,-56.954128939896854,56.954128939896854,-46.91226058434817,46.91226058434817,96.79749201589802,46.91226058434817,57.471596127909905,58.05395196704305,63.399614948535124
2023-12-01 07:00:00,438.97368561087734,646.5530724541504,565.052975891133,516.573564939521,322.4879150134769,504.84307222081384,-207.57938684327308,207.57938684327308,-126.07929028025563,126.07929028025563,-77.59987932864368,77.59987932864368,116.48577059740046,116.48577059740046,-65.8693866099365,65.8693866099365,511.1021201038191,516.573564939521,537.4374361944951,563.4047866790501,533.4417053269901
2023-12-01 08:00:00,1127.4575344600464,1132.804439456699,1186.9943620538813,794.0643841095952,509.40069589296587,1227.8380170580392,-5.3469049966524835,5.3469049966524835,-59.536827593834914,59.536827593834914,333.39315035045126,333.39315035045126,618.0568385670806,618.0568385670806,-100.3804825979928,100.3804825979928,970.2203797142362,1132.804439456699,1076.899911745658,1112.5392948143622,1096.4434413224612
2023-12-01 09:00:00,1153.2708521042618,1446.0011158252787,1363.293448465272,918.8700295304048,1114.2535320100308,1427.6950585706252,-292.73026372101685,292.73026372101685,-210.02259636101007,210.02259636101007,234.400822573857,234.400822573857,39.01732009423108,39.01732009423108,-274.42420646636333,274.42420646636333,1254.0226368803224,1363.293448465272,1345.6635258904028,1382.9157549653958,1354.9173233469292
2023-12-01 10:00:00,1555.8419150881336,1621.1108060978033,1676.6569181209716,1125.1472278483986,1217.208017638213,1656.5523800456056,-65.26889100966969,65.26889100966969,-120.81500303283792,120.81500303283792,430.694687239735,430.694687239735,338.6338974499206,338.6338974499206,-100.71046495747191,100.71046495747191,1459.3350699501984,1621.1108060978033,1554.558435216056,1583.2105574378625,1564.5081877953364
2023-12-01 11:00:00,2033.6211123066091,2104.2995710748505,2141.9172030227355,1329.4448754205578,1209.9773001339104,2125.0646409057485,-70.6784587682414,70.6784587682414,-108.2960907161264,108.2960907161264,704.1762368860514,704.1762368860514,823.6438121726987,823.6438121726987,-91.44352859913943,91.44352859913943,1782.1407181115603,2104.2995710748505,1941.1099192575557,2013.8814361351328,1967.9384784212684
2023-12-01 12:00:00,2099.333262671668,2243.084244433131,2352.287572935202,1189.318525318389,1939.405950570228,2319.247870911007,-143.7509817614632,143.7509817614632,-252.95431026353435,252.95431026353435,910.0147373532789,910.0147373532789,159.92731210143984,159.92731210143984,-219.91460823933903,219.91460823933903,2008.6688328335918,2243.084244433131,2173.218085516914,2195.608708896632,2176.231379072983
2023-12-01 13:00:00,2055.247108941256,2056.8777881672113,2022.813404419981,1219.2328880399418,2137.610294511412,2061.7323278455374,-1.6306792259551912,1.6306792259551912,32.433704521275104,32.433704521275104,836.0142209013143,836.0142209013143,-82.36318557015602,82.36318557015602,-6.4852189042812824,6.4852189042812824,1899.6533405968166,2056.8777881672113,1997.8564648819888,2011.1668157995905,1994.9841178929448
2023-12-01 14:00:00,1884.8037474001485,1780.2400076129736,1836.7465581236263,1149.4985640529658,2299.26888299422,1814.2110045772715,104.56373978717488,104.56373978717488,48.057189276522195,48.057189276522195,735.3051833471827,735.3051833471827,-414.4651355940714,414.4651355940714,70.59274282287697,70.59274282287697,1775.9930034722115,1814.2110045772715,1837.5089699579096,1789.1572054600342,1806.0406542352798
2023-12-01 15:00:00,1317.4039030952351,1720.8718399880788,1738.5459606952245,929.9552046998159,1756.6953753436107,1707.5125397625832,-403.4679368928437,403.4679368928437,-421.14205759998936,421.14205759998936,387.4486983954192,387.4486983954192,-439.2914722483756,439.2914722483756,-390.10863666734804,390.10863666734804,1570.7161840978629,1720.8718399880788,1675.3831164270905,1671.8173531533653,1659.805885646226
2023-12-01 16:00:00,1061.3862538782616,961.0478920995428,1020.1715642537084,748.1342716238543,1224.8169745208304,1021.5863151689385,100.33836177871888,100.33836177871888,41.214689624553216,41.214689624553216,313.2519822544074,313.2519822544074,-163.43072064256876,163.43072064256876,39.7999387093231,39.7999387093231,995.1514035333748,1020.1715642537084,1012.5712621053968,989.4404724505112,1003.9510641072351
2023-12-01 17:00:00,717.7715375658913,683.7239745502659,631.5481711683841,580.6837202912532,727.1842486056282,515.930353281895,34.04756301562543,34.04756301562543,86.22336639750722,86.22336639750722,137.08781727463816,137.08781727463816,-9.412711039736905,9.412711039736905,201.8411842839963,201.8411842839963,627.8140935794852,631.5481711683841,626.1510469179509,616.6129238785204,601.5780806112174
2023-12-01 18:00:00,103.36035092642346,62.20597722694899,32.489235211771145,311.0162839165281,72.33402852386412,24.55171723400501,41.154373699474476,41.154373699474476,70.87111571465232,70.87111571465232,-207.65593299010465,207.65593299010465,31.026322402559344,31.026322402559344,78.80863369241845,78.80863369241845,100.51944842262347,62.20597722694899,64.38923640715772,62.40374058776814,63.052126229803456
2023-12-01 19:00:00,107.38604235470362,43.40196337427042,29.533205240135096,318.0371205656795,36.28347047606676,43.34374728356643,63.984078980433196,63.984078980433196,77.85283711456853,77.85283711456853,-210.6510782109759,210.6510782109759,71.10257187863687,71.10257187863687,64.04229507113719,64.04229507113719,94.11990138794364,43.34374728356643,56.99130274309754,122.9276485452005,81.46841512079142
2023-12-01 20:00:00,0.0,45.66493257918032,31.049376075684993,332.9096970672856,44.170838861710784,38.308257914662605,-45.66493257918032,45.66493257918032,-31.049376075684993,31.049376075684993,-332.9096970672856,332.9096970672856,-44.170838861710784,44.170838861710784,-38.308257914662605,38.308257914662605,98.42062049970485,44.170838861710784,59.48605672733176,130.79249632338323,84.42934159808799
2023-12-01 21:00:00,0.0,50.21766919196164,28.819460045338996,342.5589668883747,25.06202774157986,38.403210793196514,-50.21766919196164,50.21766919196164,-28.819460045338996,28.819460045338996,-342.5589668883747,342.5589668883747,-25.06202774157986,25.06202774157986,-38.403210793196514,38.403210793196514,97.01226693209034,38.403210793196514,58.26117170009225,124.3134644011033,81.85548637541604
2023-12-01 22:00:00,21.244469502618944,44.77885997770302,29.879756528493655,315.25981259304973,29.85783691316063,43.68347836384538,-23.534390475084077,23.534390475084077,-8.63528702587471,8.63528702587471,-294.0153430904308,294.0153430904308,-8.613367410541684,8.613367410541684,-22.439008861226437,22.439008861226437,92.69194887525047,43.68347836384538,56.49024869692054,119.62612205233278,80.10999667259516
2023-12-01 23:00:00,91.99053580205259,38.86363318665191,30.668693412934314,307.451716186269,40.889085653718,38.71991167601257,53.12690261540068,53.12690261540068,61.321842389118274,61.321842389118274,-215.4611803842164,215.4611803842164,51.10145014833459,51.10145014833459,53.27062412604002,53.27062412604002,91.31860802311715,38.86363318665191,53.600549586355136,120.25023907336346,78.16294053774152
2023-12-02 00:00:00,89.47336081196482,51.638492944023426,31.89764226663164,335.84028432332775,50.35793250161226,43.984936196350226,37.8348678679414,37.8348678679414,57.57571854533319,57.57571854533319,-246.36692351136293,246.36692351136293,39.11542831035256,39.11542831035256,45.4884246156146,45.4884246156146,102.74385764638905,50.35793250161226,62.226269797366726,136.0026380481269,88.81443112219594
2023-12-02 01:00:00,0.0,46.9817418853807,34.753286651241524,299.666920377844,33.847537940836446,42.00168863576104,-46.9817418853807,46.9817418853807,-34.753286651241524,34.753286651241524,-299.666920377844,299.666920377844,-33.847537940836446,33.847537940836446,-42.00168863576104,42.00168863576104,91.45023509821274,42.00168863576104,56.63208445605299,116.0395978804161,78.49188944773549
2023-12-02 02:00:00,0.0,48.9854611776896,36.57669935122536,253.63467802827336,41.230164203789826,46.309538860382155,-48.9854611776896,48.9854611776896,-36.57669935122536,36.57669935122536,-253.63467802827336,253.63467802827336,-41.230164203789826,41.230164203789826,-46.309538860382155,46.309538860382155,85.34730832427205,46.309538860382155,56.96280797637974,106.47533074811258,75.36281105427854
2023-12-02 03:00:00,0.0,44.332675537029694,32.45754012763456,313.3925149138059,36.19534072599666,44.52616533051657,-44.332675537029694,44.332675537029694,-32.45754012763456,32.45754012763456,-313.3925149138059,313.3925149138059,-36.19534072599666,36.19534072599666,-44.52616533051657,44.52616533051657,94.18084732699666,44.332675537029694,57.63805142487719,121.79569342564935,81.57152598666062
2023-12-02 04:00:00,64.69199253554922,48.79868800384279,31.791235587424534,358.89787723134094,40.41192262802144,35.46064431996895,15.893304531706427,15.893304531706427,32.90075694812468,32.90075694812468,-294.2058846957917,294.2058846957917,24.280069907527775,24.280069907527775,29.23134821558027,29.23134821558027,103.07207355411974,40.41192262802144,59.68891226656517,135.9577090090173,86.40052995749248
2023-12-02 05:00:00,0.0,54.93844101548276,40.9794544695921,270.1709308328573,41.38009168354448,44.272337983707885,-54.93844101548276,54.93844101548276,-40.9794544695921,40.9794544695921,-270.1709308328573,270.1709308328573,-41.38009168354448,41.38009168354448,-44.272337983707885,44.272337983707885,90.34825119703692,44.272337983707885,60.34898882787458,110.88501731838734,78.29431968002753
2023-12-02 06:00:00,0.0,39.63459957129513,39.123535515778634,322.9610371640641,48.88557887125479,43.54506484647356,-39.63459957129513,39.63459957129513,-39.123535515778634,39.123535515778634,-322.9610371640641,322.9610371640641,-48.88557887125479,48.88557887125479,-43.54506484647356,43.54506484647356,98.82996319377324,43.54506484647356,59.59099917700512,58.56634824059209,63.92220983332853
2023-12-02 07:00:00,701.2437173027675,672.8325106463739,518.2091290929931,535.6988285360908,338.45860813583363,552.9139405650407,28.411206656393688,28.411206656393688,183.03458820977448,183.03458820977448,165.54488876667676,165.54488876667676,362.7851091669339,362.7851091669339,148.3297767377269,148.3297767377269,523.6226033952664,535.6988285360908,543.8263170475751,592.0939674466416,556.0833941403265
2023-12-02 08:00:00,995.5114103311595,978.6676177276682,1053.1705258011323,758.6596087938303,699.9532238707765,1051.0082765461814,16.843792603491238,16.843792603491238,-57.65911546997279,57.65911546997279,236.85180153732915,236.85180153732915,295.558186460383,295.558186460383,-55.496866215021896,55.496866215021896,908.2918505479178,978.6676177276682,963.3919908192195,979.257085219297,974.6547482303747
2023-12-02 09:00:00,1411.6676614044295,1343.6347208339887,1165.8558691150145,1008.4413004793005,1284.7653543803697,1394.8694933476952,68.03294057044081,68.03294057044081,245.81179228941505,245.81179228941505,403.22636092512903,403.22636092512903,126.90230702405984,126.90230702405984,16.798168056734312,16.798168056734312,1239.5133476312737,1284.7653543803697,1281.8067113122743,1327.7687406272862,1309.749203777662
2023-12-02 10:00:00,1690.0227496169223,1531.340047798513,1523.6848393378282,1022.3358178932816,1598.3236297664444,1605.2859385508948,158.6827018184092,158.6827018184092,166.3379102790941,166.3379102790941,667.6869317236407,667.6869317236407,91.69911985047793,91.69911985047793,84.73681106602749,84.73681106602749,1456.1940546693925,1531.340047798513,1528.9894114671083,1530.9800170854915,1530.2868272098374
2023-12-02 11:00:00,2109.449182987277,2094.386629126505,2101.1003209654227,1397.876211192883,1515.1657714298804,2105.661145276475,15.062553860771914,15.062553860771914,8.348862021854075,8.348862021854075,711.5729717943939,711.5729717943939,594.2834115573964,594.2834115573964,3.7880377108017456,3.7880377108017456,1842.8380155982334,2094.386629126505,1974.9303939786728,2022.3043999130145,1988.870270342448
2023-12-02 12:00:00,1757.7130031563427,2035.1115364028249,2039.1026522701661,1370.6005992823307,2124.3981476647086,2063.0758165819875,-277.3985332464822,277.3985332464822,-281.38964911382345,281.38964911382345,387.112403874012,387.112403874012,-366.68514450836597,366.68514450836597,-305.36281342564484,305.36281342564484,1926.4577504404035,2039.1026522701661,2021.3822316064952,2010.9046846678473,2007.5927882867811
2023-12-02 13:00:00,1880.7607201200751,2059.641355896213,2059.646313045645,1181.175294419897,1547.3894115284627,2066.606396491753,-178.88063577613798,178.88063577613798,-178.88559292556988,178.88559292556988,699.5854257001781,699.5854257001781,333.37130859161243,333.37130859161243,-185.84567637167788,185.84567637167788,1782.8917542763943,2059.641355896213,1933.6078515217114,1978.7059875889295,1943.5937818868215
2023-12-02 14:00:00,1798.7421223768335,2018.4602042508077,2001.572514332458,1220.3841785946872,1754.1774512368493,2017.7971596529585,-219.71808187397414,219.71808187397414,-202.83039195562446,202.83039195562446,578.3579437821463,578.3579437821463,44.564671139984284,44.564671139984284,-219.05503727612495,219.05503727612495,1802.478301613552,2001.572514332458,1922.9543204658116,1953.4667200802764,1926.9814044171285
2023-12-02 15:00:00,1338.1576037284235,1423.63940940874,1323.338448072694,1056.835412854629,1950.4291549602563,1439.3031082931946,-85.48180568031648,85.48180568031648,14.819155655729446,14.819155655729446,281.3221908737944,281.3221908737944,-612.2715512318327,612.2715512318327,-101.14550456477104,101.14550456477104,1438.7091067179028,1423.63940940874,1468.9361238712145,1432.8594282668253,1446.1411086436315
2023-12-02 16:00:00,978.0970329318436,991.4061700781685,1105.442452286996,714.1612495743796,1235.5250799480855,1129.7920035650604,-13.309137146324929,13.309137146324929,-127.34541935515244,127.34541935515244,263.93578335746406,263.93578335746406,-257.42804701624186,257.42804701624186,-151.69497063321683,151.69497063321683,1035.2653910905378,1105.442452286996,1073.5716157564711,1046.0796864279469,1068.906869586445
2023-12-02 17:00:00,351.991816293547,648.9867627963887,703.3155575563028,552.0166773861143,658.472719938509,482.7461306573748,-296.9949465028417,296.9949465028417,-351.3237412627558,351.3237412627558,-200.02486109256733,200.02486109256733,-306.48090364496204,306.48090364496204,-130.7543143638278,130.7543143638278,609.1075696669379,648.9867627963887,616.3768936883152,587.1508152158493,579.4290527361119
2023-12-02 18:00:00,92.21792602990466,54.167004226759424,28.087325011868003,303.4609151202617,61.09739861840364,12.552420305733646,38.050921803145236,38.050921803145236,64.13060101803666,64.13060101803666,-211.242989090357,211.242989090357,31.120527411501023,31.120527411501023,79.66550572417101,79.66550572417101,91.87301265660527,54.167004226759424,54.3393557426115,52.99443157940544,53.08522278907287
2023-12-02 19:00:00,0.0,47.76012004114777,29.342000156466202,336.8228030162178,33.05894416055052,34.19287086131345,-47.76012004114777,47.76012004114777,-29.342000156466202,29.342000156466202,-336.8228030162178,336.8228030162178,-33.05894416055052,33.05894416055052,-34.19287086131345,34.19287086131345,96.23534764713915,34.19287086131345,57.0081165564993,124.52827982747957,80.54656261688419
2023-12-02 20:00:00,20.09563978861731,63.210426534431654,32.6470246857066,335.11792502135205,39.576895482935946,51.053561760905346,-43.11478674581434,43.11478674581434,-12.551384897089289,12.551384897089289,-315.02228523273476,315.02228523273476,-19.481255694318637,19.481255694318637,-30.957921972288037,30.957921972288037,104.32116669706632,51.053561760905346,67.0694124005621,131.6822042278516,90.70043068011844
2023-12-02 21:00:00,5.130861965719272,58.51432873620764,25.602495080827634,257.9277470469797,26.841961077384635,90.53861978496452,-53.38346677048837,53.38346677048837,-20.47163311510836,20.47163311510836,-252.7968850812604,252.7968850812604,-21.711099111665362,21.711099111665362,-85.40775781924525,85.40775781924525,91.88503034527281,58.51432873620764,68.09014417687959,105.66940716591003,88.61259542888436
2023-12-02 22:00:00,55.74194011240288,54.554386780735534,30.80798969716766,291.6912570399578,33.123381260192815,22.50564326463856,1.1875533316673454,1.1875533316673454,24.93395041523522,24.93395041523522,-235.94931692755492,235.94931692755492,22.618558852210064,22.618558852210064,33.23629684776432,33.23629684776432,86.53653160853847,33.123381260192815,52.85798242737184,110.6937439941223,70.87395290108365
2023-12-02 23:00:00,0.0,51.688020240054655,38.50641310641048,287.6143241771359,37.92797764786454,41.057264781359095,-51.688020240054655,51.688020240054655,-38.50641310641048,38.50641310641048,-287.6143241771359,287.6143241771359,-37.92797764786454,37.92797764786454,-41.057264781359095,41.057264781359095,91.35879999056495,41.057264781359095,59.453843998549104,113.77266774669432,78.45116647795783
2023-12-03 00:00:00,45.02637210579679,43.95757817583333,33.23711581569162,326.5518435546806,41.991616932340044,45.828334033173064,1.068793929963455,1.068793929963455,11.789256290105172,11.789256290105172,-281.5254714488838,281.5254714488838,3.0347551734567446,3.0347551734567446,-0.8019619273762757,0.8019619273762757,98.31329770234373,43.95757817583333,60.17976825673886,127.9494732920902,85.26709881175209
2023-12-03 01:00:00,0.0,46.34446080798127,36.360895031055556,307.5337778023552,31.221072962252396,32.083761077455094,-46.34446080798127,46.34446080798127,-36.360895031055556,36.360895031055556,-307.5337778023552,307.5337778023552,-31.221072962252396,31.221072962252396,-32.083761077455094,32.083761077455094,90.7087935362199,36.360895031055556,54.75020057602061,115.6568310349242,75.68062040601843
2023-12-03 02:00:00,40.68639272146938,49.892051986783706,33.19083393079523,344.38237430164975,40.21127083400312,36.19104960637967,-9.205659265314324,9.205659265314324,7.495558790674153,7.495558790674153,-303.6959815801804,303.6959815801804,0.4751218874662584,0.4751218874662584,4.49534311508971,4.49534311508971,100.7735161319223,40.21127083400312,59.70661267561809,131.46260187429712,84.74367751263496
2023-12-03 03:00:00,0.0,48.364653381280476,32.67721795468869,333.43692938050754,38.20242080349143,33.71274700663302,-48.364653381280476,48.364653381280476,-32.67721795468869,32.67721795468869,-333.43692938050754,333.43692938050754,-38.20242080349143,38.20242080349143,-33.71274700663302,33.71274700663302,97.27879370532023,38.20242080349143,57.08452251252303,126.77277337659625,81.35549690912643
2023-12-03 04:00:00,41.367407033980655,52.09917185275717,34.753286651241524,341.81059384031505,36.84107477016229,42.30064615197964,-10.731764818776519,10.731764818776519,6.614120382739131,6.614120382739131,-300.4431868063344,300.4431868063344,4.526332263818368,4.526332263818368,-0.933239117998987,0.933239117998987,101.56095465329113,42.30064615197964,61.272047071016786,129.96980190575331,86.14487485408517
2023-12-03 05:00:00,129.8511859724213,44.95855859012497,33.19083393079523,309.0748782581831,42.33783512550686,35.795571130475416,84.89262738229633,84.89262738229633,96.66035204162606,96.66035204162606,-179.2236922857618,179.2236922857618,87.51335084691443,87.51335084691443,94.05561484194587,94.05561484194587,93.07153540701712,42.33783512550686,55.605515900875034,122.35894806530973,79.16276049735393
2023-12-03 06:00:00,18.976625979916914,36.69685948186425,33.23711581569162,323.79097766291966,52.19644277222059,45.52064021707572,-17.720233501947337,17.720233501947337,-14.260489835774703,14.260489835774703,-304.81435168300277,304.81435168300277,-33.219816792303675,33.219816792303675,-26.54401423715881,26.54401423715881,98.28840718995437,45.52064021707572,58.757939203981216,57.82145801485473,63.7356286470568
2023-12-03 07:00:00,397.7704853858959,598.1903123583529,607.0913301671561,466.83435751407694,231.0874907709366,469.0611273199496,-200.41982697245703,200.41982697245703,-209.32084478126023,209.32084478126023,-69.06387212818106,69.06387212818106,166.68299461495928,166.68299461495928,-71.29064193405372,71.29064193405372,474.4529236260945,469.0611273199496,505.5603120819945,522.3303402271545,497.0700058819535
2023-12-03 08:00:00,773.6459095733987,825.9456030479893,933.6513277390137,611.2148798754579,504.91433584151866,795.4797979739434,-52.299693474590526,52.299693474590526,-160.00541816561497,160.00541816561497,162.43102969794086,162.43102969794086,268.7315737318801,268.7315737318801,-21.83388840054465,21.83388840054465,734.2411888955845,795.4797979739434,781.1880438641986,789.2945372800541,777.0889717171814
2023-12-03 09:00:00,1530.985171355,1432.308166356033,1510.370526476444,1114.6514054072593,660.5845039206226,1489.1587942467795,98.67700499896682,98.67700499896682,20.614644878555964,20.614644878555964,416.33376594774063,416.33376594774063,870.4006674343773,870.4006674343773,41.82637710822041,41.82637710822041,1241.4146792814277,1432.308166356033,1330.249035482205,1392.0953086008753,1362.8179979305655
2023-12-03 10:00:00,1760.8847315801581,1722.5993924234954,1737.1574996969443,1061.752480212307,1441.152668956432,1733.6684959284669,38.28533915666276,38.28533915666276,23.72723188321379,23.72723188321379,699.132251367851,699.132251367851,319.73206262372605,319.73206262372605,27.21623565169125,27.21623565169125,1539.266107443529,1722.5993924234954,1650.599235087101,1670.920137980997,1651.0427325948287
2023-12-03 11:00:00,1872.8789592891985,2046.4361952079241,2045.8949892934613,1108.6311526599861,1345.6778854758454,2086.375569341042,-173.5572359187256,173.5572359187256,-173.0160300042628,173.0160300042628,764.2478066292124,764.2478066292124,527.2010738133531,527.2010738133531,-213.49661005184362,213.49661005184362,1726.603158395652,2045.8949892934613,1918.2160145116547,1962.468096404178,1926.8009788220888
2023-12-03 12:00:00,1881.5992495614685,1789.839554885636,1777.943555656843,1228.3275260356675,2077.085641925412,1914.1855717309388,91.7596946758324,91.7596946758324,103.65569390462542,103.65569390462542,653.271723525801,653.271723525801,-195.48639236394342,195.48639236394342,-32.58632216947035,32.58632216947035,1757.4763700468998,1789.839554885636,1819.6206915485986,1817.434404487606,1825.448917166429
2023-12-03 13:00:00,2016.0555423140388,2033.864304395614,2034.8828011447692,1280.9306696191336,1843.7029290952378,2079.3657631664146,-17.808762081575196,17.808762081575196,-18.827258830730443,18.827258830730443,735.1248726949052,735.1248726949052,172.35261321880103,172.35261321880103,-63.31022085237578,63.31022085237578,1854.5492934842339,2033.864304395614,1980.0780878472758,1993.72023875344,1978.9225093103444
2023-12-03 14:00:00,1732.4107692390758,1756.285275896656,1792.8541030290876,1150.5830099814495,1952.0826368579358,1824.0351080213663,-23.87450665758024,23.87450665758024,-60.44333379001182,60.44333379001182,581.8277592576262,581.8277592576262,-219.67186761886,219.67186761886,-91.62433878229058,91.62433878229058,1695.1680267572988,1792.8541030290876,1774.913087589091,1758.2750507922622,1763.797068470139
2023-12-03 15:00:00,1353.868900714136,1397.6285118070598,1309.217056623027,1110.3336299041857,1781.3057811177523,1443.3094243233352,-43.759611092923706,43.759611092923706,44.65184409110907,44.65184409110907,243.53527080995036,243.53527080995036,-427.4368804036162,427.4368804036162,-89.44052360919909,89.44052360919909,1408.358880755072,1397.6285118070598,1412.4869363838952,1414.5518962463461,1418.4453108047537
2023-12-03 16:00:00,1086.0217182227912,973.8998082789616,1075.2550443829275,764.9461022390035,1257.7647559096836,1101.0070828172281,112.12190994382956,112.12190994382956,10.766673839863643,10.766673839863643,321.07561598378766,321.07561598378766,-171.74303768689242,171.74303768689242,-14.985364594436987,14.985364594436987,1034.5745587255608,1075.2550443829275,1057.3037251361318,1030.2344157744212,1053.3777705817236
2023-12-03 17:00:00,542.6464338387013,651.0762790765604,517.4397693106672,578.3076993665708,833.119304706743,515.065487658298,-108.42984523785901,108.42984523785901,25.20666452803414,25.20666452803414,-35.66126552786943,35.66126552786943,-290.4728708680417,290.4728708680417,27.580946180403316,27.580946180403316,619.0017080237678,578.3076993665708,587.2302459456116,600.6506703352438,583.1777140206698
2023-12-03 18:00:00,129.05416619222714,56.72075869053829,27.802587207865923,292.1857211182439,68.7958782239237,32.89144981593745,72.33340750168885,72.33340750168885,101.25157898436122,101.25157898436122,-163.13155492601678,163.13155492601678,60.25828796830345,60.25828796830345,96.1627163762897,96.1627163762897,95.67927901130186,56.72075869053829,52.34001980265064,61.259522124387104,59.794008343559184
2023-12-03 19:00:00,111.68653801840323,43.5716306682907,28.193731691075115,307.4914202905756,36.70015330362167,37.98099852263076,68.11490735011253,68.11490735011253,83.49280632732811,83.49280632732811,-195.8048822721724,195.8048822721724,74.98638471478156,74.98638471478156,73.70553949577246,73.70553949577246,90.78758689523877,37.98099852263076,48.65128087817195,118.32178696541058,75.84563743664867
2023-12-03 20:00:00,27.74805323440444,50.371938782612375,28.193731691075115,284.0861068041257,42.85287929828854,39.649364333200836,-22.623885548207934,22.623885548207934,-0.44567845667067374,0.44567845667067374,-256.33805356972124,256.33805356972124,-15.1048260638841,15.1048260638841,-11.901311098796395,11.901311098796395,89.0308041818605,42.85287929828854,51.01809205168536,115.22284755003967,75.60831558352977
2023-12-03 21:00:00,59.538063319631284,36.344614251650626,27.005164693724016,294.64500844951135,27.170270184377586,30.9363390501713,23.19344906798066,23.19344906798066,32.532898625907265,32.532898625907265,-235.10694512988007,235.10694512988007,32.3677931352537,32.3677931352537,28.601724269459986,28.601724269459986,83.22027932588698,30.9363390501713,43.28647275377851,108.54251232365581,68.38001919844196
2023-12-03 22:00:00,0.0,42.61352229839336,30.80798969716766,319.2759388432873,34.10186478260134,23.96317975286666,-42.61352229839336,42.61352229839336,-30.80798969716766,30.80798969716766,-319.2759388432873,319.2759388432873,-34.10186478260134,34.10186478260134,-23.96317975286666,23.96317975286666,90.15249907486327,34.10186478260134,45.406872330221496,119.65408700080712,72.34142356485457
2023-12-03 23:00:00,0.0,47.97370402490726,32.96443993654126,295.7916898311187,39.331492500022385,40.06772366406017,-47.97370402490726,47.97370402490726,-32.96443993654126,32.96443993654126,-295.7916898311187,295.7916898311187,-39.331492500022385,39.331492500022385,-40.06772366406017,40.06772366406017,91.22580999132995,40.06772366406017,51.85809534473237,116.4904210485626,76.76326164906651
2023-12-04 00:00:00,34.26628300843045,72.84670355634158,32.50946871096082,269.5721016864138,44.185400967418055,40.907101826122506,-38.58042054791113,38.58042054791113,1.7568142974696315,1.7568142974696315,-235.30581867798338,235.30581867798338,-9.919117958987606,9.919117958987606,-6.6408188176920575,6.6408188176920575,92.00415534945135,44.185400967418055,57.61834612033166,111.80141118311678,77.40817862614931
2023-12-04 01:00:00,0.0,42.76527466394792,39.90311120383569,298.73965783010243,31.45086508431894,31.389355372130943,-42.76527466394792,42.76527466394792,-39.90311120383569,39.90311120383569,-298.73965783010243,298.73965783010243,-31.45086508431894,31.45086508431894,-31.389355372130943,31.389355372130943,88.84965283086719,39.90311120383569,49.149301157582286,114.17317674390902,73.04454501104702
2023-12-04 02:00:00,42.942206031913734,61.20322742086507,39.123535515778634,312.22169017966525,39.57363267795706,39.94832989291553,-18.261021388951335,18.261021388951335,3.8186705161351,3.8186705161351,-269.27948414775153,269.27948414775153,3.368573353956677,3.368573353956677,2.9938761389982034,2.9938761389982034,98.41408313743631,39.94832989291553,57.764138728795764,121.48045909295705,81.4458619525962
2023-12-04 03:00:00,0.0,41.386214608959854,34.753286651241524,309.8033605754036,38.76807560378905,34.47273036323676,-41.386214608959854,41.386214608959854,-34.753286651241524,34.753286651241524,-309.8033605754036,309.8033605754036,-38.76807560378905,38.76807560378905,-34.47273036323676,34.47273036323676,91.83673356052614,38.76807560378905,49.58690833599916,120.07866109527339,76.16156361413434
2023-12-04 04:00:00,0.0,58.445965480763526,33.19083393079523,313.61451755520494,38.073640816586455,40.77255151358162,-58.445965480763526,58.445965480763526,-33.19083393079523,33.19083393079523,-313.61451755520494,313.61451755520494,-38.073640816586455,38.073640816586455,-40.77255151358162,40.77255151358162,96.81950185938635,40.77255151358162,55.6507584151256,121.54557704727054,80.67731131331243
2023-12-04 05:00:00,0.0,45.5713497313314,34.753286651241524,329.5420436701276,37.34242085828292,38.68910200919151,-45.5713497313314,45.5713497313314,-34.753286651241524,34.753286651241524,-329.5420436701276,329.5420436701276,-37.34242085828292,37.34242085828292,-38.68910200919151,38.68910200919151,97.179640584035,38.68910200919151,53.149118039902824,125.4063120471089,80.74037754474882
2023-12-04 06:00:00,0.0,45.252496585753185,31.50649778342245,281.35782258204415,46.49706939721209,40.25898907396417,-45.252496585753185,45.252496585753185,-31.50649778342245,31.50649778342245,-281.35782258204415,281.35782258204415,-46.49706939721209,46.49706939721209,-40.25898907396417,40.25898907396417,88.97457508447921,45.252496585753185,50.527505170471755,56.87106788183429,58.06628474738049
2023-12-04 07:00:00,405.14072557091663,678.7948433365326,536.5854973811607,585.1222472016233,336.0821854166913,596.3724663096191,-273.654117765616,273.654117765616,-131.4447718102441,131.4447718102441,-179.98152163070665,179.98152163070665,69.05854015422534,69.05854015422534,-191.23174073870246,191.23174073870246,546.5914479291254,585.1222472016233,574.9328089715053,614.4071116062364,585.3947590210714
2023-12-04 08:00:00,992.3822004474981,810.4060575580697,875.8436561959923,827.2339551699777,691.6297089605453,885.1580857693841,181.9761428894284,181.9761428894284,116.53854425150587,116.53854425150587,165.14824527752046,165.14824527752046,300.75249148695286,300.75249148695286,107.224114678114,107.224114678114,818.0542927307939,827.2339551699777,842.7230976434771,835.1261365732813,843.9972459650631
2023-12-04 09:00:00,1457.4356801315562,1542.7278695125535,1572.4454617507101,990.9426939801718,827.1650138568386,1595.252284949397,-85.29218938099734,85.29218938099734,-115.00978161915396,115.00978161915396,466.49298615138434,466.49298615138434,630.2706662747175,630.2706662747175,-137.81660481784093,137.81660481784093,1305.7066648099342,1542.7278695125535,1470.8380555909453,1487.378832732821,1467.656856448996
2023-12-04 10:00:00,1859.6816404036574,1645.069946002116,1756.4462787644893,1097.618891435025,1300.543866896366,1793.0143148572117,214.6116944015414,214.6116944015414,103.2353616391681,103.2353616391681,762.0627489686324,762.0627489686324,559.1377735072915,559.1377735072915,66.66732554644568,66.66732554644568,1518.5386595910418,1645.069946002116,1657.860029050375,1651.4938707353226,1655.11676482536
2023-12-04 11:00:00,1821.918229994683,1849.2617754138107,1845.6093367485716,1191.9258742688023,1899.2769298228284,1899.5231786633108,-27.343545419127622,27.343545419127622,-23.691106753888562,23.691106753888562,629.9923557258808,629.9923557258808,-77.35869982814529,77.35869982814529,-77.60494866862769,77.60494866862769,1737.1194189834648,1849.2617754138107,1833.9887456420483,1830.697489459557,1826.7343900598366
2023-12-04 12:00:00,1919.3558849190963,1872.1759261699124,1844.3715782510915,1308.0083308395192,1893.9842203277447,1955.5905397225324,47.179958749183925,47.179958749183925,74.98430666800482,74.98430666800482,611.3475540795771,611.3475540795771,25.371664591351646,25.371664591351646,-36.234654803436115,36.234654803436115,1774.8261190621602,1872.1759261699124,1862.6552903302436,1867.9953681033726,1865.2785292870235
2023-12-04 13:00:00,1735.4958235758454,1959.533085902873,1889.266687754159,1174.4743281726376,1770.9455199636209,2012.2993208730136,-224.03726232702752,224.03726232702752,-153.77086417831356,153.77086417831356,561.0214954032078,561.0214954032078,-35.449696387775475,35.449696387775475,-276.8034972971682,276.8034972971682,1761.3037885332608,1889.266687754159,1892.880245748595,1915.8941671830316,1897.3529457607428
2023-12-04 14:00:00,1473.2097747838461,1620.123797146662,1639.4794308907506,1105.4879972969547,1687.258121487126,1698.3898019643343,-146.91402236281579,146.91402236281579,-166.26965610690445,166.26965610690445,367.72177748689137,367.72177748689137,-214.04834670327978,214.04834670327978,-225.1800271804882,225.1800271804882,1550.1478297571655,1639.4794308907506,1628.9558089996185,1622.6108083751146,1625.17751155672
2023-12-04 15:00:00,1509.4458505691855,1445.75960427816,1407.8247355130118,1039.8946611770707,1481.9320243854158,1467.7016476797785,63.686246291025554,63.686246291025554,101.62111505617372,101.62111505617372,469.5511893921148,469.5511893921148,27.513826183769652,27.513826183769652,41.744202889407006,41.744202889407006,1368.6225346066872,1445.75960427816,1421.0919534567786,1429.2010963972036,1422.3527514134876
2023-12-04 16:00:00,920.2007862647806,1062.7925163413329,1177.0546567487638,815.8368731411111,1301.4154151368602,1185.2230524420909,-142.59173007655227,142.59173007655227,-256.8538704839832,256.8538704839832,104.36391312366948,104.36391312366948,-381.21462887207963,381.21462887207963,-265.02226617731026,265.02226617731026,1108.4645027620318,1177.0546567487638,1153.7184579387717,1113.2232730977698,1138.820030351787
2023-12-04 17:00:00,593.2694985084826,674.4579646752525,544.7769531674872,563.7779289108513,678.9961856689931,501.6133369012901,-81.1884661667699,81.1884661667699,48.49254534099532,48.49254534099532,29.49156959763127,29.49156959763127,-85.72668716051055,85.72668716051055,91.65616160719247,91.65616160719247,592.7244738647748,563.7779289108513,587.078983798202,598.0845290999205,574.4166160226497
2023-12-04 18:00:00,170.65244722115017,55.64180671090997,28.973307379132173,302.2560382927302,68.33405693099007,30.115921422640362,115.0106405102402,115.0106405102402,141.679139842018,141.679139842018,-131.60359107158,131.60359107158,102.3183902901601,102.3183902901601,140.5365257985098,140.5365257985098,97.06422614728055,55.64180671090997,59.46289727802012,60.410766955340264,61.39812878399229
2023-12-04 19:00:00,94.57686862437302,56.55085272012798,27.56506255472694,341.46729390368944,34.23367211610439,46.464198753687086,38.02601590424504,38.02601590424504,67.01180606964608,67.01180606964608,-246.89042527931642,246.89042527931642,60.34319650826863,60.34319650826863,48.112669870685934,48.112669870685934,101.25621600966716,46.464198753687086,60.37580196039683,130.0729166436547,86.6786985338863
2023-12-04 20:00:00,57.04466162353741,67.7680938799689,28.805558135404297,271.5927054555635,40.983136424270995,38.137414353853735,-10.723432256431494,10.723432256431494,28.23910348813311,28.23910348813311,-214.54804383202605,214.54804383202605,16.061525199266413,16.061525199266413,18.907247269683673,18.907247269683673,89.45738164981228,40.983136424270995,57.828073736825786,110.16600713365875,75.91718346187857
2023-12-04 21:00:00,26.949710980942037,39.72290731470494,28.75362955207804,256.4944934121236,25.953337336190913,34.06027416736253,-12.773196333762904,12.773196333762904,-1.803918571136002,1.803918571136002,-229.54478243118155,229.54478243118155,0.9963736447511238,0.9963736447511238,-7.110563186420492,7.110563186420492,76.996928356492,34.06027416736253,46.709555078464795,97.54776520832219,65.488636590807
2023-12-04 22:00:00,0.0,52.265940792568806,30.613050331654325,311.14853523766345,33.62993428201141,33.03794645229541,-52.265940792568806,52.265940792568806,-30.613050331654325,30.613050331654325,-311.14853523766345,311.14853523766345,-33.62993428201141,33.62993428201141,-33.03794645229541,33.03794645229541,92.13908141923868,33.62993428201141,54.592571616305996,116.88551456870701,76.47883142981073
2023-12-04 23:00:00,0.0,61.47941419303016,37.115424292161045,292.04087851737813,38.221969657551746,31.269249361255312,-61.47941419303016,61.47941419303016,-37.115424292161045,37.115424292161045,-292.04087851737813,292.04087851737813,-38.221969657551746,38.221969657551746,-31.269249361255312,31.269249361255312,92.02538720427529,38.221969657551746,57.80256570145804,114.36764231549965,76.30998971819344
2023-12-05 00:00:00,0.0,52.1166023861956,34.753286651241524,335.6238824715343,43.27412749575614,39.134177928834205,-52.1166023861956,52.1166023861956,-34.753286651241524,34.753286651241524,-335.6238824715343,335.6238824715343,-43.27412749575614,43.27412749575614,-39.134177928834205,39.134177928834205,100.98041538671235,43.27412749575614,60.47343942971213,130.97905398848957,85.45866668856982
2023-12-05 01:00:00,0.0,40.48735579143645,33.06936657196374,284.3652714635118,29.728926892244353,39.45629645161279,-40.48735579143645,40.48735579143645,-33.06936657196374,33.06936657196374,-284.3652714635118,284.3652714635118,-29.728926892244353,29.728926892244353,-39.45629645161279,39.45629645161279,85.42144343415383,39.45629645161279,51.75190687264489,109.03804113143514,73.21253237837732
2023-12-05 02:00:00,3.5427342581599888,58.12694306596309,31.791235587424534,312.2986117318081,38.28731896351699,33.36044996422702,-54.5842088078031,54.5842088078031,-28.248501329264545,28.248501329264545,-308.75587747364807,308.75587747364807,-34.744584705357,34.744584705357,-29.817715706067034,29.817715706067034,94.77291186258796,38.28731896351699,57.4007648314695,120.49070679400431,78.99411385300513
2023-12-05 03:00:00,110.78890615553007,49.034981927265825,33.06936657196374,302.49972006111227,36.4103208438368,40.892434322777305,61.753924228264246,61.753924228264246,77.71953958356633,77.71953958356633,-191.7108139055822,191.7108139055822,74.37858531169327,74.37858531169327,69.89647183275277,69.89647183275277,92.3813647453912,40.892434322777305,56.60681386914588,117.5817746527016,78.91133637018794
2023-12-05 04:00:00,0.0,45.14224684139912,32.95289320956124,342.1568552281793,41.698806090189315,31.834862871351728,-45.14224684139912,45.14224684139912,-32.95289320956124,32.95289320956124,-342.1568552281793,342.1568552281793,-41.698806090189315,41.698806090189315,-31.834862871351728,31.834862871351728,98.75713284813614,41.698806090189315,57.4596747061784,131.8362208315863,82.90716780522699
2023-12-05 05:00:00,139.84964328033257,41.05641440589335,31.89764226663164,277.19215575311205,40.573250746793406,44.082486164186484,98.79322887443922,98.79322887443922,107.95200101370094,107.95200101370094,-137.34251247277948,137.34251247277948,99.27639253353917,99.27639253353917,95.76715711614608,95.76715711614608,86.96038986732339,41.05641440589335,54.6437611681268,111.70387134641898,76.1128649606657
2023-12-05 06:00:00,121.71842328615779,43.12877905972008,31.597869539101048,288.482566861649,52.0965051380606,52.646666766633416,78.58964422643771,78.58964422643771,90.12055374705673,90.12055374705673,-166.7641435754912,166.7641435754912,69.6219181480972,69.6219181480972,69.07175651952437,69.07175651952437,93.59047747303282,52.0965051380606,60.7631362404852,61.122654895787896,65.81316618881517
2023-12-05 07:00:00,554.5613823952101,660.5767093068421,518.2091290929931,534.0670659101233,381.5305377292216,523.6384365011559,-106.01532691163197,106.01532691163197,36.352253302217036,36.352253302217036,20.494316485086756,20.494316485086756,173.03084466598852,173.03084466598852,30.922945894054237,30.922945894054237,523.6043757080672,523.6384365011559,531.1355339854233,578.4035273855038,542.3102808531228
2023-12-05 08:00:00,1003.9220677055698,921.5298912053395,1064.1890069626302,705.2905742632994,651.730095683938,1072.5043064827614,82.39217650023033,82.39217650023033,-60.26693925706036,60.26693925706036,298.6314934422704,298.6314934422704,352.19197202163184,352.19197202163184,-68.5822387771916,68.5822387771916,883.0487749195938,921.5298912053395,939.3593785459691,955.2778809028423,959.5017941151145
2023-12-05 09:00:00,1392.3641729377484,1474.0828453382037,1471.5754303499837,944.9903439933307,919.2170953607613,1513.1781520070463,-81.71867240045526,81.71867240045526,-79.21125741223523,79.21125741223523,447.3738289444177,447.3738289444177,473.14707757698716,473.14707757698716,-120.81397906929783,120.81397906929783,1264.608773409865,1471.5754303499837,1361.9424121135492,1422.969215760355,1391.0308734455537
2023-12-05 10:00:00,1704.5792995139132,1895.3983573802968,1936.120448254594,1201.8404913352083,1085.2219994683846,1902.8038368942496,-190.81905786638367,190.81905786638367,-231.5411487406809,231.5411487406809,502.73880817870486,502.73880817870486,619.3573000455285,619.3573000455285,-198.22453738033641,198.22453738033641,1604.2770266665466,1895.3983573802968,1732.5427260894544,1810.2836020203574,1764.264071145103
2023-12-05 11:00:00,1831.8078357604554,1842.3154869270884,1843.2703645865345,1194.6451617337725,1714.647177810794,1930.6040213050007,-10.507651166632968,10.507651166632968,-11.462528826079051,11.462528826079051,637.1626740266829,637.1626740266829,117.16065794966153,117.16065794966153,-98.79618554454532,98.79618554454532,1705.0964424726378,1842.3154869270884,1797.8778829853209,1827.6363339041268,1814.7943578223621
2023-12-05 12:00:00,1933.8392756548265,1806.4335789112097,1926.5682065326139,1350.2211920294937,1826.9126910796854,2052.1979577765696,127.40569674361677,127.40569674361677,7.271069122212566,7.271069122212566,583.6180836253327,583.6180836253327,106.92658457514108,106.92658457514108,-118.35868212174319,118.35868212174319,1792.4667252659142,1826.9126910796854,1868.3696979187425,1875.972836477229,1892.2356969272882
2023-12-05 13:00:00,1975.03039820853,1842.8777277889685,1882.9193319313467,1286.502248863059,2179.1071598666554,1972.3873446667196,132.15267041956145,132.15267041956145,92.11106627718323,92.11106627718323,688.5281493454709,688.5281493454709,-204.0767616581254,204.0767616581254,2.643053541810332,2.643053541810332,1832.75876262335,1882.9193319313467,1898.1513759064264,1878.694923302608,1894.0831112207243
2023-12-05 14:00:00,1731.7571024911724,1553.5588823502974,1452.5532859680618,954.5434856246205,2378.776225197479,1617.4558544537465,178.19822014087504,178.19822014087504,279.2038165231106,279.2038165231106,777.2136168665519,777.2136168665519,-647.0191227063067,647.0191227063067,114.30124803742592,114.30124803742592,1591.3775467188411,1553.5588823502974,1621.5711666776524,1584.0735732918952,1603.460102225382
2023-12-05 15:00:00,1485.1759376152088,1579.927779690109,1621.3377965360419,1047.1484246154594,1667.047033429422,1601.8408939903006,-94.7518420749002,94.7518420749002,-136.16185892083308,136.16185892083308,438.02751299974943,438.02751299974943,-181.87109581421328,181.87109581421328,-116.66495637509183,116.66495637509183,1503.4603856522667,1601.8408939903006,1573.7697565478857,1563.561495768814,1562.2596316235233
2023-12-05 16:00:00,1010.3783345559975,928.0973976017209,1031.070817834881,798.4406542288339,1451.6575555905697,1083.0026406492539,82.28093695427663,82.28093695427663,-20.6924832788834,20.6924832788834,211.93768032716366,211.93768032716366,-441.2792210345722,441.2792210345722,-72.62430609325634,72.62430609325634,1058.4538131810518,1031.070817834881,1056.9657959542578,1013.67589518978,1049.4837981092724
2023-12-05 17:00:00,473.13801442718386,621.6810826757466,562.3613884064641,524.8579904251774,726.6722487806366,501.08880535863324,-148.5430682485627,148.5430682485627,-89.22337397928027,89.22337397928027,-51.719975997993515,51.719975997993515,-253.5342343534527,253.5342343534527,-27.950790931449376,27.950790931449376,587.3323031293315,562.3613884064641,577.2202031012225,575.1987656166881,563.4099123129662
2023-12-05 18:00:00,0.0,51.813804000643444,29.523077383106664,311.3897094761093,64.32644447366359,31.23332063999166,-51.813804000643444,51.813804000643444,-29.523077383106664,29.523077383106664,-311.3897094761093,311.3897094761093,-64.32644447366359,64.32644447366359,-31.23332063999166,31.23332063999166,97.65727119470293,51.813804000643444,56.98464983587863,59.392699150665756,60.69132306290223
2023-12-05 19:00:00,0.0,55.88926651524282,28.805558135404297,284.6164602078554,31.36855978722469,38.31435937605611,-55.88926651524282,55.88926651524282,-28.805558135404297,28.805558135404297,-284.6164602078554,284.6164602078554,-31.36855978722469,31.36855978722469,-38.31435937605611,38.31435937605611,87.79884080435667,38.31435937605611,53.35404000666318,109.42666979006333,74.05685297510051
2023-12-05 20:00:00,91.06956917429152,44.09810483786189,28.087325011868003,324.0056016220764,38.286934939501734,37.69607527737909,46.97146433642963,46.97146433642963,62.98224416242351,62.98224416242351,-232.9360324477849,232.9360324477849,52.78263423478978,52.78263423478978,53.37349389691243,53.37349389691243,94.43480833773744,38.286934939501734,52.85692823734759,124.00253494427413,79.48401567750982
2023-12-05 21:00:00,0.0,40.95014165099712,28.805558135404297,278.0907372079913,28.087882597023103,34.85105483723244,-40.95014165099712,40.95014165099712,-28.805558135404297,28.805558135404297,-278.0907372079913,278.0907372079913,-28.087882597023103,28.087882597023103,-34.85105483723244,34.85105483723244,82.15707488572966,34.85105483723244,47.91749609126535,105.11769065237637,69.31218196768494
2023-12-05 22:00:00,0.0,36.98967641671424,37.8153401991273,284.74919951728344,33.90476714086411,36.52433361341277,-36.98967641671424,36.98967641671424,-37.8153401991273,37.8153401991273,-284.74919951728344,284.74919951728344,-33.90476714086411,33.90476714086411,-36.52433361341277,36.52433361341277,85.99666337748037,36.98967641671424,51.205722206948344,110.08356963654495,72.89098695122661
2023-12-05 23:00:00,0.0,51.42019349101377,31.596926581608315,311.9194033227562,39.358856447401664,38.868054573098185,-51.42019349101377,51.42019349101377,-31.596926581608315,31.596926581608315,-311.9194033227562,311.9194033227562,-39.358856447401664,39.358856447401664,-38.868054573098185,38.868054573098185,94.63268688317561,39.358856447401664,55.89714103542724,121.12702051000802,79.80739675488535
2023-12-06 00:00:00,0.0,63.84640665536321,32.20497231654485,323.2237845766393,45.8075417783742,70.25705542746093,-63.84640665536321,63.84640665536321,-32.20497231654485,32.20497231654485,-323.2237845766393,323.2237845766393,-45.8075417783742,45.8075417783742,-70.25705542746093,70.25705542746093,107.0679521508765,63.84640665536321,69.88519096345466,134.44407408095043,96.76378102898902
2023-12-06 01:00:00,112.71850753435191,45.39754845004547,37.92937540403015,314.4679861103463,30.682757568185743,35.818039510714584,67.32095908430645,67.32095908430645,74.78913213032178,74.78913213032178,-201.7494785759944,201.7494785759944,82.03574996616618,82.03574996616618,76.90046802363733,76.90046802363733,92.85914140866446,37.92937540403015,54.58741614391201,117.99231148158725,77.50935447152558
2023-12-06 02:00:00,14.270307586198502,49.64015762203638,33.19083393079523,333.9719077589942,44.65422774059604,42.11251348736466,-35.36985003583787,35.36985003583787,-18.920526344596727,18.920526344596727,-319.7016001727957,319.7016001727957,-30.38392015439754,30.38392015439754,-27.842205901166157,27.842205901166157,100.71392810795729,44.65422774059604,59.38312150882259,131.4495317461155,85.81508429554582
2023-12-06 03:00:00,0.0,44.675971898660926,30.709075269280543,291.46874439216333,35.07278260821195,34.86611704687372,-44.675971898660926,44.675971898660926,-30.709075269280543,30.709075269280543,-291.46874439216333,291.46874439216333,-35.07278260821195,35.07278260821195,-34.86611704687372,34.86611704687372,87.3585382430381,35.07278260821195,51.57443882622226,111.99157114339737,73.51473404886825
2023-12-06 04:00:00,2.9281639856705484,60.08456197579689,31.89764226663164,267.5256774511852,39.410565410034685,38.98158189330913,-57.15639799012634,57.15639799012634,-28.96947828096109,28.96947828096109,-264.5975134655146,264.5975134655146,-36.482401424364134,36.482401424364134,-36.053417907638575,36.053417907638575,87.5800057993915,39.410565410034685,55.50628979472426,107.84509902237983,74.31773418367135
2023-12-06 05:00:00,21.729050972467554,48.191504549131416,34.80559618866621,336.4462885957093,37.31948168093364,39.13562297311229,-26.46245357666386,26.46245357666386,-13.076545216198653,13.076545216198653,-314.7172376232417,314.7172376232417,-15.590430708466087,15.590430708466087,-17.406572000644736,17.406572000644736,99.17969879751055,39.13562297311229,57.45192952023698,127.60236614301994,83.17935305310164
2023-12-06 06:00:00,0.0,61.83622399765127,33.19083393079523,313.23736785001057,43.78267909571391,35.78500345761034,-61.83622399765127,61.83622399765127,-33.19083393079523,33.19083393079523,-313.23736785001057,313.23736785001057,-43.78267909571391,43.78267909571391,-35.78500345761034,35.78500345761034,97.56642166635626,43.78267909571391,57.58672508408565,64.73991713625048,63.36827769089416
2023-12-06 07:00:00,357.94586857619214,635.9819367298766,543.2771491846119,581.1705445039745,275.8514041249441,487.6903282231338,-278.0360681536844,278.0360681536844,-185.33128060841972,185.33128060841972,-223.22467592778236,223.22467592778236,82.09446445124803,82.09446445124803,-129.74445964694166,129.74445964694166,504.7942725533082,543.2771491846119,521.6903480659944,552.1381549248832,520.6454710525517
2023-12-06 08:00:00,1030.7552079964787,869.6397952850342,989.0456831517465,698.2915262943127,467.2865820929273,860.5593274916041,161.1154127114445,161.1154127114445,41.70952484473219,41.70952484473219,332.463681702166,332.463681702166,563.4686259035514,563.4686259035514,170.1958805048746,170.1958805048746,776.9645828631249,860.5593274916041,844.1811061457731,839.1130912204324,832.4930412808076
2023-12-06 09:00:00,1485.5142825502849,1436.730051444488,1444.5885082295028,989.5210821486761,982.6115277541309,1475.4440731675143,48.784231105796835,48.784231105796835,40.92577432078201,40.92577432078201,495.99320040160876,495.99320040160876,502.902754796154,502.902754796154,10.0702093827706,10.0702093827706,1265.7790485488624,1436.730051444488,1371.7264614701485,1397.0589570927082,1378.8802499121323
2023-12-06 10:00:00,1681.8777563044741,1640.5786059686593,1742.5944852178345,962.9069633292881,1384.7996240449277,1669.5886098914214,41.29915033581483,41.29915033581483,-60.716728913360384,60.716728913360384,718.970792975186,718.970792975186,297.07813225954646,297.07813225954646,12.289146413052777,12.289146413052777,1480.0936576904262,1640.5786059686593,1613.8912476743824,1601.136122662018,1594.4446646172896
2023-12-06 11:00:00,2010.0102967357482,1850.3674434492912,1860.9961780164826,1184.0191903077664,1652.603800646479,1944.5241949288395,159.642853286457,159.642853286457,149.01411871926553,149.01411871926553,825.9911064279818,825.9911064279818,357.40649608926924,357.40649608926924,65.48610180690866,65.48610180690866,1698.5021614697719,1850.3674434492912,1828.3052807384975,1833.0548842992998,1827.0133207910617
2023-12-06 12:00:00,2289.428544387126,2146.2075354832014,2137.816231450242,1214.5237068346541,2084.6774127738076,2248.015491004691,143.22100890392448,143.22100890392448,151.61231293688388,151.61231293688388,1074.9048375524717,1074.9048375524717,204.7511316133182,204.7511316133182,41.41305338243501,41.41305338243501,1966.2480755093195,2137.816231450242,2124.1259326853933,2122.7620841474836,2116.9191183526655
2023-12-06 13:00:00,1849.0758236865854,1998.455963559138,2051.929582982094,1270.8801283603461,2398.5849595895115,2059.9169312268996,-149.3801398725525,149.3801398725525,-202.85375929550855,202.85375929550855,578.1956953262393,578.1956953262393,-549.5091359029261,549.5091359029261,-210.84110754031417,210.84110754031417,1955.953513143598,2051.929582982094,2042.866569628573,2004.1435187348045,2017.2771153831127
2023-12-06 14:00:00,1411.6193833935163,1567.2031886452737,1645.3644707471083,1021.8524831161872,1874.9051430276206,1709.4650900388217,-155.58380525175744,155.58380525175744,-233.745087353592,233.745087353592,389.7669002773291,389.7669002773291,-463.28575963410435,463.28575963410435,-297.8457066453054,297.8457066453054,1563.7580751150022,1645.3644707471083,1640.211583675447,1608.8482250042566,1629.3625756346757
2023-12-06 15:00:00,1477.2460096661657,1548.3475157824307,1584.0845674824686,1042.1108821664818,1298.5814431292304,1565.345425268866,-71.101506116265,71.101506116265,-106.83855781630291,106.83855781630291,435.1351274996839,435.1351274996839,178.66456653693535,178.66456653693535,-88.09941560270022,88.09941560270022,1407.6939667658955,1548.3475157824307,1506.8641318036643,1511.2508239234007,1500.042365125072
2023-12-06 16:00:00,806.0236689811968,913.5567384433255,1079.0225026512253,802.5498575930203,1342.02212426134,1049.9942515655002,-107.53306946212865,107.53306946212865,-272.9988336700285,272.9988336700285,3.4738113881765003,3.4738113881765003,-535.9984552801432,535.9984552801432,-243.97058258430343,243.97058258430343,1037.4290949028823,1049.9942515655002,1044.8506431141852,991.6496993178449,1028.4347720232854
2023-12-06 17:00:00,492.8457163709738,634.2378539965156,536.6424549451949,570.3683351775259,662.940509463574,480.2527864691326,-141.3921376255418,141.3921376255418,-43.79673857422114,43.79673857422114,-77.52261880655209,77.52261880655209,-170.09479309260024,170.09479309260024,12.59292990184116,12.59292990184116,576.8883880103886,570.3683351775259,562.0670141639434,570.8374939424626,551.299587327826
2023-12-06 18:00:00,0.0,43.914607026127726,25.28284285974086,275.19865769615745,69.61007374472558,34.192923242630016,-43.914607026127726,43.914607026127726,-25.28284285974086,25.28284285974086,-275.19865769615745,275.19865769615745,-69.61007374472558,69.61007374472558,-34.192923242630016,34.192923242630016,89.63982091387632,43.914607026127726,52.8739031630918,54.715666057402984,57.043419597449706
2023-12-06 19:00:00,67.38877844087632,42.54345114113027,29.36545599640722,301.20794119459174,32.70609185534324,38.02004590984946,24.845327299746053,24.845327299746053,38.0233224444691,38.0233224444691,-233.81916275371543,233.81916275371543,34.682686585533084,34.682686585533084,29.368732531026865,29.368732531026865,88.76859721946438,38.02004590984946,51.95445728613865,114.85083287346966,75.39931567374525
2023-12-06 20:00:00,0.0,59.9301766310256,29.486923355238705,330.6403846259158,38.40630038203379,32.4784241973227,-59.9301766310256,59.9301766310256,-29.486923355238705,29.486923355238705,-330.6403846259158,330.6403846259158,-38.40630038203379,38.40630038203379,-32.4784241973227,32.4784241973227,98.18844183830731,38.40630038203379,57.34053604375054,126.0765256551984,81.15849171681069
2023-12-06 21:00:00,119.97697777034824,47.57612088107485,29.486923355238705,296.8704612957076,25.944309269134887,39.93102220490616,72.4008568892734,72.4008568892734,90.49005441510954,90.49005441510954,-176.8934835253594,176.8934835253594,94.03266850121335,94.03266850121335,80.04595556544209,80.04595556544209,87.96176740121243,39.93102220490616,52.52003809730385,111.41816875783809,74.76001997776629
2023-12-06 22:00:00,0.0,48.04179955306674,30.09943435554779,290.60754425885006,36.317549483486935,38.58894467846886,-48.04179955306674,48.04179955306674,-30.09943435554779,30.09943435554779,-290.60754425885006,290.60754425885006,-36.317549483486935,36.317549483486935,-38.58894467846886,38.58894467846886,88.73105446588407,38.58894467846886,53.79725498451978,113.28596647459044,75.58896626660366
2023-12-06 23:00:00,70.58006613720357,56.990241312683395,30.416125601844602,357.8391054286639,38.51882927852727,59.65826454868201,13.589824824520178,13.589824824520178,40.163940535358975,40.163940535358975,-287.25903929146034,287.25903929146034,32.0612368586763,32.0612368586763,10.92180158852156,10.92180158852156,108.68451323408024,56.990241312683395,66.66595681623828,139.8563357338151,95.62524332156845
2023-12-07 00:00:00,0.0,49.0975054977283,33.06936657196374,273.6180950457918,47.53044584664243,45.13830401855778,-49.0975054977283,49.0975054977283,-33.06936657196374,33.06936657196374,-273.6180950457918,273.6180950457918,-47.53044584664243,47.53044584664243,-45.13830401855778,45.13830401855778,89.69074339613681,47.53044584664243,57.04501788326636,115.35674060638723,78.686337029835
2023-12-07 01:00:00,54.845449522487264,46.691661221880466,34.753286651241524,324.512536513609,27.50041655084972,39.282749832243994,8.153788300606799,8.153788300606799,20.09216287124574,20.09216287124574,-269.6670869911217,269.6670869911217,27.345032971637544,27.345032971637544,15.56269969024327,15.56269969024327,94.54813015396493,39.282749832243994,55.88368856345881,120.13875252409578,79.57290832350816
2023-12-07 02:00:00,0.0,47.49017308961383,34.82563243239472,303.0594154511689,41.35402663472832,42.48673416820034,-47.49017308961383,47.49017308961383,-34.82563243239472,34.82563243239472,-303.0594154511689,303.0594154511689,-41.35402663472832,41.35402663472832,-42.48673416820034,42.48673416820034,93.84319635522122,42.48673416820034,56.85907185790954,120.2054555397021,80.3853443239678
2023-12-07 03:00:00,0.0,45.616065209479494,34.80559618866621,307.53986209323864,36.76512416651728,43.82198393222508,-45.616065209479494,45.616065209479494,-34.80559618866621,34.80559618866621,-307.53986209323864,307.53986209323864,-36.76512416651728,36.76512416651728,-43.82198393222508,43.82198393222508,93.70972631802535,43.82198393222508,56.63285188996041,120.11460347424604,80.53057865931203
2023-12-07 04:00:00,132.20915901608282,47.8456690807028,34.753286651241524,305.59500889841934,38.4452323058355,44.442987292611285,84.36348993538002,84.36348993538002,97.4558723648413,97.4558723648413,-173.38584988233652,173.38584988233652,93.76392671024732,93.76392671024732,87.76617172347153,87.76617172347153,94.21643684576209,44.442987292611285,57.46750002412528,120.3894917796434,81.08898236880528
2023-12-07 05:00:00,11.500520014174121,60.532212231535624,35.21933291778654,325.8601048012879,44.68047269373769,52.72930589222341,-49.0316922173615,49.0316922173615,-23.718812903612417,23.718812903612417,-314.35958478711376,314.35958478711376,-33.17995267956357,33.17995267956357,-41.22878587804929,41.22878587804929,103.80428570731424,52.72930589222341,65.86626957637229,131.44901228554846,90.50130287848376
2023-12-07 06:00:00,118.30771811176481,35.24807205352296,33.06936657196374,311.2766963477841,47.545774290185825,36.485501489958246,83.05964605824185,83.05964605824185,85.23835153980107,85.23835153980107,-192.96897823601927,192.96897823601927,70.761943821579,70.761943821579,81.82221662180658,81.82221662180658,92.72508215068298,36.485501489958246,53.50033931092773,52.862403913601554,57.75093969548703
2023-12-07 07:00:00,450.4930556525402,617.6934644763771,516.2726577262462,493.3088446882987,399.95025729008654,491.7815402140727,-167.20040882383694,167.20040882383694,-65.77960207370597,65.77960207370597,-42.815789035758485,42.815789035758485,50.54279836245365,50.54279836245365,-41.28848456153253,41.28848456153253,503.8013528790163,493.3088446882987,520.2551882167585,545.7522537184775,518.9188111991887
2023-12-07 08:00:00,977.1871968011266,1003.7165699925224,1142.0240482991596,824.0010511192072,543.5105600119914,1116.4116533993258,-26.529373191395848,26.529373191395848,-164.83685149803307,164.83685149803307,153.18614568191936,153.18614568191936,433.67663678913516,433.67663678913516,-139.22445659819925,139.22445659819925,925.9327765644414,1003.7165699925224,1009.5700643000955,1014.1899569861391,1015.5968923786237
2023-12-07 09:00:00,1416.41287512334,1493.1775628185267,1589.006070997484,1021.0644117725681,853.4157592704379,1493.2350162261619,-76.7646876951867,76.7646876951867,-172.59319587414393,172.59319587414393,395.3484633507719,395.3484633507719,562.9971158529021,562.9971158529021,-76.82214110282189,76.82214110282189,1289.9797642170356,1493.1775628185267,1412.7092007853676,1432.23545926037,1410.1263541023607
2023-12-07 10:00:00,1797.6086788278417,1736.1748070177998,1810.6470603627351,1215.7197881500708,1342.8839665806547,1819.283059884673,61.433871810041865,61.433871810041865,-13.03838153489346,13.03838153489346,581.8888906777709,581.8888906777709,454.724712247187,454.724712247187,-21.674381056831407,21.674381056831407,1584.9417363991865,1736.1748070177998,1697.6548742470868,1715.7373616922775,1704.8626300385813
2023-12-07 11:00:00,1727.9969384066878,2047.414624912582,2075.724728785874,1311.0719991743674,1598.8930730271677,2055.9531683424284,-319.41768650589415,319.41768650589415,-347.7277903791862,347.7277903791862,416.9249392323204,416.9249392323204,129.10386537952013,129.10386537952013,-327.95622993574057,327.95622993574057,1817.8115188484837,2047.414624912582,1956.3038964136922,1981.0952561223064,1955.972683198982
2023-12-07 12:00:00,2060.146428187004,2404.413016357978,2358.3861693915314,1428.277609915236,1089.2436727873946,2354.2303731420798,-344.26658817097405,344.26658817097405,-298.2397412045275,298.2397412045275,631.8688182717679,631.8688182717679,970.9027553996093,970.9027553996093,-294.0839449550758,294.0839449550758,1926.9101683188442,2354.2303731420798,2134.8937766569866,2246.1073689814684,2170.5284519837214
2023-12-07 13:00:00,1827.569941134128,1977.4753744835061,1963.6742153485668,1340.314829135634,2156.573745767926,2041.9114252411389,-149.9054333493782,149.9054333493782,-136.10427421443887,136.10427421443887,487.25511199849393,487.25511199849393,-329.00380463379815,329.00380463379815,-214.34148410701096,214.34148410701096,1895.9899179953543,1977.4753744835061,1957.2288949216013,1972.3605527643504,1966.4571029530844
2023-12-07 14:00:00,1642.9014705016252,1611.2879176147542,1623.0365399292918,1195.9993574654181,2199.8298097803968,1749.1446634759354,31.613552886871048,31.613552886871048,19.864930572333378,19.864930572333378,446.9021130362071,446.9021130362071,-556.9283392787715,556.9283392787715,-106.2431929743102,106.2431929743102,1675.8596576531593,1623.0365399292918,1687.547090165958,1672.0164633846302,1692.8699302909954
2023-12-07 15:00:00,1368.83875717231,1498.4218002777554,1512.5489488766138,977.8531565351233,1549.7716131292134,1506.2324184486688,-129.58304310544554,129.58304310544554,-143.71019170430395,143.71019170430395,390.9856006371866,390.9856006371866,-180.9328559569035,180.9328559569035,-137.3936612763589,137.3936612763589,1408.965587453475,1506.2324184486688,1467.626277126807,1473.9281218817453,1465.5059208829946
2023-12-07 16:00:00,1166.3961420229416,914.4329860577693,979.5870073587782,855.1056775676828,1404.5299876349318,1060.9911377011326,251.9631559651723,251.9631559651723,186.80913466416337,186.80913466416337,311.29046445525876,311.29046445525876,-238.13384561199018,238.13384561199018,105.40500432180897,105.40500432180897,1042.9293592640588,979.5870073587782,1023.2628226188237,996.9493435126651,1026.847749232485
2023-12-07 17:00:00,504.0063554995903,657.9279351388839,538.355645669597,541.2181568732094,818.2107426333654,526.1831588275655,-153.92157963929355,153.92157963929355,-34.349290170006725,34.349290170006725,-37.211801373619096,37.211801373619096,-314.20438713377507,314.20438713377507,-22.17680332797522,22.17680332797522,616.3791278285242,541.2181568732094,599.3178512923655,605.9398600523805,590.0897707346418
2023-12-07 18:00:00,0.0,48.45421136164532,32.35636075770786,319.90827581997047,71.3073537237979,37.279388046874,-48.45421136164532,48.45421136164532,-32.35636075770786,32.35636075770786,-319.90827581997047,319.90827581997047,-71.3073537237979,71.3073537237979,-37.279388046874,37.279388046874,101.86111794199911,48.45421136164532,65.33060283230267,61.12383634132006,65.76443294986143
2023-12-07 19:00:00,0.0,67.14602275702579,31.19511680491122,331.13471466187906,31.778273208399483,63.063588439152966,-67.14602275702579,67.14602275702579,-31.19511680491122,31.19511680491122,-331.13471466187906,331.13471466187906,-31.778273208399483,31.778273208399483,-63.063588439152966,63.063588439152966,104.86354317427372,63.063588439152966,73.0301510225687,130.9708002136694,94.78571169355676
2023-12-07 20:00:00,0.0,41.66295471977497,26.00219376618564,248.94990140350956,39.767410733263674,38.85394000657158,-41.66295471977497,41.66295471977497,-26.00219376618564,26.00219376618564,-248.94990140350956,248.94990140350956,-39.767410733263674,39.767410733263674,-38.85394000657158,38.85394000657158,79.04728012586108,39.767410733263674,52.766860701686376,102.52215793433743,70.16694961729368
2023-12-07 21:00:00,19.609694022873573,58.93483204233208,28.973307379132173,320.3232220164235,24.048670142415602,37.81663571335438,-39.32513801945851,39.32513801945851,-9.3636133562586,9.3636133562586,-300.7135279935499,300.7135279935499,-4.43897611954203,4.43897611954203,-18.206941690480807,18.206941690480807,94.01933345873155,37.81663571335438,61.52226956928668,117.06142537589959,79.94230231797306
2023-12-07 22:00:00,0.0,37.87183446996835,29.931685111819913,305.0946441469877,33.944859116156806,34.94520570337746,-37.87183446996835,37.87183446996835,-29.931685111819913,29.931685111819913,-305.0946441469877,305.0946441469877,-33.944859116156806,33.944859116156806,-34.94520570337746,34.94520570337746,88.35764570966205,34.94520570337746,54.86273473825009,115.58989860157227,75.79636028455461
2023-12-07 23:00:00,49.52298034435058,76.23259347731796,30.720621996260572,293.09184367983863,36.66840892247882,40.82164829913455,-26.709613132967384,26.709613132967384,18.802358348090007,18.802358348090007,-243.56886333548806,243.56886333548806,12.85457142187176,12.85457142187176,8.701332045216027,8.701332045216027,95.5070232750061,40.82164829913455,65.54319783143144,114.84141116268349,81.38111701306259
2023-12-08 00:00:00,99.99728306429334,42.42569507101721,32.20497231654485,339.98322228942743,46.856244126734424,43.85685863216789,57.57158799327613,57.57158799327613,67.7923107477485,67.7923107477485,-239.98593922513408,239.98593922513408,53.14103893755892,53.14103893755892,56.14042443212545,56.14042443212545,101.06539848717836,43.85685863216789,63.31265157100668,133.89452192717238,88.14660347332295
2023-12-08 01:00:00,34.474457819095484,71.55116766533968,33.76742503699115,348.0448793089565,31.478928056916633,52.10086966372541,-37.07670984624419,37.07670984624419,0.707032782104335,0.707032782104335,-313.570421489861,313.570421489861,2.995529762178851,2.995529762178851,-17.626411844629928,17.626411844629928,107.38865394638587,52.10086966372541,72.26577336131986,132.63529591457123,93.36822550478958
2023-12-08 02:00:00,89.80806925781036,45.52510252267452,31.791235587424534,367.8392879353492,41.58512730919785,36.43451118534598,44.28296673513584,44.28296673513584,58.01683367038582,58.01683367038582,-278.03121867753885,278.03121867753885,48.22294194861251,48.22294194861251,53.37355807246438,53.37355807246438,104.63505290799841,41.58512730919785,63.517660506972675,139.46137549704326,89.10762361987366
2023-12-08 03:00:00,0.0,32.93551804568569,31.268973130283467,314.96792314154817,40.00690511840064,34.10855292393446,-32.93551804568569,32.93551804568569,-31.268973130283467,31.268973130283467,-314.96792314154817,314.96792314154817,-40.00690511840064,40.00690511840064,-34.10855292393446,34.10855292393446,90.65757447197049,34.10855292393446,55.56595621464946,120.72570486700504,77.84072380367735
2023-12-08 04:00:00,329.59044599275506,40.86862463037308,33.19083393079523,359.29034006588205,35.190975259558,41.752853839796984,288.721821362382,288.721821362382,296.39961206195983,296.39961206195983,-29.699894073126984,29.699894073126984,294.39947073319706,294.39947073319706,287.8375921529581,287.8375921529581,102.05872554528108,40.86862463037308,62.93752453217975,134.12407951269975,87.88079709047946
2023-12-08 05:00:00,55.318059383625375,42.15027555731123,32.67721795468869,333.5636034087914,52.24453528387455,43.229026602085476,13.167783826314142,13.167783826314142,22.64084142893668,22.64084142893668,-278.245544025166,278.245544025166,3.073524099750827,3.073524099750827,12.089032781539899,12.089032781539899,100.77293176135026,43.229026602085476,65.89942633433817,133.93560311681287,88.75090050803246
2023-12-08 06:00:00,68.40486314536398,50.39047603406888,32.67721795468869,305.480940009993,45.99066176271493,30.738877676153894,18.014387111295093,18.014387111295093,35.72764519067528,35.72764519067528,-237.07607686462902,237.07607686462902,22.414201382649047,22.414201382649047,37.665985469210085,37.665985469210085,93.05563468752388,45.99066176271493,61.22687355074816,57.29454412273088,60.31532777477926
2023-12-08 07:00:00,675.7298569540168,669.7120764700572,512.2864577258156,559.6875204130374,352.6140862756332,551.1479565450918,6.017780483959541,6.017780483959541,163.4433992282012,163.4433992282012,116.04233654097936,116.04233654097936,323.11577067838357,323.11577067838357,124.58190040892498,124.58190040892498,529.0896194859271,551.1479565450918,545.8396026649168,591.9561033973285,557.3862270248774
2023-12-08 08:00:00,865.5743822565862,814.0250802066898,925.5451309738235,714.7955862882709,777.2809362393375,904.4263391684583,51.54930204989637,51.54930204989637,-59.97074871723726,59.97074871723726,150.7787959683153,150.7787959683153,88.2934460172487,88.2934460172487,-38.851956911872094,38.851956911872094,827.2146145753159,814.0250802066898,855.075692039313,845.1023182058083,856.3815938222913
2023-12-08 09:00:00,1214.766313564861,1396.669131726309,1422.7070007699294,891.6910434938458,833.785664736831,1450.215608648435,-181.90281816144784,181.90281816144784,-207.94068720506834,207.94068720506834,323.0752700710153,323.0752700710153,380.9806488280301,380.9806488280301,-235.44929508357382,235.44929508357382,1199.01368987507,1396.669131726309,1308.0359019219907,1353.436442247575,1328.2875629555708
2023-12-08 10:00:00,1714.5858297753393,1697.6180556734703,1702.9092502355204,1058.4895780653424,943.1029270090221,1694.4952371159688,16.967774101869054,16.967774101869054,11.676579539818931,11.676579539818931,656.096251709997,656.096251709997,771.4829027663172,771.4829027663172,20.090592659370486,20.090592659370486,1419.3230096198647,1694.4952371159688,1544.969227857512,1613.192696290138,1570.2122265914618
2023-12-08 11:00:00,1997.0823949901253,1753.694059238932,1851.0529814789238,1215.7433905515377,1887.8809728868807,1938.807425562274,243.38833575119338,243.38833575119338,146.02941351120148,146.02941351120148,781.3390044385876,781.3390044385876,109.20142210324457,109.20142210324457,58.274969427851374,58.274969427851374,1729.4357659437096,1851.0529814789238,1801.0520841332027,1801.9505811473678,1814.5494378853678
2023-12-08 12:00:00,1804.4912643796017,1914.0871274355045,1921.9591988809923,1196.1069192087957,1918.1508744967427,1906.9870807547622,-109.59586305590278,109.59586305590278,-117.46793450139057,117.46793450139057,608.384345170806,608.384345170806,-113.65961011714103,113.65961011714103,-102.49581637516053,102.49581637516053,1771.4582401553598,1914.0871274355045,1861.4932219518614,1869.1684472472384,1854.8875649417544
2023-12-08 13:00:00,2011.9388259455322,1800.404018845845,1773.4600362172234,1207.4211821748222,1871.5651042543273,1845.1850854999818,211.5348070996872,211.5348070996872,238.4787897283088,238.4787897283088,804.51764377071,804.51764377071,140.373721691205,140.373721691205,166.75374044555042,166.75374044555042,1699.6070853984397,1800.404018845845,1774.7693017590286,1783.5992588078645,1776.4690023497521
2023-12-08 14:00:00,1529.2364357813312,1523.3079837736734,1565.7063289738592,1071.2680798828953,2214.1338243479086,1607.5008370785863,5.928452007657825,5.928452007657825,-36.469893192527934,36.469893192527934,457.9683558984359,457.9683558984359,-684.8973885665773,684.8973885665773,-78.26440129725506,78.26440129725506,1596.3834108113847,1565.7063289738592,1623.1333408482706,1570.4884678764606,1598.8633921954136
2023-12-08 15:00:00,1343.6195436762782,1313.366051324433,1325.6503550209363,932.2250663169341,1575.396165770297,1391.6026317549263,30.253492351845125,30.253492351845125,17.969188655341895,17.969188655341895,411.39447735934414,411.39447735934414,-231.77662209401888,231.77662209401888,-47.98308807864805,47.98308807864805,1307.6480540375055,1325.6503550209363,1349.1475161042529,1335.1216262675027,1345.1308798700131
2023-12-08 16:00:00,1173.102508740286,1202.6793094910224,1220.9679852338913,896.5828523541601,1135.3970832217665,1252.2960078234921,-29.57680075073631,29.57680075073631,-47.86547649360523,47.86547649360523,276.51965638612603,276.51965638612603,37.70542551851963,37.70542551851963,-79.193499083206,79.193499083206,1141.5846476248666,1202.6793094910224,1194.883542729927,1199.2359204309166,1197.011970037925
2023-12-08 17:00:00,502.3862493999812,652.0733957519698,538.355645669597,576.2947176133026,819.0503442622587,498.22403410101396,-149.6871463519886,149.6871463519886,-35.96939626961586,35.96939626961586,-73.90846821332144,73.90846821332144,-316.6640948622775,316.6640948622775,4.162215298967226,4.162215298967226,616.7996274796284,576.2947176133026,593.7243047337103,595.3364567749807,579.7229607687357
2023-12-08 18:00:00,45.67981098362159,54.584778590383465,36.59134924555419,299.4357447196827,71.45759702846068,37.55272159806443,-8.904967606761872,8.904967606761872,9.088461738067402,9.088461738067402,-253.7559337360611,253.7559337360611,-25.77778604483909,25.77778604483909,8.127089385557163,8.127089385557163,99.9244382364291,54.584778590383465,61.18898883960897,63.077059386501446,64.77524643473183
2023-12-08 19:00:00,102.601511105376,50.19529688158601,28.973307379132173,350.8671544081713,34.94919784707155,37.76543912668001,52.406214223789995,52.406214223789995,73.62820372624384,73.62820372624384,-248.2656433027953,248.2656433027953,67.65231325830445,67.65231325830445,64.836071978696,64.836071978696,100.55007912852821,37.76543912668001,56.43529795572426,130.56945719928402,83.76453019754413
2023-12-08 20:00:00,0.0,39.37644598604651,35.419624940222086,288.6358181710164,43.659358335170836,32.63365781690886,-39.37644598604651,39.37644598604651,-35.419624940222086,35.419624940222086,-288.6358181710164,288.6358181710164,-43.659358335170836,43.659358335170836,-32.63365781690886,32.63365781690886,87.94498104987295,39.37644598604651,51.54121270774005,115.86742258118721,74.33831836003455
2023-12-08 21:00:00,0.0,61.437152680685024,28.805558135404297,297.4874063546573,26.59814084483294,40.198503600058466,-61.437152680685024,61.437152680685024,-28.805558135404297,28.805558135404297,-297.4874063546573,297.4874063546573,-26.59814084483294,26.59814084483294,-40.198503600058466,40.198503600058466,90.90535232312762,40.198503600058466,56.2959887122328,111.94502932434791,76.69307659561143
2023-12-08 22:00:00,133.29818101775456,42.244001156987416,29.931685111819913,320.58397528149777,34.21931296182535,36.5321500444452,91.05417986076714,91.05417986076714,103.36649590593464,103.36649590593464,-187.2857942637432,187.2857942637432,99.0788680559292,99.0788680559292,96.76603097330936,96.76603097330936,92.70222491131513,36.5321500444452,52.82402250387637,120.82256278251303,77.94085057706889
2023-12-08 23:00:00,30.676583466209273,54.02092108826833,31.401987216094984,379.98530007332494,42.603427934105525,68.45094613331962,-23.344337622059058,23.344337622059058,-0.7254037498857109,0.7254037498857109,-349.3087166071157,349.3087166071157,-11.926844467896252,11.926844467896252,-37.774362667110346,37.774362667110346,115.29251648902269,54.02092108826833,70.96583408871314,147.24323752212018,102.21141400771845
2023-12-09 00:00:00,0.0,41.74662383973111,32.20497231654485,340.8753789143882,44.12102669932459,49.16908683352794,-41.74662383973111,41.74662383973111,-32.20497231654485,32.20497231654485,-340.8753789143882,340.8753789143882,-44.12102669932459,44.12102669932459,-49.16908683352794,49.16908683352794,101.62341772070334,44.12102669932459,59.89011820117067,133.14733236384367,88.06973608035057
2023-12-09 01:00:00,9.411677168073421,48.227817891279464,43.41903903647467,283.93001016627767,30.180330739057975,41.49640376471587,-38.81614072320605,38.81614072320605,-34.00736186840125,34.00736186840125,-274.51833299820424,274.51833299820424,-20.768653570984554,20.768653570984554,-32.084726596642454,32.084726596642454,89.45072031956113,43.41903903647467,56.94933249781002,110.27684705644889,76.35727868313307
2023-12-09 02:00:00,50.85322959665432,66.3455672157712,32.50946871096082,272.3224312854979,38.729358254495374,40.77384249581628,-15.492337619116874,15.492337619116874,18.343760885693506,18.343760885693506,-221.46920168884355,221.46920168884355,12.12387134215895,12.12387134215895,10.07938710083804,10.07938710083804,90.1361335925083,40.77384249581628,59.33342651842811,109.4206254361924,76.80821080405107
2023-12-09 03:00:00,0.0,66.50715281302729,33.19083393079523,287.38863691090944,39.272804799475544,74.9451581331822,-66.50715281302729,66.50715281302729,-33.19083393079523,33.19083393079523,-287.38863691090944,287.38863691090944,-39.272804799475544,39.272804799475544,-74.9451581331822,74.9451581331822,100.26091731747793,66.50715281302729,69.95716472007753,121.87785883697123,92.59172215724665
2023-12-09 04:00:00,71.59928975840948,45.833954122795234,30.87682451300842,307.1562872990761,29.611380245822872,5.015309803825238,25.76533563561425,25.76533563561425,40.72246524540107,40.72246524540107,-235.5569975406666,235.5569975406666,41.98790951258661,41.98790951258661,66.58397995458425,66.58397995458425,83.69875119690558,30.87682451300842,44.36828816327017,113.25448564195449,65.02964434171356
2023-12-09 05:00:00,40.84462038419082,39.72424413175854,33.23711581569162,319.3264984371523,41.76395680592546,37.220439969813,1.1203762524322798,1.1203762524322798,7.607504568499202,7.607504568499202,-278.48187805296146,278.48187805296146,-0.9193364217346414,0.9193364217346414,3.6241804143778182,3.6241804143778182,94.25445103206819,39.72424413175854,52.05338792516328,124.42080549304342,79.23723622583825
2023-12-09 06:00:00,165.50990811095772,58.83437273271724,31.0900267727016,270.722615378422,46.22045623558599,34.34974338449716,106.67553537824048,106.67553537824048,134.41988133825612,134.41988133825612,-105.21270726746428,105.21270726746428,119.28945187537173,119.28945187537173,131.16016472646055,131.16016472646055,88.2434429007848,46.22045623558599,53.86780669246866,60.311704978671486,58.77249075839844
2023-12-09 07:00:00,444.7471388586822,612.3667124105449,617.8248476640375,506.5834826064753,297.3177110732186,493.95710556787753,-167.6195735518627,167.6195735518627,-173.07770880535531,173.07770880535531,-61.83634374779308,61.83634374779308,147.4294277854636,147.4294277854636,-49.20996670919533,49.20996670919533,505.60997186443075,506.5834826064753,537.785001999492,544.8168081939104,524.6939585444824
2023-12-09 08:00:00,1143.4463749041136,936.7663803927004,1040.3212981959541,756.3472340118731,645.0187437524773,1088.6271958576917,206.67999451141316,206.67999451141316,103.12507670815944,103.12507670815944,387.0991408922405,387.0991408922405,498.4276311516362,498.4276311516362,54.81917904642182,54.81917904642182,893.4161704421392,936.7663803927004,962.7924946595317,969.3195620470294,976.0422902719346
2023-12-09 09:00:00,1420.3054479794296,1364.2504149412678,1355.07518851306,985.916208194473,1331.3610693851315,1477.6215969964485,56.05503303816181,56.05503303816181,65.23025946636949,65.23025946636949,434.38923978495654,434.38923978495654,88.94437859429809,88.94437859429809,-57.316149017018915,57.316149017018915,1302.844895606076,1355.07518851306,1370.6419628004262,1379.8401137572644,1381.237921487812
2023-12-09 10:00:00,1675.421816313169,1728.038528348078,1792.8323405046017,1170.7096616252986,1337.6886427309107,1828.4048067572435,-52.616712034908915,52.616712034908915,-117.41052419143261,117.41052419143261,504.71215468787045,504.71215468787045,337.73317358225836,337.73317358225836,-152.9829904440744,152.9829904440744,1571.5347959932265,1728.038528348078,1703.4137676355876,1711.1972921643724,1704.371238490082
2023-12-09 11:00:00,1806.504559661081,1992.5425652910444,1929.0140314284063,1132.850251732619,1455.3295930326663,2001.0121141141672,-186.03800562996344,186.03800562996344,-122.5094717673253,122.5094717673253,673.654307928462,673.654307928462,351.1749666284147,351.1749666284147,-194.5075544530862,194.5075544530862,1702.149711119781,1929.0140314284063,1857.7433474611921,1907.965573686602,1870.3450413911278
2023-12-09 12:00:00,2072.7833457153497,1742.9702605004363,1797.7815911048342,1324.8774365924478,1982.2629176095336,1890.8095717129268,329.8130852149134,329.8130852149134,275.0017546105155,275.0017546105155,747.9059091229019,747.9059091229019,90.52042810581611,90.52042810581611,181.97377400242294,181.97377400242294,1747.7403555040357,1797.7815911048342,1806.916032137503,1788.7530823652633,1806.4107197942224
2023-12-09 13:00:00,1576.6746512856107,1890.5421548061965,1843.809374458414,1089.9601825485136,2025.2464030123958,1890.7385587252625,-313.86750352058584,313.86750352058584,-267.1347231728032,267.1347231728032,486.71446873709715,486.71446873709715,-448.5717517267851,448.5717517267851,-314.06390743965176,314.06390743965176,1748.0593347101562,1890.5421548061965,1849.1631544888237,1847.856229953104,1836.865394019662
2023-12-09 14:00:00,1457.8431431271104,1494.1514232760583,1374.3648351829102,1028.525262324151,1748.7466451934642,1475.054581126325,-36.308280148947915,36.308280148947915,83.4783079442002,83.4783079442002,429.3178808029593,429.3178808029593,-290.9035020663539,290.9035020663539,-17.211437999214695,17.211437999214695,1424.1685494205817,1475.054581126325,1459.3015261442008,1467.4275084744952,1457.86333649499
2023-12-09 15:00:00,1464.8149844890697,1447.8303857692256,1425.7225635592442,1177.846562981855,1495.7323569937046,1551.6615400484657,16.984598719844143,16.984598719844143,39.092420929825494,39.092420929825494,286.96842150721477,286.96842150721477,-30.91737250463484,30.91737250463484,-86.84655555939594,86.84655555939594,1419.758681870499,1447.8303857692256,1460.68618404279,1470.5582208833794,1473.6573658616437
2023-12-09 16:00:00,964.9153245172722,1150.188105490379,1182.072858538866,756.4540854408672,1211.6139632934585,1237.6602314234817,-185.27278097310682,185.27278097310682,-217.15753402159385,217.15753402159385,208.46123907640504,208.46123907640504,-246.69863877618627,246.69863877618627,-272.7449069062095,272.7449069062095,1107.5978488374103,1182.072858538866,1166.670352613274,1163.652666274419,1168.1485217184863
2023-12-09 17:00:00,587.8978884628467,675.7851065792265,560.4546090475725,667.725603048575,719.163494217029,584.427552040477,-87.88721811637981,87.88721811637981,27.44327941527422,27.44327941527422,-79.82771458572824,79.82771458572824,-131.26560575418227,131.26560575418227,3.4703364223696553,3.4703364223696553,641.511272986576,667.725603048575,627.2643294460553,638.0956901398065,624.7957708811692
2023-12-09 18:00:00,110.60010713022574,54.16543155582994,31.049376075684993,325.07453252628045,72.00183923097411,36.73319620690248,56.4346755743958,56.4346755743958,79.55073105454075,79.55073105454075,-214.4744253960547,214.4744253960547,38.598267899251624,38.598267899251624,73.86691092332326,73.86691092332326,103.80487511913438,54.16543155582994,65.35357915573917,63.82759402014304,66.86196621797204
2023-12-09 19:00:00,53.16320865818888,49.293459992205186,32.35636075770786,313.0314725344856,33.33638623304423,40.11405563203103,3.8697486659836926,3.8697486659836926,20.806847900481017,20.806847900481017,-259.86826387629674,259.86826387629674,19.82682242514465,19.82682242514465,13.049153026157846,13.049153026157846,93.62634702989477,40.11405563203103,58.69437361964248,119.27821294317268,80.13985650122972
2023-12-09 20:00:00,123.52047009960347,44.43098831331826,28.973307379132173,303.76162593579306,40.98330166049142,28.763200589252836,79.0894817862852,79.0894817862852,94.5471627204713,94.5471627204713,-180.2411558361896,180.2411558361896,82.53716843911205,82.53716843911205,94.75726951035064,94.75726951035064,89.38248477559755,40.98330166049142,53.88586864206044,119.8167989430819,75.73993734851277
2023-12-09 21:00:00,0.0,39.33626081607544,35.81218687563394,287.1049904330347,28.992960274289732,25.522315417563995,-39.33626081607544,39.33626081607544,-35.81218687563394,35.81218687563394,-287.1049904330347,287.1049904330347,-28.992960274289732,28.992960274289732,-25.522315417563995,25.522315417563995,83.35374276331956,35.81218687563394,51.04235550900228,108.47233730231648,69.62961947957234
2023-12-09 22:00:00,0.0,44.67092631045131,29.21345198828362,343.28484109231107,30.074418995648443,44.90453884822978,-44.67092631045131,44.67092631045131,-29.21345198828362,29.21345198828362,-343.28484109231107,343.28484109231107,-30.074418995648443,30.074418995648443,-44.90453884822978,44.90453884822978,98.42963544698485,44.67092631045131,59.892602895280476,128.4164978190881,85.1595650733535
2023-12-09 23:00:00,0.0,50.68278023325177,31.401987216094984,333.9599068897893,37.689497343351306,37.367531396695846,-50.68278023325177,50.68278023325177,-31.401987216094984,31.401987216094984,-333.9599068897893,333.9599068897893,-37.689497343351306,37.689497343351306,-37.367531396695846,37.367531396695846,98.22034061583665,37.689497343351306,59.63579273952431,126.5706202072827,82.97949828654859
2023-12-10 00:00:00,198.29056900915373,41.370649510028564,34.753286651241524,331.6230234149092,44.85785113858504,47.52583643425501,156.91991949912517,156.91991949912517,163.5372823579122,163.5372823579122,-133.33245440575547,133.33245440575547,153.4327178705687,153.4327178705687,150.76473257489872,150.76473257489872,100.02612942980386,44.85785113858504,62.15130187692753,130.88740282148228,87.42200458233472
2023-12-10 01:00:00,0.0,50.502217017799566,32.67721795468869,279.0408124198993,34.90594817187845,42.62458431053243,-50.502217017799566,50.502217017799566,-32.67721795468869,32.67721795468869,-279.0408124198993,279.0408124198993,-34.90594817187845,34.90594817187845,-42.62458431053243,42.62458431053243,87.95015597495969,42.62458431053243,58.44079789988932,110.46199828788089,76.78578691342948
2023-12-10 02:00:00,0.0,66.60777171824513,34.9286689897878,325.7323228497776,38.957938227382094,50.564509766660066,-66.60777171824513,66.60777171824513,-34.9286689897878,34.9286689897878,-325.7323228497776,325.7323228497776,-38.957938227382094,38.957938227382094,-50.564509766660066,50.564509766660066,103.35824231037054,50.564509766660066,69.18808295543286,128.47222507588413,90.08264282480123
2023-12-10 03:00:00,60.666272362686456,48.5510150568317,30.87682451300842,275.6934459104921,37.12503577874143,60.76519690833046,12.115257305854755,12.115257305854755,29.789447849678037,29.789447849678037,-215.0271735478056,215.0271735478056,23.54123658394503,23.54123658394503,-0.0989245456440031,0.0989245456440031,90.60230363348082,48.5510150568317,62.352449499904665,112.1233526016937,82.61624073884175
2023-12-10 04:00:00,110.70794607230441,40.61805652932597,34.80559618866621,337.54861941080327,38.732913539846514,34.7140497369279,70.08988954297844,70.08988954297844,75.90234988363821,75.90234988363821,-226.84067333849885,226.84067333849885,71.9750325324579,71.9750325324579,75.99389633537652,75.99389633537652,97.28384708111398,38.732913539846514,59.47973338384199,128.37762530113355,82.75678696910104
2023-12-10 05:00:00,0.0,44.09695498717324,32.50946871096082,290.6359357093166,43.695495688144796,38.470621567232065,-44.09695498717324,44.09695498717324,-32.50946871096082,32.50946871096082,-290.6359357093166,290.6359357093166,-43.695495688144796,43.695495688144796,-38.470621567232065,38.470621567232065,89.8816953325655,43.695495688144796,58.29108333626092,117.77762769449633,78.49107668918668
2023-12-10 06:00:00,118.6687477227967,45.14118075298224,33.2269879586632,288.9503116151144,41.297696395019905,33.93967659176531,73.52756696981446,73.52756696981446,85.4417597641335,85.4417597641335,-170.2815638923177,170.2815638923177,77.3710513277768,77.3710513277768,84.72907113103139,84.72907113103139,88.51117066270902,41.297696395019905,57.202213620620114,54.79172647753519,58.08835148034146
2023-12-10 07:00:00,447.50827359618825,658.5710936009616,510.0746308707007,495.744999519792,364.5827717831034,443.01575399301277,-211.06282000477336,211.06282000477336,-62.56635727451243,62.56635727451243,-48.23672592360373,48.23672592360373,82.92550181308485,82.92550181308485,4.492519603175481,4.492519603175481,494.3978499535141,495.744999519792,501.6785818839452,544.6525186243426,501.38205094179165
2023-12-10 08:00:00,1158.91329106425,1169.950057153598,1229.0868632514878,745.0503832487501,445.2552334313262,1268.8625678295664,-11.03676608934802,11.03676608934802,-70.17357218723782,70.17357218723782,413.86290781549985,413.86290781549985,713.6580576329238,713.6580576329238,-109.94927676531643,109.94927676531643,971.6410209829457,1169.950057153598,1057.9656927784097,1140.1310995051929,1107.5297554475833
2023-12-10 09:00:00,1243.6566753219047,1432.9594939165818,1453.3343464667064,990.5561920287969,1113.4713211439503,1442.9652531947527,-189.3028185946771,189.3028185946771,-209.6776711448017,209.6776711448017,253.1004832931078,253.1004832931078,130.18535417795442,130.18535417795442,-199.308577872848,199.308577872848,1286.6573213501574,1432.9594939165818,1358.2886296954007,1392.0705699301056,1371.0322747966338
2023-12-10 10:00:00,1750.0309108602005,1691.9895802920778,1767.6524899455621,1201.772646580271,1101.732659394212,1786.556421709599,58.0413305681227,58.0413305681227,-17.621579085361645,17.621579085361645,548.2582642799296,548.2582642799296,648.2982514659884,648.2982514659884,-36.525510849398415,36.525510849398415,1509.9407595843443,1691.9895802920778,1600.6732257495046,1665.7449865050141,1639.2248999351443
2023-12-10 11:00:00,1989.9575535084575,1915.6834919091937,2009.5523147089395,1333.385408572408,1798.760057746246,2022.426253704831,74.27406159926386,74.27406159926386,-19.594761200482026,19.594761200482026,656.5721449360494,656.5721449360494,191.19749576221147,191.19749576221147,-32.46870019637345,32.46870019637345,1815.9615053283237,1915.6834919091937,1906.9657074570002,1917.7897244736237,1915.104181385818
2023-12-10 12:00:00,1882.1286143092175,2186.2889558048973,2221.018416967098,1174.6406679894571,1850.3918019354269,2210.417834954173,-304.16034149567986,304.16034149567986,-338.8898026578804,338.8898026578804,707.4879463197603,707.4879463197603,31.7368123737906,31.7368123737906,-328.28922064495555,328.28922064495555,1928.5515355302105,2186.2889558048973,2078.6179875069524,2116.206393467274,2086.2411883891446
2023-12-10 13:00:00,1592.8524079991587,1563.0235551344792,1651.1531743929431,1203.8120831248914,2327.2773218762495,1717.1043355633146,29.828852864679448,29.828852864679448,-58.30076639378444,58.30076639378444,389.0403248742673,389.0403248742673,-734.4249138770908,734.4249138770908,-124.25192756415595,124.25192756415595,1692.4740940183758,1651.1531743929431,1716.1589391802172,1648.082950928299,1691.188252948893
2023-12-10 14:00:00,1619.7026178158944,1611.2588658283225,1554.1318381629305,1110.6322952307892,1861.7851300743996,1691.7911903720021,8.443751987571886,8.443751987571886,65.57077965296389,65.57077965296389,509.07032258510526,509.07032258510526,-242.08251225850518,242.08251225850518,-72.08857255610769,72.08857255610769,1565.9198639336887,1611.2588658283225,1614.5265214721996,1621.8168626230363,1622.4452260897092
2023-12-10 15:00:00,1479.6802850792471,1508.6306590863385,1512.8472144369712,1024.6170680343905,1558.5404386031837,1525.6880863494293,-28.95037400709134,28.95037400709134,-33.16692935772403,33.16692935772403,455.06321704485663,455.06321704485663,-78.86015352393656,78.86015352393656,-46.0078012701822,46.0078012701822,1426.0646933020628,1512.8472144369712,1487.0270523316703,1488.978097529983,1483.1521008887944
2023-12-10 16:00:00,713.8175832486781,890.9201916210686,987.0477226132368,717.5272899124186,1389.9967068487092,986.0022007865861,-177.10260837239048,177.10260837239048,-273.2301393645587,273.2301393645587,-3.7097066637404623,3.7097066637404623,-676.1791236000311,676.1791236000311,-272.1846175379079,272.1846175379079,994.298822356404,986.0022007865861,995.7643930071731,950.4583835913244,979.9270376081472
2023-12-10 17:00:00,491.41297685687164,588.4715757094416,544.3690404539259,498.0111426744965,581.1680906778755,461.7510648402389,-97.05859885256996,97.05859885256996,-52.95606359705425,52.95606359705425,-6.598165817624874,6.598165817624874,-89.75511382100387,89.75511382100387,29.661912016632755,29.661912016632755,534.7541828711958,544.3690404539259,535.4440178588653,534.340204597207,520.2363162791087
2023-12-10 18:00:00,24.68905225139862,37.044790113238705,28.805558135404297,306.8119581956384,65.19793897063585,33.20252283714854,-12.355737861840083,12.355737861840083,-4.116505884005676,4.116505884005676,-282.1229059442398,282.1229059442398,-40.508886719237225,40.508886719237225,-8.513470585749921,8.513470585749921,94.21255365041316,37.044790113238705,56.796402788435856,53.04243899156399,58.43466783151229
2023-12-10 19:00:00,0.0,50.67201937564561,28.087325011868003,301.37202777908936,31.80415362614983,39.323228462300236,-50.67201937564561,50.67201937564561,-28.087325011868003,28.087325011868003,-301.37202777908936,301.37202777908936,-31.80415362614983,31.80415362614983,-39.323228462300236,39.323228462300236,90.25175085101061,39.323228462300236,56.773174326900985,114.9302383228768,77.4260196575955
2023-12-10 20:00:00,0.0,72.91449211161199,29.486923355238705,312.8414683523607,34.816701754072696,36.54974399780682,-72.91449211161199,72.91449211161199,-29.486923355238705,29.486923355238705,-312.8414683523607,312.8414683523607,-34.816701754072696,34.816701754072696,-36.54974399780682,36.54974399780682,97.3218659142182,36.54974399780682,63.58289185868685,118.74404440667934,81.47240286201486
2023-12-10 21:00:00,0.0,33.95172422908198,27.17291393745189,306.66737653002434,25.551671517790524,28.42782442281009,-33.95172422908198,33.95172422908198,-27.17291393745189,27.17291393745189,-306.66737653002434,306.66737653002434,-25.551671517790524,25.551671517790524,-28.42782442281009,28.42782442281009,84.35430212743177,28.42782442281009,48.08566350414684,110.74922889296654,70.20689302918238
2023-12-10 22:00:00,5.269147110574098,58.08859845493008,39.43482102154145,307.5102008434807,32.42157477676746,57.50855022929063,-52.81945134435598,52.81945134435598,-34.16567391096736,34.16567391096736,-302.24105373290655,302.24105373290655,-27.15242766619336,27.15242766619336,-52.23940311871653,52.23940311871653,98.99274906520205,57.50855022929063,66.49666711191375,122.47425523253837,87.99153656223416
2023-12-10 23:00:00,146.63357827377087,57.6873827382374,30.720621996260572,289.4316771774892,37.81029844669756,37.941915939489895,88.94619553553346,88.94619553553346,115.91295627751029,115.91295627751029,-142.7980989037183,142.7980989037183,108.8232798270733,108.8232798270733,108.69166233428098,108.69166233428098,90.71837925963493,37.941915939489895,58.23511331964085,113.33619731377274,77.20345222984903
2023-12-11 00:00:00,107.49619272978252,58.19014649598641,33.19083393079523,343.64803507142346,42.42626094772316,47.99728158550998,49.30604623379611,49.30604623379611,74.3053587989873,74.3053587989873,-236.15184234164093,236.15184234164093,65.06993178205937,65.06993178205937,59.49891114427254,59.49891114427254,105.09051160628765,47.99728158550998,67.20715412483159,134.4640993761693,91.11893468865979
2023-12-11 01:00:00,0.0,53.13255277452339,34.753286651241524,296.11046531875894,32.00407152619445,38.06629685904871,-53.13255277452339,53.13255277452339,-34.753286651241524,34.753286651241524,-296.11046531875894,296.11046531875894,-32.00407152619445,32.00407152619445,-38.06629685904871,38.06629685904871,90.8133346259534,38.06629685904871,58.02583559147776,113.05465726382008,77.10007415358977
2023-12-11 02:00:00,0.0,40.8515982520003,33.389781418109,314.91089322274865,39.284688127378104,38.91068537790313,-40.8515982520003,40.8515982520003,-33.389781418109,33.389781418109,-314.91089322274865,314.91089322274865,-39.284688127378104,39.284688127378104,-38.91068537790313,38.91068537790313,93.46952927962784,39.284688127378104,56.6700096497748,121.97254965598927,80.0688107232354
2023-12-11 03:00:00,0.0,53.29968534033583,33.19083393079523,302.66212690608154,34.31731499424204,43.5067493434049,-53.29968534033583,53.29968534033583,-33.19083393079523,33.19083393079523,-302.66212690608154,302.66212690608154,-34.31731499424204,34.31731499424204,-43.5067493434049,43.5067493434049,93.39534210297191,43.5067493434049,59.73476205276328,117.57758887254273,80.57412356686717
2023-12-11 04:00:00,0.0,43.62668125522019,32.67721795468869,309.98168912213913,34.295677286335696,35.823932018514746,-43.62668125522019,43.62668125522019,-32.67721795468869,32.67721795468869,-309.98168912213913,309.98168912213913,-34.295677286335696,34.295677286335696,-35.823932018514746,35.823932018514746,91.2810395273797,35.823932018514746,55.41495716783823,117.45995725673045,77.2834686365495
2023-12-11 05:00:00,0.0,43.012009950085485,33.23711581569162,320.0415699663982,39.55919736295439,41.29883889633271,-43.012009950085485,43.012009950085485,-33.23711581569162,33.23711581569162,-320.0415699663982,320.0415699663982,-39.55919736295439,39.55919736295439,-41.29883889633271,41.29883889633271,95.42974639829248,41.29883889633271,57.635578023692105,124.22580160400102,81.90413094723297
2023-12-11 06:00:00,0.0,81.37095569740829,38.82376278824802,265.5424691511016,40.980553688089685,44.052719799147646,-81.37095569740829,81.37095569740829,-38.82376278824802,38.82376278824802,-265.5424691511016,265.5424691511016,-40.980553688089685,40.980553688089685,-44.052719799147646,44.052719799147646,94.15409222479906,44.052719799147646,66.75647667672641,74.01042588614733,69.87143317365147
2023-12-11 07:00:00,472.6165635124412,638.6269570106109,511.6557598034637,547.5828954710863,294.88147532462403,474.29153712332965,-166.01039349816972,166.01039349816972,-39.039196291022506,39.039196291022506,-74.96633195864513,74.96633195864513,177.73508818781715,177.73508818781715,-1.6749736108884576,1.6749736108884576,493.40772494662286,511.6557598034637,511.84276117826863,545.7605614252301,510.8208491950401
2023-12-11 08:00:00,905.0495602781721,1127.3695702150167,1182.4392040416367,751.9662052569621,407.37258022425465,1243.4690667030875,-222.3200099368446,222.3200099368446,-277.3896437634646,277.3896437634646,153.08335502120997,153.08335502120997,497.6769800539174,497.6769800539174,-338.4195064249154,338.4195064249154,942.5233252881915,1127.3695702150167,1068.1428218558765,1106.7455456833902,1089.6649886600358
2023-12-11 09:00:00,1385.3193110482487,1405.610981588645,1306.580500448701,1099.6648177798966,940.1076031227975,1478.9704670866702,-20.291670540396353,20.291670540396353,78.7388105995476,78.7388105995476,285.6544932683521,285.6544932683521,445.21170792545115,445.21170792545115,-93.6511560384215,93.6511560384215,1246.186874005342,1306.580500448701,1314.2156103595016,1379.7915949630615,1353.2336298151715
2023-12-11 10:00:00,1684.625020510911,1793.929475200671,1898.841046421691,1276.720745125136,1116.940809178964,1873.4521522928605,-109.30445468975995,109.30445468975995,-214.21602591078,214.21602591078,407.904275385775,407.904275385775,567.6842113319472,567.6842113319472,-188.82713178194945,188.82713178194945,1591.9768456438646,1793.929475200671,1731.0711712212506,1757.200489461286,1739.567297792106
2023-12-11 11:00:00,1847.3293058590575,2058.4784222610488,2097.5519252914796,1319.2314827872005,1332.489951736476,2096.4251813183528,-211.14911640199125,211.14911640199125,-250.2226194324221,250.2226194324221,528.097823071857,528.097823071857,514.8393541225814,514.8393541225814,-249.09587545929526,249.09587545929526,1780.8353926789118,2058.4784222610488,1934.6663558877922,1986.5695411035988,1951.8228838968703
2023-12-11 12:00:00,2185.456638426351,2118.0220841848145,2066.693773353902,1418.4033560161915,1779.4644100959247,2170.605460546604,67.43455424153672,67.43455424153672,118.76286507244913,118.76286507244913,767.0532824101597,767.0532824101597,405.99222833042654,405.99222833042654,14.85117787974741,14.85117787974741,1910.6378168394872,2066.693773353902,2019.0672931358827,2071.581816889753,2043.4433884849086
2023-12-11 13:00:00,1930.707910694819,1762.196994414597,1838.337574439748,1437.0448225679343,2671.8266102095804,1903.570087443479,168.5109162802221,168.5109162802221,92.37033625507092,92.37033625507092,493.66308812688476,493.66308812688476,-741.1186995147614,741.1186995147614,27.137823251340023,27.137823251340023,1922.5952178150678,1838.337574439748,1892.5429677912075,1852.7283893434028,1888.8144681920924
2023-12-11 14:00:00,1702.4311848375094,1659.8252833465062,1669.1449167725164,1165.4890361465998,2059.17606636259,1724.9406107217294,42.605901491003124,42.605901491003124,33.28626806499301,33.28626806499301,536.9421486909096,536.9421486909096,-356.7448815250807,356.7448815250807,-22.509425884220036,22.509425884220036,1655.7151826699883,1669.1449167725164,1687.5279619748985,1678.1268513561179,1685.8276026776484
2023-12-11 15:00:00,1433.7022525353661,1466.409149028922,1564.7151712812495,980.7784374742109,1596.1987529111752,1501.2055108029992,-32.70689649355586,32.70689649355586,-131.01291874588333,131.01291874588333,452.9238150611552,452.9238150611552,-162.4965003758091,162.4965003758091,-67.5032582676331,67.5032582676331,1421.8614042997112,1501.2055108029992,1481.4101537205088,1463.483734142382,1468.0815493794094
2023-12-11 16:00:00,1070.1629837786315,1015.6050729737333,904.2134925215738,823.1323562263972,1518.6132787982945,1066.5898713971835,54.557910804898256,54.557910804898256,165.94949125705773,165.94949125705773,247.03062755223436,247.03062755223436,-448.4502950196629,448.4502950196629,3.573112381448027,3.573112381448027,1065.6308143834365,1015.6050729737333,1039.7592225147528,1045.9082349236792,1052.1443743876537
2023-12-11 17:00:00,649.7952454443976,649.9613587099711,544.7769531674872,616.4684438550531,774.9197688033432,488.98158444037983,-0.16611326557358552,0.16611326557358552,105.0182922769103,105.0182922769103,33.32680158934443,33.32680158934443,-125.12452335894568,125.12452335894568,160.81366100401772,160.81366100401772,615.0216217952468,616.4684438550531,583.5997817336911,591.1855053546765,573.2362273736355
2023-12-11 18:00:00,58.84181095165448,63.57683603462968,31.049376075684993,373.86837989611945,76.23519021882537,68.44029241504528,-4.7350250829751985,4.7350250829751985,27.792434875969487,27.792434875969487,-315.026568944465,315.026568944465,-17.393379267170886,17.393379267170886,-9.598481463390797,9.598481463390797,122.63401492806095,68.44029241504528,78.70926841211653,82.75302661678373,86.65354997729133
2023-12-11 19:00:00,20.514444071364142,36.79134295918887,32.489235211771145,294.0638638211805,35.205186992998456,35.936464423702546,-16.276898887824725,16.276898887824725,-11.974791140407003,11.974791140407003,-273.54941974981637,273.54941974981637,-14.690742921634314,14.690742921634314,-15.422020352338404,15.422020352338404,86.89721868176831,35.936464423702546,52.34511374562737,113.0821732706643,74.19492272598168
2023-12-11 20:00:00,0.0,67.68114495191473,32.6470246857066,320.4702099173659,40.8104391791626,46.56069238228963,-67.68114495191473,67.68114495191473,-32.6470246857066,32.6470246857066,-320.4702099173659,320.4702099173659,-40.8104391791626,40.8104391791626,-46.56069238228963,46.56069238228963,101.63390222328789,46.56069238228963,66.6658057287719,126.43344636156169,87.56869454821559
2023-12-11 21:00:00,0.0,52.26054348442202,28.193731691075115,312.8235507183182,26.793429429928782,33.587197723133016,-52.26054348442202,52.26054348442202,-28.193731691075115,28.193731691075115,-312.8235507183182,312.8235507183182,-26.793429429928782,26.793429429928782,-33.587197723133016,33.587197723133016,90.73169060937543,33.587197723133016,55.366889999180955,114.64059630440687,75.86602355757803
2023-12-11 22:00:00,88.22572617297791,54.52435557900305,32.35088539064688,307.2758914004464,33.85945110154115,56.75088503485314,33.701370593974865,33.701370593974865,55.874840782331034,55.874840782331034,-219.0501652274685,219.0501652274685,54.36627507143677,54.36627507143677,31.474841138124773,31.474841138124773,96.95229370129812,54.52435557900305,64.20245395383628,122.0838545344513,86.62652829371652
2023-12-11 23:00:00,0.0,48.440209826260606,30.720621996260572,308.9410900073601,37.903440515349956,35.63977143952791,-48.440209826260606,48.440209826260606,-30.720621996260572,30.720621996260572,-308.9410900073601,308.9410900073601,-37.903440515349956,37.903440515349956,-35.63977143952791,35.63977143952791,92.32902675695183,37.903440515349956,56.54154619635396,119.21473536295301,78.32064410708804
2023-12-12 00:00:00,0.0,43.059913507354366,40.39312379826822,316.5054650100533,41.94832573162502,34.33657649747066,-43.059913507354366,43.059913507354366,-40.39312379826822,40.39312379826822,-316.5054650100533,316.5054650100533,-41.94832573162502,41.94832573162502,-34.33657649747066,34.33657649747066,95.24868090895431,41.94832573162502,56.90639370754857,124.3154675151535,80.28360984809562
2023-12-12 01:00:00,0.0,49.12713150226003,32.50946871096082,301.84949106061737,30.42894255005341,38.51838613988092,-49.12713150226003,49.12713150226003,-32.50946871096082,32.50946871096082,-301.84949106061737,301.84949106061737,-30.42894255005341,30.42894255005341,-38.51838613988092,38.51838613988092,90.48668399275451,38.51838613988092,55.53760991649178,114.28194018017085,76.74687905552588
2023-12-12 02:00:00,214.76278187814808,43.48015341498132,33.23711581569162,315.02065786044284,40.5754063814731,41.24813362049695,171.28262846316676,171.28262846316676,181.52566606245645,181.52566606245645,-100.25787598229476,100.25787598229476,174.18737549667497,174.18737549667497,173.51464825765112,173.51464825765112,94.71229341861718,41.24813362049695,56.69595624949651,123.11079999687117,81.13411228173312
2023-12-12 03:00:00,0.0,60.534174696539914,40.463009064838616,285.6491869398898,43.999728595042654,46.71936504403987,-60.534174696539914,60.534174696539914,-40.463009064838616,40.463009064838616,-285.6491869398898,285.6491869398898,-43.999728595042654,43.999728595042654,-46.71936504403987,46.71936504403987,95.47309286807017,46.71936504403987,64.9993577320745,117.31045703319596,83.13143601200315
2023-12-12 04:00:00,0.0,46.431672334843505,33.19083393079523,306.40802571506447,39.59618071925074,53.006974251573894,-46.431672334843505,46.431672334843505,-33.19083393079523,33.19083393079523,-306.40802571506447,306.40802571506447,-39.59618071925074,39.59618071925074,-53.006974251573894,53.006974251573894,95.72673739030556,46.431672334843505,62.04913390166283,121.69038170267268,84.86859700967655
2023-12-12 05:00:00,122.80779229623224,47.551509380677324,38.34311213315048,359.19657959760525,41.908052875253226,35.35215199878529,75.25628291555492,75.25628291555492,84.46468016308177,84.46468016308177,-236.38878730137301,236.38878730137301,80.89973942097902,80.89973942097902,87.45564029744695,87.45564029744695,104.47028119709432,41.908052875253226,62.3510564762338,137.09461089195884,87.79818684963372
2023-12-12 06:00:00,0.0,59.5957352805926,31.89764226663164,266.6415270965335,52.94662474791812,46.0977399880936,-59.5957352805926,59.5957352805926,-31.89764226663164,31.89764226663164,-266.6415270965335,266.6415270965335,-52.94662474791812,52.94662474791812,-46.0977399880936,46.0977399880936,91.4358538759539,52.94662474791812,62.66919994028024,65.0983722714513,65.83699043632896
2023-12-12 07:00:00,547.8449866208443,656.7509513818947,549.6984566825021,541.0485878652103,320.84180359079545,496.1311671960686,-108.90596476105031,108.90596476105031,-1.853470061657731,1.853470061657731,6.796398755634073,6.796398755634073,227.0031830300489,227.0031830300489,51.71381942477575,51.71381942477575,512.8941933432941,541.0485878652103,540.8549679526072,565.4079887145666,533.6839591080247
2023-12-12 08:00:00,1102.1904704663648,847.6968484360742,978.6702321958281,744.1157644074174,730.9432319699685,969.4570750104702,254.49362203029057,254.49362203029057,123.52023827053665,123.52023827053665,358.0747060589474,358.0747060589474,371.24723849639633,371.24723849639633,132.73339545589454,132.73339545589454,854.1766304039517,847.6968484360742,895.4310693593116,886.1688509987562,899.2067171903046
2023-12-12 09:00:00,1595.3495087547672,1411.3786315395369,1458.9349904012565,915.5419939025052,1147.4654524624937,1459.6815696202857,183.9708772152303,183.9708772152303,136.41451835351063,136.41451835351063,679.807514852262,679.807514852262,447.8840562922735,447.8840562922735,135.66793913448146,135.66793913448146,1278.6005275852156,1411.3786315395369,1379.5501869031891,1386.0360817774651,1377.3323000452965
2023-12-12 10:00:00,1667.1354194520745,1786.9741939261676,1820.1156256238646,1292.4038577564606,1664.2601498307508,1849.8862477353434,-119.83877447409304,119.83877447409304,-152.9802061717901,152.9802061717901,374.7315616956139,374.7315616956139,2.875269621323696,2.875269621323696,-182.7508282832689,182.7508282832689,1682.7280149745172,1786.9741939261676,1770.147827099474,1774.5739563834254,1769.9393875868418
2023-12-12 11:00:00,1870.4356428851788,1956.2998844551837,1970.3253300960205,1196.8826842185176,1730.5762812751184,2019.5723218777498,-85.86424157000488,85.86424157000488,-99.88968721084166,99.88968721084166,673.5529586666612,673.5529586666612,139.85936161006043,139.85936161006043,-149.13667899257098,149.13667899257098,1774.731300384518,1956.2998844551837,1904.9213820076102,1920.8110404607537,1906.5804511929628
2023-12-12 12:00:00,1945.100568379801,2236.7786796325872,2266.1261830231374,1374.8214848755308,1592.989602226873,2190.855618393617,-291.67811125278627,291.67811125278627,-321.02561464333644,321.02561464333644,570.2790835042701,570.2790835042701,352.11096615292786,352.11096615292786,-245.75505001381612,245.75505001381612,1932.3143136303493,2190.855618393617,2105.1574249602204,2131.662451460225,2095.6799493309272
2023-12-12 13:00:00,1699.0786724875843,1927.6192738473435,1792.2188856532084,1116.750514178248,1987.0363496795103,1852.185168458844,-228.5406013597592,228.5406013597592,-93.14021316562412,93.14021316562412,582.3281583093362,582.3281583093362,-287.957677191926,287.957677191926,-153.10649597125962,153.10649597125962,1735.1620383634308,1852.185168458844,1824.7436706639012,1847.25187158562,1819.0681040393113
2023-12-12 14:00:00,1783.6390290156596,1691.0864092364316,1722.5145832445828,1094.9136066484677,1731.1786543649546,1758.4990080126775,92.55261977922805,92.55261977922805,61.12444577107681,61.12444577107681,688.7254223671919,688.7254223671919,52.460374650705035,52.460374650705035,25.140021002982166,25.140021002982166,1599.6384523014228,1722.5145832445828,1684.5100274321017,1683.8758017888026,1682.1432408290912
2023-12-12 15:00:00,1140.035803192645,1400.1700033136563,1407.4685555653152,927.8880641338276,1804.1597187647626,1403.8767966512619,-260.1342001210112,260.1342001210112,-267.43275237267017,267.43275237267017,212.14773905881748,212.14773905881748,-664.1239155721175,664.1239155721175,-263.8409934586168,263.8409934586168,1388.7126276857648,1403.8767966512619,1438.0239853832336,1397.8448286265705,1409.2785290703464
2023-12-12 16:00:00,1041.7163785175753,983.2551162259765,1105.442452286996,796.7696483122879,1052.8800997705391,1108.0760310539692,58.461262291598814,58.461262291598814,-63.726073769420736,63.726073769420736,244.9467302052874,244.9467302052874,-11.163721252963796,11.163721252963796,-66.35965253639392,66.35965253639392,1009.2846695299538,1052.8800997705391,1046.517216469507,1028.5102566655676,1045.980382057307
2023-12-12 17:00:00,444.94522542120114,627.3859806699704,587.3887323227051,525.5472303229708,702.5070907873492,490.33096905978715,-182.44075524876928,182.44075524876928,-142.44350690150395,142.44350690150395,-80.60200490176965,80.60200490176965,-257.561865366148,257.561865366148,-45.38574363858601,45.38574363858601,586.6320006325566,587.3887323227051,587.1541642859081,574.0432831756913,563.7518281769486
2023-12-12 18:00:00,136.85010800281935,54.7803490483422,31.049376075684993,312.50537429163694,66.0605156429317,36.51874353823196,82.06975895447715,82.06975895447715,105.80073192713436,105.80073192713436,-175.6552662888176,175.6552662888176,70.78959235988765,70.78959235988765,100.3313644645874,100.3313644645874,100.18287171936555,54.7803490483422,63.529241002177855,62.922624196616134,65.2758826111577
2023-12-12 19:00:00,131.54199014090312,54.79020045182485,28.75362955207804,278.19886646372606,36.33994914891335,39.405477504542425,76.75178968907827,76.75178968907827,102.78836058882509,102.78836058882509,-146.65687632282294,146.65687632282294,95.20204099198978,95.20204099198978,92.13651263636069,92.13651263636069,87.49762462421695,39.405477504542425,57.180675491810575,109.81728285004588,75.48000792830882
2023-12-12 20:00:00,0.0,66.63945711093305,32.6470246857066,355.3919022389779,44.04919401177127,53.47897150854123,-66.63945711093305,66.63945711093305,-32.6470246857066,32.6470246857066,-355.3919022389779,355.3919022389779,-44.04919401177127,44.04919401177127,-53.47897150854123,53.47897150854123,110.441309911186,53.47897150854123,72.73868487243897,140.28093972896423,96.6899436643664
2023-12-12 21:00:00,0.0,40.578401943624975,29.533205240135096,309.53674976113,26.665881170340402,36.348856340209906,-40.578401943624975,40.578401943624975,-29.533205240135096,29.533205240135096,-309.53674976113,309.53674976113,-26.665881170340402,26.665881170340402,-36.348856340209906,36.348856340209906,88.53261889108809,36.348856340209906,55.02764636527561,114.43203429853814,75.81419924540373
2023-12-12 22:00:00,89.27627434331373,63.756122829825856,32.1755030521006,320.56374946292397,31.528982456875454,41.05569017327055,25.520151513487875,25.520151513487875,57.10077129121313,57.10077129121313,-231.28747511961024,231.28747511961024,57.747291886438276,57.747291886438276,48.22058417004318,48.22058417004318,97.81600959499929,41.05569017327055,63.81175748620197,121.09742487360853,83.24709466159712
2023-12-12 23:00:00,98.33209939471828,62.96057202072042,30.888371239988448,299.7481692577983,41.990201671378806,38.992547825973,35.371527373997864,35.371527373997864,67.44372815472984,67.44372815472984,-201.41606986308,201.41606986308,56.34189772333948,56.34189772333948,59.339551568745286,59.339551568745286,94.9159724031718,41.990201671378806,62.909403807076394,119.31759194730465,81.44980277214327
2023-12-13 00:00:00,0.0,52.940263310863465,38.90427100686131,316.82580541081944,49.479276643295364,33.47827264958225,-52.940263310863465,52.940263310863465,-38.90427100686131,38.90427100686131,-316.82580541081944,316.82580541081944,-49.479276643295364,49.479276643295364,-33.47827264958225,33.47827264958225,98.32557780428436,49.479276643295364,64.4061843180971,129.68323527355258,84.58759596826823
2023-12-13 01:00:00,88.95504961526623,45.94373591733733,33.19083393079523,301.4867017379417,30.815869406461168,37.75982568572261,43.011313697928905,43.011313697928905,55.764215684471004,55.764215684471004,-212.53165212267547,212.53165212267547,58.139180208805065,58.139180208805065,51.19522392954362,51.19522392954362,89.83939333565161,37.75982568572261,58.10379251678601,114.10030598968376,77.18107335621578
2023-12-13 02:00:00,164.6481892207587,57.4722526234502,34.39275234564739,266.99562787685005,37.356475247030254,3.526816253294178,107.17593659730849,107.17593659730849,130.25543687511131,130.25543687511131,-102.34743865609136,102.34743865609136,127.29171397372843,127.29171397372843,161.1213729674645,161.1213729674645,79.94878486925441,37.356475247030254,50.71684404028597,106.2482210359762,63.78463974738836
2023-12-13 03:00:00,25.560936611382562,43.56319860373304,34.753286651241524,317.83672982271315,42.59710020533306,41.46727293844474,-18.00226199235048,18.00226199235048,-9.192350039858962,9.192350039858962,-292.2757932113306,292.2757932113306,-17.036163593950494,17.036163593950494,-15.906336327062174,15.906336327062174,96.0435176442931,42.59710020533306,62.24018125703032,125.16898909054707,83.72490922082078
2023-12-13 04:00:00,95.01764226555682,62.72441126436725,32.67721795468869,288.96729852819,40.48841042297398,42.54846256624588,32.29323100118957,32.29323100118957,62.34042431086812,62.34042431086812,-193.94965626263317,193.94965626263317,54.52923184258284,54.52923184258284,52.469179699310935,52.469179699310935,93.48116014729315,42.54846256624588,63.479309915449605,115.65009249752035,80.94474526659879
2023-12-13 05:00:00,127.87561268682146,46.963724502437415,32.67721795468869,319.16760327892683,41.39239261631174,34.752271304064365,80.91188818438404,80.91188818438404,95.19839473213275,95.19839473213275,-191.29199059210538,191.29199059210538,86.48322007050972,86.48322007050972,93.12334138275709,93.12334138275709,94.99064193128581,41.39239261631174,60.73428912421683,124.72495581509628,81.58635612886397
2023-12-13 06:00:00,22.159370937478226,45.46421318688146,31.58537985462829,331.98437922868357,53.20449536499081,41.08986811531281,-23.304842249403233,23.304842249403233,-9.426008917150064,9.426008917150064,-309.82500829120534,309.82500829120534,-31.045124427512587,31.045124427512587,-18.930497177834585,18.930497177834585,100.66566715009938,45.46421318688146,64.92601121352871,60.71234585437624,66.04261417345393
2023-12-13 07:00:00,541.9568808929823,623.3021681474224,538.6581374882667,524.3049751831147,302.05405206531566,482.64853237260945,-81.34528725444011,81.34528725444011,3.298743404715651,3.298743404715651,17.651905709867606,17.651905709867606,239.90282882766667,239.90282882766667,59.308348520372874,59.308348520372874,494.1935730513458,524.3049751831147,503.4753708218323,542.3734988861555,509.1230819971874
2023-12-13 08:00:00,999.0603023709765,1049.9129381470486,1186.305137109837,794.2676883851407,574.6450374451742,1187.196176827549,-50.852635776072134,50.852635776072134,-187.2448347388605,187.2448347388605,204.79261398583583,204.79261398583583,424.41526492580226,424.41526492580226,-188.13587445657242,188.13587445657242,958.4653955829499,1049.9129381470486,1023.0939612001677,1063.6636469819691,1055.1595969367406
2023-12-13 09:00:00,1331.914726367383,1571.2148838694404,1612.5390649106957,976.0976574890481,776.0234415574928,1618.7276617730995,-239.30015750205735,239.30015750205735,-280.62433854331266,280.62433854331266,355.817068878335,355.817068878335,555.8912848098903,555.8912848098903,-286.8129354057164,286.8129354057164,1310.9205419199554,1571.2148838694404,1418.1280806777052,1507.3804146556927,1463.5821893386303
2023-12-13 10:00:00,1468.8428892520649,1592.0714329126088,1630.294141175812,1071.3789984148707,1252.0321450588958,1627.2226220446023,-123.22854366054389,123.22854366054389,-161.45125192374712,161.45125192374712,397.4638908371942,397.4638908371942,216.81074419316906,216.81074419316906,-158.37973279253742,158.37973279253742,1434.5998679213578,1592.0714329126088,1509.8049170609092,1555.3753201548316,1531.9185691579144
2023-12-13 11:00:00,1754.0517378645716,1889.5322350907286,1852.0889145695817,1229.342391427605,1282.1487229940888,1907.841210242282,-135.480497226157,135.480497226157,-98.0371767050101,98.0371767050101,524.7093464369666,524.7093464369666,471.9030148704828,471.9030148704828,-153.78947237771035,153.78947237771035,1632.190694864857,1852.0889145695817,1733.233703003555,1817.822465568433,1773.3232315930243
2023-12-13 12:00:00,2146.327376374442,2063.825243097365,2079.830182118526,1238.6251065374229,1638.6677407130078,2115.1605598359774,82.50213327707706,82.50213327707706,66.49719425591593,66.49719425591593,907.702269837019,907.702269837019,507.6596356614341,507.6596356614341,31.166816538464445,31.166816538464445,1827.22176646046,2063.825243097365,1944.565992658996,2008.244795127877,1974.3197015953494
2023-12-13 13:00:00,1853.0687056412985,1884.7808666741012,1938.5415806105518,1313.7403169366003,2539.981440970548,1962.0870915862445,-31.71216103280267,31.71216103280267,-85.47287496925333,85.47287496925333,539.3283887046982,539.3283887046982,-686.9127353292497,686.9127353292497,-109.01838594494598,109.01838594494598,1927.8262593556094,1938.5415806105518,1958.9548977786912,1920.8863519521967,1941.935045107637
2023-12-13 14:00:00,1456.463029652908,1590.7011947667593,1535.3464695781888,1076.805129148821,1793.9242828088343,1578.7131060374727,-134.2381651138512,134.2381651138512,-78.88343992528075,78.88343992528075,379.65790050408714,379.65790050408714,-337.4612531559262,337.4612531559262,-122.25007638456464,122.25007638456464,1515.0980364680152,1578.7131060374727,1556.3546918587542,1564.42382065835,1554.9957822562287
2023-12-13 15:00:00,1256.6875473868727,1213.8079210560384,1121.737256192072,864.0025919116845,1704.0934360552087,1300.439118274054,42.8796263308343,42.8796263308343,134.95029119480068,134.95029119480068,392.6849554751882,392.6849554751882,-447.40588866833605,447.40588866833605,-43.75157088718129,43.75157088718129,1240.8160646978113,1213.8079210560384,1237.8105235860505,1247.8997233139748,1253.9641106643808
2023-12-13 16:00:00,1089.8678947180103,955.5146064295787,1090.5346635548326,774.1478785788487,1145.2798374448873,1067.3510991897747,134.3532882884316,134.3532882884316,-0.6667688368222571,0.6667688368222571,315.72001613916166,315.72001613916166,-55.41194272687699,55.41194272687699,22.51679552823566,22.51679552823566,1006.5656170395844,1067.3510991897747,1026.593950060257,1004.3808574406391,1024.0757854961407
2023-12-13 17:00:00,617.7691311716884,582.4051621371271,497.7182721815607,587.7027587596219,800.0558184311593,541.3627231468488,35.36396903456125,35.36396903456125,120.05085899012772,120.05085899012772,30.06637241206647,30.06637241206647,-182.2866872594709,182.2866872594709,76.4064080248396,76.4064080248396,601.8489469312635,582.4051621371271,573.0350481164395,575.9255658782845,573.3305182140397
2023-12-13 18:00:00,0.0,46.450429504728135,27.686529913558424,313.4131099422485,70.33116544384835,32.90726637708231,-46.450429504728135,46.450429504728135,-27.686529913558424,27.686529913558424,-313.4131099422485,313.4131099422485,-70.33116544384835,70.33116544384835,-32.90726637708231,32.90726637708231,98.15770023629315,46.450429504728135,60.52737024858128,57.89966178590389,61.74110293302065
2023-12-13 19:00:00,0.0,58.0922773981442,36.85696246643955,274.03180737149796,29.779767610158316,36.00653603591331,-58.0922773981442,58.0922773981442,-36.85696246643955,36.85696246643955,-274.03180737149796,274.03180737149796,-29.779767610158316,29.779767610158316,-36.00653603591331,36.00653603591331,86.95347017643067,36.85696246643955,59.13971513237336,105.17853799544457,73.88747718081417
2023-12-13 20:00:00,0.0,44.949545556912454,28.75362955207804,289.07359971037215,39.20324062030595,39.23555399612656,-44.949545556912454,44.949545556912454,-28.75362955207804,28.75362955207804,-289.07359971037215,289.07359971037215,-39.20324062030595,39.20324062030595,-39.23555399612656,39.23555399612656,88.24311388715903,39.23555399612656,55.25764949946961,114.174042360072,76.32524113451959
2023-12-13 21:00:00,0.0,43.78631680547229,28.805558135404297,318.3503610300305,26.144252865499954,44.25008595062183,-43.78631680547229,43.78631680547229,-28.805558135404297,28.805558135404297,-318.3503610300305,318.3503610300305,-26.144252865499954,26.144252865499954,-44.25008595062183,44.25008595062183,92.26731495740577,43.78631680547229,56.951596795904756,119.09870449685081,80.11857056943218
2023-12-13 22:00:00,0.0,39.85538741602575,32.1755030521006,328.21122706423597,30.8396443831303,41.02144188935058,-39.85538741602575,39.85538741602575,-32.1755030521006,32.1755030521006,-328.21122706423597,328.21122706423597,-30.8396443831303,30.8396443831303,-41.02144188935058,41.02144188935058,94.42064076096864,39.85538741602575,57.02477991251932,122.75584209733063,81.02260313301882
2023-12-13 23:00:00,34.706451917036155,90.92288635921932,32.09314724026182,244.4997206561324,35.30007338763286,32.855038824024724,-56.216434442183164,56.216434442183164,2.6133046767743338,2.6133046767743338,-209.79326873909625,209.79326873909625,-0.5936214705967018,0.5936214705967018,1.8514130930114305,1.8514130930114305,87.13417329345423,35.30007338763286,64.29629367427366,98.05996756818271,72.7047207962327
2023-12-14 00:00:00,0.0,39.90892015643388,31.390440489114955,319.9567032804702,45.59529660938514,30.32576896076807,-39.90892015643388,39.90892015643388,-31.390440489114955,31.390440489114955,-319.9567032804702,319.9567032804702,-45.59529660938514,45.59529660938514,-30.32576896076807,30.32576896076807,93.43542589923445,39.90892015643388,54.2983028131316,126.19780567482528,78.90107151838755
2023-12-14 01:00:00,0.0,72.99104728775119,36.016801490222434,259.6934927624446,27.615077371385603,42.46235230983797,-72.99104728775119,72.99104728775119,-36.016801490222434,36.016801490222434,-259.6934927624446,259.6934927624446,-27.615077371385603,27.615077371385603,-42.46235230983797,42.46235230983797,87.75575424432836,42.46235230983797,62.30325614842461,101.692784470239,75.24243349643235
2023-12-14 02:00:00,0.0,51.894240162395306,31.89764226663164,297.9263617757733,34.20160366497466,39.45102967624767,-51.894240162395306,51.894240162395306,-31.89764226663164,31.89764226663164,-297.9263617757733,297.9263617757733,-34.20160366497466,34.20160366497466,-39.45102967624767,39.45102967624767,91.07417550920451,39.45102967624767,57.35778184705995,114.89385890159615,77.78053326168727
2023-12-14 03:00:00,49.262449269952874,59.965063452605676,32.50946871096082,282.97675949158776,35.03863137387479,40.34029454037885,-10.702614182652802,10.702614182652802,16.752980558992057,16.752980558992057,-233.7143102216349,233.7143102216349,14.223817896078081,14.223817896078081,8.922154729574025,8.922154729574025,90.16604351388159,40.34029454037885,57.970351624992986,111.01056875913989,76.79554372609195
2023-12-14 04:00:00,0.0,47.80548901604272,41.316490892870775,300.63937474438933,36.17139944382381,34.868109670863056,-47.80548901604272,47.80548901604272,-41.316490892870775,41.316490892870775,-300.63937474438933,300.63937474438933,-36.17139944382381,36.17139944382381,-34.868109670863056,34.868109670863056,92.16017275359795,41.316490892870775,56.9314173532515,117.05531946870754,77.60167753147991
2023-12-14 05:00:00,0.0,49.86903549213385,31.89764226663164,317.9772060375553,35.38993028819725,35.86253425220612,-49.86903549213385,49.86903549213385,-31.89764226663164,31.89764226663164,-317.9772060375553,317.9772060375553,-35.38993028819725,35.38993028819725,-35.86253425220612,35.86253425220612,94.19926966734482,35.86253425220612,55.73022942994828,120.30789420220731,78.82379787355687
2023-12-14 06:00:00,0.0,102.03729118420615,49.424215734422816,259.8924266256373,44.07467587726569,81.477097286633,-102.03729118420615,102.03729118420615,-49.424215734422816,49.424215734422816,-259.8924266256373,259.8924266256373,-44.07467587726569,44.07467587726569,-81.477097286633,81.477097286633,107.381141341633,81.477097286633,84.41657268673993,97.47238806216225,92.33833595032385
2023-12-14 07:00:00,333.6936413529771,654.4678162712622,549.6984566825021,548.7959295118251,257.1732971329568,494.56981465345734,-320.7741749182851,320.7741749182851,-216.00481532952494,216.00481532952494,-215.10228815884795,215.10228815884795,76.52034422002032,76.52034422002032,-160.87617330048022,160.87617330048022,500.9410628504007,548.7959295118251,532.403490474916,560.4403897596624,526.9553395711451
2023-12-14 08:00:00,1087.1457263111831,906.118582424848,1083.9440061662406,807.200196119736,405.0977232656288,1034.180949268288,181.02714388633512,181.02714388633512,3.2017201449425556,3.2017201449425556,279.9455301914471,279.9455301914471,682.0480030455543,682.0480030455543,52.96477704289509,52.96477704289509,847.3082914489484,906.118582424848,927.329139590732,926.8942051851101,932.5648515761999
2023-12-14 09:00:00,1174.6176550031375,1299.7230389639144,1176.7448241414536,798.0875584475993,1047.2463198646878,1333.0059941078594,-125.10538396077686,125.10538396077686,-2.1271691383160487,2.1271691383160487,376.5300965555382,376.5300965555382,127.3713351384497,127.3713351384497,-158.3883391047218,158.3883391047218,1130.9615471051031,1176.7448241414536,1214.3844214622113,1259.0794779494545,1234.8326780660923
2023-12-14 10:00:00,1962.067021949113,1597.2073926040468,1586.3221452430193,1119.218263466005,1182.8915438538027,1652.1678896787946,364.8596293450662,364.8596293450662,375.7448767060937,375.7448767060937,842.848758483108,842.848758483108,779.1754780953104,779.1754780953104,309.89913227031843,309.89913227031843,1427.5614469691336,1586.3221452430193,1539.036636958198,1562.8017580359972,1546.497385827844
2023-12-14 11:00:00,1839.9087257870826,1693.6833582184458,1790.1484751503738,1159.5032070753896,2128.577550330724,1910.4272228373059,146.22536756863678,146.22536756863678,49.76025063670886,49.76025063670886,680.405518711693,680.405518711693,-288.66882454364145,288.66882454364145,-70.51849705022323,70.51849705022323,1736.467962722448,1790.1484751503738,1802.3420338399585,1771.5418989553045,1801.5442169505295
2023-12-14 12:00:00,2115.9146490388703,2130.049930222302,2186.93720768085,1243.315703209503,1432.728217190486,2132.7383675945603,-14.135281183431744,14.135281183431744,-71.02255864197969,71.02255864197969,872.5989458293673,872.5989458293673,683.1864318483842,683.1864318483842,-16.823718555689993,16.823718555689993,1825.1538851795406,2130.049930222302,2024.9634444571384,2039.3876479211508,2010.883778268307
2023-12-14 13:00:00,1952.7523669156415,1945.3676311026172,1973.527513264756,1191.5977026825512,2211.9182279917604,2016.076974541388,7.3847358130242355,7.3847358130242355,-20.775146349114493,20.775146349114493,761.1546642330902,761.1546642330902,-259.165861076119,259.165861076119,-63.32460762574647,63.32460762574647,1867.6976099166145,1973.527513264756,1960.3800224498405,1943.2794277784478,1947.8527519600868
2023-12-14 14:00:00,1393.4660132250265,1503.4741066497843,1334.9385768285927,924.6903465310905,2300.410806611002,1485.6446375293426,-110.00809342475782,110.00809342475782,58.527436396433814,58.527436396433814,468.77566669393593,468.77566669393593,-906.9447933859756,906.9447933859756,-92.17862430431614,92.17862430431614,1509.8316948299625,1485.6446375293426,1499.5627314902401,1500.0325423677052,1498.9738486292445
2023-12-14 15:00:00,1162.5146822578165,1266.3947896651748,1096.7835773750276,935.7708808219328,1487.750087116747,1275.3642757114983,-103.88010740735831,103.88010740735831,65.73110488278894,65.73110488278894,226.7438014358837,226.7438014358837,-325.23540485893045,325.23540485893045,-112.84959345368179,112.84959345368179,1212.412722138076,1266.3947896651748,1217.7605251872346,1252.8910152209423,1238.750861692368
2023-12-14 16:00:00,905.692733299758,1071.5393791100878,1178.309331893362,887.7101346080309,1006.1227471405887,1196.2388801988363,-165.84664581032985,165.84664581032985,-272.61659859360407,272.61659859360407,17.98259869172705,17.98259869172705,-100.43001384083072,100.43001384083072,-290.5461468990784,290.5461468990784,1067.984094590181,1071.5393791100878,1128.3248931258204,1107.8826440807402,1123.7068561197716
2023-12-14 17:00:00,581.6820531198781,618.1555368000442,565.6128867478764,566.0928969895574,627.3691198667017,473.6517239579006,-36.473483680166055,36.473483680166055,16.069166372001746,16.069166372001746,15.589156130320703,15.589156130320703,-45.687066746823575,45.687066746823575,108.03032916197753,108.03032916197753,570.1764328724161,566.0928969895574,558.9014028425198,560.4106617691127,544.559250749553
2023-12-14 18:00:00,26.50340490406647,40.719553550541406,29.342000156466202,342.9164278872363,71.34427997751533,58.668000409989325,-14.216148646474934,14.216148646474934,-2.838595252399731,2.838595252399731,-316.4130229831698,316.4130229831698,-44.840875073448856,44.840875073448856,-32.164595505922854,32.164595505922854,108.5980523963497,58.668000409989325,63.413696091668015,66.46763726211827,72.41761056740368
2023-12-14 19:00:00,61.650104078347226,54.46158211561789,28.193731691075115,311.02873757018585,32.2801909719388,42.303524802588306,7.1885219627293395,7.1885219627293395,33.45637238727211,33.45637238727211,-249.37863349183863,249.37863349183863,29.369913106408426,29.369913106408426,19.34657927575892,19.34657927575892,93.65355343028119,42.303524802588306,55.411312256103685,118.91175510060776,79.48833585358733
2023-12-14 20:00:00,81.46235049487366,49.42895554038771,30.635218943908296,355.86822681776937,39.7015079973152,49.44747315414173,32.03339495448595,32.03339495448595,50.82713155096536,50.82713155096536,-274.4058763228957,274.4058763228957,41.760842497558464,41.760842497558464,32.01487734073193,32.01487734073193,105.01627649070447,49.42895554038771,60.41327122681842,137.46975790637322,90.25765866892674
2023-12-14 21:00:00,35.5974387725798,60.27534913412725,31.19511680491122,319.064866272075,27.0245841474822,40.980338690522885,-24.677910361547447,24.677910361547447,4.4023219676685805,4.4023219676685805,-283.4674274994952,283.4674274994952,8.572854625097598,8.572854625097598,-5.382899917943085,5.382899917943085,95.7080510098237,40.980338690522885,57.45499038664418,118.82339514777225,80.22119360039424
2023-12-14 22:00:00,0.0,46.65570030130593,29.931685111819913,312.40118413897767,33.16906002463271,27.56449342363757,-46.65570030130593,46.65570030130593,-29.931685111819913,29.931685111819913,-312.40118413897767,312.40118413897767,-33.16906002463271,33.16906002463271,-27.56449342363757,27.56449342363757,89.94442460007475,33.16906002463271,50.30369601535442,116.93869725893619,73.67450158702965
2023-12-14 23:00:00,101.27024710156,69.78387145100324,31.401987216094984,319.95098518751524,36.371287468738444,36.21543888276698,31.486375650556766,31.486375650556766,69.86825988546502,69.86825988546502,-218.68073808595523,218.68073808595523,64.89895963282156,64.89895963282156,65.05480821879303,65.05480821879303,98.74471404122377,36.371287468738444,59.30605824254121,121.44519678437149,81.21740709287197
2023-12-15 00:00:00,0.0,65.83654430228498,29.706104341742165,273.6367120940404,47.328976619415236,51.190562999736876,-65.83654430228498,65.83654430228498,-29.706104341742165,29.706104341742165,-273.6367120940404,273.6367120940404,-47.328976619415236,47.328976619415236,-51.190562999736876,51.190562999736876,93.53978007144393,51.190562999736876,60.868749308703315,116.37977317589927,82.12062535961692
2023-12-15 01:00:00,9.05692647176395,48.5332124745484,31.823320575862272,305.2284728601995,29.3060487459227,40.89093587453739,-39.47628600278445,39.47628600278445,-22.766394104098325,22.766394104098325,-296.1715463884355,296.1715463884355,-20.24912227415875,20.24912227415875,-31.83400940277344,31.83400940277344,91.15639810621404,40.89093587453739,54.714328720394754,115.55824211879013,77.49123804790575
2023-12-15 02:00:00,71.73906066377175,42.09701617748475,32.50946871096082,310.56596534297927,39.387604665992804,39.301187630577495,29.642044486287006,29.642044486287006,39.229591952810935,39.229591952810935,-238.82690467920753,238.82690467920753,32.35145599777895,32.35145599777895,32.43787303319426,32.43787303319426,92.77224850559902,39.387604665992804,54.184986559615695,120.74111286908874,78.89251705584664
2023-12-15 03:00:00,0.0,41.35512161159452,39.51609745119049,320.192746363955,36.7311480455444,26.677924409946108,-41.35512161159452,41.35512161159452,-39.51609745119049,39.51609745119049,-320.192746363955,320.192746363955,-36.7311480455444,36.7311480455444,-26.677924409946108,26.677924409946108,92.89460757644609,39.51609745119049,53.281070294110734,122.6051123627614,76.68036119434008
2023-12-15 04:00:00,0.0,52.81414177398226,34.80559618866621,327.6757310487044,37.69144495016955,47.87427570835115,-52.81414177398226,52.81414177398226,-34.80559618866621,34.80559618866621,-327.6757310487044,327.6757310487044,-37.69144495016955,37.69144495016955,-47.87427570835115,47.87427570835115,100.17223793397471,47.87427570835115,60.80183098654109,127.74158000718448,86.17232602658284
2023-12-15 05:00:00,104.05875045535475,42.73729655246995,31.50649778342245,276.22671430329723,39.8921067442358,43.19758652070301,61.321453902884805,61.321453902884805,72.55225267193231,72.55225267193231,-172.16796384794247,172.16796384794247,64.16664371111895,64.16664371111895,60.86116393465174,60.86116393465174,86.71204038082568,42.73729655246995,53.10469797965024,111.64604595442447,75.40714856052814
2023-12-15 06:00:00,125.49288299150514,40.74282225493946,33.19083393079523,304.1313453011524,49.88716254046182,27.694186468166478,84.75006073656567,84.75006073656567,92.30204906070992,92.30204906070992,-178.63846230964725,178.63846230964725,75.60572045104331,75.60572045104331,97.79869652333866,97.79869652333866,91.12927009910308,40.74282225493946,52.33072960483226,51.94416587215665,55.04715995655059
2023-12-15 07:00:00,294.36215826526757,659.9462849435766,520.4951233400366,463.67603797371294,401.1059387001519,514.8440524931227,-365.5841266783091,365.5841266783091,-226.132965074769,226.132965074769,-169.31387970844537,169.31387970844537,-106.74378043488434,106.74378043488434,-220.48189422785515,220.48189422785515,512.0134874901202,514.8440524931227,537.0280638187292,572.0357759724036,538.0906599339884
2023-12-15 08:00:00,838.023392910303,1007.202753981766,1139.7805507011074,786.64235659875,352.3836341822064,1153.0883197826931,-169.17936107146306,169.17936107146306,-301.7571577908044,301.7571577908044,51.381036311552975,51.381036311552975,485.6397587280966,485.6397587280966,-315.0649268723902,315.0649268723902,887.8195230493045,1007.202753981766,1001.0855511974785,1015.1534544423057,1013.0532702583347
2023-12-15 09:00:00,1411.5034290049755,1220.3345411541338,1101.7050808900428,906.9374930009587,979.7555602282196,1218.4000331368184,191.16888785084166,191.16888785084166,309.79834811493265,309.79834811493265,504.56593600401675,504.56593600401675,431.7478687767559,431.7478687767559,193.10339586815712,193.10339586815712,1085.426541682035,1101.7050808900428,1133.5136580284502,1179.2817889073094,1154.6039490444987
2023-12-15 10:00:00,1473.848735143246,1833.7178656649799,1721.1706354627538,936.9593586399084,928.174296000401,1706.1925286296942,-359.86913052173395,359.86913052173395,-247.3219003195079,247.3219003195079,536.8893765033375,536.8893765033375,545.6744391428449,545.6744391428449,-232.34379348644825,232.34379348644825,1425.2429368795474,1706.1925286296942,1591.9173216831894,1672.9177859187644,1605.7376253824345
2023-12-15 11:00:00,1917.0208952366797,1984.6228687089063,2037.5347505850523,1329.394321825632,1253.3712048675263,2063.6190239516213,-67.60197347222652,67.60197347222652,-120.51385534837254,120.51385534837254,587.6265734110477,587.6265734110477,663.6496903691534,663.6496903691534,-146.5981287149416,146.5981287149416,1733.7084339877474,1984.6228687089063,1879.069131137754,1933.0473848653733,1903.1004463888116
2023-12-15 12:00:00,1906.4824956185698,2158.6746020092714,2235.3647103124445,1343.3091289298359,1567.0494276601032,2198.207510777695,-252.1921063907016,252.1921063907016,-328.88221469387463,328.88221469387463,563.173366688734,563.173366688734,339.4330679584666,339.4330679584666,-291.7250151591252,291.7250151591252,1900.5210759378701,2158.6746020092714,2056.6345188769155,2093.0884168183784,2064.662598051701
2023-12-15 13:00:00,1803.016354829961,2088.3154789143896,2112.1050531552364,1187.7824779092114,1705.5628239883565,2098.927300232113,-285.2991240844285,285.2991240844285,-309.08869832527535,309.08869832527535,615.2338769207497,615.2338769207497,97.45353084160456,97.45353084160456,-295.9109454021518,295.9109454021518,1838.538626839861,2088.3154789143896,1966.7426528285887,2016.565969687348,1982.4857721691756
2023-12-15 14:00:00,1721.791850318056,1586.36047591811,1632.2140275779375,1187.5683161574764,2112.731171822681,1719.5076098692089,135.43137439994598,135.43137439994598,89.57782274011856,89.57782274011856,534.2235341605797,534.2235341605797,-390.939321504625,390.939321504625,2.2842404488471857,2.2842404488471857,1647.6763202690825,1632.2140275779375,1671.3319950901218,1644.6993694087314,1668.246195377314
2023-12-15 15:00:00,1477.6268266819816,1384.1726445726897,1260.3684231908878,1087.7734141085966,1918.8044721092238,1445.185720791885,93.45418210929188,93.45418210929188,217.25840349109376,217.25840349109376,389.85341257338496,389.85341257338496,-441.17764542724217,441.17764542724217,32.44110589009665,32.44110589009665,1419.2609349546565,1384.1726445726897,1430.7484937046816,1413.0030545530383,1426.0147956266244
2023-12-15 16:00:00,997.6113349149896,916.5473449271171,1032.3254929794791,798.751567884765,1399.0442098948313,1107.7061329686462,81.06398998787245,81.06398998787245,-34.71415806448954,34.71415806448954,198.8597670302246,198.8597670302246,-401.4328749798417,401.4328749798417,-110.09479805365663,110.09479805365663,1050.8749497309677,1032.3254929794791,1060.3198467075638,1014.193262780731,1054.0701493864112
2023-12-15 17:00:00,529.7941613549378,658.5691615606443,565.6128867478764,530.2539923733511,694.8898296388492,491.92323539266323,-128.77500020570642,128.77500020570642,-35.81872539293852,35.81872539293852,-0.459831018413297,0.459831018413297,-165.09566828391132,165.09566828391132,37.87092596227461,37.87092596227461,588.2498211426769,565.6128867478764,585.8468396980064,587.4795815848597,568.0325376919279
2023-12-15 18:00:00,176.57071485065654,67.75455978323335,32.6470246857066,337.0967265908463,69.53796465791322,54.814377933437335,108.8161550674232,108.8161550674232,143.92369016494996,143.92369016494996,-160.52601174018974,160.52601174018974,107.03275019274332,107.03275019274332,121.75633691721922,121.75633691721922,112.37013073022736,67.75455978323335,79.4503574271602,77.25717651239275,80.44916191459882
2023-12-15 19:00:00,0.0,42.65900499542107,28.453577155116754,313.3177038559424,35.69245727206508,33.07624518367206,-42.65900499542107,42.65900499542107,-28.453577155116754,28.453577155116754,-313.3177038559424,313.3177038559424,-35.69245727206508,35.69245727206508,-33.07624518367206,33.07624518367206,90.63979769244347,35.69245727206508,60.514045310534655,118.98003124722827,78.59143154255199
2023-12-15 20:00:00,30.28749006584418,39.20317755638768,38.340227422045025,313.6111781084529,36.2965530531983,34.41887151293876,-8.915687490543498,8.915687490543498,-8.052737356200844,8.052737356200844,-283.32368804260875,283.32368804260875,-6.00906298735412,6.00906298735412,-4.131381447094576,4.131381447094576,92.37400153060454,38.340227422045025,62.40332722602872,120.1040428804287,80.11078564064589
2023-12-15 21:00:00,100.43935609356778,39.32179710172515,28.805558135404297,306.2723943827283,25.68687863896929,35.71863734999039,61.11755899184263,61.11755899184263,71.63379795816348,71.63379795816348,-205.83303828916053,205.83303828916053,74.75247745459849,74.75247745459849,64.7207187435774,64.7207187435774,87.16105312176349,35.71863734999039,57.99309051917816,112.87206097540331,75.83548354272523
2023-12-15 22:00:00,0.0,46.415960253512715,30.659332216550713,322.7070983945243,35.49885902309409,40.143426812302174,-46.415960253512715,46.415960253512715,-30.659332216550713,30.659332216550713,-322.7070983945243,322.7070983945243,-35.49885902309409,35.49885902309409,-40.143426812302174,40.143426812302174,95.08493533999679,40.143426812302174,65.05465330339831,123.05470117128557,83.47847877286496
2023-12-15 23:00:00,17.80528280658048,60.332001657765005,31.164046494860994,307.67199192721796,35.08809999883802,33.15848340102591,-42.526718851184526,42.526718851184526,-13.358763688280515,13.358763688280515,-289.8667091206375,289.8667091206375,-17.28281719225754,17.28281719225754,-15.353200594445433,15.353200594445433,93.48292469594159,35.08809999883802,65.26815882656796,116.86326757735199,79.96770954056947
2023-12-16 00:00:00,187.2324524626361,54.21786218935788,32.67721795468869,314.33093948726565,44.79703833939299,39.24262109371006,133.01459027327823,133.01459027327823,154.5552345079474,154.5552345079474,-127.09848702462955,127.09848702462955,142.4354141232431,142.4354141232431,147.98983136892605,147.98983136892605,97.05313581288306,44.79703833939299,67.26945160871537,125.65720868375479,85.13714946905968
2023-12-16 01:00:00,0.0,50.505108252477896,34.753286651241524,314.7179138600512,34.16897244696684,38.71005507494,-50.505108252477896,50.505108252477896,-34.753286651241524,34.753286651241524,-314.7179138600512,314.7179138600512,-34.16897244696684,34.16897244696684,-38.71005507494,38.71005507494,94.5710672571355,38.71005507494,66.42302218163653,119.6959796592841,82.49192501869128
2023-12-16 02:00:00,106.83465380037896,46.042021523285946,30.097248824951354,283.8994547991402,37.65493651761094,32.67133570502638,60.79263227709301,60.79263227709301,76.73740497542761,76.73740497542761,-177.06480099876123,177.06480099876123,69.17971728276802,69.17971728276802,74.16331809535258,74.16331809535258,86.07299947400296,37.65493651761094,60.16218224543931,111.52829200206972,75.25600931005857
2023-12-16 03:00:00,0.0,40.43117846489252,34.753286651241524,295.8376386519497,39.83583392759796,42.37079533963598,-40.43117846489252,40.43117846489252,-34.753286651241524,34.753286651241524,-295.8376386519497,295.8376386519497,-39.83583392759796,39.83583392759796,-42.37079533963598,42.37079533963598,90.64574660706354,40.43117846489252,64.46048743302492,116.81497870609185,80.98594823107493
2023-12-16 04:00:00,179.958701731699,33.16611228341009,33.23711581569162,303.49389527589364,38.508866728804605,36.473091742507215,146.7925894482889,146.7925894482889,146.72158591600737,146.72158591600737,-123.53519354419464,123.53519354419464,141.4498350028944,141.4498350028944,143.48560998919177,143.48560998919177,88.97581636926142,36.473091742507215,61.38086810823757,117.39364279704209,78.72213489393762
2023-12-16 05:00:00,0.0,49.45639852604398,33.23711581569162,290.7753592296652,43.678206166073835,37.01642709544397,-49.45639852604398,49.45639852604398,-33.23711581569162,33.23711581569162,-290.7753592296652,290.7753592296652,-43.678206166073835,43.678206166073835,-37.01642709544397,37.01642709544397,90.83270136658372,43.678206166073835,66.44094137457759,117.80735208515124,80.84431373032417
2023-12-16 06:00:00,6.495619101028412,56.82420427561087,34.80559618866621,310.11346160263025,42.33567094701317,39.14284555842037,-50.32858517458246,50.32858517458246,-28.309977087637797,28.309977087637797,-303.61784250160184,303.61784250160184,-35.84005184598476,35.84005184598476,-32.64722645739196,32.64722645739196,96.64435571446818,42.33567094701317,70.3610945364923,63.46584209211092,67.30552124315868
2023-12-16 07:00:00,339.24277938768756,660.5110365712369,525.485052041046,533.721043885928,372.3418436232066,530.3209822742067,-321.26825718354934,321.26825718354934,-186.24227265335838,186.24227265335838,-194.47826449824043,194.47826449824043,-33.09906423551905,33.09906423551905,-191.07820288651914,191.07820288651914,524.4759916791248,530.3209822742067,537.6365828265168,580.6435068144942,546.4434216829695
2023-12-16 08:00:00,825.5459427885601,831.9812338698813,904.5363584136373,724.4995092006,583.9529973981491,862.4176457849918,-6.435291081321225,6.435291081321225,-78.99041562507728,78.99041562507728,101.04643358796011,101.04643358796011,241.59294539041093,241.59294539041093,-36.871702996431736,36.871702996431736,781.4775489334519,831.9812338698813,810.0765184715244,825.9610519634856,819.5903100741918
2023-12-16 09:00:00,1285.7584334035355,1422.9465649708457,1439.25293148773,1010.7856284888658,741.9473481804772,1459.6016094954186,-137.18813156731017,137.18813156731017,-153.49449808419445,153.49449808419445,274.9728049146697,274.9728049146697,543.8110852230583,543.8110852230583,-173.84317609188315,173.84317609188315,1214.9068165246674,1422.9465649708457,1300.232912140369,1371.531153794364,1336.4309049844371
2023-12-16 10:00:00,1633.0145937431464,1596.81523706194,1614.8579761797703,1052.5624257662448,1405.8912036544293,1658.9526415092994,36.19935668120638,36.19935668120638,18.15661756337613,18.15661756337613,580.4521679769016,580.4521679769016,227.1233900887171,227.1233900887171,-25.938047766152977,25.938047766152977,1465.8158968343369,1596.81523706194,1542.5122158785891,1576.1566563278668,1560.554369330664
2023-12-16 11:00:00,1830.3561393030272,2096.6312682457856,2061.5358882718747,1308.7506240834598,1455.0994778762467,2154.2559532739283,-266.27512894275833,266.27512894275833,-231.17974896884743,231.17974896884743,521.6055152195675,521.6055152195675,375.2566614267805,375.2566614267805,-323.89981397090105,323.89981397090105,1815.254642350259,2061.5358882718747,1950.5710459863644,2029.5056859855704,1987.9251387164181
2023-12-16 12:00:00,1941.3383899527926,2041.128631306177,2002.607930108058,1154.8270411067433,1817.925365622564,2100.4792268382175,-99.79024135338454,99.79024135338454,-61.26954015526553,61.26954015526553,786.5113488460493,786.5113488460493,123.41302433022861,123.41302433022861,-159.14083688542496,159.14083688542496,1823.3936389963521,2002.607930108058,1936.2550439499557,1993.6133122728418,1963.7350800337533
2023-12-16 13:00:00,1729.8015284829899,1658.4163376801944,1697.6733855047883,1066.6285039668323,2067.7640702138724,1829.1968865411288,71.38519080279548,71.38519080279548,32.128142978201595,32.128142978201595,663.1730245161575,663.1730245161575,-337.96254173088255,337.96254173088255,-99.39535805813898,99.39535805813898,1663.9358367813632,1697.6733855047883,1730.1130525397364,1711.3063520688252,1731.0523660470667
2023-12-16 14:00:00,1548.4357180099037,1811.6412758981617,1882.058395832488,1175.0600080289528,1672.41862916486,1837.8081172852565,-263.205557888258,263.205557888258,-333.62267782258436,333.62267782258436,373.3757099809509,373.3757099809509,-123.98291115495635,123.98291115495635,-289.3723992753528,289.3723992753528,1675.7972852419439,1811.6412758981617,1773.6152704834426,1778.738131117425,1768.4271009857002
2023-12-16 15:00:00,1262.6710718833665,1499.3974382963593,1566.6608540203276,1037.3835193342647,1419.8457100850067,1541.7406412872933,-236.72636641299277,236.72636641299277,-303.98978213696114,303.98978213696114,225.28755254910175,225.28755254910175,-157.17463820164016,157.17463820164016,-279.06956940392683,279.06956940392683,1413.0056326046501,1499.3974382963593,1479.1126839810383,1486.1828574861265,1480.5379172185383
2023-12-16 16:00:00,1216.352043242629,965.9307726888176,1095.010043586538,817.7528183264151,1148.808068913382,1091.7759460378854,250.42127055381138,250.42127055381138,121.34199965609105,121.34199965609105,398.59922491621387,398.59922491621387,67.54397432924702,67.54397432924702,124.57609720474352,124.57609720474352,1023.8555299106076,1091.7759460378854,1048.879198507913,1021.0617518600749,1044.108580300095
2023-12-16 17:00:00,545.639493072578,689.9668305576712,558.7012718084753,581.854244133987,804.3628216875321,551.4659865364458,-144.32733748509315,144.32733748509315,-13.061778735897292,13.061778735897292,-36.21475106140895,36.21475106140895,-258.7233286149541,258.7233286149541,-5.826493463867791,5.826493463867791,637.2702309448223,581.854244133987,635.8822275321143,632.6075974674488,618.2941909961226
2023-12-16 18:00:00,0.0,57.9755296901686,30.846631244026323,324.6604740757948,64.13166688966483,55.352362965750814,-57.9755296901686,57.9755296901686,-30.846631244026323,30.846631244026323,-324.6604740757948,324.6604740757948,-64.13166688966483,64.13166688966483,-55.352362965750814,55.352362965750814,106.59333297308108,57.9755296901686,73.47328098561286,71.77392065771701,75.96329968076535
2023-12-16 19:00:00,0.0,44.91765306034653,28.973307379132173,290.45804632273394,31.954408984614137,35.99554893222011,-44.91765306034653,44.91765306034653,-28.973307379132173,28.973307379132173,-290.45804632273394,290.45804632273394,-31.954408984614137,31.954408984614137,-35.99554893222011,35.99554893222011,86.45979293580938,35.99554893222011,55.48157642353665,110.71784217033186,74.35089395176645
2023-12-16 20:00:00,22.590424537286122,42.95149026024239,29.486923355238705,327.6518766018103,37.133191401829784,37.318073833603854,-20.361065722956265,20.361065722956265,-6.896498817952583,6.896498817952583,-305.06145206452413,305.06145206452413,-14.542766864543662,14.542766864543662,-14.727649296317733,14.727649296317733,94.908311090545,37.318073833603854,59.45543861270285,124.34426169135615,81.58518707604746
2023-12-16 21:00:00,10.066603857423777,52.425930101339866,29.68186272075204,285.9994813216836,23.770659454290037,44.94185301578213,-42.35932624391609,42.35932624391609,-19.615258863328265,19.615258863328265,-275.93287746425983,275.93287746425983,-13.70405559686626,13.70405559686626,-34.87524915835835,34.87524915835835,87.36395732276954,44.94185301578213,57.72668693158678,108.79066408295573,76.41636737207308
2023-12-16 22:00:00,0.0,46.45339926725505,30.613050331654325,291.8502654940006,32.26310225636013,37.12914362831149,-46.45339926725505,46.45339926725505,-30.613050331654325,30.613050331654325,-291.8502654940006,291.8502654940006,-32.26310225636013,32.26310225636013,-37.12914362831149,37.12914362831149,87.66179219551631,37.12914362831149,56.26126082166519,111.59906363923767,75.31628450303641
2023-12-16 23:00:00,219.3314956887976,62.677749183659664,30.178184880610612,344.7379962834291,36.607276972871304,50.50803065000805,156.65374650513792,156.65374650513792,189.15331080818697,189.15331080818697,-125.4065005946315,125.4065005946315,182.72421871592627,182.72421871592627,168.82346503878955,168.82346503878955,104.94184759411576,50.50803065000805,68.00163518193072,133.21671886917966,91.45548186415787
2023-12-17 00:00:00,261.87288208686533,58.81422031477825,32.67721795468869,296.2820491701491,44.960857741186096,39.03654835084027,203.05866177208708,203.05866177208708,229.19566413217663,229.19566413217663,-34.40916708328376,34.40916708328376,216.91202434567924,216.91202434567924,222.83633373602507,222.83633373602507,94.35417870632848,44.960857741186096,64.45544883736241,120.35721516987499,82.12194461360497
2023-12-17 01:00:00,0.0,56.12412234959765,32.95289320956124,339.39337803096714,35.69864317251194,34.09267318636168,-56.12412234959765,56.12412234959765,-32.95289320956124,32.95289320956124,-339.39337803096714,339.39337803096714,-35.69864317251194,35.69864317251194,-34.09267318636168,34.09267318636168,99.65234198979992,35.69864317251194,65.55948144988463,126.8070636300485,84.45896655921226
2023-12-17 02:00:00,87.29568659267387,43.64543317199803,40.87341782633532,283.7460306504371,35.97104415854594,40.43583548108133,43.650253420675845,43.650253420675845,46.422268766338554,46.422268766338554,-196.45034405776323,196.45034405776323,51.32464243412793,51.32464243412793,46.85985111159255,46.85985111159255,88.93435225767954,40.87341782633532,61.48474581862059,111.7742522064501,77.85173695527338
2023-12-17 03:00:00,92.31661713210025,38.53495134654915,33.23711581569162,316.979363696333,38.60829337382141,47.177838159760256,53.7816657855511,53.7816657855511,59.07950131640863,59.07950131640863,-224.66274656423275,224.66274656423275,53.70832375827884,53.70832375827884,45.13877897233999,45.13877897233999,94.90751247843109,38.60829337382141,63.05845400700596,122.11961447057489,83.97049067091253
2023-12-17 04:00:00,105.58731394775774,57.41058713900143,33.19083393079523,282.77082075860125,35.3880797899989,30.618935895649823,48.17672680875631,48.17672680875631,72.3964800169625,72.3964800169625,-177.1835068108435,177.1835068108435,70.19923415775884,70.19923415775884,74.96837805210791,74.96837805210791,87.87585150280933,35.3880797899989,60.07893722681689,109.6029020805796,74.60350927191077
2023-12-17 05:00:00,0.0,33.069006428368446,31.791235587424534,332.81241198532047,43.46450687384363,38.57414565952264,-33.069006428368446,33.069006428368446,-31.791235587424534,31.791235587424534,-332.81241198532047,332.81241198532047,-43.46450687384363,43.46450687384363,-38.57414565952264,38.57414565952264,95.94226130689593,38.57414565952264,61.12666214960029,128.8017700429904,83.88181105106092
2023-12-17 06:00:00,193.94492172205372,49.69629459417072,31.89764226663164,275.2216979641066,45.70040071177248,41.78151118217064,144.248627127883,144.248627127883,162.04727945542209,162.04727945542209,-81.2767762420529,81.2767762420529,148.24452101028123,148.24452101028123,152.16341053988307,152.16341053988307,88.85950934377043,45.70040071177248,61.17019396886168,59.07082399545061,62.200509494481906
2023-12-17 07:00:00,411.7548362298566,602.4879994013176,496.9381456718468,473.0462352441015,425.8722937171381,445.09966359347516,-190.73316317146094,190.73316317146094,-85.18330944199022,85.18330944199022,-61.29139901424492,61.29139901424492,-14.117457487281513,14.117457487281513,-33.34482736361855,33.34482736361855,488.6888675255758,473.0462352441015,493.4646156264019,521.1317590962424,491.13661864060344
2023-12-17 08:00:00,907.65248699433,822.7645821909356,875.8436561959923,692.6601125766276,648.5657554124,934.4903331948053,84.88790480339446,84.88790480339446,31.808830798337794,31.808830798337794,214.99237441770242,214.99237441770242,259.08673158193005,259.08673158193005,-26.83784620047527,26.83784620047527,794.8648879141522,822.7645821909356,821.2402891336814,847.9123992090614,846.6168507246143
2023-12-17 09:00:00,1344.7386183053202,1401.3584993400602,1257.6640596143527,1005.5206835519316,977.0162561980462,1419.3774665940555,-56.61988103474005,56.61988103474005,87.07455869096748,87.07455869096748,339.2179347533886,339.2179347533886,367.72236210727397,367.72236210727397,-74.63884828873529,74.63884828873529,1212.1873930596892,1257.6640596143527,1257.9473781055742,1350.0128576321474,1308.7010426520653
2023-12-17 10:00:00,1629.948209235465,1729.1284947672889,1709.3111061636614,1070.5955291887674,1304.9586980037666,1769.3240823537944,-99.18028553182398,99.18028553182398,-79.3628969281965,79.3628969281965,559.3526800466975,559.3526800466975,324.9895112316983,324.9895112316983,-139.37587311832954,139.37587311832954,1516.6635820954557,1709.3111061636614,1602.2712474409216,1677.4476972416905,1641.1132162946337
2023-12-17 11:00:00,1821.0064074881273,1821.9649676892657,1829.1178130888827,1099.2367349022843,1593.0968520298254,1863.130832714804,-0.9585602011384253,0.9585602011384253,-8.111405600755461,8.111405600755461,721.769672585843,721.769672585843,227.90955545830184,227.90955545830184,-42.12442522667675,42.12442522667675,1641.3094400850125,1821.9649676892657,1730.6111742564726,1780.1180689156513,1754.1068275116006
2023-12-17 12:00:00,1832.6337133406598,2020.0331515999292,2086.6287952651114,1326.2980766348235,1775.2943946017213,2085.334721073944,-187.39943825926935,187.39943825926935,-253.9950819244516,253.9950819244516,506.33563670583635,506.33563670583635,57.33931873893857,57.33931873893857,-252.7010077332841,252.7010077332841,1858.7178278351057,2020.0331515999292,1958.7415820729018,1991.2290253126866,1973.8016919974862
2023-12-17 13:00:00,1571.7014430927177,1675.3681362525735,1764.1490990538753,1177.143830509834,2021.9976099381272,1853.73266324029,-103.66669315985587,103.66669315985587,-192.44765596115758,192.44765596115758,394.5576125828836,394.5576125828836,-450.2961668454095,450.2961668454095,-282.0312201475724,282.0312201475724,1698.4782677989401,1764.1490990538753,1765.6031131366117,1735.8105338127984,1760.8662802926692
2023-12-17 14:00:00,1712.2382233432616,1679.6039821015743,1713.501983044628,1149.0468150071401,1689.029596735847,1816.0028847196274,32.63424124168728,32.63424124168728,-1.2637597013665527,1.2637597013665527,563.1914083361214,563.1914083361214,23.208626607414544,23.208626607414544,-103.7646613763659,103.7646613763659,1609.4370523217635,1689.029596735847,1675.573378378049,1699.473573953047,1697.6020731076069
2023-12-17 15:00:00,1065.4115852483844,1240.9582285947931,1096.4119478449948,755.1662744949302,1855.8801538416185,1234.8964461346632,-175.5466433464087,175.5466433464087,-31.00036259661033,31.00036259661033,310.2453107534542,310.2453107534542,-790.4685685932341,790.4685685932341,-169.48486088627874,169.48486088627874,1236.6626101821998,1234.8964461346632,1271.217230965476,1237.851008332976,1247.0322830529083
2023-12-17 16:00:00,1006.7501467763251,1182.317323694206,1182.072858538866,672.8231113791065,849.3138151829443,1219.7178482497466,-175.56717691788083,175.56717691788083,-175.32271176254096,175.32271176254096,333.92703539721856,333.92703539721856,157.43633159338083,157.43633159338083,-212.96770147342147,212.96770147342147,1021.248991408974,1182.072858538866,1104.6688634888758,1145.2169813752985,1123.1591213909965
2023-12-17 17:00:00,513.1030120701867,622.7283605783995,538.2235838779579,545.890698486451,706.8531920116369,477.351965210917,-109.62534850821282,109.62534850821282,-25.120571807771285,25.120571807771285,-32.787686416264364,32.787686416264364,-193.75017994145026,193.75017994145026,35.75104685926965,35.75104685926965,578.2095600330725,545.890698486451,569.3160138384486,565.7598018045567,551.6350497416995
2023-12-17 18:00:00,1.3480019696704462,49.39325275847962,31.101685613109677,316.677143667766,69.33881247059693,40.75546978629775,-48.04525078880917,48.04525078880917,-29.75368364343923,29.75368364343923,-315.32914169809555,315.32914169809555,-67.99081050092649,67.99081050092649,-39.4074678166273,39.4074678166273,101.45327285924999,49.39325275847962,65.86509184093235,62.41992389705617,66.9272532505061
2023-12-17 19:00:00,148.1574790554385,58.177117670910945,28.75362955207804,266.72483787430644,32.0414065606822,38.22365181922937,89.98036138452755,89.98036138452755,119.40384950336046,119.40384950336046,-118.56735881886794,118.56735881886794,116.11607249475631,116.11607249475631,109.93382723620914,109.93382723620914,84.78412869544141,38.22365181922937,57.537410199577764,104.30110953233363,73.15311202250757
2023-12-17 20:00:00,0.0,38.91155182480344,31.049376075684993,316.16198362399643,42.39148446032528,39.03779489336148,-38.91155182480344,38.91155182480344,-31.049376075684993,31.049376075684993,-316.16198362399643,316.16198362399643,-42.39148446032528,42.39148446032528,-39.03779489336148,39.03779489336148,93.51043817563432,39.03779489336148,60.02999253926808,123.5165273393375,81.57360257738083
2023-12-17 21:00:00,0.0,55.01431604857459,32.6470246857066,329.7716742941602,25.437287734334404,46.00087920848933,-55.01431604857459,55.01431604857459,-32.6470246857066,32.6470246857066,-329.7716742941602,329.7716742941602,-25.437287734334404,25.437287734334404,-46.00087920848933,46.00087920848933,97.77423639425304,46.00087920848933,65.1013724446687,122.90668114452862,85.15743919730767
2023-12-17 22:00:00,0.0,34.1727171303477,30.491582972822837,290.43812981428783,32.51766585112064,38.01328110220009,-34.1727171303477,34.1727171303477,-30.491582972822837,30.491582972822837,-290.43812981428783,290.43812981428783,-32.51766585112064,32.51766585112064,-38.01328110220009,38.01328110220009,85.12667537415582,34.1727171303477,54.989083377250395,110.39032042383892,74.24181243559798
2023-12-17 23:00:00,117.09677668550098,80.59610239731336,7.448259986085837,245.2503636745966,31.092565661439572,11.563522183854714,36.500674288187625,36.500674288187625,109.64851669941515,109.64851669941515,-128.15358698909563,128.15358698909563,86.00421102406142,86.00421102406142,105.53325450164627,105.53325450164627,75.19016278065803,31.092565661439572,50.28125984905354,95.33990506538667,61.03708646723461
2023-12-18 00:00:00,0.0,59.45679262213482,32.67721795468869,333.91022959311465,38.519204345263574,11.984585920188994,-59.45679262213482,59.45679262213482,-32.67721795468869,32.67721795468869,-333.91022959311465,333.91022959311465,-38.519204345263574,38.519204345263574,-11.984585920188994,11.984585920188994,95.30960608707815,38.519204345263574,59.716317113547525,127.13651191961891,77.51468711140336
2023-12-18 01:00:00,0.0,62.197274362329544,35.21933291778654,304.96640668433116,28.709653033188246,48.35970700841784,-62.197274362329544,62.197274362329544,-35.21933291778654,35.21933291778654,-304.96640668433116,304.96640668433116,-28.709653033188246,28.709653033188246,-48.35970700841784,48.35970700841784,95.89047480121067,48.35970700841784,63.61562429046385,117.4816953211,83.17923224539486
2023-12-18 02:00:00,57.54620345589553,58.93333506802553,33.19083393079523,278.72685984440494,35.52899739193172,40.23753981884622,-1.3871316121299984,1.3871316121299984,24.3553695251003,24.3553695251003,-221.18065638850942,221.18065638850942,22.017206063963812,22.017206063963812,17.308663637049307,17.308663637049307,89.32351321080073,40.23753981884622,59.439578297026195,109.90091885574805,76.71435975176166
2023-12-18 03:00:00,265.2242334527783,42.78991175747552,31.141955356027857,289.62182270249195,34.075656845008695,31.157370000930683,222.4343216953028,222.4343216953028,234.08227809675046,234.08227809675046,-24.397589249713633,24.397589249713633,231.14857660776963,231.14857660776963,234.06686345184764,234.06686345184764,85.75734333238692,34.075656845008695,52.76561375798312,110.73950660225368,72.43447877473456
2023-12-18 04:00:00,120.82576369276059,54.85290233112286,33.19083393079523,303.42439855111013,42.0553804108883,33.639493473691665,65.97286136163773,65.97286136163773,87.63492976196537,87.63492976196537,-182.59863485834956,182.59863485834956,78.77038328187228,78.77038328187228,87.18627021906892,87.18627021906892,93.43260173952163,42.0553804108883,61.22321014902554,120.46608585295483,79.92120784323676
2023-12-18 05:00:00,13.261638336448566,64.5384877194741,43.428388192223025,292.67837860550895,43.30445005533348,82.76402690408663,-51.276849383025535,51.276849383025535,-30.16674985577446,30.16674985577446,-279.41674026906037,279.41674026906037,-30.042811718884916,30.042811718884916,-69.50238856763806,69.50238856763806,105.34274629532524,64.5384877194741,77.60494883792082,124.48683991962831,98.24889126714712
2023-12-18 06:00:00,52.07592263469469,50.53971134713219,23.28550516716923,253.99509570318403,38.57899251526136,20.927478361524365,1.5362112875625016,1.5362112875625016,28.79041746752546,28.79041746752546,-201.91917306848933,201.91917306848933,13.49693011943333,13.49693011943333,31.148444273170327,31.148444273170327,77.46535661885424,38.57899251526136,50.24853759097605,49.73373503296646,49.67324878325847
2023-12-18 07:00:00,294.1684413527912,657.6878083564344,511.9407803563461,518.4573084690418,326.41242663929876,539.4109677214241,-363.5193670036432,363.5193670036432,-217.77233900355492,217.77233900355492,-224.28886711625057,224.28886711625057,-32.24398528650755,32.24398528650755,-245.24252636863287,245.24252636863287,510.7818583085091,518.4573084690418,530.8021433175223,578.1329711515536,542.7190995467095
2023-12-18 08:00:00,851.3265354431692,854.160723812392,986.481676624074,746.6314961197404,449.7191082334905,1060.1629746142676,-2.8341883692228294,2.8341883692228294,-135.15514118090482,135.15514118090482,104.69503932342877,104.69503932342877,401.6074272096787,401.6074272096787,-208.8364391710984,208.8364391710984,819.4311958807928,854.160723812392,869.7633572053816,905.5425406734748,908.5106034626689
2023-12-18 09:00:00,1396.3687481584261,1385.4176994704922,1353.546358939481,1027.4133720726848,770.9804626884131,1438.7855982635806,10.951048687933962,10.951048687933962,42.82238921894509,42.82238921894509,368.95537608574136,368.95537608574136,625.388285470013,625.388285470013,-42.41685010515448,42.41685010515448,1195.2286982869305,1353.546358939481,1268.0785583758768,1344.3713687533502,1310.5378374488705
2023-12-18 10:00:00,1598.5736405006055,1611.8101943646968,1680.4550097784527,1105.5487096857582,1278.8484288131474,1689.8689031444235,-13.23655386409132,13.23655386409132,-81.88136927784717,81.88136927784717,493.02493081484727,493.02493081484727,319.7252116874581,319.7252116874581,-91.29526264381798,91.29526264381798,1473.306249157296,1611.8101943646968,1562.1657330405321,1593.6766234363945,1579.3877374034219
2023-12-18 11:00:00,1880.2579967924357,1882.7949271711238,1861.090271640527,1237.7195918319035,1447.1283853631644,1908.0858835564397,-2.536930378688112,2.536930378688112,19.167725151908826,19.167725151908826,642.5384049605323,642.5384049605323,433.12961142927134,433.12961142927134,-27.827886764004006,27.827886764004006,1667.3638119126317,1861.090271640527,1772.1260895337891,1825.752879509171,1794.4536298067023
2023-12-18 12:00:00,1854.0549277694847,1816.5597416563369,1824.2169837393478,1237.8239522808362,1923.5125609750546,1902.8624391949927,37.49518611314784,37.49518611314784,29.837944030136896,29.837944030136896,616.2309754886485,616.2309754886485,-69.45763320556989,69.45763320556989,-48.80751142550798,48.80751142550798,1740.9951355693138,1824.2169837393478,1805.4052633160914,1819.7811690918265,1816.3274446752366
2023-12-18 13:00:00,1960.6669561130996,1777.323897586362,1844.8752305764524,1328.1171897940123,2197.488385130381,1968.6337115988265,183.34305852673765,183.34305852673765,115.79172553664716,115.79172553664716,632.5497663190872,632.5497663190872,-236.82142901728162,236.82142901728162,-7.966755485726935,7.966755485726935,1823.2876829372067,1844.8752305764524,1857.6275275339403,1848.5059773953549,1870.2243303859955
2023-12-18 14:00:00,1682.0212500446414,1767.0476470351725,1849.950383128762,1072.742932954641,1966.5863434044502,1821.3122223715827,-85.02639699053111,85.02639699053111,-167.92913308412062,167.92913308412062,609.2783170900004,609.2783170900004,-284.56509335980877,284.56509335980877,-139.2909723269413,139.2909723269413,1695.5279057789216,1821.3122223715827,1781.8777603584242,1761.8710972592203,1766.4926829153942
2023-12-18 15:00:00,1204.7602341050765,1189.2045786557876,1147.2870821406575,1024.1483005364148,2002.721159584455,1246.1774220734421,15.555655449288906,15.555655449288906,57.473151964419,57.473151964419,180.6119335686617,180.6119335686617,-797.9609254793786,797.9609254793786,-41.417187968365624,41.417187968365624,1321.9077085981514,1189.2045786557876,1278.4737287875544,1246.107370663793,1270.9913559697231
2023-12-18 16:00:00,947.1554616037116,974.975904811551,1112.3793258406236,848.8038325617428,1115.6969437534415,1087.5621720913311,-27.82044320783939,27.82044320783939,-165.22386423691194,165.22386423691194,98.35162904196886,98.35162904196886,-168.54148214972986,168.54148214972986,-140.40671048761953,140.40671048761953,1027.883635811738,1087.5621720913311,1048.4103627651987,1024.6241042955412,1044.999501698836
2023-12-18 17:00:00,362.40965087199896,642.354913931662,543.4094398125543,550.2580782479964,699.5963498753597,528.3313370818593,-279.9452630596631,279.9452630596631,-180.99978894055533,180.99978894055533,-187.84842737599746,187.84842737599746,-337.18669900336073,337.18669900336073,-165.9216862098603,165.9216862098603,592.7900237898864,550.2580782479964,587.3945059196261,593.2783738341885,578.4261361004935
2023-12-18 18:00:00,0.0,48.10009911842553,28.973307379132173,299.3563890858526,63.296426653181044,34.110305089651966,-48.10009911842553,48.10009911842553,-28.973307379132173,28.973307379132173,-299.3563890858526,299.3563890858526,-63.296426653181044,63.296426653181044,-34.110305089651966,34.110305089651966,94.76730546524865,48.10009911842553,59.67296342412574,57.9033228138404,61.048407982369966
2023-12-18 19:00:00,119.59050092045331,55.58943396842492,31.101685613109677,295.68611574492456,28.15298042909926,35.03257308086416,64.0010669520284,64.0010669520284,88.48881530734363,88.48881530734363,-176.09561482447126,176.09561482447126,91.43752049135405,91.43752049135405,84.55792783958915,84.55792783958915,89.11255776728453,35.03257308086416,58.31967855957453,110.47679881937631,75.467969383315
2023-12-18 20:00:00,0.0,33.75348924448636,29.486923355238705,338.1083641551786,41.73813157988661,36.46268315387567,-33.75348924448636,33.75348924448636,-29.486923355238705,29.486923355238705,-338.1083641551786,338.1083641551786,-41.73813157988661,41.73813157988661,-36.46268315387567,36.46268315387567,95.90991829773318,36.46268315387567,56.101774591439586,129.06656682467093,82.02502271515492
2023-12-18 21:00:00,59.58394752808079,36.448586065856745,32.606600086045304,283.3792524372848,25.370886733257187,39.198371402951054,23.135361462224047,23.135361462224047,26.977347442035487,26.977347442035487,-223.795304909204,223.795304909204,34.213060794823605,34.213060794823605,20.385576125129738,20.385576125129738,83.40073934507902,36.448586065856745,52.52019614991898,106.09670624424534,72.10489286785533
2023-12-18 22:00:00,11.529455411255004,37.0955779839954,28.81265688997404,313.97429774617643,33.87961249736868,25.392133552734332,-25.566122572740394,25.566122572740394,-17.283201478719036,17.283201478719036,-302.4448423349214,302.4448423349214,-22.35015708611368,22.35015708611368,-13.862678141479329,13.862678141479329,87.83085573404978,33.87961249736868,51.421126683436945,117.908018072011,73.4433412839912
2023-12-18 23:00:00,0.0,48.14719629641668,30.00238887272428,326.3862265761383,34.34696633820566,36.213809276511085,-48.14719629641668,48.14719629641668,-30.00238887272428,30.00238887272428,-326.3862265761383,326.3862265761383,-34.34696633820566,34.34696633820566,-36.213809276511085,36.213809276511085,95.0193174719992,36.213809276511085,58.59532075688785,122.51879729107709,80.58086076409154
2023-12-19 00:00:00,0.0,58.65180591543384,31.89764226663164,307.0964591698414,43.3583890881474,44.04724692852519,-58.65180591543384,58.65180591543384,-31.89764226663164,31.89764226663164,-307.0964591698414,307.0964591698414,-43.3583890881474,43.3583890881474,-44.04724692852519,44.04724692852519,97.0103086737159,44.04724692852519,62.90436630443396,122.68646746476894,83.88876125120909
2023-12-19 01:00:00,0.0,51.0655601402739,32.50946871096082,306.0719989351486,29.042268790043625,44.90031852411049,-51.0655601402739,51.0655601402739,-32.50946871096082,32.50946871096082,-306.0719989351486,306.0719989351486,-29.042268790043625,29.042268790043625,-44.90031852411049,44.90031852411049,92.71792302010749,44.90031852411049,59.530167713389844,116.90860275379518,80.45527944899911
2023-12-19 02:00:00,18.317844598052453,74.37374532103873,31.89764226663164,273.86910928529176,36.910999122755236,46.30680945864049,-56.05590072298627,56.05590072298627,-13.579797668579186,13.579797668579186,-255.5512646872393,255.5512646872393,-18.593154524702783,18.593154524702783,-27.988964860588034,27.988964860588034,92.67166109087157,46.30680945864049,65.20741513192203,110.81717527228177,80.60307123116355
2023-12-19 03:00:00,58.01534441242598,53.045210000634235,32.45754012763456,280.9592319059641,28.31483638208734,46.690793089592496,4.970134411791747,4.970134411791747,25.557804284791423,25.557804284791423,-222.9438874935381,222.9438874935381,29.700508030338643,29.700508030338643,11.324551322833486,11.324551322833486,88.29352230118253,46.690793089592496,58.68701105247237,109.62094205150191,77.48924900934729
2023-12-19 04:00:00,12.23368645572862,39.30540038386791,36.19314578732767,297.1728650354126,34.74252944804317,33.99057503850862,-27.071713928139292,27.071713928139292,-23.959459331599053,23.959459331599053,-284.939178579684,284.939178579684,-22.508842992314552,22.508842992314552,-21.756888582779997,21.756888582779997,88.280903138632,36.19314578732767,52.063470917275204,113.90681502603934,74.24538141842248
2023-12-19 05:00:00,64.94803179457108,46.03306429577374,39.29228889357236,277.9429389199964,38.465589633682775,40.39214036251745,18.91496749879734,18.91496749879734,25.655742900998717,25.655742900998717,-212.9949071254253,212.9949071254253,26.482442160888304,26.482442160888304,24.555891432053627,24.555891432053627,88.42520442110855,40.39214036251745,55.235594966466905,110.88675963822726,75.60017533813344
2023-12-19 06:00:00,0.0,44.07571544351166,40.29525982111074,310.03406034435653,44.769426997116845,40.898432053652115,-44.07571544351166,44.07571544351166,-40.29525982111074,40.29525982111074,-310.03406034435653,310.03406034435653,-44.769426997116845,44.769426997116845,-40.898432053652115,40.898432053652115,96.01457893194959,44.07571544351166,57.49339542105982,58.70418947308518,62.241877665363845
2023-12-19 07:00:00,541.9048603086362,635.1834255039704,522.1692052833615,516.0068341330888,344.5060002126373,492.012988162604,-93.27856519533418,93.27856519533418,19.735655025274696,19.735655025274696,25.898026175547443,25.898026175547443,197.39886009599894,197.39886009599894,49.8918721460322,49.8918721460322,501.9756906591324,516.0068341330888,527.5709676060694,552.2699738481091,522.7500182006008
2023-12-19 08:00:00,761.9490330685466,834.3316247464686,954.2334584864388,731.9748260333647,689.8181925603986,964.3507851690085,-72.38259167792205,72.38259167792205,-192.2844254178923,192.2844254178923,29.97420703518185,29.97420703518185,72.13084050814791,72.13084050814791,-202.40175210046198,202.40175210046198,834.9417773991357,834.3316247464686,884.8235992523412,873.5204186690307,887.3617178900404
2023-12-19 09:00:00,1518.164298619934,1414.549950048771,1519.5480141250896,916.5285885928602,627.9631921106883,1478.7475762067704,103.61434857116296,103.61434857116296,-1.3837155051555783,1.3837155051555783,601.6357100270739,601.6357100270739,890.2011065092457,890.2011065092457,39.4167224131636,39.4167224131636,1191.4674642168359,1414.549950048771,1357.135563946895,1366.8844921465902,1351.249024912767
2023-12-19 10:00:00,1664.0702568147437,1620.8604721007414,1691.8873927015206,1198.4004108392721,1500.6979522247066,1727.0876671921064,43.20978471400235,43.20978471400235,-27.817135886776896,27.817135886776896,465.6698459754716,465.6698459754716,163.37230459003717,163.37230459003717,-63.017410377362694,63.017410377362694,1547.7867790116695,1620.8604721007414,1637.968228493586,1630.8065227014292,1635.6073145992598
2023-12-19 11:00:00,1642.043919391443,1970.262553825184,1960.4720321798313,1305.0579137167392,1491.1161152603606,1991.4730625278098,-328.21863443374104,328.21863443374104,-318.42811278838826,318.42811278838826,336.98600567470385,336.98600567470385,150.92780413108244,150.92780413108244,-349.42914313636675,349.42914313636675,1743.6763355019852,1960.4720321798313,1893.1084805245164,1908.6498409390122,1887.5573760450175
2023-12-19 12:00:00,2051.601338639582,2087.3718447783003,1966.3424986123077,1486.9380065074317,1523.9574484880454,2166.2240686363784,-35.77050613871825,35.77050613871825,85.25884002727435,85.25884002727435,564.6633321321503,564.6633321321503,527.6438901515367,527.6438901515367,-114.62272999679635,114.62272999679635,1846.1667734044927,1966.3424986123077,1969.6443026616212,2038.6659905235815,2004.9712563637352
2023-12-19 13:00:00,1840.9966706625323,1964.081360080117,1923.925419904487,1153.7277760434988,1935.4309288576446,1935.762551880249,-123.08468941758474,123.08468941758474,-82.92874924195462,82.92874924195462,687.2688946190335,687.2688946190335,-94.4342581951123,94.4342581951123,-94.7658812177167,94.7658812177167,1782.585607353199,1935.4309288576446,1888.5240933022696,1901.1369918020814,1880.567957377995
2023-12-19 14:00:00,1752.8783040048784,1733.3354642612105,1747.4682620616272,1022.7948038910124,1810.4211535967102,1809.9143091391672,19.542839743667855,19.542839743667855,5.410041943251144,5.410041943251144,730.083500113866,730.083500113866,-57.54284959183178,57.54284959183178,-57.03600513428887,57.03600513428887,1624.7867985899454,1747.4682620616272,1719.728157206454,1723.744518023218,1719.982024114724
2023-12-19 15:00:00,1246.9481526545223,1359.2200737172843,1233.48372182995,968.9679268429471,1906.7107466566235,1395.2984835134112,-112.27192106276198,112.27192106276198,13.464430824572446,13.464430824572446,277.9802258115752,277.9802258115752,-659.7625940021012,659.7625940021012,-148.3503308588888,148.3503308588888,1372.736190512043,1359.2200737172843,1370.7957639361632,1374.09843169455,1377.075193494305
2023-12-19 16:00:00,949.3046200614663,918.8528103806401,1035.936902552887,795.3327558595988,1172.0243598512761,1067.7900867627789,30.45180968082616,30.45180968082616,-86.63228249142071,86.63228249142071,153.97186420186745,153.97186420186745,-222.71973978980986,222.71973978980986,-118.48546670131259,118.48546670131259,997.9873830814362,1035.936902552887,1014.5779989626644,987.2743651055206,1013.7112031892987
2023-12-19 17:00:00,546.9891003142789,675.0508392583931,516.0722559557342,530.8222218149062,753.4575323257579,583.8090847520521,-128.06173894411427,128.06173894411427,30.91684435854461,30.91684435854461,16.166878499372615,16.166878499372615,-206.46843201147908,206.46843201147908,-36.8199844377732,36.8199844377732,611.8423868213687,583.8090847520521,602.7328976774327,628.7157771753836,608.564896770529
2023-12-19 18:00:00,73.63268674120812,38.839880664935734,28.973307379132173,333.28461531644,70.85262505134355,34.10258418593067,34.792806076272385,34.792806076272385,44.659379362075946,44.659379362075946,-259.65192857523186,259.65192857523186,2.780061689864567,2.780061689864567,39.53010255527745,39.53010255527745,101.21060251955643,38.839880664935734,54.532669423158445,56.12990827762042,60.26141065133108
2023-12-19 19:00:00,40.95207618629686,77.62166942626827,29.68186272075204,300.2730114795073,31.081382466194977,30.368127382715578,-36.66959323997141,36.66959323997141,11.270213465544817,11.270213465544817,-259.3209352932105,259.3209352932105,9.87069372010188,9.87069372010188,10.58394880358128,10.58394880358128,93.80521069508762,31.081382466194977,57.93566167128053,111.83887117018868,75.76702746800139
2023-12-19 20:00:00,0.0,67.26635993375747,32.35636075770786,319.969257784339,39.51128118664337,39.38088262732192,-67.26635993375747,67.26635993375747,-32.35636075770786,32.35636075770786,-319.969257784339,319.969257784339,-39.51128118664337,39.51128118664337,-39.38088262732192,39.38088262732192,99.69682845795393,39.51128118664337,59.367050313149534,123.64867416595207,82.72025956078565
2023-12-19 21:00:00,98.79437541091474,42.299252076332365,29.36545599640722,283.9959788535522,24.278391573327845,40.92701500628033,56.495123334582374,56.495123334582374,69.42891941450752,69.42891941450752,-185.20160344263743,185.20160344263743,74.5159838375869,74.5159838375869,57.86736040463441,57.86736040463441,84.17321870117999,40.92701500628033,48.7305354697188,107.18825478728088,71.79568381859197
2023-12-19 22:00:00,99.38199668145165,46.45358943873439,30.613050331654325,354.9529616546048,34.73025718375173,55.53455095200568,52.92840724271726,52.92840724271726,68.76894634979733,68.76894634979733,-255.57096497315314,255.57096497315314,64.65173949769992,64.65173949769992,43.84744572944597,43.84744572944597,104.4568819121502,46.45358943873439,59.33802286124323,134.31406820150244,90.09391389165488
2023-12-19 23:00:00,0.0,60.551079155602174,30.125461673845873,306.21055253494484,40.90702765450048,40.65290611728911,-60.551079155602174,60.551079155602174,-30.125461673845873,30.125461673845873,-306.21055253494484,306.21055253494484,-40.90702765450048,40.90702765450048,-40.65290611728911,40.65290611728911,95.6894054272365,40.90702765450048,57.64148684909099,120.4980851186338,80.71033389922256
2023-12-20 00:00:00,0.0,65.0275372013615,33.76742503699115,339.1906514371522,44.099282229248004,66.44718434979916,-65.0275372013615,65.0275372013615,-33.76742503699115,33.76742503699115,-339.1906514371522,339.1906514371522,-44.099282229248004,44.099282229248004,-66.44718434979916,66.44718434979916,109.7064160509104,65.0275372013615,68.65927308362787,138.9051694832533,97.50005285020626
2023-12-20 01:00:00,0.0,44.01862865193733,34.753286651241524,279.94741850840416,29.53853302404917,43.81891956882114,-44.01862865193733,44.01862865193733,-34.753286651241524,34.753286651241524,-279.94741850840416,279.94741850840416,-29.53853302404917,29.53853302404917,-43.81891956882114,43.81891956882114,86.41535728089066,43.81891956882114,52.896636483939034,108.94531463278724,74.59944070496024
2023-12-20 02:00:00,136.4817715332212,64.0542154141561,40.9794544695921,284.74804789658646,38.81023778205258,52.922797760819776,72.4275561190651,72.4275561190651,95.5023170636291,95.5023170636291,-148.26627636336525,148.26627636336525,97.67153375116862,97.67153375116862,83.55897377240143,83.55897377240143,96.3029506646414,52.922797760819776,63.6990544767318,116.8253488100429,84.00247067112464
2023-12-20 03:00:00,95.06783849184264,54.910881839862896,33.19083393079523,289.4575742282726,38.72796118156054,42.38553029790219,40.15695665197974,40.15695665197974,61.87700456104741,61.87700456104741,-194.38973573643,194.38973573643,56.3398773102821,56.3398773102821,52.68230819394044,52.68230819394044,91.7345562956787,42.38553029790219,57.32263207325452,115.04411583047666,78.53404168983552
2023-12-20 04:00:00,0.0,47.26282672764651,41.8763887538737,309.3648049646351,40.81778303797088,41.49869057239332,-47.26282672764651,47.26282672764651,-41.8763887538737,41.8763887538737,-309.3648049646351,309.3648049646351,-40.81778303797088,40.81778303797088,-41.49869057239332,41.49869057239332,96.1640988113039,41.8763887538737,59.659829494845596,121.69947133074098,81.94034812441541
2023-12-20 05:00:00,0.0,48.38320454082482,32.20497231654485,337.9276058553628,38.41925159582985,43.22039208093874,-48.38320454082482,48.38320454082482,-32.20497231654485,32.20497231654485,-337.9276058553628,337.9276058553628,-38.41925159582985,38.41925159582985,-43.22039208093874,43.22039208093874,100.0310852779002,43.22039208093874,58.96715951400316,129.7121000192224,85.25407333173546
2023-12-20 06:00:00,0.0,39.45471548445218,33.19083393079523,319.5531900586044,46.23887926020078,38.89014739139182,-39.45471548445218,39.45471548445218,-33.19083393079523,33.19083393079523,-319.5531900586044,319.5531900586044,-46.23887926020078,46.23887926020078,-38.89014739139182,38.89014739139182,95.46555322508888,39.45471548445218,55.525894365936104,56.088596378725086,60.355487346694495
2023-12-20 07:00:00,478.556861998977,661.6349871737397,549.6984566825021,491.16781566396,271.8418985285631,508.74414950110753,-183.07812517476265,183.07812517476265,-71.14159468352506,71.14159468352506,-12.610953664983015,12.610953664983015,206.71496347041392,206.71496347041392,-30.187287502130516,30.187287502130516,496.61746150997453,508.74414950110753,532.0697863354023,566.2624781728205,530.5720015546833
2023-12-20 08:00:00,836.3108929996826,904.3882461926055,942.9058199865966,786.0560395546489,733.2183676671192,1058.321428384416,-68.07735319292294,68.07735319292294,-106.59492698691406,106.59492698691406,50.25485344503363,50.25485344503363,103.09252533256335,103.09252533256335,-222.01053538473354,222.01053538473354,884.9779803570773,904.3882461926055,926.756290160835,944.7451210994902,950.1103051263963
2023-12-20 09:00:00,1342.3488139650601,1475.8827837767426,1589.006070997484,970.5355619125304,625.1169597618492,1579.4986648173085,-133.53396981168248,133.53396981168248,-246.6572570324238,246.6572570324238,371.8132520525297,371.8132520525297,717.2318542032109,717.2318542032109,-237.1498508522484,237.1498508522484,1248.0080082531829,1475.8827837767426,1405.4098898002758,1438.6051154318445,1418.7058361837344
2023-12-20 10:00:00,1667.1379534452972,1580.904790755233,1655.8997129631598,1131.2114884461707,1209.6255750929085,1674.2952265086974,86.23316269006409,86.23316269006409,11.238240482137371,11.238240482137371,535.9264649991264,535.9264649991264,457.5123783523886,457.5123783523886,-7.1572730634002255,7.1572730634002255,1450.387358753234,1580.904790755233,1544.8872087985317,1569.7666918806726,1559.3326872561477
2023-12-20 11:00:00,1696.6110334993555,1763.2795930912093,1803.005240382801,1163.792230952179,1868.9768181215102,1882.156466795056,-66.66855959185386,66.66855959185386,-106.39420688344558,106.39420688344558,532.8188025471766,532.8188025471766,-172.3657846221547,172.3657846221547,-185.5454332957006,185.5454332957006,1696.2420698685514,1803.005240382801,1776.6111623461193,1778.831398235566,1782.3124755072272
2023-12-20 12:00:00,1988.9182445849215,2185.4084989815574,2192.9669358706333,1414.6902814094979,1365.0202967892612,2185.841058532468,-196.49025439663592,196.49025439663592,-204.0486912857118,204.0486912857118,574.2279631754236,574.2279631754236,623.8979477956602,623.8979477956602,-196.92281394754673,196.92281394754673,1868.7854143166835,2185.4084989815574,2049.402689638866,2090.5513414473685,2052.9115038957007
2023-12-20 13:00:00,1981.775589336122,2020.9475731769605,2058.125732155371,1348.4504090467494,2045.1587067052494,2048.8656932679364,-39.17198384083849,39.17198384083849,-76.35014281924919,76.35014281924919,633.3251802893726,633.3251802893726,-63.383117369127376,63.383117369127376,-67.09010393181438,67.09010393181438,1904.3096228704537,2045.1587067052494,1998.9436497755953,1994.3316241123011,1988.617645394047
2023-12-20 14:00:00,1709.4005235916031,1822.7463556712735,1896.89255435827,1094.827940814456,1954.4124418275956,1800.0323481833852,-113.34583207967034,113.34583207967034,-187.49203076666686,187.49203076666686,614.5725827771471,614.5725827771471,-245.01191823599243,245.01191823599243,-90.6318245917821,90.6318245917821,1713.7823281709964,1822.7463556712735,1808.6340386463062,1783.242945174824,1780.3260304172154
2023-12-20 15:00:00,1185.4910586802805,1287.5908197169003,1150.207855002689,902.5582273347334,1846.3412531028002,1303.499061487622,-102.09976103661984,102.09976103661984,35.28320367759147,35.28320367759147,282.93283134554713,282.93283134554713,-660.8501944225197,660.8501944225197,-118.00800280734143,118.00800280734143,1298.039443328949,1287.5908197169003,1291.0857023489323,1295.4978793317314,1296.2827754675134
2023-12-20 16:00:00,922.7124721399325,911.1544741863437,1019.0675341089287,764.9734705041728,1139.2815415606105,1015.8656938471532,11.557997953588824,11.557997953588824,-96.35506196899621,96.35506196899621,157.73900163575968,157.73900163575968,-216.56906942067803,216.56906942067803,-93.15322170722072,93.15322170722072,970.068542841442,1015.8656938471532,985.4222513819554,960.2420606811161,980.8861409566405
2023-12-20 17:00:00,589.3255660201846,653.2014859708166,544.7769531674872,592.2288324530557,673.3222681778913,484.50605937089995,-63.87591995063201,63.87591995063201,44.548612852697374,44.548612852697374,-2.903266432871078,2.903266432871078,-83.99670215770664,83.99670215770664,104.81950664928468,104.81950664928468,589.6071198280301,592.2288324530557,576.9393894640111,583.5145481480056,562.958817123391
2023-12-20 18:00:00,26.25778598974443,55.10116705198905,31.101685613109677,309.60074553116914,69.88127407212475,39.65634751956296,-28.84338106224462,28.84338106224462,-4.843899623365246,4.843899623365246,-283.3429595414247,283.3429595414247,-43.62348808238032,43.62348808238032,-13.398561529818526,13.398561529818526,101.06824395759114,55.10116705198905,63.51618775186765,64.25784426394185,66.47712790017366
2023-12-20 19:00:00,0.0,53.087660035916336,38.438091399202506,302.5684679606422,31.807429178346222,38.13316939752271,-53.087660035916336,53.087660035916336,-38.438091399202506,38.438091399202506,-302.5684679606422,302.5684679606422,-31.807429178346222,31.807429178346222,-38.13316939752271,38.13316939752271,92.80696359432599,38.438091399202506,59.35459573520528,115.02493947929189,78.50188716271889
2023-12-20 20:00:00,115.61431262116261,48.03070356382291,29.68186272075204,327.37678637270864,38.24229614839486,29.88679060055288,67.5836090573397,67.5836090573397,85.93244990041057,85.93244990041057,-211.76247375154603,211.76247375154603,77.37201647276775,77.37201647276775,85.72752202060973,85.72752202060973,94.64368788124628,38.24229614839486,55.91801192072636,124.98264321568898,79.17629223728444
2023-12-20 21:00:00,51.49178699504232,52.734937616483506,29.486923355238705,302.2888606016457,26.0484358226077,37.98246085959607,-1.2431506214411883,1.2431506214411883,22.004863639803613,22.004863639803613,-250.79707360660336,250.79707360660336,25.443351172434618,25.443351172434618,13.509326135446251,13.509326135446251,89.70832365111434,37.98246085959607,56.7353488641055,112.5007707674156,76.3089927915984
2023-12-20 22:00:00,0.0,71.14519766914667,29.931685111819913,260.62598161509686,31.25721883096465,45.83601685512105,-71.14519766914667,71.14519766914667,-29.931685111819913,29.931685111819913,-260.62598161509686,260.62598161509686,-31.25721883096465,31.25721883096465,-45.83601685512105,45.83601685512105,87.75922001642982,45.83601685512105,61.45513791474257,104.44148707345121,76.48803487076832
2023-12-20 23:00:00,63.141266198199496,53.899761414520505,38.50641310641048,279.79177164971395,37.48740587366273,43.11048626612629,9.241504783678991,9.241504783678991,24.63485309178902,24.63485309178902,-216.65050545151445,216.65050545151445,25.653860324536765,25.653860324536765,20.03077993207321,20.03077993207321,90.5591676620868,43.11048626612629,60.008292440704146,111.86563972421716,78.29611043511902
2023-12-21 00:00:00,94.9558754782266,48.72560920941255,32.50946871096082,299.639018192896,46.045404136057165,35.88041761634638,46.23026626881405,46.23026626881405,62.446406767265785,62.446406767265785,-204.6831427146694,204.6831427146694,48.91047134216944,48.91047134216944,59.075457861880224,59.075457861880224,92.55998357313459,46.045404136057165,57.40768466266457,122.12348835310883,79.54743214262821
2023-12-21 01:00:00,0.0,46.747258461549954,32.45754012763456,280.71925362239045,31.781935501200202,43.113277060446194,-46.747258461549954,46.747258461549954,-32.45754012763456,32.45754012763456,-280.71925362239045,280.71925362239045,-31.781935501200202,31.781935501200202,-43.113277060446194,43.113277060446194,86.96385295464428,43.113277060446194,56.04596070778723,109.86253340533106,75.78797423695359
2023-12-21 02:00:00,0.0,54.81686514132398,35.21933291778654,271.4905715750769,35.0786292676306,51.654779481688216,-54.81686514132398,54.81686514132398,-35.21933291778654,35.21933291778654,-271.4905715750769,271.4905715750769,-35.0786292676306,35.0786292676306,-51.654779481688216,51.654779481688216,89.65203567670125,51.654779481688216,61.04764282256981,110.97505702408178,79.86817298567337
2023-12-21 03:00:00,0.0,42.30396988137754,33.23711581569162,285.89435564983364,33.08255706449114,40.58751406216343,-42.30396988137754,42.30396988137754,-33.23711581569162,33.23711581569162,-285.89435564983364,285.89435564983364,-33.08255706449114,33.08255706449114,-40.58751406216343,40.58751406216343,87.02110249471147,40.58751406216343,54.21759460675744,111.17758373939557,75.14027681522089
2023-12-21 04:00:00,0.0,47.60300247712442,32.45754012763456,285.9818431105294,37.320305854839624,46.757142130987084,-47.60300247712442,47.60300247712442,-32.45754012763456,32.45754012763456,-285.9818431105294,285.9818431105294,-37.320305854839624,37.320305854839624,-46.757142130987084,46.757142130987084,90.023966740223,46.757142130987084,57.240541641464496,114.74981791439079,78.9533296409986
2023-12-21 05:00:00,100.9788345047935,35.86157633262837,34.753286651241524,302.79706017094907,39.499298232186604,40.825561905739555,65.11725817216512,65.11725817216512,66.22554785355197,66.22554785355197,-201.81822566615557,201.81822566615557,61.47953627260689,61.47953627260689,60.15327259905394,60.15327259905394,90.74735665854902,39.499298232186604,54.375278844259796,118.48862681381533,78.17375541028025
2023-12-21 06:00:00,0.0,48.95887728431483,32.20497231654485,324.02119364185035,49.31390705993477,56.74506551363461,-48.95887728431483,48.95887728431483,-32.20497231654485,32.20497231654485,-324.02119364185035,324.02119364185035,-49.31390705993477,49.31390705993477,-56.74506551363461,56.74506551363461,102.24880316325587,49.31390705993477,64.45547381055718,67.28171151679308,71.31992933358318
2023-12-21 07:00:00,548.2324559165262,677.7070628741218,549.6984566825021,582.3617575461723,289.3132224486334,485.59855544084525,-129.4746069575956,129.4746069575956,-1.4660007659758776,1.4660007659758776,-34.12930162964608,34.12930162964608,258.9192334678928,258.9192334678928,62.633900475680946,62.633900475680946,516.9358109984549,549.6984566825021,542.689501392438,571.8431350814387,534.866664230023
2023-12-21 08:00:00,604.2944115452098,896.622200734261,907.7878567550496,722.5109339859043,724.7877920013755,982.1006316197365,-292.32778918905126,292.32778918905126,-303.4934452098398,303.4934452098398,-118.21652244069458,118.21652244069458,-120.49338045616571,120.49338045616571,-377.8062200745268,377.8062200745268,846.7618830192653,896.622200734261,889.4585210635241,907.307634685405,904.802349652479
2023-12-21 09:00:00,1250.715609152868,1329.920886793943,1238.4462391572042,920.8643072256637,529.1348117664197,1327.673736923138,-79.2052776410751,79.2052776410751,12.269369995663737,12.269369995663737,329.8513019272043,329.8513019272043,721.5807973864482,721.5807973864482,-76.95812777027004,76.95812777027004,1069.2079963732738,1238.4462391572042,1175.887243396237,1251.0328747065007,1207.4523820901036
2023-12-21 10:00:00,1632.345606526723,1751.5539730804908,1806.848968705254,1097.1778941532307,1052.2564843550608,1784.14421944516,-119.20836655376775,119.20836655376775,-174.503362178531,174.503362178531,535.1677123734923,535.1677123734923,580.0891221716622,580.0891221716622,-151.7986129184369,151.7986129184369,1498.3963079478394,1751.5539730804908,1652.348709328872,1685.3837474500963,1657.8278425122903
2023-12-21 11:00:00,2060.8271287836437,1857.610933127141,1836.963989636973,1208.6935692602726,1695.6750896213377,1929.90685955141,203.2161956565028,203.2161956565028,223.86313914667062,223.86313914667062,852.1335595233711,852.1335595233711,365.152039162306,365.152039162306,130.92026923223375,130.92026923223375,1705.7700882394267,1836.963989636973,1804.3432812263097,1833.7474575881074,1818.5626112024925
2023-12-21 12:00:00,1593.597513978505,1990.5989749083892,1956.7160002566923,1174.7753704286242,2015.3925407427894,2060.2511956752764,-397.00146092988416,397.00146092988416,-363.1184862781872,363.1184862781872,418.8221435498808,418.8221435498808,-421.79502676428433,421.79502676428433,-466.6536816967714,466.6536816967714,1839.5468164023544,1990.5989749083892,1944.7327788279672,1966.178993586645,1953.23313413991
2023-12-21 13:00:00,1856.9935572163245,2045.984756508057,2076.166767476751,1311.008559138082,1211.5352234196891,2059.6077868117945,-188.99119929173253,188.99119929173253,-219.17321026042646,219.17321026042646,545.9849980782424,545.9849980782424,645.4583337966353,645.4583337966353,-202.61422959547008,202.61422959547008,1740.8606186708748,2045.984756508057,1890.585126951138,1958.5344242480237,1914.8295464562823
2023-12-21 14:00:00,1386.86570687278,1669.81854009588,1757.4176380401177,1044.030866435514,1778.3758912995208,1733.4504406553046,-282.9528332231,282.9528332231,-370.55193116733767,370.55193116733767,342.83484043726594,342.83484043726594,-391.5101844267408,391.5101844267408,-346.5847337825246,346.5847337825246,1596.6186753052675,1733.4504406553046,1671.5243509072352,1666.9481508265235,1667.555573712242
2023-12-21 15:00:00,1309.422661462089,1382.0605331750787,1260.0510074990793,1061.0485643325173,1483.3572693042793,1457.2469469255786,-72.63787171298964,72.63787171298964,49.37165396300975,49.37165396300975,248.37409712957174,248.37409712957174,-173.9346078421902,173.9346078421902,-147.82428546348956,147.82428546348956,1328.7528642473067,1382.0605331750787,1349.830228100963,1388.624156621897,1378.736277651435
2023-12-21 16:00:00,803.7270854440136,943.5718753820323,1031.070817834881,751.7517201053906,1208.9994711335685,1090.3857097195184,-139.84478993801872,139.84478993801872,-227.34373239086733,227.34373239086733,51.975365338622964,51.975365338622964,-405.2723856895549,405.2723856895549,-286.65862427550485,286.65862427550485,1005.1559188350782,1031.070817834881,1021.4439831931437,1006.0912387191918,1027.36889228462
2023-12-21 17:00:00,730.259532666195,671.6064648691842,572.0341942457666,574.4852904172515,578.0044849534386,500.01756262826245,58.65306779701086,58.65306779701086,158.22533842042844,158.22533842042844,155.77424224894355,155.77424224894355,152.25504771275644,152.25504771275644,230.24197003793256,230.24197003793256,579.2295994227807,574.4852904172515,582.795803818508,592.4167345629867,568.413193924657
2023-12-21 18:00:00,0.0,49.148396430549475,29.342000156466202,319.25250886478915,74.99566695189448,34.644142063162924,-49.148396430549475,49.148396430549475,-29.342000156466202,29.342000156466202,-319.25250886478915,319.25250886478915,-74.99566695189448,74.99566695189448,-34.644142063162924,34.644142063162924,101.47654289337245,49.148396430549475,70.8299339445094,60.4955640591804,66.62178639241402
2023-12-21 19:00:00,0.0,43.95137944749993,29.36545599640722,279.7701136902726,30.692962788180164,39.51627403744525,-43.95137944749993,43.95137944749993,-29.36545599640722,29.36545599640722,-279.7701136902726,279.7701136902726,-30.692962788180164,30.692962788180164,-39.51627403744525,39.51627403744525,84.65923719196104,39.51627403744525,60.347171576181125,108.0631014335874,75.35818414881182
2023-12-21 20:00:00,0.0,45.92664060112518,32.6470246857066,326.0437952874043,32.994336324024815,53.839348960935034,-45.92664060112518,45.92664060112518,-32.6470246857066,32.6470246857066,-326.0437952874043,326.0437952874043,-32.994336324024815,32.994336324024815,-53.839348960935034,53.839348960935034,98.29022917183917,45.92664060112518,69.86276199302021,124.78886529616877,88.82140381331155
2023-12-21 21:00:00,0.0,48.93118206262076,34.173155291048914,280.21616188726915,23.126183510058667,36.321611037281905,-48.93118206262076,48.93118206262076,-34.173155291048914,34.173155291048914,-280.21616188726915,280.21616188726915,-23.126183510058667,23.126183510058667,-36.321611037281905,36.321611037281905,84.55365875765588,36.321611037281905,60.600147365864444,104.21180528138878,73.61863975316354
2023-12-21 22:00:00,105.52387336607758,47.509652808713845,29.931685111819913,272.86429943216484,30.577872435700897,34.94520570337746,58.014220557363736,58.014220557363736,75.59218825425766,75.59218825425766,-167.34042606608728,167.34042606608728,74.94600093037668,74.94600093037668,70.57866766270013,70.57866766270013,83.16574309835538,34.94520570337746,59.19492964642414,104.57400051494305,72.75286880875673
2023-12-21 23:00:00,64.01941454863422,75.1223727045028,37.946515245407554,261.7682600680276,37.04982712915301,36.19401862749524,-11.102958155868578,11.102958155868578,26.072899303226663,26.072899303226663,-197.74884551939337,197.74884551939337,26.969587419481208,26.969587419481208,27.825395921138977,27.825395921138977,89.61619875491724,37.946515245407554,69.3579197062787,104.73436344569173,77.38972842207363
2023-12-22 00:00:00,91.79383626717807,47.87554823714082,32.45754012763456,278.11245482202975,40.5332104651972,34.10208241558018,43.918288030037246,43.918288030037246,59.33629613954351,59.33629613954351,-186.3186185548517,186.3186185548517,51.260625801980865,51.260625801980865,57.69175385159789,57.69175385159789,86.6161672135165,40.5332104651972,62.2792122491698,111.80698377224695,76.36950873224436
2023-12-22 01:00:00,0.0,36.717312020973516,34.80559618866621,298.6686730825499,30.047161380640187,36.88805501737732,-36.717312020973516,36.717312020973516,-34.80559618866621,34.80559618866621,-298.6686730825499,298.6686730825499,-30.047161380640187,30.047161380640187,-36.88805501737732,36.88805501737732,87.42535953804143,36.717312020973516,61.06495057851404,112.63466008331311,76.9725661096319
2023-12-22 02:00:00,113.53152152440511,53.03370467550336,31.89764226663164,285.9182675494195,37.170596503771655,40.868140156556514,60.49781684890175,60.49781684890175,81.63387925777347,81.63387925777347,-172.38674602501442,172.38674602501442,76.36092502063346,76.36092502063346,72.66338136784859,72.66338136784859,89.77767023037654,40.868140156556514,65.28484407888622,112.90416091330147,79.58586357504291
2023-12-22 03:00:00,101.98412793263078,43.19546804025038,31.268973130283467,285.02324696320443,37.696252848146685,38.41364647672631,58.7886598923804,58.7886598923804,70.71515480234731,70.71515480234731,-183.03911903057366,183.03911903057366,64.2878750844841,64.2878750844841,63.57048145590447,63.57048145590447,87.11951749172226,38.41364647672631,62.43049883850886,112.1095691712379,77.46865319661374
2023-12-22 04:00:00,0.0,43.31037773508384,31.268973130283467,289.57827059821295,39.41750352428418,38.50677184946482,-43.31037773508384,43.31037773508384,-31.268973130283467,31.268973130283467,-289.57827059821295,289.57827059821295,-39.41750352428418,39.41750352428418,-38.50677184946482,38.50677184946482,88.41637936746585,39.41750352428418,63.741799749498405,114.46573364646281,78.8468902621745
2023-12-22 05:00:00,89.50210755435641,54.86828293772159,23.056106162581436,249.07168384784893,35.1967461941467,3.519952484458977,34.633824616634826,34.633824616634826,66.44600139177498,66.44600139177498,-159.5695762934925,159.5695762934925,54.305361360209716,54.305361360209716,85.98215506989743,85.98215506989743,73.14255432535153,35.1967461941467,52.14709427170592,99.35922749025735,60.784397890551084
2023-12-22 06:00:00,27.267162329428736,38.70068266552943,33.23711581569162,300.67418924653066,47.333361065832946,42.251412777191106,-11.433520336100692,11.433520336100692,-5.969953486262881,5.969953486262881,-273.4070269171019,273.4070269171019,-20.06619873640421,20.06619873640421,-14.98425044776237,14.98425044776237,92.43935231415516,42.251412777191106,66.16854700123095,55.88750259361565,63.554967896723234
2023-12-22 07:00:00,312.43935887450766,664.5409604001121,541.9096358296789,557.5930833838814,257.8982436945373,542.6417129543802,-352.10160152560445,352.10160152560445,-229.47027695517124,229.47027695517124,-245.15372450937377,245.15372450937377,54.54111517997035,54.54111517997035,-230.20235407987252,230.20235407987252,512.916727252518,542.6417129543802,536.8534392198154,582.4839162221142,546.9128946739586
2023-12-22 08:00:00,883.935032382881,1000.2308606204433,846.9995603043557,679.8930127607631,672.2539033754674,865.9464642943162,-116.29582823756232,116.29582823756232,36.93547207852532,36.93547207852532,204.0420196221179,204.0420196221179,211.68112900741357,211.68112900741357,17.98856808856476,17.98856808856476,813.0647602710692,846.9995603043557,847.1254754644553,903.7957116177929,861.0786010377516
2023-12-22 09:00:00,1311.7980006899613,1338.6354131284204,1264.9725110140946,906.164246939712,908.5044709266206,1426.0276254711334,-26.83741243845907,26.83741243845907,46.82548967586672,46.82548967586672,405.6337537502493,405.6337537502493,403.29352976334076,403.29352976334076,-114.2296247811721,114.2296247811721,1168.8608534959963,1264.9725110140946,1236.080140288252,1313.9207089415072,1283.9779505623537
2023-12-22 10:00:00,1404.9977828119904,1457.4069987418586,1465.8023555486607,1005.4111448560562,1165.0755599458562,1477.7583571652344,-52.409215929868196,52.409215929868196,-60.80457273667025,60.80457273667025,399.5866379559342,399.5866379559342,239.92222286613423,239.92222286613423,-72.76057435324401,72.76057435324401,1314.2908832515332,1457.4069987418586,1376.4419617605797,1420.5775716217738,1397.5157080980596
2023-12-22 11:00:00,1927.5772585548684,2048.0360708634444,2096.4191894356127,1182.2585814471718,784.2694013735176,2004.763629185086,-120.45881230857594,120.45881230857594,-168.84193088074426,168.84193088074426,745.3186771076967,745.3186771076967,1143.3078571813508,1143.3078571813508,-77.18637063021765,77.18637063021765,1623.1493744609663,2004.763629185086,1767.7223149148347,1907.5883294391933,1828.175794035419
2023-12-22 12:00:00,1650.336830748859,1680.3817181118147,1813.3095339375925,1129.033190537404,2313.2594156442665,1787.5554203109634,-30.044887362955706,30.044887362955706,-162.97270318873348,162.97270318873348,521.3036402114551,521.3036402114551,-662.9225848954075,662.9225848954075,-137.2185895621044,137.2185895621044,1744.7078557084083,1787.5554203109634,1773.0545215512977,1731.8316700505375,1757.918512684425
2023-12-22 13:00:00,1820.736422695757,1990.7140231542216,1994.83254404979,1300.151311058375,1434.756801562512,2020.6203632345753,-169.97760045846462,169.97760045846462,-174.0961213540329,174.0961213540329,520.5851116373819,520.5851116373819,385.979621133245,385.979621133245,-199.88394053881825,199.88394053881825,1748.215008611895,1990.7140231542216,1874.8448580128074,1926.9362208156297,1894.301398017825
2023-12-22 14:00:00,1647.0770993831761,1600.7135912274787,1632.2140275779375,1140.3541421843931,2126.2654239716603,1772.4729417535616,46.363508155697446,46.363508155697446,14.863071805238633,14.863071805238633,506.722957198783,506.722957198783,-479.1883245884842,479.1883245884842,-125.39584237038548,125.39584237038548,1654.4040253430062,1632.2140275779375,1674.6018806715053,1668.3485266199618,1688.2605156067536
2023-12-22 15:00:00,1190.6648599003129,1333.8421881709871,1257.0508342183912,1011.6146970332165,1658.4299172483663,1310.985938267212,-143.17732827067425,143.17732827067425,-66.3859743180783,66.3859743180783,179.05016286709633,179.05016286709633,-467.76505734805346,467.76505734805346,-120.3210783668992,120.3210783668992,1314.3847149876347,1310.985938267212,1318.2579769505817,1321.1480712448488,1316.8959451095984
2023-12-22 16:00:00,828.8377138015728,891.8388921750277,921.9967755362692,756.9555176827479,1213.6261423593317,1033.3050095780175,-63.00117837345488,63.00117837345488,-93.15906173469637,93.15906173469637,71.88219611882494,71.88219611882494,-384.78842855775883,384.78842855775883,-204.46729577644464,204.46729577644464,963.5444674662788,921.9967755362692,957.3470477828164,955.7903999833,973.3111297386943
2023-12-22 17:00:00,519.0149253610016,714.3350777137676,723.5483714486328,567.8986894264505,537.1947336514912,601.214293085508,-195.32015235276606,195.32015235276606,-204.5334460876312,204.5334460876312,-48.88376406544887,48.88376406544887,-18.179808290489632,18.179808290489632,-82.19936772450637,82.19936772450637,628.83823306517,601.214293085508,661.6192674646188,654.7497889307105,640.9212221487344
2023-12-22 18:00:00,52.317545283734155,45.22837579573897,31.049376075684993,288.13538616280044,67.19598371790369,42.15401491754229,7.089169487995186,7.089169487995186,21.268169208049162,21.268169208049162,-235.8178408790663,235.8178408790663,-14.878438434169531,14.878438434169531,10.163530366191864,10.163530366191864,94.75262733393407,45.22837579573897,60.80604127029299,59.163342993738496,63.372143729504714
2023-12-22 19:00:00,34.83249588895255,54.3546291556361,32.35636075770786,309.9273021729049,31.919738128013794,46.68938644624935,-19.522133266683547,19.522133266683547,2.476135131244689,2.476135131244689,-275.0948062839523,275.0948062839523,2.9127577609387565,2.9127577609387565,-11.8568905572968,11.8568905572968,95.0494833321024,46.68938644624935,62.9296922355257,119.75290183695178,83.1525521774136
2023-12-22 20:00:00,18.566820755915632,54.55229913550025,31.049376075684993,275.7643324863034,37.57707098385758,44.10583185278668,-35.98547837958462,35.98547837958462,-12.48255531976936,12.48255531976936,-257.19751173038776,257.19751173038776,-19.01025022794195,19.01025022794195,-25.539011096871047,25.539011096871047,88.60978210682659,44.10583185278668,59.78592144478056,110.99187769527005,77.77646253393783
2023-12-22 21:00:00,62.17444878256432,52.92631477765485,31.049376075684993,247.23507322576282,24.7565402099681,24.158907565354827,9.248134004909467,9.248134004909467,31.125072706879326,31.125072706879326,-185.0606244431985,185.0606244431985,37.41790857259622,37.41790857259622,38.01554121720949,38.01554121720949,76.02524237088511,31.049376075684993,50.72505110381961,93.38795087442159,63.27073058072034
2023-12-22 22:00:00,238.03261335103883,59.33825011452314,29.336524789405214,280.72416179430974,29.929510595274255,29.692664431036782,178.6943632365157,178.6943632365157,208.69608856163362,208.69608856163362,-42.691548443270904,42.691548443270904,208.10310275576458,208.10310275576458,208.33994892000206,208.33994892000206,85.80422234490985,29.929510595274255,56.734548921632395,105.16790595498489,71.67011381817451
2023-12-22 23:00:00,13.589141431388722,50.49017433198046,30.00238887272428,324.5970776993467,41.67552809012914,39.549197068757316,-36.901032900591744,36.901032900591744,-16.413247441335557,16.413247441335557,-311.007936267958,311.007936267958,-28.08638665874042,28.08638665874042,-25.960055637368594,25.960055637368594,97.26287321258758,41.67552809012914,63.07912811385043,126.5519929728944,84.25175038229244
2023-12-23 00:00:00,102.11384028132737,56.38934366975716,41.414354870028255,278.66237630060573,39.447231864640784,33.97716431187189,45.72449661157021,45.72449661157021,60.699485411299115,60.699485411299115,-176.54853601927834,176.54853601927834,62.666608416686586,62.666608416686586,68.13667596945548,68.13667596945548,89.97809420338076,41.414354870028255,62.272237859418624,111.8019120970465,77.01329668999007
2023-12-23 01:00:00,96.41834345711871,51.92482040668963,33.19083393079523,275.24700519966115,30.70872179676465,51.461204075404545,44.493523050429076,44.493523050429076,63.22750952632348,63.22750952632348,-178.82866174254244,178.82866174254244,65.70962166035406,65.70962166035406,44.957139381714164,44.957139381714164,88.50651708186304,51.461204075404545,62.077625223670026,110.29595150122556,79.70561724892218
2023-12-23 02:00:00,177.7794163030617,41.685358181613225,32.38604786551215,270.6898948983606,37.44081416631707,38.08540099533154,136.09405812144848,136.09405812144848,145.39336843754955,145.39336843754955,-92.91047859529888,92.91047859529888,140.33860213674464,140.33860213674464,139.69401530773018,139.69401530773018,84.05750322142691,38.08540099533154,56.35200363919601,107.60891443463447,73.61685626550084
2023-12-23 03:00:00,56.05188649500721,32.58961056555037,30.097248824951354,320.9374606228136,37.22800358379259,33.2821696255439,23.462275929456837,23.462275929456837,25.954637670055856,25.954637670055856,-264.8855741278064,264.8855741278064,18.823882911214618,18.823882911214618,22.76971686946331,22.76971686946331,90.82689864453036,33.2821696255439,56.96431824379441,121.15709050802428,78.25823627956046
2023-12-23 04:00:00,0.0,39.121515961079815,33.19083393079523,325.54390039484144,38.30361972788043,30.352092115709567,-39.121515961079815,39.121515961079815,-33.19083393079523,33.19083393079523,-325.54390039484144,325.54390039484144,-38.30361972788043,38.30361972788043,-30.352092115709567,30.352092115709567,93.30239242606129,38.30361972788043,58.69297726301429,124.47570392796874,79.68150126564908
2023-12-23 05:00:00,30.488192102187856,60.67367647729082,30.841897272731345,242.09726146545944,35.86265913026159,21.69128416562593,-30.185484375102963,30.185484375102963,-0.3537051705434884,0.3537051705434884,-211.60906936327157,211.60906936327157,-5.3744670280737346,5.3744670280737346,8.796907936561926,8.796907936561926,78.23335570227383,35.86265913026159,54.61144941804561,97.73303983082094,65.6882747482399
2023-12-23 06:00:00,25.11387434175476,70.17714617159184,47.11206526858988,262.02273144825125,44.34936616016081,49.63679053452561,-45.063271829837085,45.063271829837085,-21.99819092683512,21.99819092683512,-236.9088571064965,236.9088571064965,-19.235491818406054,19.235491818406054,-24.52291619277085,24.52291619277085,94.65961991662388,49.63679053452561,70.88464245611468,71.35978160398159,71.53260930825877
2023-12-23 07:00:00,558.6679681287603,664.8626199864382,522.361272825682,498.14487890181107,348.03260094205956,519.2135569104364,-106.19465185767785,106.19465185767785,36.3066953030783,36.3066953030783,60.52308922694925,60.52308922694925,210.63536718670076,210.63536718670076,39.45441121832391,39.45441121832391,510.5229859132854,519.2135569104364,540.0813614638333,574.8660108416918,540.4315202564019
2023-12-23 08:00:00,883.8147634920286,939.2003354554068,1040.3212981959541,764.5525253349255,679.5290009570145,1110.8113546513089,-55.3855719633782,55.3855719633782,-156.50653470392547,156.50653470392547,119.26223815710318,119.26223815710318,204.2857625350141,204.2857625350141,-226.99659115928023,226.99659115928023,906.8829029189219,939.2003354554068,976.0531946193205,980.988411453232,990.6513333358118
2023-12-23 09:00:00,1386.6679110975626,1351.8991675512589,1254.3517870350622,968.5341280081791,863.3050426691171,1329.0128780544262,34.76874354630377,34.76874354630377,132.31612406250042,132.31612406250042,418.13378308938354,418.13378308938354,523.3628684284455,523.3628684284455,57.65503304313643,57.65503304313643,1153.4206006636089,1254.3517870350622,1242.1481475439937,1285.489710635914,1254.7780531975793
2023-12-23 10:00:00,1539.935810250122,1504.251276167114,1441.1134357913475,1055.2705797935594,1589.996143250275,1501.3711080781027,35.684534083007975,35.684534083007975,98.82237445877445,98.82237445877445,484.66523045656254,484.66523045656254,-50.06033300015315,50.06033300015315,38.564702172019224,38.564702172019224,1418.4005086160796,1501.3711080781027,1459.0237363312854,1477.6319954751002,1464.951042880752
2023-12-23 11:00:00,1913.3156619442548,1975.370755068346,1955.790900650022,1176.9913770595986,1255.256415279688,2006.6801086599407,-62.05509312409117,62.05509312409117,-42.4752387057672,42.4752387057672,736.3242848846562,736.3242848846562,658.0592466645667,658.0592466645667,-93.36444671568597,93.36444671568597,1674.0179113435192,1955.790900650022,1845.490772898041,1894.3577080283765,1858.0941482786172
2023-12-23 12:00:00,1875.749794710272,1747.1583714106416,1877.31515886262,1162.3104137107255,2297.8532636692084,1941.9560650050937,128.59142329963038,128.59142329963038,-1.565364152347911,1.565364152347911,713.4393809995465,713.4393809995465,-422.10346895893645,422.10346895893645,-66.2062702948217,66.2062702948217,1805.3186545316578,1877.31515886262,1842.911698340428,1823.0457644252824,1849.2421827370636
2023-12-23 13:00:00,1825.4523350344489,1845.421229790627,1841.9406488064021,1394.2470968724476,1930.5155093489882,1890.1959978192513,-19.968894756178088,19.968894756178088,-16.488313771953244,16.488313771953244,431.20523816200125,431.20523816200125,-105.06317431453931,105.06317431453931,-64.74366278480238,64.74366278480238,1780.4640965275435,1845.421229790627,1832.2808486687588,1839.3665202202892,1835.6262295360734
2023-12-23 14:00:00,1519.3825212884228,1562.574278861803,1563.488161904714,1093.460583986981,1892.667789498136,1582.699562080278,-43.19175757338007,43.19175757338007,-44.10564061629111,44.10564061629111,425.92193730144186,425.92193730144186,-373.2852682097132,373.2852682097132,-63.317040791855106,63.317040791855106,1538.9780752663823,1563.488161904714,1571.1120457218676,1561.5330027487194,1564.129042010508
2023-12-23 15:00:00,1310.3106004874528,1261.4507177703297,1160.8792169481353,874.6016172702983,1698.5078355403186,1273.8109593806525,48.85988271712313,48.85988271712313,149.4313835393175,149.4313835393175,435.70898321715447,435.70898321715447,-388.19723505286584,388.19723505286584,36.499641106800254,36.499641106800254,1253.8500693819467,1261.4507177703297,1256.7276160833294,1262.8785957369116,1261.4140692985923
2023-12-23 16:00:00,1128.584272460438,915.799844041141,937.9843164715818,829.6430544227663,1337.1591360358234,1054.953893430888,212.7844284192969,212.7844284192969,190.5999559888561,190.5999559888561,298.94121803767155,298.94121803767155,-208.5748635753855,208.5748635753855,73.63037902954989,73.63037902954989,1015.10804888044,937.9843164715818,998.3229994189561,987.3385203098546,1009.7108443809087
2023-12-23 17:00:00,257.2181816136664,654.2342431443268,536.6424549451949,487.85324375336694,786.8986971666742,479.88802326175204,-397.0160615306604,397.0160615306604,-279.4242733315285,279.4242733315285,-230.63506213970055,230.63506213970055,-529.6805155530078,529.6805155530078,-222.66984164808565,222.66984164808565,589.103332454263,536.6424549451949,578.0416662913818,582.3911039725351,561.9281022223781
2023-12-23 18:00:00,54.00029489240573,28.407980390590854,27.686529913558424,310.36602818847774,58.08902132515329,28.18770784119367,25.59231450181488,25.59231450181488,26.31376497884731,26.31376497884731,-256.365733296072,256.365733296072,-4.088726432747556,4.088726432747556,25.812587051212063,25.812587051212063,90.5474535317948,28.407980390590854,50.251363464146216,46.98374056813288,52.917563484281416
2023-12-23 19:00:00,4.396779600074701,40.37777156332644,29.486923355238705,303.8572361838336,33.14523264551201,25.724124107364172,-35.98099196325174,35.98099196325174,-25.090143755164004,25.090143755164004,-299.4604565837589,299.4604565837589,-28.74845304543731,28.74845304543731,-21.32734450728947,21.32734450728947,86.51825757105499,33.14523264551201,50.069655619097915,114.3588337070085,71.77702313351577
2023-12-23 20:00:00,0.0,50.70382628991363,29.486923355238705,305.5797321349123,38.379288086423834,33.652019744469925,-50.70382628991363,50.70382628991363,-29.486923355238705,29.486923355238705,-305.5797321349123,305.5797321349123,-38.379288086423834,38.379288086423834,-33.652019744469925,33.652019744469925,91.56035792219168,38.379288086423834,55.888914929633096,118.53942130097039,77.37097640251336
2023-12-23 21:00:00,0.0,51.54249298128746,35.58837831801581,249.0969173699571,24.57388080931366,35.73802572787353,-51.54249298128746,51.54249298128746,-35.58837831801581,35.58837831801581,-249.0969173699571,249.0969173699571,-24.57388080931366,24.57388080931366,-35.73802572787353,35.73802572787353,79.30793904128952,35.73802572787353,52.997096946783415,95.28003525307466,67.49233261379003
2023-12-23 22:00:00,58.02076812550175,57.620120487906945,29.21345198828362,315.3986479316152,26.448212347476336,44.40849108633977,0.40064763759480826,0.40064763759480826,28.807316137218134,28.807316137218134,-257.3778798061134,257.3778798061134,31.572555778025418,31.572555778025418,13.612277039161981,13.612277039161981,94.61778476832437,44.40849108633977,59.973846249504795,118.52142664437703,81.35383703909737
2023-12-23 23:00:00,0.0,48.936961720959346,40.25529128290131,267.5632313617278,38.81951125786891,37.34831424414709,-48.936961720959346,48.936961720959346,-40.25529128290131,40.25529128290131,-267.5632313617278,267.5632313617278,-38.81951125786891,38.81951125786891,-37.34831424414709,37.34831424414709,86.5846619735209,40.25529128290131,55.011839782566355,107.87336129653629,73.65215556726439
2023-12-24 00:00:00,0.0,69.08243613102788,33.19083393079523,304.1840353344465,39.96396985026358,36.73077647734045,-69.08243613102788,69.08243613102788,-33.19083393079523,33.19083393079523,-304.1840353344465,304.1840353344465,-39.96396985026358,39.96396985026358,-36.73077647734045,36.73077647734045,96.63041034477473,39.96396985026358,60.72773985445127,119.22998949551845,80.65955616941395
2023-12-24 01:00:00,4.247997271748521,42.584539450191194,33.06936657196374,305.20920713043006,26.702050813842277,40.10700966143701,-38.33654217844267,38.33654217844267,-28.82136930021522,28.82136930021522,-300.9612098586815,300.9612098586815,-22.454053542093757,22.454053542093757,-35.85901238968849,35.85901238968849,89.53443472557286,40.10700966143701,53.00676715573739,114.27568536309704,76.1130246330523
2023-12-24 02:00:00,0.0,52.37940312410978,35.21933291778654,340.99944622763206,32.93088470392798,41.54945143102076,-52.37940312410978,52.37940312410978,-35.21933291778654,35.21933291778654,-340.99944622763206,340.99944622763206,-32.93088470392798,32.93088470392798,-41.54945143102076,41.54945143102076,100.61570368089542,41.54945143102076,58.85285395958718,127.93702317916704,84.4699941640095
2023-12-24 03:00:00,0.0,45.83706594385625,33.19083393079523,299.19056047428285,33.21410501771383,37.17041557920305,-45.83706594385625,45.83706594385625,-33.19083393079523,33.19083393079523,-299.19056047428285,299.19056047428285,-33.21410501771383,33.21410501771383,-37.17041557920305,37.17041557920305,89.72059618917025,37.17041557920305,51.65609600628266,114.1939348231313,75.13321160249885
2023-12-24 04:00:00,8.818471915812538,75.49118943180234,39.90311120383569,274.2023378159035,36.37229154992335,48.972231312600165,-66.6727175159898,66.6727175159898,-31.084639288023155,31.084639288023155,-265.38386590009094,265.38386590009094,-27.55381963411081,27.55381963411081,-40.15375939678763,40.15375939678763,94.988232262813,48.972231312600165,63.73586191311139,111.50128735852044,81.3632374965722
2023-12-24 05:00:00,58.00735297000139,62.914672830598654,32.20497231654485,287.4402874896374,37.82319342571583,49.900509373093804,-4.907319860597262,4.907319860597262,25.802380653456545,25.802380653456545,-229.432934519636,229.432934519636,20.184159544285563,20.184159544285563,8.106843596907588,8.106843596907588,94.0567270871181,49.900509373093804,59.635160787400046,116.33151642910569,81.5814504569941
2023-12-24 06:00:00,0.0,61.0115724242741,25.3031695996041,272.33493812015035,45.45682643455867,35.445640969338044,-61.0115724242741,61.0115724242741,-25.3031695996041,25.3031695996041,-272.33493812015035,272.33493812015035,-45.45682643455867,45.45682643455867,-35.445640969338044,35.445640969338044,87.91042950958504,45.45682643455867,52.87547251256521,61.411450113386564,58.95729088357015
2023-12-24 07:00:00,470.3815787222521,598.1380740493396,534.1291032860843,492.883620838216,244.0257157711085,459.4383311050959,-127.75649532708752,127.75649532708752,-63.7475245638322,63.7475245638322,-22.502042115963945,22.502042115963945,226.35586295114356,226.35586295114356,10.943247617156146,10.943247617156146,465.7229690099689,492.883620838216,494.31161282834785,516.8036196542553,488.36682976779383
2023-12-24 08:00:00,970.1307863354615,928.3287383406538,1022.0680027089068,809.6921175967204,590.331547137287,1070.6499919930843,41.80204799480771,41.80204799480771,-51.93721637344527,51.93721637344527,160.43866873874106,160.43866873874106,379.7992391981745,379.7992391981745,-100.51920565762282,100.51920565762282,884.2140795553305,928.3287383406538,956.9861921078638,957.790716800786,965.4058869822779
2023-12-24 09:00:00,1479.9397026707602,1425.2871471962246,1510.370526476444,1117.782018949233,851.5984794891522,1534.0229552684366,54.652555474535575,54.652555474535575,-30.430823805683758,30.430823805683758,362.1576837215273,362.1576837215273,628.341223181608,628.341223181608,-54.08325259767639,54.08325259767639,1287.812225475898,1425.2871471962246,1414.2057041211242,1416.6654131017901,1413.628371315741
2023-12-24 10:00:00,1708.702141086111,1665.167937274151,1737.9195471384423,1213.2191796833356,1508.0105531756883,1795.2958745341225,43.53420381195997,43.53420381195997,-29.2174060523314,29.2174060523314,495.48296140277535,495.48296140277535,200.69158791042264,200.69158791042264,-86.59373344801156,86.59373344801156,1583.9226183611477,1665.167937274151,1691.9009966123626,1679.8327227782413,1687.3638143962353
2023-12-24 11:00:00,1891.3403494829336,1936.433434848929,1960.4720321798313,1255.7547304420775,1498.9748918218077,1984.4808601274547,-45.09308536599542,45.09308536599542,-69.13168269689777,69.13168269689777,635.585619040856,635.585619040856,392.3654576611259,392.3654576611259,-93.1405106445211,93.1405106445211,1727.22318988402,1936.433434848929,1885.4890184750445,1888.0845889430138,1874.4128922277123
2023-12-24 12:00:00,1765.700306126516,1891.0567753757507,1918.7145480478814,1125.9904452381697,1890.6076260944922,1960.251247877306,-125.3564692492348,125.3564692492348,-153.0142419213655,153.0142419213655,639.7098608883462,639.7098608883462,-124.90731996797626,124.90731996797626,-194.55094175079012,194.55094175079012,1757.32412852672,1891.0567753757507,1882.093201060358,1871.695323071508,1869.6516325203652
2023-12-24 13:00:00,2051.386584428563,1870.370702700403,1868.4696029591305,1377.949969868635,1693.1282540359857,1911.677341982875,181.0158817281599,181.0158817281599,182.91698146943236,182.91698146943236,673.4366145599279,673.4366145599279,358.25833039257714,358.25833039257714,139.70924244568778,139.70924244568778,1744.319174309406,1868.4696029591305,1836.4142499487484,1844.9472359678457,1835.6077490334346
2023-12-24 14:00:00,1678.2395663330235,1708.1855629776223,1761.8746589536279,1198.248787983282,2322.2085344800475,1846.8512983893143,-29.945996644598836,29.945996644598836,-83.63509262060438,83.63509262060438,479.9907783497415,479.9907783497415,-643.968968147024,643.968968147024,-168.61173205629075,168.61173205629075,1767.4737685567786,1761.8746589536279,1804.06654423377,1767.5717452748768,1794.3565002418125
2023-12-24 15:00:00,1242.7361446463883,1377.399106767852,1318.7832900604494,928.2436931751674,1736.3532162285446,1430.3638194829025,-134.66296212146358,134.66296212146358,-76.0471454140611,76.0471454140611,314.4924514712209,314.4924514712209,-493.6170715821563,493.6170715821563,-187.6276748365142,187.6276748365142,1358.2286251429832,1377.399106767852,1388.4529983710586,1387.5373760949064,1390.5156012649666
2023-12-24 16:00:00,952.3368126772391,1083.8992316289196,1156.7834874524224,812.1841227163643,1039.2353882802045,1160.2073339948845,-131.56241895168046,131.56241895168046,-204.44667477518328,204.44667477518328,140.1526899608748,140.1526899608748,-86.89857560296537,86.89857560296537,-207.8705213176454,207.8705213176454,1050.4619128145591,1083.8992316289196,1105.9826501484954,1096.760466694401,1102.9567844147575
2023-12-24 17:00:00,414.011567892736,652.3110039907106,521.994927322912,614.9799222960927,797.7853667533651,512.9683590779633,-238.29943609797454,238.29943609797454,-107.98335943017594,107.98335943017594,-200.96835440335667,200.96835440335667,-383.7737988606291,383.7737988606291,-98.9567911852273,98.9567911852273,620.0079158882087,614.9799222960927,590.0757191009666,600.8172840861358,583.8631559493651
2023-12-24 18:00:00,0.0,39.0135098818076,27.686529913558424,346.1893854873964,63.27160032588658,31.897338853578123,-39.0135098818076,39.0135098818076,-27.686529913558424,27.686529913558424,-346.1893854873964,346.1893854873964,-63.27160032588658,63.27160032588658,-31.897338853578123,31.897338853578123,101.61167289244543,39.0135098818076,54.06786936860425,55.658107476530105,59.61959540274502
2023-12-24 19:00:00,72.76023542578749,46.441106900427506,31.049376075684993,285.08020590919216,31.778131424271013,39.45057974432526,26.31912852535998,26.31912852535998,41.710859350102496,41.710859350102496,-212.3199704834047,212.3199704834047,40.982104001516475,40.982104001516475,33.309655681462225,33.309655681462225,86.75988001078018,39.45057974432526,52.08322861149773,110.07048826576363,73.88820701419951
2023-12-24 20:00:00,0.0,55.42020474408292,35.58837831801581,297.7825994075808,40.41850219806803,30.328809013538567,-55.42020474408292,55.42020474408292,-35.58837831801581,35.58837831801581,-297.7825994075808,297.7825994075808,-40.41850219806803,40.41850219806803,-30.328809013538567,30.328809013538567,91.90769873625723,40.41850219806803,55.42449074613817,117.62773136092186,76.36296818207717
2023-12-24 21:00:00,0.0,38.2752693960601,26.562091627188565,276.84584291099407,25.455658147581136,50.69122017455315,-38.2752693960601,38.2752693960601,-26.562091627188565,26.562091627188565,-276.84584291099407,276.84584291099407,-25.455658147581136,25.455658147581136,-50.69122017455315,50.69122017455315,83.5660164512754,38.2752693960601,50.57523976005473,104.7185969511487,73.43959833852674
2023-12-24 22:00:00,0.0,48.184750870431934,28.92871418428154,285.98427554861735,30.78298448724901,37.14365413607472,-48.184750870431934,48.184750870431934,-28.92871418428154,28.92871418428154,-285.98427554861735,285.98427554861735,-30.78298448724901,30.78298448724901,-37.14365413607472,37.14365413607472,86.2048758453309,37.14365413607472,51.460204211058205,109.25157270030722,72.88323906969076
2023-12-24 23:00:00,14.216940019386184,55.33638221752204,30.888371239988448,304.93308175595826,37.348915030846115,33.2982205392272,-41.11944219813586,41.11944219813586,-16.671431220602265,16.671431220602265,-290.71614173657207,290.71614173657207,-23.13197501145993,23.13197501145993,-19.081280519841016,19.081280519841016,92.36099415670841,37.348915030846115,54.810950593463986,117.62416504837975,76.86237763174024
2023-12-25 00:00:00,0.0,44.80929454343088,32.20497231654485,323.5535064056373,44.01225942363039,54.86529385810878,-44.80929454343088,44.80929454343088,-32.20497231654485,32.20497231654485,-323.5535064056373,323.5535064056373,-44.01225942363039,44.01225942363039,-54.86529385810878,54.86529385810878,99.88906530947044,44.80929454343088,59.55963270836566,128.1137440541726,87.25288486227733
2023-12-25 01:00:00,54.785084494492054,59.927648069583945,32.67721795468869,303.02945712213335,29.043410384778262,38.50557860764421,-5.142563575091891,5.142563575091891,22.10786653980336,22.10786653980336,-248.2443726276413,248.2443726276413,25.74167410971379,25.74167410971379,16.279505886847843,16.279505886847843,92.6366624277657,38.50557860764421,56.73567210681391,114.07787487284457,77.47251230097952
2023-12-25 02:00:00,65.60899268275224,49.051738384903395,32.45754012763456,242.97839765667024,40.72298016920517,54.06245255724175,16.55725429784885,16.55725429784885,33.151452555117686,33.151452555117686,-177.369404973918,177.369404973918,24.886012513547072,24.886012513547072,11.546540125510496,11.546540125510496,83.85462177913101,49.051738384903395,55.459585836983806,103.89823288015415,75.39076048241594
2023-12-25 03:00:00,0.0,35.58850121756343,32.50946871096082,286.42580404065865,37.86741585252767,23.832103518243212,-35.58850121756343,35.58850121756343,-32.50946871096082,32.50946871096082,-286.42580404065865,286.42580404065865,-37.86741585252767,37.86741585252767,-23.832103518243212,23.832103518243212,83.24465866799076,35.58850121756343,46.51279765226021,111.75125791847768,68.89456910846816
2023-12-25 04:00:00,19.0602702832918,64.85206641581358,32.67721795468869,267.68163689446544,37.42968792844454,53.7026266140027,-45.79179613252178,45.79179613252178,-13.616947671396893,13.616947671396893,-248.62136661117364,248.62136661117364,-18.369417645152737,18.369417645152737,-34.6423563307109,34.6423563307109,91.268647161483,53.7026266140027,61.014914389434814,111.38715422391826,80.71487533910306
2023-12-25 05:00:00,51.60592838201955,58.08712811945179,32.45754012763456,264.62456767279343,38.67431302817052,43.815727989454125,-6.481199737432242,6.481199737432242,19.14838825438499,19.14838825438499,-213.01863929077388,213.01863929077388,12.931615353849025,12.931615353849025,7.790200392565424,7.790200392565424,87.53185538750088,43.815727989454125,56.44340204832724,108.00181390994248,75.60308146287191
2023-12-25 06:00:00,94.03003744161879,50.64337795053362,32.45754012763456,277.2036488744378,47.65434556052129,41.005331388293285,43.38665949108517,43.38665949108517,61.57249731398423,61.57249731398423,-183.17361143281903,183.17361143281903,46.375691881097495,46.375691881097495,53.0247060533255,53.0247060533255,89.79284878028412,47.65434556052129,55.32348010781193,59.49680523078667,60.60572163529507
2023-12-25 07:00:00,303.8488150944521,628.4080813481106,508.536323253691,455.08879406858586,332.90574293750103,491.2241341084863,-324.5592662536585,324.5592662536585,-204.68750815923892,204.68750815923892,-151.23997897413375,151.23997897413375,-29.056927843048925,29.056927843048925,-187.37531901403418,187.37531901403418,483.232615143275,491.2241341084863,516.3328505025332,543.7002573147727,512.901282195544
2023-12-25 08:00:00,765.1428455657078,974.30052267714,1075.6213898856981,732.647923774377,432.14130417036233,1097.5625035536334,-209.15767711143212,209.15767711143212,-310.4785443199903,310.4785443199903,32.49492179133085,32.49492179133085,333.0015413953455,333.0015413953455,-332.4196579879256,332.4196579879256,862.4547288122421,974.30052267714,957.9182008337414,977.7253787806187,972.6965203574831
2023-12-25 09:00:00,1384.062853304658,1431.3312162849516,1468.9906749983825,837.1019061300966,548.7191130213334,1443.9159683943337,-47.26836298029366,47.26836298029366,-84.92782169372458,84.92782169372458,546.9609471745613,546.9609471745613,835.3437402833245,835.3437402833245,-59.85311508967584,59.85311508967584,1146.0117757658195,1431.3312162849516,1289.9004919711901,1349.5108097620264,1309.8089393519956
2023-12-25 10:00:00,1599.024022997412,1767.231569943827,1893.5403350003548,1131.6488609972218,1165.5843774801422,1919.5906754079865,-168.20754694641505,168.20754694641505,-294.51631200294287,294.51631200294287,467.37516200019013,467.37516200019013,433.4396455172698,433.4396455172698,-320.56665241057453,320.56665241057453,1575.5191637659068,1767.231569943827,1721.651819157908,1755.4255797296987,1742.1451875010607
2023-12-25 11:00:00,1648.511196756866,1863.559565128619,1852.0889145695817,1190.4972365429815,1341.692035478565,1845.344574679033,-215.04836837175299,215.04836837175299,-203.57771781271572,203.57771781271572,458.0139602138845,458.0139602138845,306.81916127830095,306.81916127830095,-196.83337792216707,196.83337792216707,1618.636465279756,1845.344574679033,1737.653578220234,1784.618138039084,1749.4777228695532
2023-12-25 12:00:00,1922.6472693100889,1776.9298970718723,1857.0076581811657,1317.2452761224324,1630.0934204095288,1917.712380707337,145.7173722382165,145.7173722382165,65.6396111289232,65.6396111289232,605.4019931876564,605.4019931876564,292.55384890056007,292.55384890056007,4.934888602751926,4.934888602751926,1699.797726498467,1776.9298970718723,1775.0736864407486,1796.02499099049,1794.8316246705324
2023-12-25 13:00:00,1706.9880777504377,2076.484434923952,2081.059573123553,1187.1401351222005,1569.3775853962104,2005.0925770178937,-369.4963571735143,369.4963571735143,-374.07149537311534,374.07149537311534,519.8479426282372,519.8479426282372,137.6104923542273,137.6104923542273,-298.10449926745605,298.10449926745605,1783.830861116762,2005.0925770178937,1922.7838768225945,1967.2708054099776,1924.8010922967028
2023-12-25 14:00:00,1626.8964956168463,1755.7810827650894,1769.2954585672335,1232.74120409651,1575.7884255411655,1815.1434399241484,-128.8845871482431,128.8845871482431,-142.39896295038716,142.39896295038716,394.1552915203363,394.1552915203363,51.10807007568087,51.10807007568087,-188.2469443073021,188.2469443073021,1629.7499221788294,1755.7810827650894,1703.822091279321,1735.780441736929,1720.8594323254706
2023-12-25 15:00:00,1479.8557795008721,1361.8698106132963,1308.1076338490664,1052.9076415535048,1667.4571251123148,1489.2937352512233,117.98596888757584,117.98596888757584,171.74814565180577,171.74814565180577,426.9481379473673,426.9481379473673,-187.60134561144264,187.60134561144264,-9.437955750351193,9.437955750351193,1375.9271892758811,1361.8698106132963,1403.529459262397,1404.3142016034499,1415.397283165175
2023-12-25 16:00:00,820.6154782541712,935.1555693544391,1057.8613428192173,854.8077638780678,1315.3065021352058,1069.8548693614475,-114.54009110026789,114.54009110026789,-237.24586456504608,237.24586456504608,-34.19228562389662,34.19228562389662,-494.69102388103465,494.69102388103465,-249.23939110727633,249.23939110727633,1046.5972095096754,1057.8613428192173,1059.421607333048,1008.9978514031125,1043.8162533950726
2023-12-25 17:00:00,409.7518732123126,666.7200690397872,506.8663180800884,462.6396359308023,656.4512651940079,522.8515942161546,-256.9681958274746,256.9681958274746,-97.11444486777577,97.11444486777577,-52.88776271848968,52.88776271848968,-246.69939198169527,246.69939198169527,-113.09972100384198,113.09972100384198,563.1057764921682,522.8515942161546,570.6607732523664,592.4752388284116,566.1322777658979
2023-12-25 18:00:00,0.0,41.99142848531174,30.049650644888583,278.81905450318624,62.68924197658498,51.35968291671245,-41.99142848531174,41.99142848531174,-30.049650644888583,30.049650644888583,-278.81905450318624,278.81905450318624,-62.68924197658498,62.68924197658498,-51.35968291671245,51.35968291671245,92.98181170533681,51.35968291671245,65.75759612757987,60.09901978073947,66.62528369690565
2023-12-25 19:00:00,0.0,49.10485269751276,29.486923355238705,306.30252690074315,28.451682515445487,34.69378411501929,-49.10485269751276,49.10485269751276,-29.486923355238705,29.486923355238705,-306.30252690074315,306.30252690074315,-28.451682515445487,28.451682515445487,-34.69378411501929,34.69378411501929,89.60795391679189,34.69378411501929,60.039034574966315,113.67956631090694,76.9759278721242
2023-12-25 20:00:00,118.5648580130672,52.59187851056322,30.555967316027594,280.39697788689887,35.95639191045529,47.14551146750336,65.97297950250397,65.97297950250397,88.0088906970396,88.0088906970396,-161.8321198738317,161.8321198738317,82.60846610261191,82.60846610261191,71.41934654556383,71.41934654556383,89.32934541828966,47.14551146750336,63.05352121470163,112.64530357050279,80.00461881271994
2023-12-25 21:00:00,140.5063633966067,56.580118393796425,36.03145138455127,314.0883615296272,26.62525140016177,44.900114444590855,83.92624500281028,83.92624500281028,104.47491201205543,104.47491201205543,-173.5819981330205,173.5819981330205,113.88111199644493,113.88111199644493,95.60624895201585,95.60624895201585,95.6450594305455,44.900114444590855,66.93082539645545,118.34664335233013,83.69227539966295
2023-12-25 22:00:00,25.783412942546292,47.77117902728865,30.659332216550713,277.6687865508114,34.66347914383189,38.71699298825605,-21.98776608474236,21.98776608474236,-4.875919274004421,4.875919274004421,-251.88537360826507,251.88537360826507,-8.8800662012856,8.8800662012856,-12.93358004570976,12.93358004570976,85.89595398534773,38.71699298825605,60.678759828945594,108.78112551925298,75.76055499918033
2023-12-25 23:00:00,53.220968462747244,52.229319053543286,33.13982227508754,317.0454728203724,36.3918835379298,39.46849289048783,0.9916494092039585,0.9916494092039585,20.081146187659705,20.081146187659705,-263.8245043576252,263.8245043576252,16.829084924817444,16.829084924817444,13.752475572259414,13.752475572259414,95.65499811548418,39.46849289048783,66.43163852141075,121.51094312843,83.40747269614663
2023-12-26 00:00:00,50.48549012340921,57.122567663391955,33.19083393079523,305.32627171292273,43.94045094892736,30.298649917523118,-6.637077539982748,6.637077539982748,17.294656192613978,17.294656192613978,-254.84078158951354,254.84078158951354,6.54503917448185,6.54503917448185,20.18684020588609,20.18684020588609,93.97575483471208,43.94045094892736,65.4448366913155,122.35619717812597,81.19519111127948
2023-12-26 01:00:00,0.0,44.81569142745035,38.51312652365211,256.3241026095168,28.170885432192655,28.619490269323624,-44.81569142745035,44.81569142745035,-38.51312652365211,38.51312652365211,-256.3241026095168,256.3241026095168,-28.170885432192655,28.170885432192655,-28.619490269323624,28.619490269323624,79.28865925242711,38.51312652365211,56.060699690082856,99.71952291282773,68.31569668522332
2023-12-26 02:00:00,23.81505041835097,50.163196656295234,31.823320575862272,313.6704390202391,35.48632064279802,30.086739159381874,-26.348146237944263,26.348146237944263,-8.008270157511301,8.008270157511301,-289.85538860188814,289.85538860188814,-11.67127022444705,11.67127022444705,-6.2716887410309035,6.2716887410309035,92.24600321091529,35.48632064279802,62.83422053363111,118.94155615603033,78.99928148095788
2023-12-26 03:00:00,0.0,45.03949168149829,33.06936657196374,300.64981970371304,35.0762870422602,36.406600648550175,-45.03949168149829,45.03949168149829,-33.06936657196374,33.06936657196374,-300.64981970371304,300.64981970371304,-35.0762870422602,35.0762870422602,-36.406600648550175,36.406600648550175,90.04831312959709,36.406600648550175,61.784318510168376,115.14744092258304,78.37051058545488
2023-12-26 04:00:00,0.0,62.09473812398083,33.19083393079523,272.91564347002196,35.46225129224223,38.90578294461619,-62.09473812398083,62.09473812398083,-33.19083393079523,33.19083393079523,-272.91564347002196,272.91564347002196,-35.46225129224223,35.46225129224223,-38.90578294461619,38.90578294461619,88.5138499523313,38.90578294461619,64.15496068596971,107.73132844128833,77.04981331756692
2023-12-26 05:00:00,0.0,33.70737279950485,32.50946871096082,274.2318569076292,36.43586526957427,43.77559690300314,-33.70737279950485,33.70737279950485,-32.50946871096082,32.50946871096082,-274.2318569076292,274.2318569076292,-36.43586526957427,36.43586526957427,-43.77559690300314,43.77559690300314,84.13203211813445,36.43586526957427,58.63178365887141,107.77466276099075,75.50345973018617
2023-12-26 06:00:00,0.0,43.62895277439579,32.38604786551215,279.2174077348164,40.05031361169693,26.82010419140657,-43.62895277439579,43.62895277439579,-32.38604786551215,32.38604786551215,-279.2174077348164,279.2174077348164,-40.05031361169693,40.05031361169693,-26.82010419140657,26.82010419140657,84.42056523556558,40.05031361169693,57.67924625480914,50.82378193784996,54.79904234319215
2023-12-26 07:00:00,346.85510050367196,664.7002187244896,522.361272825682,454.89648480652573,331.40588615217297,507.1093500122758,-317.8451182208176,317.8451182208176,-175.50617232201006,175.50617232201006,-108.04138430285377,108.04138430285377,15.449214351498995,15.449214351498995,-160.25424950860383,160.25424950860383,496.09464250422917,507.1093500122758,515.2776320979373,566.8412852447473,525.2764737061063
2023-12-26 08:00:00,916.5041105676468,921.2184676915787,987.7058853763745,842.3794833264978,575.5476519253474,1068.3297484835732,-4.714357123931904,4.714357123931904,-71.20177480872769,71.20177480872769,74.12462724114891,74.12462724114891,340.95645864229937,340.95645864229937,-151.82563791592645,151.82563791592645,879.0362473606743,921.2184676915787,911.7208225886774,952.6971858299057,948.7986016944244
2023-12-26 09:00:00,1360.117260830104,1350.4673008707323,1369.713819292015,1002.6321480502368,786.0202603602461,1335.06139791763,9.6499599593717,9.6499599593717,-9.596558461910945,9.596558461910945,357.4851127798672,357.4851127798672,574.0970004698579,574.0970004698579,25.055862912473913,25.055862912473913,1168.778985298172,1335.06139791763,1234.6622610463337,1291.3390353130335,1258.5684655509708
2023-12-26 10:00:00,1743.489319216539,1645.086575269327,1682.3211592640982,1172.2035766959907,1247.7216205182162,1700.4756480858562,98.40274394721177,98.40274394721177,61.16815995244065,61.16815995244065,571.2857425205482,571.2857425205482,495.76769869832265,495.76769869832265,43.013671130682724,43.013671130682724,1489.5617159666976,1645.086575269327,1565.2086546333999,1615.0458393234971,1592.0838209975798
2023-12-26 11:00:00,1615.304788096516,1567.1209288725017,1678.965100996487,1120.9272967577315,1910.0177769772674,1690.6600865855798,48.18385922401421,48.18385922401421,-63.66031289997113,63.66031289997113,494.37749133878447,494.37749133878447,-294.7129888807515,294.7129888807515,-75.3552984890639,75.3552984890639,1593.5382380379135,1678.965100996487,1646.9927563507613,1612.1078689360486,1634.5698525107416
2023-12-26 12:00:00,2013.3126985165038,2117.8182851646498,2030.2316155785165,1419.5773619558322,1362.3629251836533,2135.0004880260835,-104.50558664814594,104.50558664814594,-16.918917062012724,16.918917062012724,593.7353365606716,593.7353365606716,650.9497733328506,650.9497733328506,-121.68778950957972,121.68778950957972,1812.998135181747,2030.2316155785165,1942.5087763742304,2031.526901028209,1981.810427862298
2023-12-26 13:00:00,1752.5778002534257,1846.9897881832594,1876.8190820984485,1243.5586298324256,2224.513188580347,1951.643507833215,-94.41198792983369,94.41198792983369,-124.24128184502274,124.24128184502274,509.0191704210001,509.0191704210001,-471.9353883269214,471.9353883269214,-199.0657075797892,199.0657075797892,1828.7048393055388,1876.8190820984485,1887.8867700579328,1872.9004194149297,1884.3058262696095
2023-12-26 14:00:00,1170.6520212192795,1516.3429722655862,1435.9137565447184,869.0334527174833,1759.5055121924815,1496.5259035473264,-345.69095104630674,345.69095104630674,-265.26173532543885,265.26173532543885,301.6185685017962,301.6185685017962,-588.853490973202,588.853490973202,-325.8738823280469,325.8738823280469,1415.464319453519,1496.5259035473264,1470.0177470708386,1480.134255806488,1467.443645463367
2023-12-26 15:00:00,1271.9253662597168,1541.8266927030816,1623.1858110988271,964.1995693747474,928.7395559656635,1547.0197742123112,-269.9013264433647,269.9013264433647,-351.2604448391103,351.2604448391103,307.72579688496944,307.72579688496944,343.18581029405334,343.18581029405334,-275.09440795259434,275.09440795259434,1320.9942806709262,1541.8266927030816,1457.8990709663985,1477.1348935462038,1454.1130003304281
2023-12-26 16:00:00,950.4190627704911,938.7016397623478,970.5325925112539,790.162267078028,1234.7150542332238,1062.630317528728,11.717423008143328,11.717423008143328,-20.11352974076283,20.11352974076283,160.25679569246313,160.25679569246313,-284.2959914627327,284.2959914627327,-112.21125475823692,112.21125475823692,999.3483742227163,970.5325925112539,1000.4522006522661,994.0742634303723,1010.7536775750804
2023-12-26 17:00:00,483.89206303481717,650.3482895025852,506.8663180800884,515.9828238673197,709.4717533239453,499.23078298691644,-166.45622646776803,166.45622646776803,-22.974255045271207,22.974255045271207,-32.0907608325025,32.0907608325025,-225.57969028912817,225.57969028912817,-15.338719952099268,15.338719952099268,576.379993552171,515.9828238673197,564.2395048121153,582.8225487627603,559.2407713802802
2023-12-26 18:00:00,0.0,53.96084473031603,28.805558135404297,278.6982729064328,65.62486667559507,34.578865415614956,-53.96084473031603,53.96084473031603,-28.805558135404297,28.805558135404297,-278.6982729064328,278.6982729064328,-65.62486667559507,65.62486667559507,-34.578865415614956,34.578865415614956,92.33368157267262,53.96084473031603,59.13441150921327,59.658101988612685,61.02026344700531
2023-12-26 19:00:00,0.0,43.47638461171502,29.486923355238705,282.4648417310995,30.334163945681734,35.548545370324376,-43.47638461171502,43.47638461171502,-29.486923355238705,29.486923355238705,-282.4648417310995,282.4648417310995,-30.334163945681734,30.334163945681734,-35.548545370324376,35.548545370324376,84.26217180281188,35.548545370324376,53.41966927844912,107.53768170869985,72.24934873077194
2023-12-26 20:00:00,0.0,62.33896615134603,37.56065173398797,268.498728769504,32.47572921464317,32.16788201006849,-62.33896615134603,62.33896615134603,-37.56065173398797,37.56065173398797,-268.498728769504,268.498728769504,-32.47572921464317,32.47572921464317,-32.16788201006849,32.16788201006849,86.60839157590993,37.56065173398797,59.06326117871257,104.80810583690486,72.91666482188091
2023-12-26 21:00:00,34.38625447122651,49.48154305002845,28.973307379132173,296.1608727182116,21.002132167747504,36.95163672329067,-15.095288578801942,15.095288578801942,5.412947092094335,5.412947092094335,-261.7746182469851,261.7746182469851,13.384122303479003,13.384122303479003,-2.565382252064161,2.565382252064161,86.51389840768208,36.95163672329067,54.57471918702774,108.33460569954968,73.56590449216777
2023-12-26 22:00:00,0.0,41.870785471366446,36.93831385204957,276.3540834704539,30.315622267371424,34.263987868250965,-41.870785471366446,41.870785471366446,-36.93831385204957,36.93831385204957,-276.3540834704539,276.3540834704539,-30.315622267371424,30.315622267371424,-34.263987868250965,34.263987868250965,83.94855858589844,36.93831385204957,53.08514441801563,106.11396810369959,71.40224304734444
2023-12-26 23:00:00,80.20627113314885,66.81853304743247,30.720621996260572,282.9705070311078,33.250972459122025,44.17935886499728,13.387738085716379,13.387738085716379,49.48564913688827,49.48564913688827,-202.76423589795894,202.76423589795894,46.95529867402682,46.95529867402682,36.02691226815156,36.02691226815156,91.58799867978402,44.17935886499728,60.83577868523157,111.44534875248034,78.83780974026983
2023-12-27 00:00:00,0.0,55.524165581512534,33.06936657196374,258.4350241137269,41.70777929610712,49.30648448703473,-55.524165581512534,55.524165581512534,-33.06936657196374,33.06936657196374,-258.4350241137269,258.4350241137269,-41.70777929610712,41.70777929610712,-49.30648448703473,49.30648448703473,87.60856401006899,49.30648448703473,59.62835003854329,109.00556429867135,77.97318400058514
2023-12-27 01:00:00,206.7098252693946,121.97791215001935,49.29335297569212,279.55350731686406,27.134011812152583,110.37263075669924,84.73191311937525,84.73191311937525,157.41647229370247,157.41647229370247,-72.84368204746946,72.84368204746946,179.57581345724202,179.57581345724202,96.33719451269536,96.33719451269536,117.66628300228547,110.37263075669924,97.24811724296964,127.83144614693,113.13165176876684
2023-12-27 02:00:00,0.0,58.44846638631385,39.73536196010782,305.73049988681475,42.49478434321168,34.38115529302715,-58.44846638631385,58.44846638631385,-39.73536196010782,39.73536196010782,-305.73049988681475,305.73049988681475,-42.49478434321168,42.49478434321168,-34.38115529302715,34.38115529302715,96.15805357389505,42.49478434321168,63.502068468586835,121.4654990062926,81.59811201584826
2023-12-27 03:00:00,0.0,42.106462058680194,32.20497231654485,340.14235148303095,33.66686773913857,46.217910057904476,-42.106462058680194,42.106462058680194,-32.20497231654485,32.20497231654485,-340.14235148303095,340.14235148303095,-33.66686773913857,33.66686773913857,-46.217910057904476,46.217910057904476,98.86771273105981,42.106462058680194,62.131898805428435,128.14139115816877,86.09911154687201
2023-12-27 04:00:00,0.0,38.54278276833982,37.877065866605456,326.89379523540845,35.28680368644131,33.13125563197325,-38.54278276833982,38.54278276833982,-37.877065866605456,37.877065866605456,-326.89379523540845,326.89379523540845,-35.28680368644131,35.28680368644131,-33.13125563197325,33.13125563197325,94.34634063775367,37.877065866605456,58.59105831337022,123.5459798051807,80.13663068951067
2023-12-27 05:00:00,0.0,38.5296006956266,33.06936657196374,297.35213557336624,37.34706751580979,32.9859990324134,-38.5296006956266,38.5296006956266,-33.06936657196374,33.06936657196374,-297.35213557336624,297.35213557336624,-37.34706751580979,37.34706751580979,-32.9859990324134,32.9859990324134,87.85683387783595,37.34706751580979,54.865464156616696,115.34858793307671,75.2327822089579
2023-12-27 06:00:00,60.722805842473235,42.710781070956344,34.753286651241524,318.1376301252131,42.816332070671095,33.70348777286162,18.01202477151689,18.01202477151689,25.96951919123171,25.96951919123171,-257.41482428273986,257.41482428273986,17.90647377180214,17.90647377180214,27.019318069611614,27.019318069611614,94.42430353818872,42.710781070956344,58.69249780056253,55.52264982169764,59.89010254888811
2023-12-27 07:00:00,483.1933765918963,657.1124915974049,526.9164308379268,514.5840828092687,335.85125998593605,537.4842547062985,-173.91911500550856,173.91911500550856,-43.72305424603047,43.72305424603047,-31.390706217372383,31.390706217372383,147.34211660596026,147.34211660596026,-54.29087811440223,54.29087811440223,514.389703987367,526.9164308379268,541.7030265635184,578.4071842470617,546.4078549819071
2023-12-27 08:00:00,978.7703436234942,832.7500234958738,941.3755800648173,764.5752013106065,565.4576957485895,972.8744640331174,146.02032012762038,146.02032012762038,37.394763558676914,37.394763558676914,214.1951423128877,214.1951423128877,413.31264787490477,413.31264787490477,5.895879590376808,5.895879590376808,815.4065929306009,832.7500234958738,871.6680936455559,869.5843264874651,880.03193743265
2023-12-27 09:00:00,1382.3644301423408,1418.7389114725927,1439.25293148773,963.149695586812,873.6765353527032,1460.6296917738387,-36.37448133025191,36.37448133025191,-56.88850134538916,56.88850134538916,419.2147345555288,419.2147345555288,508.68789478963754,508.68789478963754,-78.26526163149788,78.26526163149788,1231.0895531347353,1418.7389114725927,1352.6869908118742,1375.0113380616094,1356.6533476437598
2023-12-27 10:00:00,1621.4435393998997,1741.7537681200058,1810.2560539667425,1176.9678538091946,1084.5302340944688,1758.8198163911256,-120.31022872010612,120.31022872010612,-188.81251456684276,188.81251456684276,444.4756855907051,444.4756855907051,536.9133053054309,536.9133053054309,-137.37627699122595,137.37627699122595,1514.4655452763077,1741.7537681200058,1662.5381884380158,1678.6871157482324,1657.0246635893614
2023-12-27 11:00:00,1833.7675295811757,1742.5530160039696,1815.4607578363657,1235.4388076632024,1743.4390238513072,1893.6355670148907,91.21451357720616,91.21451357720616,18.30677174481002,18.30677174481002,598.3287219179733,598.3287219179733,90.32850572986854,90.32850572986854,-59.86803743371502,59.86803743371502,1686.105434473947,1743.4390238513072,1767.8862518047408,1770.9435068482392,1777.5971278936615
2023-12-27 12:00:00,1927.5905000342086,1980.7531872789818,1973.9879482021931,1234.150381843843,1553.3807472542114,1994.545219978363,-53.162687244773224,53.162687244773224,-46.39744816798452,46.39744816798452,693.4401181903656,693.4401181903656,374.2097527799972,374.2097527799972,-66.95471994415448,66.95471994415448,1747.3634969115185,1973.9879482021931,1882.592717250413,1914.8738899785571,1887.6217255466674
2023-12-27 13:00:00,1632.0995178406959,1597.5534459853643,1584.361794688284,1138.9997378856945,2004.9587580458312,1606.5779102161396,34.54607185533155,34.54607185533155,47.737723152411945,47.737723152411945,493.0997799550014,493.0997799550014,-372.8592402051354,372.8592402051354,25.52160762455628,25.52160762455628,1586.4903293642626,1597.5534459853643,1608.628848291753,1596.9418502682663,1600.2848574840864
2023-12-27 14:00:00,1622.212677839722,1340.2083217859285,1370.3885098143685,1154.9695444526583,2160.711304843214,1470.9564901146323,282.00435605379334,282.00435605379334,251.8241680253534,251.8241680253534,467.2431333870636,467.2431333870636,-538.498627003492,538.498627003492,151.2561877250896,151.2561877250896,1499.4468342021605,1370.3885098143685,1462.851286286095,1427.2043260094092,1461.0973485520099
2023-12-27 15:00:00,1368.379915003078,1376.1917024846045,1252.7425560993374,1000.350201227366,1687.6801312363675,1417.6314540129974,-7.811787481526608,7.811787481526608,115.6373589037405,115.6373589037405,368.0297137757119,368.0297137757119,-319.3002162332896,319.3002162332896,-49.2515390099195,49.2515390099195,1346.9192090121346,1376.1917024846045,1362.798916711164,1379.8418799013814,1375.7023715887901
2023-12-27 16:00:00,850.8943251734959,957.1945197622549,1063.9100463717716,787.1824953083475,1262.4564193434803,1102.110937774819,-106.30019458875904,106.30019458875904,-213.01572119827574,213.01572119827574,63.71182986514839,63.71182986514839,-411.56209416998445,411.56209416998445,-251.21661260132305,251.21661260132305,1034.5708837121347,1063.9100463717716,1053.6545137956414,1023.8823543509882,1050.5974247413794
2023-12-27 17:00:00,725.706855980058,659.7455691683641,538.355645669597,583.4390958190853,658.1074633369469,470.51073452630743,65.96128681169387,65.96128681169387,187.35121031046094,187.35121031046094,142.26776016097267,142.26776016097267,67.59939264311106,67.59939264311106,255.19612145375055,255.19612145375055,582.0317017040602,583.4390958190853,561.1970627217687,579.660958536456,552.7658936235409
2023-12-27 18:00:00,52.81257206311467,49.20695175692951,31.049376075684993,321.77292103269133,77.77087665394448,32.280435993890144,3.605620306185159,3.605620306185159,21.76319598742968,21.76319598742968,-268.96034896957667,268.96034896957667,-24.958304590829812,24.958304590829812,20.532136069224528,20.532136069224528,102.41611230262808,49.20695175692951,59.84565553358172,60.09174519172727,62.92052987689634
2023-12-27 19:00:00,62.791469255500374,49.96614918763057,29.486923355238705,317.3276213370174,33.483932969222025,27.410429222921678,12.825320067869804,12.825320067869804,33.30454590026167,33.30454590026167,-254.536152081517,254.536152081517,29.30753628627835,29.30753628627835,35.381040032578696,35.381040032578696,91.53501121440607,33.483932969222025,53.135302539840424,118.63703947956063,75.32079069328586
2023-12-27 20:00:00,0.0,35.551858924470594,26.82621833614215,281.54910778839763,40.36100619113438,29.76535513235346,-35.551858924470594,35.551858924470594,-26.82621833614215,26.82621833614215,-281.54910778839763,281.54910778839763,-40.36100619113438,40.36100619113438,-29.76535513235346,29.76535513235346,82.81070927449966,35.551858924470594,47.52708421202618,111.27469249031422,70.15574589207274
2023-12-27 21:00:00,0.0,68.9516744170542,31.049376075684993,286.77637585117975,24.914254039875885,31.32987732063886,-68.9516744170542,68.9516744170542,-31.049376075684993,31.049376075684993,-286.77637585117975,286.77637585117975,-24.914254039875885,24.914254039875885,-31.32987732063886,31.32987732063886,88.60431154088674,31.32987732063886,57.3150728909795,105.39757756749593,72.80063290984775
2023-12-27 22:00:00,0.0,47.16549836833583,29.264210519262353,257.77119314063134,32.43678528581564,31.856459731698425,-47.16549836833583,47.16549836833583,-29.264210519262353,29.264210519262353,-257.77119314063134,257.77119314063134,-32.43678528581564,32.43678528581564,-31.856459731698425,31.856459731698425,79.69882940914871,32.43678528581564,49.83903737078134,100.03710764226035,67.27390133208193
2023-12-27 23:00:00,7.594713606131551,50.508555845644096,33.40132814508904,262.3950411037594,35.22070781094733,34.92799152443345,-42.91384223951255,42.91384223951255,-25.80661453895749,25.80661453895749,-254.80032749762785,254.80032749762785,-27.625994204815782,27.625994204815782,-27.333277918301903,27.333277918301903,83.29072488597467,35.22070781094733,53.34171418974102,103.37300779879095,70.65815987864121
2023-12-28 00:00:00,0.0,32.39646989245298,33.19083393079523,309.4682840907025,43.878726943079286,34.15226143836322,-32.39646989245298,32.39646989245298,-33.19083393079523,33.19083393079523,-309.4682840907025,309.4682840907025,-43.878726943079286,43.878726943079286,-34.15226143836322,34.15226143836322,90.61731525907865,34.15226143836322,51.70550264998839,120.63765443595143,76.65686246527032
2023-12-28 01:00:00,0.0,116.05847711694042,48.64464004636576,214.80327527787728,24.320904470508154,64.58893230231945,-116.05847711694042,116.05847711694042,-48.64464004636576,48.64464004636576,-214.80327527787728,214.80327527787728,-24.320904470508154,24.320904470508154,-64.58893230231945,64.58893230231945,93.68324584280222,64.58893230231945,79.83791116760308,93.54602406226228,83.66961619798394
2023-12-28 02:00:00,0.0,52.62726518646316,33.19083393079523,289.48670417522936,38.4081112141546,32.08211994211959,-52.62726518646316,52.62726518646316,-33.19083393079523,33.19083393079523,-289.48670417522936,289.48670417522936,-38.4081112141546,38.4081112141546,-32.08211994211959,32.08211994211959,89.15900688975239,38.4081112141546,53.92937959976379,113.73168910247702,74.54654597704663
2023-12-28 03:00:00,77.15288435480483,53.37121533012575,34.80559618866621,305.1955431976129,35.269763761062485,45.77738795837224,23.781669024679076,23.781669024679076,42.34728816613862,42.34728816613862,-228.04265884280807,228.04265884280807,41.88312059374234,41.88312059374234,31.375496396432588,31.375496396432588,94.88390128716792,45.77738795837224,59.07112857339148,119.39978485122053,81.67353187649164
2023-12-28 04:00:00,125.5754275040819,54.03757997528887,34.753286651241524,277.9657965005045,39.50456620349043,39.504954106688054,71.53784752879304,71.53784752879304,90.82214085284038,90.82214085284038,-152.39036899642258,152.39036899642258,86.07086130059147,86.07086130059147,86.07047339739384,86.07047339739384,89.15323668744267,39.504954106688054,56.47245990707906,111.04305166355394,75.98629163001604
2023-12-28 05:00:00,17.09629549396921,38.29041980329495,39.221399492936115,277.25874772600463,43.70342317974419,36.131801334630865,-21.19412430932574,21.19412430932574,-22.125103998966903,22.125103998966903,-260.16245223203543,260.16245223203543,-26.60712768577498,26.60712768577498,-19.035505840661653,19.035505840661653,86.92115830732214,39.221399492936115,53.56332921769374,112.4254134375799,74.4072147249727
2023-12-28 06:00:00,0.0,47.56239472252414,34.753286651241524,297.1261473302637,43.922476998836906,37.485569414887,-47.56239472252414,47.56239472252414,-34.753286651241524,34.753286651241524,-297.1261473302637,297.1261473302637,-43.922476998836906,43.922476998836906,-37.485569414887,37.485569414887,92.16997502355065,43.922476998836906,56.496284827308614,57.921621220540956,60.256480702042396
2023-12-28 07:00:00,451.04626295660864,655.9187884965584,554.7219009443967,523.5879406685004,284.95460970092387,522.5781689962614,-204.87252553994972,204.87252553994972,-103.67563798778804,103.67563798778804,-72.5416777118918,72.5416777118918,166.09165325568478,166.09165325568478,-71.53190603965277,71.53190603965277,508.35228176132813,523.5879406685004,542.0096291257323,571.6466506259002,540.2829740770077
2023-12-28 08:00:00,937.0817984739086,976.0773504916625,1057.4043460549506,735.3796495759691,531.3751530492016,1098.0670937238797,-38.99555201775388,38.99555201775388,-120.32254758104193,120.32254758104193,201.70214889793954,201.70214889793954,405.70664542470706,405.70664542470706,-160.98529524997105,160.98529524997105,879.6607185791327,976.0773504916625,968.9600639300473,983.7492838875686,981.3583668058873
2023-12-28 09:00:00,1286.7663388054036,1396.7204242580776,1372.965317633427,987.7640104209416,848.517640841677,1367.4812684181836,-109.95408545267401,109.95408545267401,-86.19897882802343,86.19897882802343,299.002328384462,299.002328384462,438.2486979637266,438.2486979637266,-80.71492961278,80.71492961278,1194.6897323144615,1367.4812684181836,1294.9025843744812,1327.3394699230246,1299.1068164357807
2023-12-28 10:00:00,1741.566093493295,1673.5925167497041,1797.89609861861,1214.3650532896797,1160.1019156423079,1731.2365868570619,67.97357674359091,67.97357674359091,-56.33000512531498,56.33000512531498,527.2010402036153,527.2010402036153,581.4641778509872,581.4641778509872,10.32950663623319,10.32950663623319,1515.4384342314727,1673.5925167497041,1631.6904586056132,1643.4395130264422,1631.8739957073235
2023-12-28 11:00:00,1635.9315240390238,1714.2814591626188,1701.7560993391814,1162.4569026815616,1673.8679566541366,1765.5726513216705,-78.34993512359506,78.34993512359506,-65.82457530015768,65.82457530015768,473.4746213574622,473.4746213574622,-37.936432615112835,37.936432615112835,-129.64112728264672,129.64112728264672,1603.5870138318337,1701.7560993391814,1685.767606440301,1696.4604832110988,1688.5003599261208
2023-12-28 12:00:00,1972.3883440066502,1984.6304652048418,1985.1340814935247,1304.0234402009216,1406.9227734197468,2035.551337459753,-12.242121198191626,12.242121198191626,-12.745737486874532,12.745737486874532,668.3649038057285,668.3649038057285,565.4655705869034,565.4655705869034,-63.1629934531029,63.1629934531029,1743.2524195557576,1984.6304652048418,1889.5527316466892,1927.49331318659,1900.874564853086
2023-12-28 13:00:00,1685.6144444056729,1518.937722829204,1637.4018864016027,1283.059807696493,2288.6423690031697,1673.6409870097054,166.67672157646894,166.67672157646894,48.21255800407016,48.21255800407016,402.55463670917993,402.55463670917993,-603.0279245974968,603.0279245974968,11.973457395967444,11.973457395967444,1680.3365545880347,1637.4018864016027,1658.2509145355925,1613.7683516110037,1652.4012881635267
2023-12-28 14:00:00,1506.106629898084,1579.018107939941,1594.7315967994064,1066.4728703278072,1690.8659010029994,1618.6726451359727,-72.91147804185698,72.91147804185698,-88.6249669013223,88.6249669013223,439.6337595702769,439.6337595702769,-184.75927110491534,184.75927110491534,-112.56601523788868,112.56601523788868,1509.9522242412254,1594.7315967994064,1571.2056965677918,1570.1947039891359,1568.145094042518
2023-12-28 15:00:00,1031.9965053894648,1281.895671605338,1325.6503550209363,847.4744182389195,1452.5121358147169,1333.6644271849068,-249.89916621587327,249.89916621587327,-293.65384963147153,293.65384963147153,184.5220871505453,184.5220871505453,-420.5156304252521,420.5156304252521,-301.667921795442,301.667921795442,1248.2394015729635,1325.6503550209363,1298.0764748165402,1287.3294172694964,1292.0025333773851
2023-12-28 16:00:00,865.5531933477843,932.4658735036405,999.7772169398069,738.5672240238947,1048.1946540880997,1082.3266989611323,-66.91268015585626,66.91268015585626,-134.2240235920226,134.2240235920226,126.98596932388955,126.98596932388955,-182.64146074031544,182.64146074031544,-216.773505613348,216.773505613348,960.2663335033146,999.7772169398069,988.5637062346,985.7642591407903,1000.8169961055064
2023-12-28 17:00:00,645.071351713096,667.9160784430311,707.8707155685476,574.6324582717807,550.228668531528,493.0365232413143,-22.844726729935132,22.844726729935132,-62.79936385545159,62.79936385545159,70.43889344131526,70.43889344131526,94.84268318156796,94.84268318156796,152.03482847178168,152.03482847178168,598.7368888112403,574.6324582717807,615.324675867818,594.6984549929788,581.3616216687499
2023-12-28 18:00:00,0.0,49.88899007706029,28.805558135404297,315.0440066698049,70.13934338013541,46.973759249619576,-49.88899007706029,49.88899007706029,-28.805558135404297,28.805558135404297,-315.0440066698049,315.0440066698049,-70.13934338013541,70.13934338013541,-46.973759249619576,46.973759249619576,102.17033150240488,49.88899007706029,62.87824903295544,64.69882325643145,68.10193983722097
2023-12-28 19:00:00,131.7522241973222,40.60799729147871,28.75362955207804,257.0266312412242,28.731625434425244,40.90243748954396,91.14422690584348,91.14422690584348,102.99859464524415,102.99859464524415,-125.27440704390202,125.27440704390202,103.02059876289695,103.02059876289695,90.84978670777824,90.84978670777824,79.20446420175003,40.60799729147871,50.428854642771434,100.78303873358097,69.38494835116452
2023-12-28 20:00:00,0.0,39.92106050400647,31.049376075684993,287.3298750117627,40.41705415154498,37.65516640393844,-39.92106050400647,39.92106050400647,-31.049376075684993,31.049376075684993,-287.3298750117627,287.3298750117627,-40.41705415154498,40.41705415154498,-37.65516640393844,37.65516640393844,87.27450642938751,39.92106050400647,54.35014821832404,114.34210231534874,75.59360972676703
2023-12-28 21:00:00,0.0,38.759017082194724,34.80921594809556,256.0035199443105,24.239311732525614,32.60332113727593,-38.759017082194724,38.759017082194724,-34.80921594809556,34.80921594809556,-256.0035199443105,256.0035199443105,-24.239311732525614,24.239311732525614,-32.60332113727593,32.60332113727593,77.28287716888046,34.80921594809556,49.85206589150067,96.93954546073206,66.0147230669011
2023-12-28 22:00:00,0.0,61.87651364709855,29.21345198828362,298.7959028174396,30.756369786856567,30.879338482689892,-61.87651364709855,61.87651364709855,-29.21345198828362,29.21345198828362,-298.7959028174396,298.7959028174396,-30.756369786856567,30.756369786856567,-30.879338482689892,30.879338482689892,90.30431534447364,30.879338482689892,57.829473987814644,111.20512030478147,74.94710905321153
2023-12-28 23:00:00,178.23030829531064,69.34461299664838,31.401987216094984,266.0472598098504,35.47351545716705,42.66702000245323,108.88569529866226,108.88569529866226,146.82832107921564,146.82832107921564,-87.81695151453977,87.81695151453977,142.75679283814358,142.75679283814358,135.5632882928574,135.5632882928574,88.98687909644282,42.66702000245323,61.5673886263811,106.8036901265579,76.84210344566091
2023-12-29 00:00:00,2.613095770018069,53.19520769104506,32.50946871096082,289.6666216443371,48.3510220429492,28.717327636362615,-50.58211192102699,50.58211192102699,-29.896372940942747,29.896372940942747,-287.05352587431906,287.05352587431906,-45.73792627293113,45.73792627293113,-26.104231866344545,26.104231866344545,90.48792954513095,48.3510220429492,58.553912417547274,120.74570192336557,77.63093573857256
2023-12-29 01:00:00,0.0,47.15396391387955,33.19083393079523,298.09368206552585,28.236926926907646,31.304031760011284,-47.15396391387955,47.15396391387955,-33.19083393079523,33.19083393079523,-298.09368206552585,298.09368206552585,-28.236926926907646,28.236926926907646,-31.304031760011284,31.304031760011284,87.59588771942391,33.19083393079523,56.15805126944963,110.6801255696594,73.83143694761975
2023-12-29 02:00:00,0.0,63.50585044335228,33.76742503699115,271.19182284655295,37.5700353670496,58.852988766285854,-63.50585044335228,63.50585044335228,-33.76742503699115,33.76742503699115,-271.19182284655295,271.19182284655295,-37.5700353670496,37.5700353670496,-58.852988766285854,58.852988766285854,92.97762449204637,58.852988766285854,66.36827375912472,114.04145763067149,84.4890420686053
2023-12-29 03:00:00,52.19609467559169,56.6503239019636,33.19083393079523,314.9919208755979,32.26517795064079,31.353154749910473,-4.454229226371915,4.454229226371915,19.00526074479646,19.00526074479646,-262.7958262000062,262.7958262000062,19.930916724950897,19.930916724950897,20.842939925681215,20.842939925681215,93.69028228178159,33.19083393079523,60.1678182868995,117.36089762217425,78.26730217906054
2023-12-29 04:00:00,0.0,42.0120900558664,31.823320575862272,312.35670589585857,33.86909735881454,14.591086043050295,-42.0120900558664,42.0120900558664,-31.823320575862272,31.823320575862272,-312.35670589585857,312.35670589585857,-33.86909735881454,33.86909735881454,-14.591086043050295,14.591086043050295,86.93045998589041,33.86909735881454,51.263149882743384,117.41537991992776,70.90786814658948
2023-12-29 05:00:00,0.0,98.08534107395431,42.19832248527582,232.91725362240012,37.31895754565364,92.2034546651308,-98.08534107395431,98.08534107395431,-42.19832248527582,42.19832248527582,-232.91725362240012,232.91725362240012,-37.31895754565364,37.31895754565364,-92.2034546651308,92.2034546651308,100.54466587848295,92.2034546651308,83.06316966669404,112.46379550452073,97.20771366008718
2023-12-29 06:00:00,0.0,58.47698986216716,33.19083393079523,252.44499749933573,43.36146136559623,26.56858890327217,-58.47698986216716,58.47698986216716,-33.19083393079523,33.19083393079523,-252.44499749933573,252.44499749933573,-43.36146136559623,43.36146136559623,-26.56858890327217,26.56858890327217,82.8085743122333,43.36146136559623,55.37030051034535,56.20394490951851,55.34770626906026
2023-12-29 07:00:00,552.7739502602341,664.2089792430929,513.6539710807484,502.1269107358791,276.70349959257567,504.2863013668912,-111.43502898285885,111.43502898285885,39.119979179485654,39.119979179485654,50.647039524354966,50.647039524354966,276.0704506676584,276.0704506676584,48.48764889334285,48.48764889334285,492.19593240383745,504.2863013668912,523.7133846294714,564.6282618284558,525.798940691524
2023-12-29 08:00:00,1037.546401041834,910.0189412393178,1062.7828463342325,829.4491791272795,607.8346006266519,1082.9445694659903,127.52745980251632,127.52745980251632,-25.236445292398457,25.236445292398457,208.09722191455455,208.09722191455455,429.7118004151822,429.7118004151822,-45.39816842415621,45.39816842415621,898.6060273586943,910.0189412393178,960.2679199864988,958.4727555431325,971.9323220238263
2023-12-29 09:00:00,1183.1155894680967,1348.5747519801264,1287.9452983985668,946.0001874275019,1028.4557907646556,1337.4674382280969,-165.4591625120297,165.4591625120297,-104.82970893047013,104.82970893047013,237.11540204059474,237.11540204059474,154.65979870344108,154.65979870344108,-154.35184876000017,154.35184876000017,1189.6886933597896,1287.9452983985668,1265.0998385792195,1297.5767402684166,1274.234199971868
2023-12-29 10:00:00,1622.3217389412764,1753.3107816990814,1882.439108336338,1161.5423572255404,824.3837838317661,1819.5013694843424,-130.989042757805,130.989042757805,-260.1173693950616,260.1173693950616,460.779381715736,460.779381715736,797.9379551095103,797.9379551095103,-197.17963054306597,197.17963054306597,1488.2354801154136,1753.3107816990814,1662.3309434968978,1693.6453675595594,1668.3402632368884
2023-12-29 11:00:00,1646.804424024363,1631.9265224390608,1675.3857538933676,1197.281170815752,1713.9727690838288,1741.32074238051,14.877901585302197,14.877901585302197,-28.58132986900455,28.58132986900455,449.5232532086111,449.5232532086111,-67.16834505946576,67.16834505946576,-94.51631835614694,94.51631835614694,1591.9773917225036,1675.3857538933676,1647.6405713464837,1652.7600492065283,1656.7798129865064
2023-12-29 12:00:00,1667.2020745470165,1806.962787828984,1757.9241563500366,1049.6512166847363,1302.854239315659,1795.42846866888,-139.76071328196736,139.76071328196736,-90.72208180302005,90.72208180302005,617.5508578622803,617.5508578622803,364.3478352313575,364.3478352313575,-128.22639412186345,128.22639412186345,1542.564173769659,1757.9241563500366,1674.2787300445284,1724.1829078631554,1687.137019860013
2023-12-29 13:00:00,1758.9903536912134,1587.9616595871653,1681.8369124780124,1207.3261921298938,1667.4004560151952,1747.4897499913466,171.0286941040481,171.0286941040481,77.15344121320095,77.15344121320095,551.6641615613196,551.6641615613196,91.58989767601815,91.58989767601815,11.500603699866815,11.500603699866815,1578.4029940403227,1667.4004560151952,1634.348357906645,1632.952487044367,1645.3688022916376
2023-12-29 14:00:00,1699.8942853977396,1683.0886777862606,1719.128391895972,1153.1558471569456,1859.6559207852597,1767.0942993482372,16.80560761147899,16.80560761147899,-19.23410649823245,19.23410649823245,546.738438240794,546.738438240794,-159.76163538752007,159.76163538752007,-67.20001395049758,67.20001395049758,1636.424627394535,1719.128391895972,1697.5260069702517,1694.2911491373359,1698.2489321808307
2023-12-29 15:00:00,1090.183860371057,1140.6200629451994,1153.1243023721604,866.1932633476226,1985.935266149884,1201.7471098478431,-50.43620257414227,50.43620257414227,-62.94044200110329,62.94044200110329,223.99059702343447,223.99059702343447,-895.7514057788269,895.7514057788269,-111.56324947678604,111.56324947678604,1269.5240009325419,1153.1243023721604,1253.9230360943902,1197.6293584121952,1229.7199405080526
2023-12-29 16:00:00,952.1227198703281,861.3378792406205,936.4540765498025,679.6411793928776,1079.5268210009203,972.4091504131477,90.78484062970756,90.78484062970756,15.668643320525575,15.668643320525575,272.4815404774505,272.4815404774505,-127.40410113059227,127.40410113059227,-20.28643054281963,20.28643054281963,905.8738213194738,936.4540765498025,924.144153866834,908.0200432160348,925.305853471385
2023-12-29 17:00:00,345.9800274691031,637.7759851421816,594.2195708741649,539.2300322910695,621.1539299160655,503.4001894381002,-291.79595767307853,291.79595767307853,-248.2395434050618,248.2395434050618,-193.2500048219664,193.2500048219664,-275.1739024469624,275.1739024469624,-157.4201619689971,157.4201619689971,579.1559415323164,594.2195708741649,580.3884566193321,579.8772333479976,564.5909331842822
2023-12-29 18:00:00,0.0,43.75498429191358,35.58837831801581,254.23883383763442,59.76932104025121,48.454176870653676,-43.75498429191358,43.75498429191358,-35.58837831801581,35.58837831801581,-254.23883383763442,254.23883383763442,-59.76932104025121,59.76932104025121,-48.454176870653676,48.454176870653676,88.36113887169373,48.454176870653676,58.570909646865104,58.546588439469645,62.49831257436991
2023-12-29 19:00:00,19.843136505042093,54.64312013295372,29.486923355238705,271.9334327899388,26.6676268116316,26.51315511292156,-34.79998362791163,34.79998362791163,-9.643786850196612,9.643786850196612,-252.09029628489674,252.09029628489674,-6.824490306589507,6.824490306589507,-6.6700186078794665,6.6700186078794665,81.84885164053688,29.486923355238705,50.65299792001598,101.0931575682059,67.19624799715824
2023-12-29 20:00:00,0.0,45.8156339128885,28.805558135404297,270.56101633123865,36.165652507603845,27.948789838638028,-45.8156339128885,45.8156339128885,-28.805558135404297,28.805558135404297,-270.56101633123865,270.56101633123865,-36.165652507603845,36.165652507603845,-27.948789838638028,27.948789838638028,81.85933014515467,36.165652507603845,48.75861319042134,106.48426165469428,68.53448645029323
2023-12-29 21:00:00,87.27352006941278,33.94375089823926,29.486923355238705,283.92004387019625,23.709697799359407,29.559143828196984,53.329769171173524,53.329769171173524,57.78659671417408,57.78659671417408,-196.64652380078348,196.64652380078348,63.56382227005338,63.56382227005338,57.7143762412158,57.7143762412158,80.12391195024611,29.559143828196984,46.20657646836218,103.52763542926174,66.8568747249758
2023-12-29 22:00:00,0.0,60.35944960193034,28.564171756886953,250.77917291096776,32.55596507957981,25.8790849041446,-60.35944960193034,60.35944960193034,-28.564171756886953,28.564171756886953,-250.77917291096776,250.77917291096776,-32.55596507957981,32.55596507957981,-25.8790849041446,25.8790849041446,79.62756885070189,32.55596507957981,50.048060624900494,98.0229274289962,65.52262716713831
2023-12-29 23:00:00,0.0,52.7654492396677,32.96443993654126,303.67856875979555,29.73583398997361,31.42377152459387,-52.7654492396677,52.7654492396677,-32.96443993654126,32.96443993654126,-303.67856875979555,303.67856875979555,-29.73583398997361,29.73583398997361,-31.42377152459387,31.42377152459387,90.11361269011441,32.96443993654126,54.49738229439877,112.8872362048905,74.52286239272843
2023-12-30 00:00:00,0.0,47.805551033160626,33.19083393079523,300.23377313463715,40.28592453167633,39.70658649577551,-47.805551033160626,47.805551033160626,-33.19083393079523,33.19083393079523,-300.23377313463715,300.23377313463715,-40.28592453167633,40.28592453167633,-39.70658649577551,39.70658649577551,92.24453382520898,40.28592453167633,55.30112367955749,118.27027911256457,78.46164490183351
2023-12-30 01:00:00,97.70193356428139,52.067407487842665,31.89764226663164,276.2214764882543,27.040941495388783,31.63774527602113,45.634526076438725,45.634526076438725,65.80429129764975,65.80429129764975,-178.51954292397295,178.51954292397295,70.66099206889261,70.66099206889261,66.06418828826025,66.06418828826025,83.7730426028277,31.89764226663164,50.65279715822689,103.2521122246213,69.25363039062422
2023-12-30 02:00:00,62.967287108215395,35.719850261264035,107.39187683904761,318.0557035437178,39.39662682520098,38.72604694986106,27.24743684695136,27.24743684695136,-44.42458973083222,44.42458973083222,-255.0884164355024,255.0884164355024,23.570660283014412,23.570660283014412,24.241240158354337,24.241240158354337,107.85802088381828,39.39662682520098,77.13717563960459,122.99434984075603,89.35627121084406
2023-12-30 03:00:00,8.714800792241695,60.826425967903816,110.75472300117418,305.28719760580486,33.81127425440084,46.54787681865448,-52.11162517566212,52.11162517566212,-102.0399222089325,102.0399222089325,-296.57239681356316,296.57239681356316,-25.096473462159146,25.096473462159146,-37.83307602641278,37.83307602641278,111.44549952958764,60.826425967903816,84.36909642225092,123.35859677387293,93.91698322848558
2023-12-30 04:00:00,132.59631880028573,42.21044607790196,108.90160635272917,324.8086821075107,35.26570645118021,34.41827871553704,90.38587272238377,90.38587272238377,23.694712447556554,23.694712447556554,-192.212363307225,192.212363307225,97.33061234910552,97.33061234910552,98.17804008474869,98.17804008474869,109.12094394097183,42.21044607790196,77.06794675947455,124.21202103609588,89.0918348699729
2023-12-30 05:00:00,114.48562428051574,27.518564343259836,29.706104341742165,267.6090074894791,41.66074126387117,22.969890046612317,86.9670599372559,86.9670599372559,84.77951993877357,84.77951993877357,-153.12338320896336,153.12338320896336,72.82488301664458,72.82488301664458,91.51573423390342,91.51573423390342,77.89286149699291,29.706104341742165,44.260303856550685,105.85883005491485,65.2082904821607
2023-12-30 06:00:00,78.84822361427663,38.18989605169602,31.791235587424534,311.1130217998795,47.4459839545518,39.028559537419355,40.65832756258062,40.65832756258062,47.056988026852096,47.056988026852096,-232.26479818560287,232.26479818560287,31.402239659724835,31.402239659724835,39.81966407685728,39.81966407685728,93.51373938619425,39.028559537419355,55.838091504263964,55.03864809776249,59.771481665330654
2023-12-30 07:00:00,281.58245863239813,614.8903329034631,500.8820919196967,359.07436540711365,269.1087922130166,405.92885533460475,-333.307874271065,333.307874271065,-219.29963328729855,219.29963328729855,-77.49190677471552,77.49190677471552,12.473666419381516,12.473666419381516,-124.34639670220662,124.34639670220662,429.9768875555789,405.92885533460475,465.1728148830471,496.7278560284404,455.751349851483
2023-12-30 08:00:00,1067.1463020847982,991.4391178369988,1228.0657611108672,845.6153444694228,304.526378057784,1136.7872519112225,75.70718424779943,75.70718424779943,-160.91945902606903,160.91945902606903,221.53095761537543,221.53095761537543,762.6199240270142,762.6199240270142,-69.64094982642428,69.64094982642428,901.2867706772591,991.4391178369988,1004.655800518726,1007.997853911344,1011.4109008467174
2023-12-30 09:00:00,1385.701534316994,1374.9548726929215,1448.5431091324247,1034.1374601521468,1136.4846513792388,1471.9530999500205,10.74666162407243,10.74666162407243,-62.841574815430704,62.841574815430704,351.56407416484717,351.56407416484717,249.21688293775514,249.21688293775514,-86.25156563302653,86.25156563302653,1293.2146386613504,1374.9548726929215,1370.2643292947685,1379.5322706605798,1377.9725277088785
2023-12-30 10:00:00,1616.2984650999963,1689.5035808793784,1787.634133205988,1199.3211570122635,1236.5037293686698,1770.4138758300414,-73.20511577938214,73.20511577938214,-171.33566810599177,171.33566810599177,416.9773080877328,416.9773080877328,379.79473573132645,379.79473573132645,-154.11541073004514,154.11541073004514,1536.6752952592683,1689.5035808793784,1654.6151751481586,1667.9281836785442,1658.1808418658727
2023-12-30 11:00:00,1734.4118748684652,1766.155458366931,1854.5873061190005,1339.0357573619265,1690.4112269980233,1898.6191515704656,-31.743583498465796,31.743583498465796,-120.17543125053521,120.17543125053521,395.3761175065388,395.3761175065388,44.00064787044198,44.00064787044198,-164.2072767020004,164.2072767020004,1709.7617800832693,1766.155458366931,1791.3083664915644,1788.976462842893,1795.7616351310842
2023-12-30 12:00:00,1781.963079432165,1672.8059592508105,1748.6248529036106,1275.9251439908376,1915.7138111272802,1793.4713320411627,109.15712018135446,109.15712018135446,33.33822652855429,33.33822652855429,506.03793544132736,506.03793544132736,-133.7507316951153,133.7507316951153,-11.508252608997736,11.508252608997736,1681.3082198627403,1748.6248529036106,1730.3677730564664,1711.5562492714948,1727.5331170791687
2023-12-30 13:00:00,1787.9964774701502,1822.3071783690493,1930.4520480195315,1263.3102892525555,1790.6556418269527,1940.2767279051423,-34.310700898899086,34.310700898899086,-142.45557054938126,142.45557054938126,524.6861882175947,524.6861882175947,-2.659164356802421,2.659164356802421,-152.280250434992,152.280250434992,1749.4003770746465,1822.3071783690493,1843.9182853173666,1835.8260028415564,1841.8587074436343
2023-12-30 14:00:00,1472.7259185306177,1500.4955306606273,1581.6053195663646,996.797240766305,1693.229934883594,1594.2712591401253,-27.76961213000959,27.76961213000959,-108.87940103574692,108.87940103574692,475.92867776431274,475.92867776431274,-220.50401635297635,220.50401635297635,-121.54534060950755,121.54534060950755,1473.2798570034033,1581.6053195663646,1537.742125270379,1520.4635471073095,1530.9719249420123
2023-12-30 15:00:00,1215.8866702757132,1089.1102063840265,1080.6128352541157,1041.9329568026117,1681.9173571240326,1152.4932940090932,126.77646389168672,126.77646389168672,135.2738350215975,135.2738350215975,173.95371347310152,173.95371347310152,-466.0306868483194,466.0306868483194,63.39337626661995,63.39337626661995,1209.2133299147758,1089.1102063840265,1179.3257787879434,1144.1560697307714,1169.3858793403883
2023-12-30 16:00:00,968.3445343128233,926.7405159932612,1040.4920605651316,803.7292566751954,1116.7043091845403,1089.9179938711347,41.6040183195621,41.6040183195621,-72.14752625230835,72.14752625230835,164.61527763762786,164.61527763762786,-148.35977487171704,148.35977487171704,-121.57345955831147,121.57345955831147,995.5168272578527,1040.4920605651316,1019.4993192024631,996.3266527360008,1021.8347558073366
2023-12-30 17:00:00,511.8503493696174,643.944378144643,510.0922054532635,519.8913912040593,753.7910054091047,522.8097789544362,-132.0940287750256,132.0940287750256,1.7581439163539017,1.7581439163539017,-8.041041834441955,8.041041834441955,-241.94065603948735,241.94065603948735,-10.959429584818793,10.959429584818793,590.1057518331014,522.8097789544362,586.6335256117247,591.4524104941185,576.0088869892605
2023-12-30 18:00:00,0.0,58.98822764244305,29.486923355238705,300.5219137499121,68.0205097981303,33.83679064765028,-58.98822764244305,58.98822764244305,-29.486923355238705,29.486923355238705,-300.5219137499121,300.5219137499121,-68.0205097981303,68.0205097981303,-33.83679064765028,33.83679064765028,98.17087303867488,58.98822764244305,63.07808951297855,63.19759016287477,64.28423664002102
2023-12-30 19:00:00,0.0,60.823102784733834,31.049376075684993,285.06875822335417,30.660024575509468,37.514525033407885,-60.823102784733834,60.823102784733834,-31.049376075684993,31.049376075684993,-285.06875822335417,285.06875822335417,-30.660024575509468,30.660024575509468,-37.514525033407885,37.514525033407885,89.02315733853807,37.514525033407885,58.476388253283574,109.0389948072324,75.56215139254397
2023-12-30 20:00:00,0.0,72.01288598135793,36.03145138455127,248.1902822672248,37.088745043048924,52.69237457359088,-72.01288598135793,72.01288598135793,-36.03145138455127,36.03145138455127,-248.1902822672248,248.1902822672248,-37.088745043048924,37.088745043048924,-52.69237457359088,52.69237457359088,89.20314784995476,52.69237457359088,65.2706615966182,105.10029506946428,79.49039148453387
2023-12-30 21:00:00,77.06537165675023,56.54727414044501,29.486923355238705,316.93970243740847,22.936066558464624,37.778121942716105,20.518097516305218,20.518097516305218,47.57844830151153,47.57844830151153,-239.87433078065823,239.87433078065823,54.129305098285606,54.129305098285606,39.287249714034125,39.287249714034125,92.73761768685458,37.778121942716105,58.481432193830116,115.58977393742322,78.32450976529014
2023-12-30 22:00:00,7.876526308048602,43.24198229240404,29.931685111819913,268.05915671463674,33.376592468559025,35.5898770145187,-35.365455984355435,35.365455984355435,-22.055158803771313,22.055158803771313,-260.18263040658815,260.18263040658815,-25.50006616051042,25.50006616051042,-27.713350706470095,27.713350706470095,82.03985872038768,35.5898770145187,52.22180817528579,104.44534710617025,70.52609373141809
2023-12-30 23:00:00,0.0,68.13246399820163,31.401987216094984,291.26595043575696,36.66596197716044,32.84464510812333,-68.13246399820163,68.13246399820163,-31.401987216094984,31.401987216094984,-291.26595043575696,291.26595043575696,-36.66596197716044,36.66596197716044,-32.84464510812333,32.84464510812333,92.06220174706748,36.66596197716044,60.59733536332787,113.0459585147394,77.07435753445834
2023-12-31 00:00:00,117.19163825273087,50.49230753328468,32.45754012763456,70.83835352765927,42.395242301775504,35.565753489254035,66.69933071944618,66.69933071944618,84.73409812509631,84.73409812509631,46.3532847250716,46.3532847250716,74.79639595095537,74.79639595095537,81.62588476347683,81.62588476347683,46.34983939592161,42.395242301775504,42.2315942144775,50.928175669540636,44.331049542240564
