iteration,datetime,actual,Iterative Random Forest,Iterative Gradient Boosting,Online Learning SGD,Adaptive Ensemble,Iterative Random Forest_error,Iterative Gradient Boosting_error,Online Learning SGD_error,Adaptive Ensemble_error
0,2023-05-28 07:00:00,432.1788634384711,433.50640049943286,445.9626911303815,384.1942721284962,421.22112125277016,1.3275370609617312,13.783827691910346,47.98459130997492,10.957742185700965
1,2023-05-28 08:00:00,706.6442693710437,940.0069222809666,1013.5056390571804,818.0041597143293,923.8389070174921,233.36265290992287,306.86136968613664,111.35989034328554,217.19463764644843
2,2023-05-28 09:00:00,1520.2945606215767,1370.4079377040805,1374.0622940651263,1396.504184889598,1380.3248055529348,149.8866229174962,146.23226655645044,123.79037573197866,139.96975506864192
3,2023-05-28 10:00:00,1649.607544731103,1714.6163051791254,1636.479718036531,1701.5067052565869,1684.2009094907476,65.00876044802249,13.127826694571922,51.89916052548392,34.5933647596446
4,2023-05-28 11:00:00,1851.3092366922722,1782.158970148968,1765.279557880127,1981.5657624659316,1843.0014301650087,69.15026654330427,86.02967881214522,130.2565257736594,8.307806527263438
5,2023-05-28 12:00:00,1801.4510122635875,1795.3780521623478,1785.7114105526823,1871.7953544896754,1817.6282724015684,6.072960101239687,15.739601710905163,70.34434222608797,16.177260137980966
6,2023-05-28 13:00:00,1903.8469505834105,1873.269358260847,1891.0254409685188,1943.595017591494,1902.6299389402866,30.577592322563532,12.821509614891738,39.74806700808358,1.2170116431238966
7,2023-05-28 14:00:00,1479.8010208706435,1514.21151175406,1497.7366991013505,1500.83181949036,1504.2600101152566,34.410490883416514,17.935678230707026,21.030798619716506,24.45898924461312
8,2023-05-28 15:00:00,1459.9259528245452,1469.6054471490293,1525.0826849454215,1431.7801948277051,1475.4894423073854,9.67949432448404,65.15673212087631,28.145757996840075,15.563489482840168
9,2023-05-28 16:00:00,1126.536988395333,950.5592672424768,1052.4054853528762,991.9062061049673,998.2903195667734,175.97772115285625,74.13150304245687,134.6307822903658,128.24666882855968
10,2023-05-28 17:00:00,448.77749573976484,520.505097886275,530.31624762732,519.4094535322815,523.4102663486256,71.72760214651021,81.53875188755512,70.63195779251669,74.63277060886071
11,2023-05-28 18:00:00,23.053240611367148,13.438330986196362,11.506912988022398,61.677445323074494,28.87422976576442,9.614909625170785,11.54632762334475,38.62420471170735,5.820989154397271
12,2023-05-28 19:00:00,0.0,24.403482585449247,17.208684973876572,11.052466746284495,17.554878101870102,24.403482585449247,17.208684973876572,11.052466746284495,17.554878101870102
13,2023-05-28 20:00:00,0.0,10.39762897425,4.943484196079366,-89.18662617857444,-24.615171002748358,10.39762897425,4.943484196079366,89.18662617857444,24.615171002748358
14,2023-05-28 21:00:00,116.34480814371925,73.09404160363455,77.4446270182139,24.642661687413693,58.39377676975404,43.2507665400847,38.900181125505355,91.70214645630556,57.95103137396521
15,2023-05-28 22:00:00,34.305680480971844,14.445094590929221,29.939759254775097,110.50473355029214,51.62986246533215,19.86058589004262,4.365921226196747,76.1990530693203,17.324181984360308
16,2023-05-28 23:00:00,0.0,38.738685166388684,33.146749181549936,55.898349965112516,42.59459477101704,38.738685166388684,33.146749181549936,55.898349965112516,42.59459477101704
17,2023-05-29 00:00:00,0.0,9.897098381173036,8.205816143504865,-23.326311908275784,-1.7411324611992942,9.897098381173036,8.205816143504865,23.326311908275784,1.7411324611992942
18,2023-05-29 01:00:00,0.0,2.4951657338702016,1.6325807184594836,21.1151492049338,8.414298552421162,2.4951657338702016,1.6325807184594836,21.1151492049338,8.414298552421162
19,2023-05-29 02:00:00,79.97048348747869,23.49568263745784,21.57863372263964,-11.544845173131193,11.176490395655428,56.47480085002085,58.39184976483905,91.51532866060988,68.79399309182327
20,2023-05-29 03:00:00,70.12324098338424,22.49988908827416,36.83107105234343,93.71163413652016,51.014198092379246,47.623351895110076,33.2921699310408,23.588393153135925,19.10904289100499
21,2023-05-29 04:00:00,0.0,22.18027151394939,53.88565775222671,56.0081362126416,44.02468849293923,22.18027151394939,53.88565775222671,56.0081362126416,44.02468849293923
22,2023-05-29 05:00:00,0.0,19.818602863586182,14.627820359088961,-16.73573718289981,5.903562013258444,19.818602863586182,14.627820359088961,16.73573718289981,5.903562013258444
23,2023-05-29 06:00:00,11.811048030953335,1.7571419136324387,-5.042560971517475,19.68385716324508,5.466146035120014,10.053906117320897,16.85360900247081,7.872809132291744,6.344901995833322
24,2023-05-29 07:00:00,414.83153174204074,446.27236108718637,483.4280999636881,399.3871142313421,443.02919176073885,31.44082934514563,68.59656822164737,15.444417510698656,28.197660018698116
25,2023-05-29 08:00:00,900.58343408008,936.0085239017949,995.850055371779,805.0332824232096,912.2972872322612,35.42508982171489,95.26662129169904,95.55015165687041,11.713853152181173
26,2023-05-29 09:00:00,1464.12197973199,1406.766868106047,1349.1248831486266,1427.7897780220987,1394.5605097589241,57.35511162594298,114.99709658336337,36.33220170989125,69.56146997306587
27,2023-05-29 10:00:00,1471.2141708178306,1641.654157072385,1520.8839023116639,1659.778107669782,1607.4387223512767,170.43998625455447,49.6697314938333,188.56393685195144,136.22455153344617
28,2023-05-29 11:00:00,1654.7922770966552,1754.7724988900954,1724.325360109255,1716.4741319215777,1731.8573303069757,99.98022179344025,69.53308301259972,61.68185482492254,77.06505321032046
29,2023-05-29 12:00:00,1927.8897133841665,1782.135558349083,1767.3124754297046,1720.865411496934,1756.7711484252404,145.7541550350834,160.5772379544619,207.02430188723247,171.11856495892607
30,2023-05-29 13:00:00,1818.3442671879209,1751.3957472217944,1729.9374430119462,1807.4227549218203,1762.918648385187,66.94851996612647,88.40682417597463,10.921512266100535,55.42561880273388
31,2023-05-29 14:00:00,1645.4595324626666,1578.5704091726648,1557.6526131427072,1676.3593835702138,1604.1941352951953,66.88912329000186,87.80691931995943,30.899851107547192,41.26539716747129
32,2023-05-29 15:00:00,1195.2956413536967,1404.6549547291243,1312.4812783183509,1320.6568127115247,1345.931015253,209.35931337542752,117.18563696465412,125.36117135782797,150.6353738993032
33,2023-05-29 16:00:00,908.4703468497864,964.1136113689192,1052.32319971893,984.893539490044,1000.443450192631,55.6432645191328,143.8528528691436,76.42319264025753,91.97310334284452
34,2023-05-29 17:00:00,583.7286777824049,516.9697981409311,535.215191603659,401.64182823757506,484.6089393273884,66.75887964147387,48.51348617874589,182.08684954482987,99.11973845501655
35,2023-05-29 18:00:00,0.0,12.922951809597775,2.2447697864578,12.456258229852665,9.207993275302746,12.922951809597775,2.2447697864578,12.456258229852665,9.207993275302746
36,2023-05-29 19:00:00,0.0,35.090878918593006,39.65839052538394,24.427830967855698,33.059033470610885,35.090878918593006,39.65839052538394,24.427830967855698,33.059033470610885
37,2023-05-29 20:00:00,0.0,2.094958520776731,23.59009907500507,69.67383157755717,31.786296391112987,2.094958520776731,23.59009907500507,69.67383157755717,31.786296391112987
38,2023-05-29 21:00:00,57.66748817045485,45.844804669739815,32.27815119206949,-92.76769435406538,-4.881579497418695,11.822683500715037,25.389336978385366,150.43518252452023,62.549067667873544
39,2023-05-29 22:00:00,0.0,14.725789306405353,3.7926020301940717,72.03074683386967,30.18304605682303,14.725789306405353,3.7926020301940717,72.03074683386967,30.18304605682303
40,2023-05-29 23:00:00,40.87227032692661,70.7288744775062,88.37480291606445,84.81425617326784,81.30597785561282,29.856604150579585,47.50253258913784,43.941985846341225,40.43370752868621
41,2023-05-30 00:00:00,0.0,12.181221191659267,0.9396848194796854,-124.49721026913653,-37.12543475266586,12.181221191659267,0.9396848194796854,124.49721026913653,37.12543475266586
42,2023-05-30 01:00:00,0.0,10.261414764762433,14.717905576090804,145.7462104496118,56.90851026348834,10.261414764762433,14.717905576090804,145.7462104496118,56.90851026348834
43,2023-05-30 02:00:00,19.555836679796233,2.1523104672435376,-1.501808172123528,-52.42802166014144,-17.259173121673808,17.403526212552695,21.05764485191976,71.98385833993767,36.81500980147004
44,2023-05-30 03:00:00,0.0,3.0671737708633686,0.4048169787153534,54.85421967882621,19.442070142801644,3.0671737708633686,0.4048169787153534,54.85421967882621,19.442070142801644
45,2023-05-30 04:00:00,54.80994707322448,27.99802578513957,18.373817408507602,-18.531604119212034,9.280079691478381,26.811921288084907,36.43612966471687,73.34155119243651,45.5298673817461
46,2023-05-30 05:00:00,70.729945682512,76.40112858120403,103.3326239091055,154.63808075989675,111.45727775006876,5.671182898692038,32.6026782265935,83.90813507738476,40.72733206755676
47,2023-05-30 06:00:00,0.0,23.880099732815644,15.033121116496297,-51.91480578376081,-4.333861644816292,23.880099732815644,15.033121116496297,51.91480578376081,4.333861644816292
48,2023-05-30 07:00:00,526.272498118611,516.264975793072,541.7227157126205,455.6199875680663,504.53589302458624,10.007522325538957,15.450217594009473,70.65251055054472,21.736605094024753
49,2023-05-30 08:00:00,925.8213263182266,929.4252402221314,883.4147414316406,917.1662880058589,910.0020898865434,3.603913903904754,42.406584886586074,8.655038312367765,15.81923643168318
50,2023-05-30 09:00:00,1332.0909675734947,1268.4758717464078,1195.5266003388376,1378.069251428585,1280.69057450461,63.61509582708686,136.56436723465708,45.97828385509024,51.400393068884796
51,2023-05-30 10:00:00,1668.4696384703132,1464.3199476514794,1370.2129849147618,1615.6783800162746,1483.4037708608387,204.14969081883373,298.25665355555134,52.7912584540386,185.06586760947448
52,2023-05-30 11:00:00,1803.1156551273477,1626.6659501095571,1492.4096853607891,1911.0273142528345,1676.7009832410602,176.44970501779062,310.7059697665586,107.91165912548672,126.41467188628758
53,2023-05-30 12:00:00,1615.4353112784488,1767.950921929867,1832.30123192719,1671.6143571925954,1757.2888370165508,152.51561065141823,216.86592064874117,56.17904591414663,141.853525738102
54,2023-05-30 13:00:00,1995.8744631091529,1804.1613720977023,1915.679049842348,1713.4218591052852,1811.0874270151116,191.71309101145062,80.19541326680496,282.4526040038677,184.78703609404124
55,2023-05-30 14:00:00,1521.384957683175,1525.5543377738295,1381.1306397230237,1749.1721523493025,1551.952376615385,4.169380090654613,140.25431796015118,227.78719466612756,30.567418932210103
56,2023-05-30 15:00:00,1448.2681260663298,1257.1803617361288,1461.0814512816244,1373.849793876097,1364.03720229795,191.08776433020103,12.813325215294526,74.41833219023283,84.23092376837985
57,2023-05-30 16:00:00,810.340435577762,1021.2398313171288,939.8591263232662,840.70738970342,933.935449114605,210.8993957393668,129.51869074550416,30.366954125657912,123.595013536843
58,2023-05-30 17:00:00,395.207967457592,607.12207899617,488.8766108519994,563.672723609868,553.2238044860123,211.91411153857797,93.66864339440735,168.46475615227592,158.01583702842032
59,2023-05-30 18:00:00,0.0,32.297964034068904,0.016392398364451215,-191.77978122959587,-53.155141599054176,32.297964034068904,0.016392398364451215,191.77978122959587,53.155141599054176
60,2023-05-30 19:00:00,0.0,15.340653010716121,0.023628837526383208,123.87354497154422,46.4126089399289,15.340653010716121,0.023628837526383208,123.87354497154422,46.4126089399289
61,2023-05-30 20:00:00,0.0,15.86908509558864,46.43479729930294,-163.77994113221519,-33.825352912441204,15.86908509558864,46.43479729930294,163.77994113221519,33.825352912441204
62,2023-05-30 21:00:00,63.20345633037761,16.701461091751362,14.129775877296147,195.3425165483688,75.3912511724721,46.50199523862625,49.073680453081465,132.1390602179912,12.187794842094483
63,2023-05-30 22:00:00,0.0,12.812640075354153,4.2365543416834335,-137.31204385999683,-40.08761648098641,12.812640075354153,4.2365543416834335,137.31204385999683,40.08761648098641
64,2023-05-30 23:00:00,36.96594047180134,27.692277129049213,69.20927053763833,172.41190563580358,89.77115110083037,9.273663342752126,32.24333006583699,135.44596516400225,52.80521062902903
65,2023-05-31 00:00:00,0.0,18.102504797769758,37.669078389461504,165.24556941640617,73.67238420121248,18.102504797769758,37.669078389461504,165.24556941640617,73.67238420121248
66,2023-05-31 01:00:00,0.0,4.572602911667943,0.015946217725043482,-225.2073369408024,-73.53959593713647,4.572602911667943,0.015946217725043482,225.2073369408024,73.53959593713647
67,2023-05-31 02:00:00,0.0,23.23763325105904,11.213281297452546,55.73881534126588,30.06324329659249,23.23763325105904,11.213281297452546,55.73881534126588,30.06324329659249
68,2023-05-31 03:00:00,0.0,1.9579025170456927,0.015946217725041928,-1.8000254525370565,0.05794109407789283,1.9579025170456927,0.015946217725041928,1.8000254525370565,0.05794109407789283
69,2023-05-31 04:00:00,0.0,13.905955566839912,47.08040682451243,-48.03571054932138,4.316883947343655,13.905955566839912,47.08040682451243,48.03571054932138,4.316883947343655
70,2023-05-31 05:00:00,0.0,16.83178067859672,0.0167836045927676,146.43224328492903,54.4269358560395,16.83178067859672,0.0167836045927676,146.43224328492903,54.4269358560395
71,2023-05-31 06:00:00,116.57784600527648,38.055801046381525,0.023628837526383208,29.432860992530323,22.50409695881274,78.52204495889495,116.5542171677501,87.14498501274616,94.07374904646375
72,2023-05-31 07:00:00,529.2295525105517,477.27740836819464,482.0014414396728,450.39081708604715,469.8898889646382,51.95214414235704,47.22811107087887,78.83873542450453,59.33966354591348
73,2023-05-31 08:00:00,931.1740446644758,1001.7029712306321,986.9886279695831,1002.2030692675644,996.9648894892598,70.52892656615631,55.81458330510736,71.0290246030886,65.79084482478402
74,2023-05-31 09:00:00,1046.953304345317,1257.7598889570115,1354.1504158795078,1141.2492476985692,1251.0531841783627,210.80658461169446,307.19711153419075,94.29594335325214,204.09987983304563
75,2023-05-31 10:00:00,1592.9382851510945,1531.4579187182865,1476.5439275866427,1446.996016262564,1484.9992875224975,61.48036643280807,116.39435756445187,145.94226888853063,107.93899762859701
76,2023-05-31 11:00:00,1874.3159641419488,1644.4783909503362,1750.6377526343563,1831.9844564966575,1742.3668666937833,229.8375731916126,123.67821150759255,42.33150764529137,131.9490974481655
77,2023-05-31 12:00:00,1920.2220987625456,1678.1768882838546,1671.341439063617,2033.660267029195,1794.3928647922219,242.04521047869093,248.88065969892864,113.43816826664943,125.82923397032368
78,2023-05-31 13:00:00,1682.2702866341413,1697.6943635805007,1661.5956667180628,1592.47805360036,1650.589361299641,15.424076946359492,20.674619916078427,89.79223303378126,31.680925334500216
79,2023-05-31 14:00:00,1532.6387279812868,1535.9563554332494,1484.2682586801193,1841.7434686167312,1620.6560275767,3.3176274519626077,48.37046930116753,309.1047406354444,88.01729959541308
80,2023-05-31 15:00:00,1279.2367892406378,1323.5196811143212,1405.3248777470537,603.599396477139,1110.8146517795046,44.28289187368341,126.08808850641594,675.6373927634988,168.42213746113316
81,2023-05-31 16:00:00,1093.3842878956182,932.4233253687693,913.1380372842045,1474.8160980706639,1106.7924869078793,160.9609625268489,180.24625061141364,381.4318101750457,13.408199012261093
82,2023-05-31 17:00:00,510.7135084811432,477.6227772202159,555.8698935764418,609.4689571081883,547.653875968282,33.09073126092733,45.15638509529856,98.7554486270451,36.940367487138815
83,2023-05-31 18:00:00,0.0,42.921817296640576,-0.00223196645465242,26.460700878407124,23.12676206953101,42.921817296640576,0.00223196645465242,26.460700878407124,23.12676206953101
84,2023-05-31 19:00:00,0.0,30.781944577963174,3.89878102588595,66.16412829054343,33.61495129813085,30.781944577963174,3.89878102588595,66.16412829054343,33.61495129813085
85,2023-05-31 20:00:00,58.099189861677154,14.270074781292127,0.01577349540878208,-108.59994853447006,-31.438033419256385,43.82911508038502,58.083416366268374,166.69913839614722,89.53722328093355
86,2023-05-31 21:00:00,0.0,35.45928980500663,37.533254885006635,63.65788753298159,45.55014407433161,35.45928980500663,37.533254885006635,63.65788753298159,45.55014407433161
87,2023-05-31 22:00:00,16.084398984845567,17.399634081459546,22.39312879172743,-166.35992608028232,-42.189054402365116,1.3152350966139785,6.308729806881864,182.44432506512788,58.27345338721068
88,2023-05-31 23:00:00,0.0,18.6246721998468,21.828151766639838,259.8352653563493,100.09602977427863,18.6246721998468,21.828151766639838,259.8352653563493,100.09602977427863
89,2023-06-01 00:00:00,0.0,9.426099750627435,0.4783343714109244,-141.07512525501966,-43.72356371099376,9.426099750627435,0.4783343714109244,141.07512525501966,43.72356371099376
90,2023-06-01 01:00:00,66.58156708593663,5.714475609985436,0.01577349540878208,68.59474767469965,24.774998926697954,60.86709147595119,66.56579359052785,2.0131805887630208,41.80656815923867
91,2023-06-01 02:00:00,56.54163096495165,57.34244175192835,99.58991342871298,-11.300364317346748,48.54399695443151,0.8008107869766974,43.048282463761325,67.8419952822984,7.997634010520137
92,2023-06-01 03:00:00,0.0,23.137040466145148,28.45949579850776,121.588705611259,57.728413958637304,23.137040466145148,28.45949579850776,121.588705611259,57.728413958637304
93,2023-06-01 04:00:00,38.51547698494623,51.8606738444303,38.280141334011745,21.82745983757252,37.32275833867152,13.34519685948407,0.23533565093448772,16.688017147373714,1.192718646274713
94,2023-06-01 05:00:00,26.820799595949744,40.80937435530505,0.015065554638545926,43.148202332160736,27.99088074736811,13.98857475935531,26.805734041311197,16.327402736210992,1.1700811514183656
95,2023-06-01 06:00:00,66.99657618868098,37.90214872334352,8.706847989182206,48.244207451327725,31.617734721284478,29.094427465337453,58.28972819949877,18.75236873735325,35.3788414673965
96,2023-06-01 07:00:00,492.72083157134415,452.1352239784549,531.9145758343934,479.98418322955126,488.0113276807998,40.58560759288923,39.19374426304927,12.736648341792886,4.70950389054434
97,2023-06-01 08:00:00,1030.6650678929523,968.8043847645195,889.5802802299842,997.3955651635949,951.9267433860329,61.86068312843281,141.0847876629681,33.26950272935733,78.73832450691941
98,2023-06-01 09:00:00,1291.0864315503209,1176.429201316839,1209.220664389079,1327.9022319155288,1237.8506992071489,114.65723023348187,81.86576716124182,36.815800365207906,53.235732343172
99,2023-06-01 10:00:00,1586.0212542390423,1618.4915340015298,1627.5045038574403,1563.8701765766873,1603.288738145219,32.47027976248751,41.48324961839808,22.151077662354965,17.26748390617672
100,2023-06-01 11:00:00,1767.2723249199535,1710.7036082367229,1601.6955003453993,1880.492374893624,1730.9638278252487,56.568716683230605,165.57682457455417,113.22004997367048,36.30849709470476
101,2023-06-01 12:00:00,1505.2040587443898,1665.0359824176135,1610.2921463858306,1244.0676133616123,1506.465247388352,159.83192367322363,105.08808764144078,261.13644538277754,1.261188643962214
102,2023-06-01 13:00:00,1651.0873409994654,1604.4382673143289,1577.9587005533392,2466.5204798093223,1882.9724825589967,46.6490736851365,73.12864044612616,815.4331388098569,231.88514155953135
103,2023-06-01 14:00:00,1616.501588854023,1605.9034357389942,1912.443813006275,-342.61307375803244,1058.5780583290789,10.598153115028936,295.9422241522518,1959.1146626120556,557.9235305249442
104,2023-06-01 15:00:00,1347.075730953514,1335.643792263095,1319.3655085034786,5054.113593862429,2569.707631543001,11.431938690418974,27.710222450035417,3707.0378629089155,1222.6319005894868
105,2023-06-01 16:00:00,888.9467064452208,1110.3112423978585,1007.1139979424746,-4040.714775487255,-641.0965117156405,221.36453595263765,118.16729149725381,4929.661481932476,1530.0432181608612
106,2023-06-01 17:00:00,390.29751439748634,489.20121482436423,511.31697493181053,5582.287309158661,2194.268499638278,98.90370042687789,121.0194605343242,5191.989794761174,1803.9709852407918
107,2023-06-01 18:00:00,0.0,48.88810151297787,-0.6650473033210034,-5482.995454943096,-1811.5908002444796,48.88810151297787,0.6650473033210034,5482.995454943096,1811.5908002444796
108,2023-06-01 19:00:00,0.0,12.871328472589525,0.31110163102972527,4307.938195506125,1440.3735418699148,12.871328472589525,0.31110163102972527,4307.938195506125,1440.3735418699148
109,2023-06-01 20:00:00,173.54165881005468,41.418733429779785,22.69332731924468,-1369.762958753852,-435.2169660016092,132.1229253802749,150.84833149081,1543.3046175639067,608.7586248116638
110,2023-06-01 21:00:00,0.0,25.922403286425162,36.7414036489087,1994.9934143941537,685.8857404431625,25.922403286425162,36.7414036489087,1994.9934143941537,685.8857404431625
111,2023-06-01 22:00:00,0.0,25.44674528745597,16.75526664996656,-1639.9775112851373,-532.5918331159049,25.44674528745597,16.75526664996656,1639.9775112851373,532.5918331159049
112,2023-06-01 23:00:00,0.0,12.675601981734522,14.1901790056279,128.06534089731838,51.6437072948936,12.675601981734522,14.1901790056279,128.06534089731838,51.6437072948936
113,2023-06-02 00:00:00,124.22634561590742,8.211895123155124,8.244575210707387,-95.46331693686238,-26.33561553433329,116.0144504927523,115.98177040520004,219.6896625527698,150.5619611502407
114,2023-06-02 01:00:00,0.0,10.101542855006379,0.14985607433365444,-272.7316791428684,-87.49342673784278,10.101542855006379,0.14985607433365444,272.7316791428684,87.49342673784278
115,2023-06-02 02:00:00,0.0,27.008368461532044,1.413787215007787,-632.0818325175406,-201.2198922803336,27.008368461532044,1.413787215007787,632.0818325175406,201.2198922803336
116,2023-06-02 03:00:00,0.0,17.426709657030745,16.921682374935806,1672.9728473319515,569.1070797879727,17.426709657030745,16.921682374935806,1672.9728473319515,569.1070797879727
117,2023-06-02 04:00:00,0.0,8.518157173151643,1.001693529845891,-1079.9798640828947,-356.8200044599657,8.518157173151643,1.001693529845891,1079.9798640828947,356.8200044599657
118,2023-06-02 05:00:00,0.0,8.566412138276661,-0.17609004559699862,-21.345267165708265,-4.318315024342867,8.566412138276661,0.17609004559699862,21.345267165708265,4.318315024342867
119,2023-06-02 06:00:00,32.97310772028025,47.5014668113047,83.71180404675536,1261.4334068794085,464.2155592458229,14.528359091024456,50.738696326475115,1228.4602991591282,431.2424515255426
120,2023-06-02 07:00:00,401.2930059895391,448.2932623124508,496.7758932531716,-104.5400125571905,280.1763810028106,47.000256322911696,95.4828872636325,505.8330185467296,121.11662498672848
121,2023-06-02 08:00:00,829.3150832943893,1021.8399266313185,965.7119512834074,2252.328147445631,1413.2933417867857,192.52484333692917,136.39686798901812,1423.013064151242,583.9782584923964
122,2023-06-02 09:00:00,1304.4030752132965,1143.458235513259,1159.8973069868725,246.72803522354275,850.0278592412247,160.9448397000374,144.50576822642392,1057.6750399897537,454.3752159720717
123,2023-06-02 10:00:00,1670.3527570756398,1745.2091384028433,1810.9797560786892,1134.833001555529,1563.673965345687,74.85638132720351,140.62699900304938,535.5197555201107,106.67879172995276
124,2023-06-02 11:00:00,1868.5737671869308,1626.5272868213076,1605.4753359871886,2212.2596981420265,1814.7541069835074,242.0464803656232,263.0984311997422,343.6859309550957,53.81966020342338
125,2023-06-02 12:00:00,1805.4336473399574,1597.0826576443092,1596.0826581684082,2247.16989860811,1813.445071473609,208.3509896956482,209.35098917154914,441.7362512681527,8.011424133651644
126,2023-06-02 13:00:00,1742.1421894788164,1614.6425392438582,1600.3685246473954,1401.2935689870487,1538.768210959434,127.49965023495815,141.773664831421,340.84862049176763,203.37397851938226
127,2023-06-02 14:00:00,1479.7655213180105,1708.0786726641404,1813.669122116387,2491.9251360197386,2004.5576436000883,228.31315134612987,333.9036007983764,1012.1596147017281,524.7921222820778
128,2023-06-02 15:00:00,1327.6018729727793,1265.334873073437,1232.5510959469111,1498.2285447220434,1332.0381712474637,62.26699989934241,95.05077702586823,170.626671749264,4.4362982746843045
129,2023-06-02 16:00:00,942.6248305241361,1068.2027269860605,1053.90101410877,543.5589338577602,888.5542249841969,125.57789646192441,111.27618358463383,399.0658966663759,54.07060553993915
130,2023-06-02 17:00:00,352.2140461046447,470.8529473864848,504.1800724218833,615.0746140267057,530.0358779450246,118.6389012818401,151.96602631723863,262.860567922061,177.8218318403799
131,2023-06-02 18:00:00,31.879902298272683,119.90457016557798,119.68124429046289,-886.9748800396776,-215.79635519454555,88.0246678673053,87.8013419921902,918.8547823379503,247.67625749281825
132,2023-06-02 19:00:00,0.0,3.930531474092791,3.637029604266638,-420.7011719178495,-137.71120361316332,3.930531474092791,3.637029604266638,420.7011719178495,137.71120361316332
133,2023-06-02 20:00:00,138.5747661742052,4.410232606533535,9.284437428800826,597.3258900203255,203.67352001855326,134.16453356767167,129.29032874540437,458.75112384612027,65.09875384434807
134,2023-06-02 21:00:00,0.0,3.012799609680984,-0.5572056112257826,422.0704463428554,141.5086801137702,3.012799609680984,0.5572056112257826,422.0704463428554,141.5086801137702
135,2023-06-02 22:00:00,19.86068334093469,30.116328742249824,2.4586944035640808,-1326.076619396615,-431.16719875026695,10.255645401315135,17.401988937370607,1345.9373027375495,451.02788209120166
136,2023-06-02 23:00:00,3.415781956675511,22.573863971950836,6.312245953764893,-216.7927603978519,-62.63555015737872,19.158082015275326,2.8964639970893815,220.20854235452742,66.05133211405423
137,2023-06-03 00:00:00,0.0,20.827347410862355,12.519600159322296,-196.05519429593073,-54.23608224191535,20.827347410862355,12.519600159322296,196.05519429593073,54.23608224191535
138,2023-06-03 01:00:00,0.0,23.126815889573994,14.517690633577718,-255.85699890332808,-72.73749746005879,23.126815889573994,14.517690633577718,255.85699890332808,72.73749746005879
139,2023-06-03 02:00:00,5.490255994620446,90.26110597316574,145.71096227272417,-737.3753471535925,-167.13442630256753,84.7708499785453,140.22070627810373,742.865603148213,172.62468229718797
140,2023-06-03 03:00:00,84.9753046101753,30.25799861430531,43.116142758758436,-441.3103222001813,-122.64539360903919,54.71730599586999,41.859161851416864,526.2856268103566,207.6206982192145
141,2023-06-03 04:00:00,0.0,28.025924564417366,18.8851748425351,-722.4540866894788,-225.1809957608421,28.025924564417366,18.8851748425351,722.4540866894788,225.1809957608421
142,2023-06-03 05:00:00,0.0,26.334926010389367,32.67808808001971,395.6960037133615,151.56967260125685,26.334926010389367,32.67808808001971,395.6960037133615,151.56967260125685
143,2023-06-03 06:00:00,0.0,8.763765085599415,-0.17556091845505345,75.28743323866934,27.9585458019379,8.763765085599415,0.17556091845505345,75.28743323866934,27.9585458019379
144,2023-06-03 07:00:00,414.3724089254569,421.6655453716872,396.2135801573383,454.7977778020139,424.2256344436798,7.293136446230278,18.15882876811861,40.425368876557,9.853225518222871
145,2023-06-03 08:00:00,923.2479415987917,983.1599470933237,989.1561631474968,111.02441870857467,958.2696165214587,59.91200549453197,65.90822154870511,812.223522890217,35.02167492266699
146,2023-06-03 09:00:00,1365.200124625679,1330.463628006277,1201.9487066405893,1104.3446378479684,1234.6545458866578,34.73649661940203,163.2514179850898,260.85548677771067,130.54557873902127
147,2023-06-03 10:00:00,1617.2444178594917,1658.6159363835113,1665.9123229521017,1179.0228547171105,1647.6758488815026,41.37151852401962,48.66790509261,438.2215631423812,30.431431022010884
148,2023-06-03 11:00:00,1641.5134672895085,1721.0091617715946,1665.1611444514226,1995.320403268757,1691.766797605118,79.49569448208604,23.64767716191409,353.80693597924846,50.253330315609446
149,2023-06-03 12:00:00,1945.6766811827295,1700.7156153793,1830.4611134247375,2303.9418447296543,1809.9137130475615,244.9610658034294,115.21556775799195,358.2651635469249,135.76296813516797
150,2023-06-03 13:00:00,1439.503499631062,1740.6974461324764,1844.2132828920562,1846.3802254179336,1815.3265072398478,301.19394650141453,404.7097832609943,406.8767257868717,375.82300760878593
151,2023-06-03 14:00:00,1650.7979954219184,1604.8551871698235,1656.7035286531893,2335.7347537335577,1664.7852599929565,45.94280825209489,5.905533231270965,684.9367583116393,13.987264571038168
152,2023-06-03 15:00:00,1170.6762961723966,1348.1598698592388,1331.9464059313248,882.1627040859942,1321.521120705765,177.4835736868422,161.27010975892813,288.51359208640247,150.8448245333684
153,2023-06-03 16:00:00,1015.6225069625278,1029.9315448884306,1033.656054984602,919.116262313089,1028.8042025851187,14.309037925902771,18.033548022074115,96.50624464943883,13.181695622590837
154,2023-06-03 17:00:00,346.0818114049749,395.01526153189013,363.43630807435136,-59.06256936606803,358.2171315402475,48.933450126915204,17.35449666937643,405.14438077104296,12.135320135272593
155,2023-06-03 18:00:00,0.0,67.57227160634393,10.884334622722086,1338.4941663455588,70.90291948527383,67.57227160634393,10.884334622722086,1338.4941663455588,70.90291948527383
156,2023-06-03 19:00:00,75.44127268541901,61.17610121461822,20.313076893969413,332.3664759348622,42.12438408156511,14.265171470800787,55.1281957914496,256.9252032494432,33.3168886038539
157,2023-06-03 20:00:00,2.2339554143580713,63.72906882523332,89.93254903955454,-680.5807776869176,53.43793781696503,61.49511341087525,87.69859362519648,682.8147331012757,51.20398240260696
158,2023-06-03 21:00:00,0.0,6.10344158277893,-1.3165353010715277,-698.5512601164901,-23.819214062859142,6.10344158277893,1.3165353010715277,698.5512601164901,23.819214062859142
159,2023-06-03 22:00:00,104.78506681536992,17.165050803965155,0.2624804656803319,-111.54721817142183,1.9641707039848368,87.62001601140476,104.52258634968959,216.33228498679176,102.82089611138508
160,2023-06-03 23:00:00,0.0,18.18338126222492,-0.5030200493659522,-234.28389560208473,-2.5736643140385143,18.18338126222492,0.5030200493659522,234.28389560208473,2.5736643140385143
161,2023-06-04 00:00:00,0.0,56.10057491089597,87.32345162923927,-266.7018119573378,64.07222550246539,56.10057491089597,87.32345162923927,266.7018119573378,64.07222550246539
162,2023-06-04 01:00:00,51.21365687061163,4.376990767252724,-0.7108332062371829,-245.26641772541166,-7.763745725728756,46.83666610335891,51.92449007684881,296.4800745960233,58.97740259634038
163,2023-06-04 02:00:00,167.65522639682925,47.47332799295665,57.90603522527626,-463.2036269152742,35.687606343811495,120.1818984038726,109.74919117155298,630.8588533121034,131.96762005301775
164,2023-06-04 03:00:00,0.0,38.194013228917655,61.778207680216774,-687.9854701125626,26.913114993205674,38.194013228917655,61.778207680216774,687.9854701125626,26.913114993205674
165,2023-06-04 04:00:00,0.0,11.303055287195711,3.746336916246809,-450.26626522550123,-9.985568929028048,11.303055287195711,3.746336916246809,450.26626522550123,9.985568929028048
166,2023-06-04 05:00:00,0.0,48.34808199676566,18.774798322956084,557.3377649537103,48.088034142620074,48.34808199676566,18.774798322956084,557.3377649537103,48.088034142620074
167,2023-06-04 06:00:00,19.077612713163788,12.196984512982953,0.010788014461350652,95.16421997636894,7.542456462392758,6.880628200180835,19.066824698702437,76.08660726320515,11.53515625077103
168,2023-06-04 07:00:00,445.3398696757482,361.69893553657556,390.19282705465736,1503.5967660586919,420.50167313251825,83.64093413917266,55.14704262109086,1058.2568963829435,24.83819654322997
169,2023-06-04 08:00:00,944.2407323544398,1004.9131670486094,931.2242175860277,1163.521975309505,953.0544513097193,60.67243469416951,13.016514768412094,219.28124295506518,8.813718955279455
170,2023-06-04 09:00:00,1241.9751147379511,1302.8309551453383,1298.7379795907445,1683.6808608079748,1307.0808458486913,60.85584040738718,56.76286485279343,441.7057460700237,65.10573111074018
171,2023-06-04 10:00:00,1657.61431728912,1633.705894699994,1676.493893045731,1774.6117362353293,1668.283634389032,23.908422589126076,18.879575756611075,116.99741894620934,10.66931709991195
172,2023-06-04 11:00:00,1651.1035333844393,1740.3543309914623,1886.1526853374808,2697.482084334703,1867.318439609457,89.25079760702306,235.04915195304147,1046.3785509502636,216.21490622501778
173,2023-06-04 12:00:00,1704.4378560236464,1730.4646836222817,1929.2378925424198,1459.4211503601468,1873.3567528246922,26.026827598635236,224.80003651877337,245.01670566349958,168.91889680104578
174,2023-06-04 13:00:00,1687.885619362314,1643.7222838086311,1909.635579347302,1427.5084180601489,1837.6847938912674,44.16333555368283,221.74995998498798,260.3772013021651,149.79917452895347
175,2023-06-04 14:00:00,1601.8542418626862,1614.5144828141335,1892.9429095162536,1488.042070123172,1819.5207484458215,12.66024095144735,291.0886676535674,113.81217173951427,217.6665065831353
176,2023-06-04 15:00:00,1310.4675120572383,1250.7289301355693,1261.9447565132737,1464.3951048753293,1263.179776033167,59.73858192166904,48.52275554396465,153.92759281809094,47.287736024071364
177,2023-06-04 16:00:00,884.335123658956,1019.6839048636857,949.2616774176131,2119.2188066357357,988.2922109534823,135.34878120472968,64.92655375865706,1234.8836829767797,103.95708729452622
178,2023-06-04 17:00:00,394.32604137184484,350.1068550265999,348.591643793384,645.2565003803518,354.6347025262038,44.219186345244964,45.73439757846086,250.93045900850694,39.69133884564104
179,2023-06-04 18:00:00,35.77307304685785,70.3724891516184,21.935594823829042,-143.52871306985378,30.187310534657165,34.59941610476054,13.83747822302881,179.30178611671164,5.585762512200688
180,2023-06-04 19:00:00,94.60135341362505,26.95373933837175,1.157665849679182,-747.9122051566949,-7.115106819805449,67.6476140752533,93.44368756394587,842.5135585703199,101.7164602334305
181,2023-06-04 20:00:00,4.645106401954809,19.795605198215235,5.494738974624215,297.92002488107823,16.244707301725015,15.150498796260425,0.8496325726694058,293.2749184791234,11.599600899770206
182,2023-06-04 21:00:00,99.81698334878553,48.729467860599044,9.750205957488488,-85.97088698230323,19.242494139167814,51.08751548818648,90.06677739129704,185.78787033108875,80.57448920961771
183,2023-06-04 22:00:00,55.2046671846933,44.845134704413105,11.706499495343202,-441.37670282119586,11.529242810777705,10.359532480280194,43.4981676893501,496.58137000588914,43.6754243739156
184,2023-06-04 23:00:00,0.0,15.035852122096033,4.929254878137353,-416.81677508253824,-1.416422639917502,15.035852122096033,4.929254878137353,416.81677508253824,1.416422639917502
185,2023-06-05 00:00:00,45.06684024471247,19.631554705044675,9.269373308274963,-219.431245085888,7.283069470835466,25.4352855396678,35.79746693643751,264.4980853306005,37.78377077387701
186,2023-06-05 01:00:00,0.0,13.668500023468644,5.559683061328925,-216.17833742491632,3.0563431772388903,13.668500023468644,5.559683061328925,216.17833742491632,3.0563431772388903
187,2023-06-05 02:00:00,19.088005861288064,75.77564126487832,124.19530660396478,321.618544761355,114.14623190848761,56.68763540359025,105.10730074267671,302.5305389000669,95.05822604719954
188,2023-06-05 03:00:00,0.0,9.732523652385682,9.343405340359192,-735.4238740936179,-7.065207391389695,9.732523652385682,9.343405340359192,735.4238740936179,7.065207391389695
189,2023-06-05 04:00:00,0.0,8.493150941884032,0.7917788565855843,69.05700261899142,4.601483404718291,8.493150941884032,0.7917788565855843,69.05700261899142,4.601483404718291
190,2023-06-05 05:00:00,79.97513231562849,19.008964828717982,7.635428084372533,-161.29371736944836,7.276699040187401,60.96616748691051,72.33970423125595,241.26884968507684,72.69843327544109
191,2023-06-05 06:00:00,61.37175211485935,107.4064395205417,122.63517015229658,56.025233153937506,116.6189842799582,46.03468740568235,61.26341803743723,5.346518960921841,55.24723216509885
192,2023-06-05 07:00:00,477.75193117250456,381.364117619606,423.07799190769066,1923.521336760628,443.9381362287774,96.38781355289854,54.673939264813896,1445.7694055881234,33.813794943727146
193,2023-06-05 08:00:00,973.0101795661807,968.7785645532703,935.4825847969644,1050.7881217616073,947.7316800766432,4.231615012910424,37.52759476921631,77.77794219542659,25.278499489537467
194,2023-06-05 09:00:00,1221.6813384261113,1226.28070991847,1336.3677575727634,1520.0226213772464,1305.6108898615396,4.599371492358614,114.68641914665204,298.3412829511351,83.92955143542827
195,2023-06-05 10:00:00,1421.1389935488826,1647.337892551021,1649.942767820196,1200.1519724590717,1641.3826415685369,226.19889900213843,228.8037742713134,220.98702108981092,220.2436480196543
196,2023-06-05 11:00:00,1542.8848019711538,1702.3404906800047,1768.1966774563725,2901.7867342750305,1767.4532007197079,159.45568870885086,225.3118754852187,1358.9019323038767,224.56839874855405
197,2023-06-05 12:00:00,1763.1145649508398,1653.2702861778869,1658.300686719992,1131.0365280025576,1647.6569526417697,109.84427877295298,104.81387823084788,632.0780369482823,115.4576123090701
198,2023-06-05 13:00:00,1515.8231509750226,1671.2875707644,1651.971754413535,1319.209824345537,1652.1850482777706,155.46441978937742,136.1486034385125,196.61332662948553,136.36189730274805
199,2023-06-05 14:00:00,1286.8204996289835,1635.9619733803565,1639.5024076661289,1306.2689833925854,1632.6642114964689,349.14147375137304,352.6819080371454,19.44848376360187,345.84371186748535
200,2023-06-05 15:00:00,1330.0580322796827,1236.8055020996594,1264.9026805543622,658.7229644745299,1245.78967870747,93.25253018002331,65.15535172532054,671.3350678051528,84.26835357221262
201,2023-06-05 16:00:00,862.2541336569499,970.8514825816598,925.4784709622404,1393.3355711733693,947.5295657064389,108.59734892470988,63.22433730529053,531.0814375164194,85.27543204948904
202,2023-06-05 17:00:00,406.6378755484997,424.9597152391118,414.45505383777277,824.5431905698952,424.7648297592517,18.32183969061208,7.817178289273045,417.90531502139544,18.12695421075199
203,2023-06-05 18:00:00,44.450145823590034,64.89169030825005,2.7491388307761127,486.8794168810559,30.24857620321537,20.441544484660014,41.70100699281392,442.4292710574658,14.201569620374663
204,2023-06-05 19:00:00,0.0,44.316028526876174,37.595440147781304,239.3711085408072,43.146415719638114,44.316028526876174,37.595440147781304,239.3711085408072,43.146415719638114
205,2023-06-05 20:00:00,0.0,17.237451222273464,21.378508173112504,-132.86234749834648,16.91976062511783,17.237451222273464,21.378508173112504,132.86234749834648,16.91976062511783
206,2023-06-05 21:00:00,120.32540836161586,29.279405319395597,38.31468419920324,12.783803495680218,34.76872121265891,91.04600304222026,82.01072416241261,107.54160486593564,85.55668714895694
207,2023-06-05 22:00:00,0.0,14.042213907456901,-0.8432294593008192,222.14991048454976,8.595431882240566,14.042213907456901,0.8432294593008192,222.14991048454976,8.595431882240566
208,2023-06-05 23:00:00,0.0,27.811856980876684,11.023191436313711,160.30069677038182,19.63647734602972,27.811856980876684,11.023191436313711,160.30069677038182,19.63647734602972
209,2023-06-06 00:00:00,0.0,21.211011353312646,28.832129224542445,-745.0907174768925,10.88436226491654,21.211011353312646,28.832129224542445,745.0907174768925,10.88436226491654
210,2023-06-06 01:00:00,0.0,19.13443585479663,23.04733430195923,-612.0561818097278,9.106191795326644,19.13443585479663,23.04733430195923,612.0561818097278,9.106191795326644
211,2023-06-06 02:00:00,88.43850818736917,16.241237561155803,1.8251188184922456,-271.8220611534812,1.233186036226189,72.19727062621337,86.61338936887692,360.26056934085034,87.20532215114298
212,2023-06-06 03:00:00,0.0,48.67379420154275,41.60017942559653,-251.1701033551875,38.15891995872275,48.67379420154275,41.60017942559653,251.1701033551875,38.15891995872275
213,2023-06-06 04:00:00,0.0,34.15796313952045,48.91373940040131,299.70629202893866,48.93712070717424,34.15796313952045,48.91373940040131,299.70629202893866,48.93712070717424
214,2023-06-06 05:00:00,18.032811410399393,16.8830312756408,22.5720451237906,-349.5998285685388,13.260467868814674,1.1497801347585934,4.539233713391205,367.6326399789382,4.7723435415847195
215,2023-06-06 06:00:00,135.74328789922305,74.00450656930852,71.60492294864062,1168.3517381291972,94.21421740137251,61.73878132991453,64.13836495058243,1032.608450229974,41.52907049785054
216,2023-06-06 07:00:00,364.21580800758454,402.940751370052,406.22395020580285,-172.1420920190526,393.6224568834567,38.72494336246746,42.00814219821831,536.3579000266371,29.40664887587218
217,2023-06-06 08:00:00,763.8710539300481,981.858486531768,943.2548874472853,1226.0834749328374,962.3137446605735,217.9874326017199,179.38383351723724,462.21242100278926,198.44269073052544
218,2023-06-06 09:00:00,1217.6915929780628,1243.279098954835,1226.779843127081,1620.5817739879053,1239.7851616385312,25.587505976772263,9.088250149018222,402.89018100984254,22.093568660468463
219,2023-06-06 10:00:00,1315.0997614683893,1375.5961235439058,1400.2767798799307,1499.5543955012377,1393.0791351817863,60.49636207551657,85.17701841154144,184.4546340328484,77.97937371339708
220,2023-06-06 11:00:00,1595.7230756451497,1502.1547080066239,1412.7770403189056,1401.5061344416945,1445.0431487837275,93.56836763852584,182.9460353262441,194.21694120345524,150.67992686142225
221,2023-06-06 12:00:00,1559.1505856855779,1617.0203575984017,1560.3401119149512,1417.5622754584165,1578.387185498805,57.86977191282381,1.189526229373314,141.5883102271614,19.23659981322703
222,2023-06-06 13:00:00,1547.7309771100968,1547.6164299962184,1603.8563915884956,2348.9506846593476,1596.6938869557773,0.11454711387841598,56.12541447839885,801.2197075492509,48.96290984568054
223,2023-06-06 14:00:00,1764.0262883365092,1427.1452122751514,1375.2352957101448,760.5786585780379,1383.1474210299214,336.8810760613578,388.7909926263644,1003.4476297584713,380.87886730658784
224,2023-06-06 15:00:00,1175.6049262843717,1325.5190641472216,1323.65108681096,1025.7405233267095,1319.0251468007036,149.91413786284988,148.0461605265882,149.86440295766215,143.42022051633194
225,2023-06-06 16:00:00,794.5438782242496,971.1211079422123,874.789049408188,1349.8570425987734,918.2409466724577,176.57722971796272,80.2451711839384,555.3131643745238,123.69706844820803
226,2023-06-06 17:00:00,502.7993676446371,390.5003766703043,388.6543675517605,368.0880294987325,388.95874077779575,112.29899097433275,114.14500009287656,134.71133814590456,113.84062686684132
227,2023-06-06 18:00:00,33.16021764502949,42.3372661710103,0.015178665126836119,-81.7658243409403,13.932682092888689,9.177048525980808,33.14503897990265,114.92604198596979,19.2275355521408
228,2023-06-06 19:00:00,0.0,41.690813260584584,0.01517866512688408,-179.3454308753611,11.960387500685945,41.690813260584584,0.01517866512688408,179.3454308753611,11.960387500685945
229,2023-06-06 20:00:00,0.0,60.4952243842424,125.64049617857304,458.6496506088257,108.57667221229069,60.4952243842424,125.64049617857304,458.6496506088257,108.57667221229069
230,2023-06-06 21:00:00,0.0,51.975944055485094,101.78709841398629,-510.6240086848775,73.56706088983972,51.975944055485094,101.78709841398629,510.6240086848775,73.56706088983972
231,2023-06-06 22:00:00,0.0,14.285955646680263,0.015178665126898291,-479.7596252768593,-3.3660817395466127,14.285955646680263,0.015178665126898291,479.7596252768593,3.3660817395466127
232,2023-06-06 23:00:00,54.889728701909625,10.94081554790702,0.01517866512688408,-401.54612295170523,-3.1728244278707236,43.948913154002604,54.87455003678274,456.43585165361486,58.06255312978035
233,2023-06-07 00:00:00,0.0,21.51110459944022,0.7753250736027656,536.7730920696735,17.44138903692725,21.51110459944022,0.7753250736027656,536.7730920696735,17.44138903692725
234,2023-06-07 01:00:00,0.0,37.221284540190055,0.01533104811010182,-39.213525277613485,12.40261226381593,37.221284540190055,0.01533104811010182,39.213525277613485,12.40261226381593
235,2023-06-07 02:00:00,0.0,11.709379955620493,8.41662983835955,-453.4537506282402,1.4911293908952619,11.709379955620493,8.41662983835955,453.4537506282402,1.4911293908952619
236,2023-06-07 03:00:00,30.26484477126871,8.043473442034365,0.5286283693125533,496.74949353673685,11.852919908176398,22.221371329234344,29.736216401956156,466.48464876546814,18.41192486309231
237,2023-06-07 04:00:00,75.35223694088167,18.997884798254848,0.01517866512688408,-132.1698708642964,4.372313586895034,56.35435214262682,75.33705827575479,207.52210780517805,70.97992335398663
238,2023-06-07 05:00:00,0.0,14.180746729863277,0.015178665126836119,-353.8094833792168,-1.198976552016088,14.180746729863277,0.015178665126836119,353.8094833792168,1.198976552016088
239,2023-06-07 06:00:00,64.59123285231227,73.7978097402641,103.88014466422321,65.10875581779953,92.63105451843572,9.206576887951826,39.288911811910936,0.5175229654872595,28.039821666123444
240,2023-06-07 07:00:00,396.0375234888264,408.5547137871175,407.8789000824654,599.39451463988,411.46781634372473,12.517190298291098,11.841376593638984,203.35699115105353,15.430292854898312
241,2023-06-07 08:00:00,748.8229491792816,852.4783223634051,837.8286172376429,861.1602053998434,843.3406660231465,103.6553731841235,89.00566805836127,112.33725622056181,94.51771684386483
242,2023-06-07 09:00:00,1156.3213275914297,1233.102932758542,1244.0773129636711,965.6903431185017,1235.4758223978429,76.78160516711228,87.75598537224141,190.63098447292805,79.15449480641314
243,2023-06-07 10:00:00,1620.0460666839952,1410.7013152281966,1645.3384455026803,1093.827634839649,1554.0066043761728,209.3447514557986,25.292378818685165,526.2184318443462,66.0394623078223
244,2023-06-07 11:00:00,1414.0959891051482,1552.5891633552894,1569.2450978457446,2021.6642113322164,1571.187930171294,138.49317425014124,155.14910874059638,607.5682222270682,157.09194106614586
245,2023-06-07 12:00:00,1676.0192369579704,1519.4842232008832,1534.2603715922198,1656.4999377905172,1531.19947324667,156.5350137570872,141.75886536575058,19.519299167453255,144.8197637113003
246,2023-06-07 13:00:00,1744.3607178030782,1628.6315520012065,1719.7885457080883,844.2277809779048,1672.9704638725323,115.72916580187166,24.57217209498981,900.1329368251734,71.3902539305459
247,2023-06-07 14:00:00,1625.4266130694616,1531.996173199667,1676.0530451780883,1177.9510504018115,1617.2453058903122,93.43043986979455,50.62643210862666,447.47556266765014,8.181307179149371
248,2023-06-07 15:00:00,1133.354668534958,1282.6977437515013,1255.7440169839358,762.0878467855016,1256.6878151427202,149.3430752165434,122.3893484489779,371.2668217494563,123.33314660776227
249,2023-06-07 16:00:00,880.0696061531893,884.776654094287,790.679958104305,634.3361197279713,820.8357194096883,4.707047941097699,89.38964804888428,245.73348642521796,59.23388674350099
250,2023-06-07 17:00:00,528.5297299662395,428.9516935236395,427.0631375603656,467.3332650845944,428.4124431326084,99.57803644260002,101.46659240587394,61.19646488164511,100.11728683363111
251,2023-06-07 18:00:00,1.4831956231229213,52.525542951798094,16.566098638048082,127.46422519300233,31.015329412310628,51.04234732867517,15.082903014925162,125.98102956987941,29.532133789187707
252,2023-06-07 19:00:00,205.26733273955185,35.180707034258695,14.852094038402676,-637.4613974819799,10.764425813000074,170.08662570529316,190.41523870114918,842.7287302215318,194.50290692655176
253,2023-06-07 20:00:00,0.0,30.258678370520315,-0.8758951950592081,-679.3575485182433,-12.043534416852571,30.258678370520315,0.8758951950592081,679.3575485182433,12.043534416852571
254,2023-06-07 21:00:00,28.145236073111704,41.92712913603207,29.943099698384724,-544.2731074883555,14.524121754014292,13.781893062920368,1.7978636252730205,572.4183435614673,13.621114319097412
255,2023-06-07 22:00:00,0.0,60.365740084668516,72.5284700067379,1033.342297841632,101.60577469339647,60.365740084668516,72.5284700067379,1033.342297841632,101.60577469339647
256,2023-06-07 23:00:00,69.64284344306017,44.26158412577022,31.649820973140738,83.14738325222913,38.71794038605262,25.381259317289953,37.99302246991944,13.50453980916896,30.924903057007555
257,2023-06-08 00:00:00,24.697471535507237,19.957579516681722,-0.5366755321879875,58.88987655478627,10.08743018155086,4.739892018825515,25.234147067695226,34.192405019279036,14.610041353956378
258,2023-06-08 01:00:00,0.0,27.60215009192617,33.749725383914914,-724.4477429915905,4.263691473244048,27.60215009192617,33.749725383914914,724.4477429915905,4.263691473244048
259,2023-06-08 02:00:00,0.0,24.552973041629556,0.3590251883958054,49.8994802412941,12.168789551469223,24.552973041629556,0.3590251883958054,49.8994802412941,12.168789551469223
260,2023-06-08 03:00:00,0.0,38.167149830673864,21.323995259746088,216.20114808651203,35.242876648631736,38.167149830673864,21.323995259746088,216.20114808651203,35.242876648631736
261,2023-06-08 04:00:00,33.49716471006354,76.30610935820621,40.88629771873376,1105.768487238175,93.42575439053708,42.80894464814268,7.389133008670221,1072.2713225281116,59.92858968047354
262,2023-06-08 05:00:00,0.0,27.066741258233083,0.3696419833715771,186.1260362177648,18.057804419356096,27.066741258233083,0.3696419833715771,186.1260362177648,18.057804419356096
263,2023-06-08 06:00:00,104.67793353601306,96.50807204395433,116.98105542856972,1897.0563866433604,171.7077965463514,8.169861492058729,12.30312189255666,1792.3784531073472,67.02986301033835
264,2023-06-08 07:00:00,281.552532590845,383.2086206559868,411.4610555699314,1279.397633848388,430.55565452205917,101.65608806514183,129.9085229790864,997.8451012575431,149.0031219312142
265,2023-06-08 08:00:00,811.947365046795,808.4459291654811,841.5468124481087,983.3886658409263,833.2042162226562,3.5014358813139097,29.599447401313682,171.44130079413128,21.256851175861243
266,2023-06-08 09:00:00,1085.9222304282364,1156.7386608893619,1155.0134881412598,925.1739914832579,1148.1148666830318,70.81643046112549,69.09125771302342,160.74823894497854,62.19263625479539
267,2023-06-08 10:00:00,1456.4470458648236,1596.5245630467502,1622.811282962637,1230.32322381231,1599.5334233890658,140.07751718192662,166.36423709781343,226.12382205251356,143.08637752424215
268,2023-06-08 11:00:00,1864.7624436821152,1611.8162898402315,1668.5233696920939,1124.4084809400335,1628.2823666805655,252.94615384188364,196.23907399002132,740.3539627420816,236.48007700154972
269,2023-06-08 12:00:00,1685.861440475419,1629.28225505344,1739.947092585957,1653.9022790202523,1693.5855251328062,56.57918542197899,54.08565211053815,31.959161455166623,7.724084657387266
270,2023-06-08 13:00:00,1689.0588121333826,1645.176054688725,1752.4158644512888,1576.4708217829639,1704.4376253328405,43.88275744465773,63.35705231790621,112.58799035041875,15.378813199457909
271,2023-06-08 14:00:00,1353.1732422158718,1598.8234520309559,1596.421931937161,1247.7550153925702,1585.8719266500323,245.65020981508405,243.2486897212891,105.41822682330167,232.69868443416044
272,2023-06-08 15:00:00,1439.8606771429493,1181.7057475423019,1179.9524476780648,800.425866880518,1168.1301415510525,258.1549296006474,259.90822946488447,639.4348102624313,271.7305355918968
273,2023-06-08 16:00:00,1005.917593069408,866.7609206642732,847.9542188245009,1187.5546867797025,866.5466077128195,139.15667240513483,157.96337424490707,181.6370937102945,139.37098535658845
274,2023-06-08 17:00:00,264.55674038585727,480.6368648490843,528.5301710630179,421.81562821552365,506.1754756667823,216.08012446322704,263.9734306771606,157.25888782966638,241.61873528092502
275,2023-06-08 18:00:00,30.17836692758789,78.53904207252977,18.639534583702677,582.3509637106465,60.78217293488305,48.36067514494188,11.538832343885215,552.1725967830586,30.60380600729516
276,2023-06-08 19:00:00,0.0,48.000020070317106,88.09726369342704,-314.7909898073576,59.044806124117926,48.000020070317106,88.09726369342704,314.7909898073576,59.044806124117926
277,2023-06-08 20:00:00,0.0,15.072236543554743,-0.44645169616308883,-65.6200252814125,3.5821676547797554,15.072236543554743,0.44645169616308883,65.6200252814125,3.5821676547797554
278,2023-06-08 21:00:00,0.0,16.965714040719885,12.272897145207672,-400.4410550745507,-1.543535198138203,16.965714040719885,12.272897145207672,400.4410550745507,1.543535198138203
279,2023-06-08 22:00:00,124.5912126119733,23.829791093549776,94.71354716299778,-834.5083175420746,29.376008212701112,100.76142151842353,29.87766544897552,959.0995301540479,95.2152043992722
280,2023-06-08 23:00:00,0.0,41.744794741091916,20.405406381856686,-314.81448238452333,16.54943760101203,41.744794741091916,20.405406381856686,314.81448238452333,16.54943760101203
281,2023-06-09 00:00:00,0.0,31.179783119566505,69.8929532267855,289.1352308820339,62.01062900608054,31.179783119566505,69.8929532267855,289.1352308820339,62.01062900608054
282,2023-06-09 01:00:00,36.025506142457914,21.73570418044837,-0.01399258257830442,-569.1724046570212,-12.646991419002745,14.289801962009545,36.03949872503622,605.1979107994791,48.67249756146066
283,2023-06-09 02:00:00,0.0,5.865253846197561,-0.422929622643601,-198.43110745902948,-5.355188984622515,5.865253846197561,0.422929622643601,198.43110745902948,5.355188984622515
284,2023-06-09 03:00:00,96.56025910020387,31.245341392797567,99.635716738717,-354.9727668662971,53.50267945685671,65.3149177074063,3.0754576385131287,451.533025966501,43.057579643347154
285,2023-06-09 04:00:00,0.0,39.251571402577085,3.4640317231444224,-59.03102488619504,16.113296066353282,39.251571402577085,3.4640317231444224,59.03102488619504,16.113296066353282
286,2023-06-09 05:00:00,96.86538073535986,71.45278693079189,69.0293170756895,37.45290489790341,68.83982761451458,25.412593804567976,27.83606365967036,59.412475837456455,28.025553120845288
287,2023-06-09 06:00:00,1.3014878174622793,52.93144923466515,12.362596011175231,153.02020430590278,34.79298619649309,51.62996141720287,11.061108193712952,151.7187164884405,33.49149837903081
288,2023-06-09 07:00:00,442.54625248299857,391.0407617644354,389.1619670832007,1123.5505324191552,418.04604698756845,51.50549071856318,53.384285399797875,681.0042799361565,24.500205495430123
289,2023-06-09 08:00:00,992.6982407894528,854.1291834877765,863.6942381930521,856.7065167712033,859.6140447539866,138.56905730167637,129.0040025964007,135.99172401824956,133.08419603546622
290,2023-06-09 09:00:00,1150.4637560427159,1209.0299260514057,1238.5223443722825,801.5483424850622,1210.7954385231558,58.566170008689824,88.05858832956665,348.91541355765366,60.331682480439895
291,2023-06-09 10:00:00,1633.981993785997,1563.7464839061026,1542.025179763324,1862.7971787552872,1562.4074778246015,70.23550987989438,91.95681402267292,228.81518496929016,71.57451596139549
292,2023-06-09 11:00:00,1705.9643623807583,1700.7177451362718,1820.049808379478,1328.5168618144912,1754.4034606299472,5.246617244486515,114.0854459987197,377.4475005662671,48.43909824918887
293,2023-06-09 12:00:00,1874.071212005757,1662.1241130950846,1685.017797037271,2167.130831047288,1693.4392649189697,211.94709891067237,189.05341496848587,293.0596190415313,180.63194708678725
294,2023-06-09 13:00:00,1593.3281758762637,1622.0751778595559,1615.7261682424664,1995.1428388035192,1632.0986514282804,28.747001983292193,22.397992366202743,401.81466292725554,38.770475552016705
295,2023-06-09 14:00:00,1563.2436113938884,1666.23049869506,1816.173109948478,1182.5044927497786,1733.1022801220304,102.98688730117169,252.9294985545896,380.7391186441098,169.858668728142
296,2023-06-09 15:00:00,1201.5591715170085,1415.388381788852,1391.2662814302575,1914.3126579632103,1419.9835352546525,213.82921027184352,189.70710991324904,712.7534864462018,218.42436373764394
297,2023-06-09 16:00:00,911.9306126964699,1051.668544065498,1015.3432358077603,856.8927397402701,1024.0940977122043,139.73793136902816,103.41262311129037,55.03787295619975,112.16348501573441
298,2023-06-09 17:00:00,641.4402611183034,369.0040859605958,344.17343193826053,374.84328141646046,355.2223482028871,272.4361751577076,297.26682918004286,266.59697970184294,286.2179129154163
299,2023-06-09 18:00:00,0.0,126.99417263936441,27.915501044216764,-147.15252629143947,61.157933935454984,126.99417263936441,27.915501044216764,147.15252629143947,61.157933935454984
300,2023-06-09 19:00:00,0.0,76.3389433694033,45.92687911649748,-157.16191475234962,50.685329775440344,76.3389433694033,45.92687911649748,157.16191475234962,50.685329775440344
301,2023-06-09 20:00:00,0.0,20.88159577836593,10.487225939819272,-166.93523659540153,7.664874486297982,20.88159577836593,10.487225939819272,166.93523659540153,7.664874486297982
302,2023-06-09 21:00:00,21.163310088165357,58.24968553900187,55.5400328890711,-91.96745066222593,50.976019776382344,37.08637545083651,34.37672280090574,113.13076075039129,29.812709688216987
303,2023-06-09 22:00:00,0.0,50.90048570395342,24.724731565500825,200.86571343748108,41.169177587665935,50.90048570395342,24.724731565500825,200.86571343748108,41.169177587665935
304,2023-06-09 23:00:00,0.0,21.732940665775626,9.826895310096777,-427.94223383427516,-2.273491008235535,21.732940665775626,9.826895310096777,427.94223383427516,2.273491008235535
305,2023-06-10 00:00:00,130.3670893945548,36.14866640023102,35.378463240030854,-569.0968646231065,12.81251801487117,94.21842299432377,94.98862615452394,699.4639540176613,117.55457137968362
306,2023-06-10 01:00:00,0.0,24.06409945348473,7.7616459842262895,-325.11849468104583,1.270331126515524,24.06409945348473,7.7616459842262895,325.11849468104583,1.270331126515524
307,2023-06-10 02:00:00,46.931965627093575,54.53466900249437,125.15588269424222,-248.86975295354955,84.61537934540584,7.602703375400793,78.22391706714865,295.8017185806431,37.683413718312266
308,2023-06-10 03:00:00,4.236887193168976,36.87245011549268,19.372811147227907,-401.6929949144544,9.994922106583232,32.63556292232371,15.135923954058931,405.92988210762337,5.758034913414256
309,2023-06-10 04:00:00,0.0,31.804747288229485,105.18406295855576,828.3720037488554,105.09572526139733,31.804747288229485,105.18406295855576,828.3720037488554,105.09572526139733
310,2023-06-10 05:00:00,0.0,30.61612494336756,124.38315589682418,-568.6692817341574,63.12865595366483,30.61612494336756,124.38315589682418,568.6692817341574,63.12865595366483
311,2023-06-10 06:00:00,39.00176469565425,20.978158939386685,8.822474236184915,832.595203134485,44.511484141705864,18.023605756267568,30.179290459469335,793.5934384388307,5.509719446051612
312,2023-06-10 07:00:00,618.132778298719,351.41320584744295,333.9168639963315,673.7777120306777,353.3066777205975,266.71957245127606,284.21591430238755,55.644933731958645,264.8261005781215
313,2023-06-10 08:00:00,824.3414952970803,1037.990042539058,1036.727677750622,1245.9393059632766,1046.3681399485467,213.64854724197778,212.38618245354166,421.5978106661963,222.02664465146643
314,2023-06-10 09:00:00,1330.8903413395958,1234.188048384953,1202.8847189302562,914.3183156380715,1201.657737397013,96.70229295464287,128.0056224093396,416.57202570152435,129.23260394258273
315,2023-06-10 10:00:00,1502.1819639888267,1537.7000828943005,1771.3213842276784,1653.699561979755,1680.8259361237886,35.518118905473784,269.1394202388517,151.51759799092815,178.6439721349618
316,2023-06-10 11:00:00,1864.4985813352641,1738.6499329527915,1773.5375225792934,1376.0715514785613,1743.3549612136194,125.84864838247267,90.96105875597073,488.4270298567028,121.14362012164474
317,2023-06-10 12:00:00,1994.504239472976,1713.9627639559517,1749.0915841358394,2186.2555693558115,1755.4410917460566,280.5414755170243,245.41265533713658,191.75132988283553,239.0631477269194
318,2023-06-10 13:00:00,1531.424784088004,1611.5254870309684,1526.2973317394712,2682.446618722449,1608.1557060486782,80.10070294296452,5.127452348532643,1151.021834634445,76.73092196067432
319,2023-06-10 14:00:00,1574.3430778801112,1536.2573853367537,1730.443625402027,2243.356781639167,1682.0179145959464,38.08569254335748,156.10054752191581,669.0137037590557,107.67483671583523
320,2023-06-10 15:00:00,1272.9817937714065,1241.2043374477469,1035.6823932689922,955.0127286820658,1107.2137825433567,31.777456323659635,237.2994005024143,317.9690650893407,165.76801122804977
321,2023-06-10 16:00:00,847.0557758156081,1123.4485215015413,1244.9367956483318,916.8507483891211,1186.165776867533,276.3927456859333,397.8810198327237,69.79497257351306,339.1100010519249
322,2023-06-10 17:00:00,402.2425333338882,512.6675585481389,704.7635662518386,400.18489942516885,621.2331218789427,110.4250252142507,302.5210329179504,2.0576339087193674,218.9905885450545
323,2023-06-10 18:00:00,0.0,99.38695867844866,22.339353843109848,138.48405389740128,55.57843426500102,99.38695867844866,22.339353843109848,138.48405389740128,55.57843426500102
324,2023-06-10 19:00:00,32.211196559360296,112.2815513707479,95.12529220954704,-734.4987556746179,64.99140213229715,80.0703548113876,62.914095650186745,766.7099522339781,32.78020557293686
325,2023-06-10 20:00:00,0.0,72.13656831824706,12.387433267284353,-648.58151616598,4.718057671463821,72.13656831824706,12.387433267284353,648.58151616598,4.718057671463821
326,2023-06-10 21:00:00,27.39308646146587,8.666662741392113,3.0223889127449692,377.32404219456566,21.04091697348637,18.726423720073758,24.3706975487209,349.9309557330998,6.3521694879794985
327,2023-06-10 22:00:00,0.0,19.167025731716446,0.24280401120126943,-103.30031793682019,2.3543569208186144,19.167025731716446,0.24280401120126943,103.30031793682019,2.3543569208186144
328,2023-06-10 23:00:00,0.0,60.21200614036193,13.293929970898796,-258.1950507781726,17.89478616284113,60.21200614036193,13.293929970898796,258.1950507781726,17.89478616284113
329,2023-06-11 00:00:00,4.788236910374733,74.21174354035026,81.31460200280077,-14.656400912406752,74.73557844444491,69.42350662997552,76.52636509242603,19.444637822781488,69.94734153407018
330,2023-06-11 01:00:00,0.0,52.591339075901196,9.651036180508525,-147.76920670794084,17.769364263581284,52.591339075901196,9.651036180508525,147.76920670794084,17.769364263581284
331,2023-06-11 02:00:00,116.54315608724055,109.65406234848551,92.49619685523558,23.07598327717767,95.46030763491395,6.889093738755037,24.046959232004966,93.46717281006288,21.0828484523266
332,2023-06-11 03:00:00,0.0,18.80225037720566,19.241560071881253,-610.85339158007,-7.951555980962993,18.80225037720566,19.241560071881253,610.85339158007,7.951555980962993
333,2023-06-11 04:00:00,110.00435929317672,73.4900825483482,105.78214334481922,-134.86834845385056,84.26879757449821,36.51427674482852,4.222215948357501,244.87270774702728,25.73556171867851
334,2023-06-11 05:00:00,0.0,15.794101815643348,40.89150657042083,86.87510901553367,34.17141535828731,15.794101815643348,40.89150657042083,86.87510901553367,34.17141535828731
335,2023-06-11 06:00:00,73.55539331400324,119.7847559309185,28.319523511813077,884.0198414629951,96.725178370653,46.22936261691525,45.235869802190166,810.4644481489919,23.169785056649758
336,2023-06-11 07:00:00,525.2767978986432,458.55389330369877,520.1138392906086,1616.8455500594412,545.8570150491762,66.7229045949444,5.162958608034614,1091.5687521607979,20.58021715053303
337,2023-06-11 08:00:00,1024.40806974493,946.9477253493471,884.0250369322998,907.842898083916,907.0978223408783,77.46034439558275,140.38303281263006,116.56517166101389,117.31024740405155
338,2023-06-11 09:00:00,1305.7757033318528,1313.8089466045703,1313.4928565377866,700.9235024992673,1285.9380711255872,8.033243272717527,7.717153205933755,604.8522008325855,19.837632206265653
339,2023-06-11 10:00:00,1614.3407455386305,1634.177214074275,1835.5934356181199,1670.0740883596386,1757.7051536566266,19.8364685356446,221.2526900794894,55.73334282100814,143.36440811799616
340,2023-06-11 11:00:00,1702.5322130178683,1703.027889196336,1835.3285960875392,1555.3910248879674,1776.4349309865845,0.49567617846764733,132.7963830696708,147.1411881299009,73.90271796871616
341,2023-06-11 12:00:00,2054.883198631549,1827.1705363992776,1935.9128966228207,1950.4647614547755,1898.5549190056556,227.71266223227144,118.97030200872837,104.41843717677352,156.3282796258934
342,2023-06-11 13:00:00,1811.9734940718351,1703.4757974156344,1831.3875344587314,1964.3390272095553,1792.675392533363,108.49769665620079,19.414040386896204,152.36553313772015,19.29810153847211
343,2023-06-11 14:00:00,1415.757404646047,1608.6925094974417,1693.9734846867937,1671.8408374217222,1663.1605874806296,192.93510485139473,278.21608004074665,256.0834327756752,247.4031828345826
344,2023-06-11 15:00:00,1279.684746488991,1315.6673553052963,1286.9454188212746,803.2866438836977,1275.1429669776903,35.982608816305174,7.260672332283548,476.3981026052934,4.541779511300774
345,2023-06-11 16:00:00,881.4108289248967,909.6839946021073,881.0724213082373,639.3595578780596,880.1583187486079,28.273165677210613,0.3384076166594241,242.0512710468371,1.2525101762887516
346,2023-06-11 17:00:00,401.93661816873515,544.4444703280619,495.5861209059326,1471.0065432871552,556.7191049789337,142.50785215932677,93.64950273719745,1069.06992511842,154.78248681019858
347,2023-06-11 18:00:00,0.0,63.92809222576329,52.183740690137675,696.50777121288,85.3888559331803,63.92809222576329,52.183740690137675,696.50777121288,85.3888559331803
348,2023-06-11 19:00:00,69.16325355707595,34.59740373376117,52.49442028738906,-360.0465862467762,27.60634604851777,34.56584982331478,16.668833269686886,429.20983980385216,41.556907508558176
349,2023-06-11 20:00:00,26.798684439833977,32.25389367156016,52.531418950635654,-718.6182704361139,12.926454579401774,5.4552092317261796,25.732734510801677,745.4169548759479,13.872229860432203
350,2023-06-11 21:00:00,147.19287993351065,43.07415033519354,54.50930769808524,-496.0749879143365,27.27399271230578,104.11872959831712,92.68357223542542,643.2678678478471,119.91888722120487
351,2023-06-11 22:00:00,91.26331580436312,36.07551771008403,54.30619916054991,-214.04334072964343,36.69808554724491,55.18779809427909,36.95711664381321,305.30665653400655,54.56523025711821
352,2023-06-11 23:00:00,0.0,39.34319246645486,49.695466162278876,164.97990160711356,51.03367997316937,39.34319246645486,49.695466162278876,164.97990160711356,51.03367997316937
353,2023-06-12 00:00:00,113.35791790700505,41.37382216769794,58.96154257874468,-290.3864247530854,38.14290651023552,71.98409573930711,54.39637532826037,403.74434266009047,75.21501139676953
354,2023-06-12 01:00:00,96.59929994196298,50.44997795181084,53.49419850081692,704.0640565334425,80.00661840656551,46.149321990152146,43.10510144114606,607.4647565914795,16.592681535397475
355,2023-06-12 02:00:00,0.0,32.83991387579367,48.06966452395115,463.84562089476066,60.46508444034974,32.83991387579367,48.06966452395115,463.84562089476066,60.46508444034974
356,2023-06-12 03:00:00,0.0,40.19435691936645,55.12584671092753,95.63775595260495,51.72915207907132,40.19435691936645,55.12584671092753,95.63775595260495,51.72915207907132
357,2023-06-12 04:00:00,32.93800857929935,45.65461066350031,61.05655783578891,-320.9114373410903,39.60471920225086,12.716602084200957,28.11854925648956,353.8494459203896,6.666710622951513
358,2023-06-12 05:00:00,0.0,38.19260585190233,54.190974380058826,114.75554980636787,51.278305524064905,38.19260585190233,54.190974380058826,114.75554980636787,51.278305524064905
359,2023-06-12 06:00:00,0.0,52.671860341205345,61.100728134081876,-2.9874420537412334,55.500225924980114,52.671860341205345,61.100728134081876,2.9874420537412334,55.500225924980114
360,2023-06-12 07:00:00,589.6574729866792,563.4434022947481,540.9357286823112,444.2643758124108,544.5478994529839,26.214070691931056,48.72174430436803,145.3930971742684,45.10957353369531
361,2023-06-12 08:00:00,1016.7438370627542,1017.9982252736745,957.4073311465376,752.8922926438426,967.7645940899855,1.2543882109202968,59.33650591621665,263.85154441891166,48.9792429727687
362,2023-06-12 09:00:00,1269.56043158736,1342.1783730898806,1304.5703483065108,1082.4274124938333,1306.610837321506,72.61794150252058,35.00991671915085,187.13301909352663,37.050405734146125
363,2023-06-12 10:00:00,1583.9715547466085,1563.8796818397063,1562.879039854266,1585.66889303371,1564.2562049049495,20.091872906902154,21.09251489234248,1.697338287101502,19.715349841658963
364,2023-06-12 11:00:00,1864.67853188824,1689.8100887927708,1609.7276045330118,2062.1903594805135,1656.730883892681,174.86844309546927,254.95092735522826,197.51182759227345,207.947647995559
365,2023-06-12 12:00:00,1873.0836035316447,1664.9116665921151,1447.9399380684367,1962.9263818260524,1542.5215351005204,208.1719369395296,425.143665463208,89.84277829440771,330.5620684311243
366,2023-06-12 13:00:00,1787.748632465171,1689.9139835555516,1538.3833061095897,1547.0075636931247,1588.2579208911943,97.83464890961955,249.36532635558137,240.74106877204645,199.4907115739768
367,2023-06-12 14:00:00,1601.6810094613602,1475.68572637492,1398.3329349085245,1475.6869135956276,1427.1552474258385,125.99528308644017,203.34807455283567,125.99409586573256,174.52576203552167
368,2023-06-12 15:00:00,1244.328378350702,1323.1654805909711,1286.293704112222,1591.7844237326983,1312.4137211562693,78.83710224026913,41.965325761520035,347.4560453819963,68.08534280556728
369,2023-06-12 16:00:00,669.8438679691691,933.9219965140837,893.9897201970757,739.5248609973457,899.9085610826888,264.07812854491465,224.14585222790663,69.68099302817666,230.06469311351975
370,2023-06-12 17:00:00,465.05163229556985,413.4092571925454,402.1382469908616,132.2920907409486,393.38053682916143,51.64237510302445,62.91338530470824,332.75954155462125,71.67109546640842
371,2023-06-12 18:00:00,0.0,33.925956896863745,0.4042482129940475,348.303648289605,27.385136196108267,33.925956896863745,0.4042482129940475,348.303648289605,27.385136196108267
372,2023-06-12 19:00:00,10.983102359013216,26.83777968836339,5.194108725155816,-69.71601783545873,8.80831010554397,15.854677329350174,5.7889936338574,80.69912019447194,2.1747922534692457
373,2023-06-12 20:00:00,96.9723678694796,9.63734259026265,0.06285157901658267,-523.0545655786988,-21.160914010088796,87.33502527921695,96.90951629046302,620.0269334481784,118.13328187956839
374,2023-06-12 21:00:00,0.0,16.998151536310587,15.059439064068409,128.48549621420142,21.01300678695451,16.998151536310587,15.059439064068409,128.48549621420142,21.01300678695451
375,2023-06-12 22:00:00,0.0,15.347551729662985,-0.3596230108466673,-162.88194338279186,-2.6666214822727774,15.347551729662985,0.3596230108466673,162.88194338279186,2.6666214822727774
376,2023-06-12 23:00:00,61.29420780969748,8.791399154732767,0.15783122218659001,-580.8834498064095,-24.089732377146348,52.50280865496472,61.136376587510895,642.177657616107,85.38394018684383
377,2023-06-13 00:00:00,0.0,9.791523935433105,0.01154651139447455,205.65702035985692,12.914888311407008,9.791523935433105,0.01154651139447455,205.65702035985692,12.914888311407008
378,2023-06-13 01:00:00,12.29996230467825,5.088483455628106,0.011343705027780442,-285.01978173818816,-11.599894635583679,7.211478849050144,12.28861859965047,297.31974404286643,23.899856940261927
379,2023-06-13 02:00:00,0.0,5.214478890203959,0.18620796216713278,-216.2819680511227,-8.237270293174161,5.214478890203959,0.18620796216713278,216.2819680511227,8.237270293174161
380,2023-06-13 03:00:00,0.0,4.79702686285334,0.47375823594619265,-315.3437695703594,-12.830062228070119,4.79702686285334,0.47375823594619265,315.3437695703594,12.830062228070119
381,2023-06-13 04:00:00,60.651591136854165,5.1191592054760715,0.06375624995650597,286.1591059148808,15.136160872887276,55.53243193137809,60.58783488689766,225.50751477802663,45.51543026396689
382,2023-06-13 05:00:00,0.0,52.89279627320829,52.39107157805804,122.33139709134002,55.82857598136116,52.89279627320829,52.39107157805804,122.33139709134002,55.82857598136116
383,2023-06-13 06:00:00,63.25952057918677,77.1010286597223,80.92519142445774,787.034856024218,112.63692058695595,13.841508080535533,17.665670845270967,723.7753354450313,49.37740000776918
384,2023-06-13 07:00:00,341.7886124254539,457.536238521317,568.1093236474197,565.2384042804765,530.7473375442667,115.7476260958631,226.32071122196584,223.44979185502262,188.95872511881277
385,2023-06-13 08:00:00,832.357765332528,1000.3698792228228,922.3689078150398,744.3717117600441,939.7803719569164,168.0121138902948,90.0111424825119,87.9860535724838,107.42260662438844
386,2023-06-13 09:00:00,1003.5523591067051,1221.49445325087,1274.7207836127955,1108.1052943430846,1249.299882415631,217.9420941441649,271.16842450609033,104.55293523637943,245.7475233089258
387,2023-06-13 10:00:00,1448.7909675163287,1531.831282531405,1554.6010936391083,3083.81250185937,1618.9493316913013,83.0403150150762,105.8101261227796,1635.0215343430414,170.15836417497258
388,2023-06-13 11:00:00,1753.2251422112708,1734.7320504727772,1822.2621314827854,1918.8948123953119,1797.877397313309,18.493091738493604,69.03698927151459,165.66967018404102,44.652255102038225
389,2023-06-13 12:00:00,1786.7586065278058,1782.01040006473,2052.8838563989107,1289.9549023496459,1927.5092898309767,4.748206463075803,266.12524987110487,496.80370417815993,140.75068330317094
390,2023-06-13 13:00:00,1705.1178168668475,1732.5367083535168,2051.4571153212346,1477.8160940392092,1919.1007971608487,27.41889148666928,346.33929845438706,227.3017228276383,213.9829802940012
391,2023-06-13 14:00:00,1586.6780174280398,1576.893587416655,1557.0700281843226,2172.4213835498167,1592.5427871460033,9.784430011384757,29.607989243717157,585.743366121777,5.864769717963554
392,2023-06-13 15:00:00,1187.70818362493,1285.432852462847,1261.9445842944783,1728.3420512911662,1291.627589676267,97.72466883791708,74.2364006695484,540.6338676662363,103.91940605133709
393,2023-06-13 16:00:00,832.5756844667682,722.1718682525841,718.1174145248965,1048.6600759012636,734.9928462956378,110.40381621418408,114.45826994187166,216.0843914344954,97.58283817113033
394,2023-06-13 17:00:00,702.0224154710232,454.1591603531152,394.01340322233597,451.92722591040973,416.6120111704515,247.863255117908,308.00901224868727,250.0951895606135,285.4104043005717
395,2023-06-13 18:00:00,22.106467440084685,94.70640851232099,81.3975331143928,102.22564653912252,86.77470343194264,72.5999410722363,59.291065674308115,80.11917909903784,64.66823599185796
396,2023-06-13 19:00:00,32.1881590763473,86.937226501032,77.83220586761328,-397.63722138946355,58.49407567360739,54.749067424684704,45.644046791265986,429.82538046581084,26.305916597260094
397,2023-06-13 20:00:00,39.77865210862895,61.85021330773195,57.264279184922,-634.5237133342541,33.54351935562992,22.071561199103,17.485627076293056,674.3023654428831,6.235132752999029
398,2023-06-13 21:00:00,39.611029603677835,75.14421600111103,90.05958888284145,-274.89569953046646,72.7408183336637,35.5331863974332,50.44855927916362,314.5067291341443,33.12978872998586
399,2023-06-13 22:00:00,0.0,53.31726257090597,15.42360737694772,-231.79426511352392,16.995777259291494,53.31726257090597,15.42360737694772,231.79426511352392,16.995777259291494
400,2023-06-13 23:00:00,169.00154327702415,95.05023815949706,118.34584921288662,-587.1749793795337,86.40081979773352,73.9513051175271,50.655694064137535,756.1765226565578,82.60072347929064
401,2023-06-14 00:00:00,0.0,36.15847658845582,47.0184435913443,-206.85370374454908,34.836787470232956,36.15847658845582,47.0184435913443,206.85370374454908,34.836787470232956
402,2023-06-14 01:00:00,76.60142221146609,59.85225767120392,76.68734742520913,70.57917122062338,71.8003642821135,16.749164540262164,0.08592521374303885,6.022250990842707,4.801057929352581
403,2023-06-14 02:00:00,0.0,33.40021037111231,0.4671404451624701,791.9947807598043,38.19058639694737,33.40021037111231,0.4671404451624701,791.9947807598043,38.19058639694737
404,2023-06-14 03:00:00,0.0,29.93631775195704,0.07752234716658403,350.2580232908987,21.004519131600993,29.93631775195704,0.07752234716658403,350.2580232908987,21.004519131600993
405,2023-06-14 04:00:00,152.1491690600792,70.10913905252623,73.74096846348851,52.02983503649932,71.94995804865746,82.04003000755297,78.40820059659069,100.11933402357988,80.19921101142174
406,2023-06-14 05:00:00,0.0,24.194924421919627,0.05998426959753804,-488.27466889722825,-10.892164314761416,24.194924421919627,0.05998426959753804,488.27466889722825,10.892164314761416
407,2023-06-14 06:00:00,0.0,39.51842439076962,68.90645179397401,189.7354342643206,65.12586621747789,39.51842439076962,68.90645179397401,189.7354342643206,65.12586621747789
408,2023-06-14 07:00:00,559.7854022470083,449.25428692070557,485.5814255021489,292.57714550831304,468.53977338720256,110.53111532630271,74.2039767448594,267.20825673869524,91.24562885980572
409,2023-06-14 08:00:00,1096.812657745237,746.9134714539304,494.0422598055514,957.1718754412503,586.0287267236425,349.8991862913066,602.7703979396856,139.6407823039866,510.7839310215944
410,2023-06-14 09:00:00,1613.9288889689765,1034.363133412004,1169.95733972423,1655.0534253730953,1150.4873584077052,579.5657555569726,443.9715492447465,41.12453640411877,463.4415305612713
411,2023-06-14 10:00:00,1637.5811944450743,1539.3468397932718,1566.940416602126,1302.5675518536887,1548.198458248088,98.2343546518025,70.64077784294818,335.01364259138563,89.38273619698634
412,2023-06-14 11:00:00,2228.2888315003242,1820.0375513390381,1865.4175840387452,1987.077319777007,1857.245155731461,408.2512801612861,362.87124746157906,241.21151172331724,371.0436757688633
413,2023-06-14 12:00:00,1919.2170690589646,1798.8332125625486,1856.873337989683,1401.5081821378005,1821.5512908419428,120.383856496416,62.3437310692816,517.7088869211641,97.66577821702185
414,2023-06-14 13:00:00,1814.1232228765234,1765.543456628945,1822.359927325073,1563.390664191899,1795.3861826599777,48.57976624757839,8.236704448549517,250.73255868462434,18.737040216545665
415,2023-06-14 14:00:00,1664.9806718685868,1578.5197185749544,1566.6557874553628,1579.3813989295809,1570.605034909513,86.46095329363243,98.32488441322403,85.59927293900591,94.37563695907374
416,2023-06-14 15:00:00,1220.747695505056,1122.2076095493667,1094.8034984813887,863.803256948416,1093.3262291964058,98.54008595568939,125.94419702366736,356.9444385566401,127.42146630865022
417,2023-06-14 16:00:00,842.421234868092,842.3552278797816,705.4762868588967,1590.3992924981708,781.0852049620898,0.06600698831039153,136.9449480091953,747.9780576300788,61.33602990600218
418,2023-06-14 17:00:00,410.9065248100029,563.7566573030109,501.5621699877653,971.7354236865935,538.6884987618479,152.850132493008,90.65564517776238,560.8288988765906,127.78197395184498
419,2023-06-14 18:00:00,122.680067278425,66.51748003253789,37.457993700445854,170.6140302611288,51.2826650897386,56.16258724588711,85.22207357797915,47.93396298270379,71.3974021886864
420,2023-06-14 19:00:00,0.0,58.87371346355237,58.74131958262164,-110.8085516065097,51.87799059188218,58.87371346355237,58.74131958262164,110.8085516065097,51.87799059188218
421,2023-06-14 20:00:00,0.0,61.62853346167712,83.67465055135439,257.83274749024577,84.74254976950601,61.62853346167712,83.67465055135439,257.83274749024577,84.74254976950601
422,2023-06-14 21:00:00,122.64550606810437,57.124485952874565,63.85671794842459,315.8932500015677,72.02387237266525,65.5210201152298,58.78878811967978,193.24774393346334,50.621633695439115
423,2023-06-14 22:00:00,0.0,27.30935793729918,25.86884568184149,269.14916420025696,35.8406231372994,27.30935793729918,25.86884568184149,269.14916420025696,35.8406231372994
424,2023-06-14 23:00:00,93.03021549977245,93.17114946724192,128.89823845656477,-283.040036630807,103.25677305753734,0.14093396746946496,35.868022956792316,376.07025213057943,10.226557557764892
425,2023-06-15 00:00:00,33.94875519386392,42.38354730295246,56.317551206851256,432.79876586560795,67.49724133625017,8.43479210908854,22.36879601298734,398.85001067174403,33.54848614238625
426,2023-06-15 01:00:00,35.02171690427781,72.1600122774421,56.37510739639621,-129.85675491829465,53.18407390810082,37.1382953731643,21.3533904921184,164.87847182257246,18.16235700382301
427,2023-06-15 02:00:00,0.0,57.11646511187641,28.395094570921163,1168.376042057199,80.90127877959729,57.11646511187641,28.395094570921163,1168.376042057199,80.90127877959729
428,2023-06-15 03:00:00,40.17680365656063,54.16035870901436,68.45025167761338,-677.8511196338239,35.26362670945662,13.983555052453731,28.27344802105275,718.0279232903846,4.913176947104013
429,2023-06-15 04:00:00,0.0,71.05102511296724,52.70781265702692,-382.45903901596523,40.37394556312929,71.05102511296724,52.70781265702692,382.45903901596523,40.37394556312929
430,2023-06-15 05:00:00,0.0,57.72129812578815,75.05650377655209,-518.6291958761689,47.08661369955947,57.72129812578815,75.05650377655209,518.6291958761689,47.08661369955947
431,2023-06-15 06:00:00,0.0,71.01335179292224,54.0177963558028,721.1698997747396,84.79520985348731,71.01335179292224,54.0177963558028,721.1698997747396,84.79520985348731
432,2023-06-15 07:00:00,622.1043156929209,511.54305296284986,486.19625787625995,83.08637471546444,476.9687724575373,110.56126273007101,135.90805781666091,539.0179409774564,145.13554323538358
433,2023-06-15 08:00:00,1009.768691168125,1004.0852154395075,980.1309022885471,1440.0171970970143,1005.1327578589083,5.683475728617509,29.637788879577897,430.24850592888936,4.635933309216625
434,2023-06-15 09:00:00,1309.6171276206962,1496.1778016353073,1380.3503028351279,1084.6386538618476,1400.8701378568226,186.5606740146111,70.73317521443164,224.97847375884862,91.25301023612633
435,2023-06-15 10:00:00,1598.4210523877523,1577.9521124925045,1580.2707392958403,1893.9558169569823,1592.1212420041636,20.468939895247786,18.15031309191204,295.53476456923,6.299810383588692
436,2023-06-15 11:00:00,1726.4921651907218,1896.488842703063,1896.3223464456473,1571.8982586902287,1883.443839625212,169.9966775123412,169.8301812549255,154.59390650049318,156.9516744344901
437,2023-06-15 12:00:00,2044.678189011726,1840.5146881200928,1864.5778140812163,1429.3610546209247,1840.5284391420728,204.16350089163325,180.10037493050982,615.3171343908014,204.1497498696533
438,2023-06-15 13:00:00,1808.1200195947486,1845.1666892623443,1848.9356672250578,1748.254231115589,1843.87349840843,37.04666966759578,40.815647630309286,59.86578847915962,35.75347881368134
439,2023-06-15 14:00:00,1614.7474812439896,1633.656128434165,1917.7564721021831,1567.344341808433,1824.5689578590836,18.908647190175543,303.00899085819356,47.40313943555657,209.82147661509407
440,2023-06-15 15:00:00,1415.537143017508,1208.522772145425,1287.9288732240168,1096.9407830321177,1258.1759531453554,207.01437087208296,127.60826979349122,318.59635998539034,157.36118987215264
441,2023-06-15 16:00:00,908.2359486503125,935.7651098943771,1042.8580720570085,1185.4623870216694,1018.6743016404632,27.529161244064653,134.622123406696,277.22643837135695,110.43835299015075
442,2023-06-15 17:00:00,414.9435211498281,551.599442173052,551.6888944579086,747.0188142893348,559.4458218509802,136.65592102322393,136.74537330808056,332.07529313950675,144.50230070115214
443,2023-06-15 18:00:00,114.97358842432921,72.51135784446856,63.921115849507494,238.3516158401821,73.2659291703675,42.462230579860645,51.052472574821714,123.37802741585288,41.70765925396171
444,2023-06-15 19:00:00,0.0,69.86625189138618,35.108594962434715,71.33772492199819,46.24483763327598,69.86625189138618,35.108594962434715,71.33772492199819,46.24483763327598
445,2023-06-15 20:00:00,74.77361264804276,26.030491904012038,18.561863410431478,123.54592180156874,24.7106345979266,48.74312074403072,56.21174923761128,48.77230915352598,50.06297805011616
446,2023-06-15 21:00:00,13.115595564642081,44.43080366027294,47.7917145002964,361.42872863183226,59.17685637936033,31.31520809563086,34.676118935654316,348.31313306719017,46.06126081471825
447,2023-06-15 22:00:00,113.25972861280903,19.892631926594735,20.706258818808795,-157.46904232310192,13.497679816384785,93.3670966862143,92.55346979400024,270.7287709359109,99.76204879642424
448,2023-06-15 23:00:00,81.67836841181007,96.30090156847713,65.62828522011158,-124.84579389238536,66.5029178016535,14.62253315666706,16.05008319169849,206.52416230419544,15.175450610156574
449,2023-06-16 00:00:00,0.0,91.62874663817198,123.42807121406062,-263.7203979951237,99.59515093052046,91.62874663817198,123.42807121406062,263.7203979951237,99.59515093052046
450,2023-06-16 01:00:00,156.93035786385434,103.143007691893,138.8766111440039,-282.5448412968832,112.62937656810729,53.787350171961336,18.053746719850437,439.47519916073753,44.30098129574705
451,2023-06-16 02:00:00,0.0,66.44805024743299,22.569478257792564,-53.235495106786175,31.533468312148994,66.44805024743299,22.569478257792564,53.235495106786175,31.533468312148994
452,2023-06-16 03:00:00,16.00005326653288,27.158391008293652,48.57632333571487,118.82792317856797,45.50474513926206,11.158337741760771,32.57627006918199,102.82786991203508,29.504691872729182
453,2023-06-16 04:00:00,30.16214664242621,16.809770721580833,9.380333990742963,1136.2557760342029,55.59246225779782,13.352375920845379,20.781812651683246,1106.0936293917766,25.430315615371608
454,2023-06-16 05:00:00,39.06918081715982,36.22058190647918,31.973887535897653,-58.67971377521019,29.57412828138483,2.8485989106806358,7.095293281262165,97.74889459237001,9.495052535774988
455,2023-06-16 06:00:00,63.694391598098754,10.680083289456128,15.33993078447321,416.03357816820443,29.785682628025725,53.014308308642626,48.35446081362554,352.33918657010565,33.90870897007303
456,2023-06-16 07:00:00,435.58551705947053,548.8715711477797,548.4230395299127,781.4773189112422,557.6844066184312,113.28605408830919,112.83752247044214,345.8918018517716,122.0988895589607
457,2023-06-16 08:00:00,1044.3668408132537,1114.7947699933056,1057.0744701157848,748.7472300371041,1062.6411126973876,70.42792918005193,12.707629302531132,295.61961077614956,18.274271884133896
458,2023-06-16 09:00:00,1285.3969380611327,1351.3432026123933,1399.2138222980418,2172.9924803822114,1413.2417384456521,65.94626455126058,113.81688423690912,887.5955423210787,127.84480038451943
459,2023-06-16 10:00:00,1547.8170938927174,1585.4305438390138,1607.003067764906,1856.44080573599,1609.752391797769,37.61344994629644,59.1859738721887,308.62371184327253,61.935297905051584
460,2023-06-16 11:00:00,1991.2617462152475,1919.5033301634323,2152.5407185442537,1614.1850258212685,2065.8913693020536,71.75841605181517,161.27897232900614,377.07672039397903,74.62962308680608
461,2023-06-16 12:00:00,1668.940988488509,1857.2020972988819,1776.753235897853,1838.4057034253103,1802.1964579511728,188.2611088103729,107.81224740934408,169.46471493680133,133.25546946266377
462,2023-06-16 13:00:00,2162.011639500977,1905.129112932932,2049.269301457987,1619.9390197788077,1992.206988279644,256.8825265680448,112.74233804299001,542.0726197221691,169.80465122133273
463,2023-06-16 14:00:00,1669.7381962516372,1689.3522856201755,2148.137711395545,2386.7810937963586,2024.2815556440758,19.614089368538316,478.3995151439078,717.0428975447214,354.54335939243856
464,2023-06-16 15:00:00,1392.5368177288728,1431.8559818178774,1427.0289300451802,1785.938372767681,1441.3391971448746,39.319164089004516,34.492112316307384,393.40155503880806,48.80237941600171
465,2023-06-16 16:00:00,991.9650711299944,1037.02615039426,894.5778203831125,330.8776401829666,915.4136129511897,45.06107926426557,97.38725074688193,661.0874309470278,76.55145817880464
466,2023-06-16 17:00:00,398.5530650936199,434.1514507009748,420.7399999827473,900.5019734940646,441.8778116398499,35.598385607354885,22.18693488912737,501.9489084004447,43.32474654622996
467,2023-06-16 18:00:00,0.0,103.49859442952813,117.15372596710091,49.2986212048595,110.76965545617553,103.49859442952813,117.15372596710091,49.2986212048595,110.76965545617553
468,2023-06-16 19:00:00,32.38206862188272,69.39637812586425,135.46381387194822,-618.0462310613261,89.2730848824938,37.01430950398152,103.0817452500655,650.4282996832088,56.89101626061108
469,2023-06-16 20:00:00,0.0,32.241741198881094,17.37563712814541,-160.38789668436232,15.306065734199212,32.241741198881094,17.37563712814541,160.38789668436232,15.306065734199212
470,2023-06-16 21:00:00,0.0,48.3729333105303,15.862459546683947,155.41719088961418,32.513769343046526,48.3729333105303,15.862459546683947,155.41719088961418,32.513769343046526
471,2023-06-16 22:00:00,0.0,51.398091630688896,35.06651874118868,99.13751959617161,43.189394776678185,51.398091630688896,35.06651874118868,99.13751959617161,43.189394776678185
472,2023-06-16 23:00:00,0.0,49.88702665214302,27.054076532066766,-97.0819246731977,29.843805415606507,49.88702665214302,27.054076532066766,97.0819246731977,29.843805415606507
473,2023-06-17 00:00:00,131.41332142850783,46.24317914643495,32.1873805900471,28.715493711916565,36.82875726639664,85.17014228207287,99.22594083846073,102.69782771659126,94.58456416211118
474,2023-06-17 01:00:00,0.0,53.63855963430254,22.55460094377051,-30.020330948392257,31.019149461446624,53.63855963430254,22.55460094377051,30.020330948392257,31.019149461446624
475,2023-06-17 02:00:00,117.83225965321422,71.03421299991666,75.52924376398184,397.6735204881176,86.91369726266615,46.79804665329756,42.303015889232384,279.8412608349034,30.918562390548075
476,2023-06-17 03:00:00,0.0,27.027697989308948,23.997669758790842,-65.87821271812925,21.42551249317206,27.027697989308948,23.997669758790842,65.87821271812925,21.42551249317206
477,2023-06-17 04:00:00,0.0,39.327632608677966,21.01901726522481,-192.8758214649746,18.671949686982096,39.327632608677966,21.01901726522481,192.8758214649746,18.671949686982096
478,2023-06-17 05:00:00,30.705885106501544,26.769310599711886,25.020172506735562,54.193434818267065,26.784496332298577,3.9365745067896576,5.685712599765981,23.48754971176552,3.921388774202967
479,2023-06-17 06:00:00,4.243262741635768,48.24094026682815,22.923392926158396,28.870316997393047,31.772584099716482,43.99767752519238,18.68013018452263,24.62705425575728,27.529321358080715
480,2023-06-17 07:00:00,532.8562235798935,478.25338647493743,527.7810694004468,1208.3589177847484,538.2173063369528,54.60283710495605,5.075154179446713,675.502694204855,5.361082757059307
481,2023-06-17 08:00:00,961.134182103023,1092.7149616498432,1024.220404086209,869.6270893695851,1038.9446621940929,131.58077954682017,63.08622198318608,91.50709273343796,77.81048009106985
482,2023-06-17 09:00:00,1475.2904268407635,1360.3512004623587,1312.9029097728842,926.3397341531271,1310.3417763114485,114.93922637840478,162.38751706787934,548.9506926876364,164.94865052931505
483,2023-06-17 10:00:00,1537.2347777931898,1596.9819878723315,1559.9308126721048,1503.550855285865,1569.1397473273228,59.74721007914172,22.696034878915043,33.68392250732472,31.904969534132988
484,2023-06-17 11:00:00,1778.322668771555,1797.0308822454413,1779.3547318654446,2291.5423174934617,1808.3634796046633,18.70821347388619,1.0320630938895192,513.2196487219067,30.040810833108253
485,2023-06-17 12:00:00,1661.2626723280246,1790.9113435349639,1764.6658670526,1769.594750641082,1773.2377336179995,129.6486712069393,103.40319472457554,108.33207831305754,111.97506128997497
486,2023-06-17 13:00:00,1910.5252513834619,1856.1610398223506,2068.9857094884624,1470.4632273113366,1973.9720158367688,54.36421156111123,158.4604581050005,440.06202407212527,63.44676445330697
487,2023-06-17 14:00:00,1516.8618969225329,1670.7479974035734,1656.6363481284875,1344.2005628981449,1646.857980807439,153.88610048104056,139.77445120595462,172.661334024388,129.99608388490606
488,2023-06-17 15:00:00,1444.3796401440632,1392.695166760693,1407.2448982358067,1482.644880708477,1406.060543460707,51.68447338337023,37.1347419082565,38.26524056441394,38.319096683356065
489,2023-06-17 16:00:00,995.9356674261196,1078.9070109297943,977.1499118798348,568.6558298411194,990.8591240971646,82.97134350367469,18.785755546284804,427.2798375850002,5.07654332895504
490,2023-06-17 17:00:00,559.8550013182585,470.8008856958323,487.2775765333666,613.9170489659604,487.82006361790235,89.0541156224262,72.57742478489189,54.06204764770189,72.03493770035612
491,2023-06-17 18:00:00,0.0,92.35922830903615,21.211189410295574,-39.70046090182245,41.056970964991024,92.35922830903615,21.211189410295574,39.70046090182245,41.056970964991024
492,2023-06-17 19:00:00,0.0,71.96423638543288,7.29578194473433,44.54697870546261,29.563130075198416,71.96423638543288,7.29578194473433,44.54697870546261,29.563130075198416
493,2023-06-17 20:00:00,0.0,28.071929974793694,24.759159990190522,-789.9279531766498,-15.165160121058221,28.071929974793694,24.759159990190522,789.9279531766498,15.165160121058221
494,2023-06-17 21:00:00,0.0,29.965274554915446,18.929685709045867,-433.8714113959089,-0.5484695920801066,29.965274554915446,18.929685709045867,433.8714113959089,0.5484695920801066
495,2023-06-17 22:00:00,0.0,31.485086445031854,22.392368273706897,-368.2647940927802,5.461139105273293,31.485086445031854,22.392368273706897,368.2647940927802,5.461139105273293
496,2023-06-17 23:00:00,0.0,38.2674598009975,6.7879837906499825,343.10222603712657,32.95684671672791,38.2674598009975,6.7879837906499825,343.10222603712657,32.95684671672791
497,2023-06-18 00:00:00,0.0,32.40980860774901,12.358050363143418,50.485392865393464,20.186079145389854,32.40980860774901,12.358050363143418,50.485392865393464,20.186079145389854
498,2023-06-18 01:00:00,0.0,40.595047842514006,22.02076796796059,570.0179747290808,55.01105304931852,40.595047842514006,22.02076796796059,570.0179747290808,55.01105304931852
499,2023-06-18 02:00:00,0.0,20.591546097439487,0.4569810047729076,-588.8722501443679,-23.192014359674374,20.591546097439487,0.4569810047729076,588.8722501443679,23.192014359674374
500,2023-06-18 03:00:00,0.0,29.214490190455503,18.40844925138213,299.27083158780385,35.69615573973263,29.214490190455503,18.40844925138213,299.27083158780385,35.69615573973263
501,2023-06-18 04:00:00,0.0,26.12298957935056,6.723736356213844,782.5854255956533,51.39726240479314,26.12298957935056,6.723736356213844,782.5854255956533,51.39726240479314
502,2023-06-18 05:00:00,0.0,33.179729158390835,25.69310059232162,539.3416402286823,53.68884085909137,33.179729158390835,25.69310059232162,539.3416402286823,53.68884085909137
503,2023-06-18 06:00:00,24.063416825157944,31.300687114483267,36.37852481769944,176.720800503396,41.92680440796548,7.237270289325323,12.315107992541499,152.65738367823803,17.863387582807533
504,2023-06-18 07:00:00,512.7654599488437,457.7533944185887,492.41776019505687,479.40916607900806,481.54113512548787,55.01206553025503,20.347699753786856,33.35629386983567,31.224324823355857
505,2023-06-18 08:00:00,1135.140745065806,1069.6274796631756,1013.5057429486561,903.432740210977,1025.9935149846472,65.5132654026304,121.63500211714984,231.7080048548289,109.1472300811588
506,2023-06-18 09:00:00,1385.0797398991144,1431.491757737179,1429.7856267769955,832.9779838464144,1400.5681979482017,46.41201783806446,44.705886877881085,552.1017560527,15.488458049087285
507,2023-06-18 10:00:00,1915.8844647772578,1594.0192986838986,2062.4659232980716,1830.6600551990691,1900.849068362515,321.8651660933592,146.58145852081384,85.22440957818867,15.035396414742763
508,2023-06-18 11:00:00,2163.004115617076,1932.0795098716576,2038.1383639786109,1535.8589832737343,1979.11517388699,230.92460574541838,124.8657516384651,627.1451323433416,183.8889417300859
509,2023-06-18 12:00:00,2259.658438917229,1855.8139953093005,2111.7289939577668,1755.9619110654364,2012.0096387617348,403.8444436079285,147.92944495946222,503.69652785179255,247.6488001554942
510,2023-06-18 13:00:00,2033.2736210436924,1933.0927014734082,2161.9704710446854,2528.9328402705078,2106.9557916747553,100.18091957028423,128.69685000099298,495.65921922681537,73.68217063106295
511,2023-06-18 14:00:00,1966.0192113228263,1745.63736315679,2102.3815530688044,1361.2733769191764,1951.1461497529208,220.38184816603643,136.36234174597803,604.74583440365,14.87306156990553
512,2023-06-18 15:00:00,1512.995718934627,1431.8159317698176,1428.6372246888252,1049.9885486539017,1410.7715110061545,81.17978716480934,84.3584942458017,463.0071702807252,102.22420792847242
513,2023-06-18 16:00:00,1123.0751353281876,1130.0844349801246,1000.0398300387071,1212.3055493216166,1052.2827701492513,7.009299651936999,123.03530528948045,89.23041399342901,70.79236517893628
514,2023-06-18 17:00:00,636.7192013353379,484.54685725930835,504.01045876352146,436.525878891793,494.41014931604843,152.1723440760295,132.7087425718164,200.19332244354484,142.30905201928942
515,2023-06-18 18:00:00,64.46617683398215,43.27749471192624,31.2138541463158,280.7472494876833,47.52287982332901,21.18868212205591,33.25232268766635,216.28107265370113,16.943297010653133
516,2023-06-18 19:00:00,3.522076604944787,13.397686598267883,30.804413142308007,72.19949465968648,27.293015810113168,9.875609993323096,27.28233653736322,68.6774180547417,23.770939205168382
517,2023-06-18 20:00:00,27.298130615398726,10.362261959002467,31.797292486099856,130.244795942988,29.683013803474346,16.93586865639626,4.49916187070113,102.94666532758927,2.3848831880756194
518,2023-06-18 21:00:00,25.802101060477387,11.49117166794328,31.01199124664125,-424.58943087793637,0.5054229192723945,14.310929392534106,5.2098901861638645,450.3915319384138,25.296678141204993
519,2023-06-18 22:00:00,0.0,11.009903331440121,30.972146584911787,-368.65552224660667,3.2497791711673223,11.009903331440121,30.972146584911787,368.65552224660667,3.2497791711673223
520,2023-06-18 23:00:00,85.51328147402498,10.843530295505627,31.011183019725884,-36.75933693559682,20.614272697952174,74.66975117851935,54.502098454299094,122.2726184096218,64.8990087760728
521,2023-06-19 00:00:00,0.0,15.452421780208283,30.833036702240992,133.81127027491834,31.011008224054372,15.452421780208283,30.833036702240992,133.81127027491834,31.011008224054372
522,2023-06-19 01:00:00,56.97493261016298,10.843530295505627,31.056439472773725,494.96392407559665,48.513477474187184,46.13140231465735,25.918493137389255,437.9889914654337,8.461455135975797
523,2023-06-19 02:00:00,21.35968774861665,13.681443825073067,30.908567376436665,-106.43595970868807,17.862714458882117,7.678243923543583,9.548879627820014,127.79564745730472,3.496973289734534
524,2023-06-19 03:00:00,0.0,23.609951920350962,31.666925403555858,611.9897129075836,59.35168557309634,23.609951920350962,31.666925403555858,611.9897129075836,59.35168557309634
525,2023-06-19 04:00:00,31.2952127061001,10.800516281474739,31.185838788575403,201.93957768541117,33.21793456901586,20.49469642462536,0.10937391752469594,170.64436497931106,1.9227218629157612
526,2023-06-19 05:00:00,33.485546098355854,16.09770761736192,30.501648728561367,-212.21018529736773,12.890827447616633,17.387838480993935,2.9838973697944873,245.69573139572358,20.59471865073922
527,2023-06-19 06:00:00,0.0,28.882177405330957,31.695553334912937,-119.8492111132557,22.79712474813524,28.882177405330957,31.695553334912937,119.8492111132557,22.79712474813524
528,2023-06-19 07:00:00,657.3460661607487,509.9636475407682,495.7069059932812,767.5604694549069,514.7953111381911,147.3824186199805,161.63916016746748,110.21440329415816,142.5507550225576
529,2023-06-19 08:00:00,1015.6559084397402,1098.534869687647,1087.227088367263,1081.3817296112984,1090.7138066068146,82.87896124790677,71.57117992752273,65.72582117155821,75.05789816707443
530,2023-06-19 09:00:00,1650.9325644542646,1391.628357255648,1476.6576371583285,1560.3235681020365,1452.597884779571,259.3042071986165,174.2749272959361,90.60899635222813,198.3346796746937
531,2023-06-19 10:00:00,1745.3450147931158,1838.2075896055549,1942.1243848296683,1986.1455462620506,1909.554846495088,92.8625748124391,196.77937003655256,240.80053146893488,164.20983170197223
532,2023-06-19 11:00:00,2145.582085252881,1935.615180981282,1920.2520721844708,1628.5357440655948,1909.5629974671208,209.96690427159888,225.33001306841015,517.0463411872861,236.01908778576012
533,2023-06-19 12:00:00,1694.8861711081145,1867.5249163201356,1677.3204497949507,2217.7486134873884,1770.6924593142212,172.63874521202115,17.56572131316375,522.862442379274,75.80628820610673
534,2023-06-19 13:00:00,2030.1277098744695,1976.7663366110098,1982.07267857345,1964.3456891329874,1979.3237171661137,53.361373263459654,48.055031301019426,65.78202074148203,50.803992708355736
535,2023-06-19 14:00:00,1934.7094801916228,1873.527424004665,2226.1890499653496,1106.2450845037793,2046.655710244573,61.18205618695788,291.4795697737268,828.4643956878435,111.94623005295011
536,2023-06-19 15:00:00,1669.4239779669049,1689.491470331552,1583.724989499333,1352.6383577837619,1606.7478059952446,20.067492364647023,85.69898846757178,316.785620183143,62.676171971660324
537,2023-06-19 16:00:00,1032.8721143970315,1245.574313772022,1085.8235529488582,1382.0534908855066,1155.6746515700754,212.7021993749904,52.95143855182664,349.18137648847505,122.8025371730439
538,2023-06-19 17:00:00,603.4800478866321,604.8287601640266,627.0041596556715,514.5485087578331,613.4301087326363,1.3487122773944975,23.52411176903945,88.93153912879893,9.950060846004249
539,2023-06-19 18:00:00,141.53529353893336,74.83156819279831,56.65330665065459,186.1070086030752,69.80655875260257,66.70372534613504,84.88198688827876,44.57171506414184,71.72873478633079
540,2023-06-19 19:00:00,0.0,19.948963944511675,18.925536415448637,3.5184369372008177,18.432322715145244,19.948963944511675,18.925536415448637,3.5184369372008177,18.432322715145244
541,2023-06-19 20:00:00,37.02299092226462,24.11705310402906,26.690852510298267,-181.94697081030006,14.001910030239275,12.905937818235557,10.332138411966351,218.96996173256468,23.021080892025346
542,2023-06-19 21:00:00,100.45215348163478,22.69688233550851,21.5264852574913,338.58536122675616,39.90695440994753,77.75527114612628,78.92566822414348,238.13320774512138,60.54519907168725
543,2023-06-19 22:00:00,43.79502171324405,20.16152408357115,20.172534141349384,417.103055181321,42.697258913554165,23.6334976296729,23.622487571894663,373.3080334680769,1.0977627996898818
544,2023-06-19 23:00:00,0.0,27.48054035489499,22.169048746680403,-165.512202282178,13.265715272547354,27.48054035489499,22.169048746680403,165.512202282178,13.265715272547354
545,2023-06-20 00:00:00,111.15545068142352,44.4280935131195,54.98242545118653,430.97042440747293,72.84719641623968,66.72735716830402,56.17302523023699,319.8149737260494,38.308254265183834
546,2023-06-20 01:00:00,60.90788506987475,43.00063470739774,46.128502420640515,-415.0439592098071,18.924177516140126,17.907250362477015,14.779382649234236,475.95184427968184,41.983707553734625
547,2023-06-20 02:00:00,27.44095681707681,28.756558163453978,25.210061741846218,-70.3387320090194,20.95472032272249,1.3156013463771679,2.230895075230592,97.7796888260962,6.486236494354319
548,2023-06-20 03:00:00,7.06863929248578,13.016603282287363,3.6776378069740714,-244.37984445378277,-7.326409636501596,5.9479639898015835,3.3910014855117083,251.44848374626855,14.395048928987375
549,2023-06-20 04:00:00,159.49616545190037,46.27143356356519,37.42851006351197,-59.93852002844699,34.81379196261004,113.22473188833519,122.0676553883884,219.43468548034735,124.68237348929033
550,2023-06-20 05:00:00,35.56140349863614,28.289444905362142,25.07106002031275,44.624489433874714,27.24047815821421,7.271958593273997,10.490343478323389,9.063085935238576,8.32092534042193
551,2023-06-20 06:00:00,0.0,32.086979145279265,18.702236222420797,43.733057194882235,24.529749642016895,32.086979145279265,18.702236222420797,43.733057194882235,24.529749642016895
552,2023-06-20 07:00:00,516.1644731044463,587.1324282996716,602.6344822359015,561.4406077378967,595.1924988265322,70.96795519522527,86.47000913145519,45.2761346334504,79.02802572208589
553,2023-06-20 08:00:00,1097.3968096161648,1135.340539795494,1049.2063679246714,1421.3799667830565,1100.0042236937506,37.94373017932912,48.190441691493334,323.9831571668917,2.6074140775858723
554,2023-06-20 09:00:00,1716.8999281674583,1706.7903012595818,2172.858287296721,1971.712376107253,2009.7148541943207,10.109626907876418,455.9583591292626,254.81244793979477,292.8149260268624
555,2023-06-20 10:00:00,1822.593785121802,1856.9610441634193,1745.317415822099,1639.2526465590345,1774.8905190481707,34.36725904161722,77.27636929970299,183.34113856276758,47.70326607363131
556,2023-06-20 11:00:00,2039.7080993059435,1978.883560704819,1720.0771086995628,1919.3905268615144,1816.0704645875724,60.82453860112446,319.6309906063807,120.31757244442906,223.63763471837115
557,2023-06-20 12:00:00,2228.49034069846,1977.455253807337,1712.7415109277053,1904.9120453406022,1810.2052920069787,251.035086891123,515.7488297707546,323.57829535785777,418.2850486914813
558,2023-06-20 13:00:00,1881.452197296014,1868.1830298223676,1689.1355181578829,1613.4072782683381,1742.37963589187,13.269167473646348,192.31667913813112,268.04491902767586,139.07256140414393
559,2023-06-20 14:00:00,1979.9843510198925,1873.7772260575628,1686.827197046762,2395.172415744796,1790.9526514159188,106.20712496232977,293.15715397313056,415.1880647249036,189.03169960397372
560,2023-06-20 15:00:00,1409.6325095742047,1665.5397344778162,1687.6241809440378,1172.0345522324228,1648.703454573457,255.90722490361145,277.99167136983306,237.59795734178192,239.07094499925233
561,2023-06-20 16:00:00,971.973314066195,1144.3684657084523,1060.6299010498683,2052.7354549034044,1148.8616009300758,172.39515164225725,88.65658698367326,1080.7621408372092,176.8882868638808
562,2023-06-20 17:00:00,472.2386766505504,598.330858542704,590.0456687271567,332.9411056629658,576.8791499517499,126.09218189215363,117.80699207660626,139.2975709875846,104.6404733011995
563,2023-06-20 18:00:00,0.0,117.67221032241542,88.92456123037914,538.543461402001,125.9344303096849,117.67221032241542,88.92456123037914,538.543461402001,125.9344303096849
564,2023-06-20 19:00:00,0.0,37.40602292130646,46.65992939105126,293.1472586418914,58.85874514737931,37.40602292130646,46.65992939105126,293.1472586418914,58.85874514737931
565,2023-06-20 20:00:00,0.0,34.28359799200896,25.508132786167916,-337.95221335923316,8.213209666767423,34.28359799200896,25.508132786167916,337.95221335923316,8.213209666767423
566,2023-06-20 21:00:00,81.97118598645724,40.68865606416888,14.34335686464764,-461.0990888353007,-3.4504869201880375,41.28252992228836,67.6278291218096,543.070274821758,85.42167290664528
567,2023-06-20 22:00:00,70.56598522315844,42.079070803028614,19.384014288859383,-223.28959883385835,13.306192992569999,28.48691442012982,51.18197093429905,293.8555840570168,57.25979223058844
568,2023-06-20 23:00:00,0.0,76.23036441711918,132.59071487688982,-269.5584583358775,91.99028651068846,76.23036441711918,132.59071487688982,269.5584583358775,91.99028651068846
569,2023-06-21 00:00:00,248.2707524611896,90.02449993272468,120.13737414327437,-363.91457588017306,83.5244179106688,158.24625252846494,128.13337831791523,612.1853283413627,164.7463345505208
570,2023-06-21 01:00:00,0.0,86.80795405209203,125.82873830986472,290.54029927764367,122.28144599143269,86.80795405209203,125.82873830986472,290.54029927764367,122.28144599143269
571,2023-06-21 02:00:00,0.0,53.98898612988579,11.46675762172657,-462.9987146052323,-1.017438515014895,53.98898612988579,11.46675762172657,462.9987146052323,1.017438515014895
572,2023-06-21 03:00:00,0.0,34.15280125144648,33.07283149309985,704.1443321046329,70.61980388756862,34.15280125144648,33.07283149309985,704.1443321046329,70.61980388756862
573,2023-06-21 04:00:00,0.0,41.12484086803849,21.923035204936134,-276.34615448460136,11.628791841837005,41.12484086803849,21.923035204936134,276.34615448460136,11.628791841837005
574,2023-06-21 05:00:00,23.79205531128797,36.33868008201083,27.77666595764278,-216.534099437966,17.016614454621077,12.546624770722861,3.9846106463548097,240.326154749254,6.7754408566668936
575,2023-06-21 06:00:00,0.0,42.688237458257625,21.21763862084476,221.057649184944,39.26964247751957,42.688237458257625,21.21763862084476,221.057649184944,39.26964247751957
576,2023-06-21 07:00:00,464.8578349927226,579.7282967389114,594.302082684302,1266.9242734644763,626.8494771849191,114.87046174618877,129.44424769157945,802.0664384717537,161.99164219219654
577,2023-06-21 08:00:00,1128.2279869803385,1057.8921483814433,1051.5894404415562,507.56017904720227,1026.6334768792283,70.33583859889518,76.6385465387823,620.6678079331363,101.59451010111025
578,2023-06-21 09:00:00,1315.5106682349747,1646.188292527214,1626.370886192467,1451.4604424365625,1624.469115425491,330.6776242922392,310.8602179574923,135.94977420158784,308.9584471905164
579,2023-06-21 10:00:00,1938.9374968614543,1805.428398571712,1995.2225919509738,2005.1388417508276,1930.4097831089227,133.50909828974227,56.28509508951947,66.20134488937333,8.527713752531554
580,2023-06-21 11:00:00,2100.9278056555813,1922.159192140529,2187.6461683994166,2437.9730827310823,2108.7744639642656,178.76861351505227,86.71836274383531,337.04527707550096,7.846658308684255
581,2023-06-21 12:00:00,2019.502350883934,1924.1849343463948,1855.6054141002742,1978.21599789757,1885.3165074094263,95.3174165375392,163.89693678365984,41.28635298636391,134.1858434745077
582,2023-06-21 13:00:00,1881.839904231828,1873.326554213092,1792.0437719509885,1535.8213777031483,1807.2378028133564,8.513350018735991,89.79613228083963,346.0185265286798,74.60210141847165
583,2023-06-21 14:00:00,1718.766668770053,1728.3324302035119,1815.7965552881583,2478.6154143943727,1818.7480028338603,9.565761433458874,97.02988651810529,759.8487456243197,99.98133406380725
584,2023-06-21 15:00:00,1554.7959057278454,1701.1616137676954,1663.0002675388043,1496.6944690048044,1667.839571745437,146.36570803985,108.20436181095897,58.10143672304093,113.0436660175917
585,2023-06-21 16:00:00,1203.1565688206974,1129.4575610780341,1030.0129013930537,556.7027937229968,1040.6325906393197,73.6990077426633,173.14366742764378,646.4537750977006,162.52397818137774
586,2023-06-21 17:00:00,567.0542865119434,527.3011561023623,533.79533159415,817.0289961933032,545.6824339405734,39.753130409581104,33.2589549177934,249.97470968135985,21.371852571369914
587,2023-06-21 18:00:00,0.0,66.63940296323739,15.463731499431834,286.22346617205267,46.572800243685954,66.63940296323739,15.463731499431834,286.22346617205267,46.572800243685954
588,2023-06-21 19:00:00,80.83535062612293,17.90581504333661,4.1894275295148855,-7.592174920755724,8.321749514061707,62.92953558278632,76.64592309660804,88.42752554687866,72.51360111206122
589,2023-06-21 20:00:00,68.72011463765462,36.14368761172113,15.15668747177838,273.6089128360836,37.1816431747981,32.57642702593349,53.563427165876234,204.88879819842901,31.53847146285652
590,2023-06-21 21:00:00,3.9879401474324494,106.86735981093034,101.18043906701425,-274.6812042630539,82.98596201147227,102.87941966349788,97.1924989195818,278.66914441048635,78.99802186403981
591,2023-06-21 22:00:00,0.0,39.213850864231965,31.623339927993857,-258.58281446743,18.797864997085565,39.213850864231965,31.623339927993857,258.58281446743,18.797864997085565
592,2023-06-21 23:00:00,2.821775411624291,26.64301466547855,3.519712742947466,318.54232679667206,29.426500939419338,23.82123925385426,0.6979373313231751,315.72055138504777,26.604725527795047
593,2023-06-22 00:00:00,0.0,59.27863860438873,36.95298181537656,133.9502393445947,50.74037708147765,59.27863860438873,36.95298181537656,133.9502393445947,50.74037708147765
594,2023-06-22 01:00:00,0.0,17.566800763468024,3.581886677737628,-9.637798432825775,8.209516997661398,17.566800763468024,3.581886677737628,9.637798432825775,8.209516997661398
595,2023-06-22 02:00:00,0.0,103.33841320430876,97.32801579132263,-215.03399134395477,82.69813396801617,103.33841320430876,97.32801579132263,215.03399134395477,82.69813396801617
596,2023-06-22 03:00:00,0.0,41.87606582418345,32.52111085442988,-149.85787751654777,26.212929415682268,41.87606582418345,32.52111085442988,149.85787751654777,26.212929415682268
597,2023-06-22 04:00:00,0.0,108.51712419332634,94.51934606122492,-148.07927971610434,86.7220594871711,108.51712419332634,94.51934606122492,148.07927971610434,86.7220594871711
598,2023-06-22 05:00:00,41.916149915039966,102.4449523585924,106.04825293978055,-143.0269255423491,91.17418628598129,60.528802443552436,64.13210302474059,184.94307545738906,49.258036370941326
599,2023-06-22 06:00:00,65.47243198795483,95.7183629602325,173.10382688502045,235.2017449742246,146.89789354261308,30.245930972277662,107.63139489706562,169.72931298626975,81.42546155465824
600,2023-06-22 07:00:00,502.93147555981847,465.5867007862043,464.99481178866125,394.0486375479727,461.37648014745355,37.344774773614176,37.936663771157214,108.88283801184576,41.55499541236492
601,2023-06-22 08:00:00,1080.60592574222,1310.8605319445057,1207.407279455703,1000.6764117574666,1233.3606174105294,230.2546062022857,126.80135371348297,79.9295139847535,152.7546916683093
602,2023-06-22 09:00:00,1722.8330504118062,1462.59633106376,1451.0873135985496,975.6441124084608,1427.0807644133504,260.2367193480461,271.7457368132566,747.1889380033454,295.7522859984558
603,2023-06-22 10:00:00,1940.5672110627104,1950.4984146159873,2103.116138385027,1785.2244946242301,2027.8049309974556,9.931203553276873,162.54892732231679,155.34271643848024,87.2377199347452
604,2023-06-22 11:00:00,2056.9970388978236,1928.7012367972825,2061.8131121337865,1524.6683470314647,1980.679620760393,128.2958021005411,4.816073235962904,532.3286918663589,76.31741813743065
605,2023-06-22 12:00:00,2092.3635972580723,1996.9093355799967,1920.4205429649185,2631.3730382651556,1990.954551577804,95.45426167807568,171.94305429315386,539.0094410070833,101.40904568026826
606,2023-06-22 13:00:00,2200.906766812041,1924.390577615289,2201.01526425886,1675.898804023907,2067.5470204574076,276.51618919675207,0.1084974468190012,525.0079627881341,133.35974635463344
607,2023-06-22 14:00:00,1923.6625796356318,1866.523727778807,2101.4056530532225,1322.2296749148381,1968.2661027603951,57.138851856824886,177.74307341759072,601.4329047207937,44.60352312476334
608,2023-06-22 15:00:00,1585.26655129127,1487.2056406558174,1449.3090232628515,1195.5617326305537,1448.2345429566083,98.0609106354525,135.95752802841844,389.7048186607162,137.03200833466167
609,2023-06-22 16:00:00,1322.2780537503008,1247.426409544636,1143.7183908107324,1061.973653510445,1177.1952186929511,74.8516442056648,178.5596629395684,260.3044002398558,145.0828350573497
610,2023-06-22 17:00:00,526.8430847712586,524.4052526325705,504.9717918957843,707.6073143605504,524.2002819199646,2.4378321386881225,21.871292875474353,180.76422958929174,2.64280285129405
611,2023-06-22 18:00:00,0.0,106.6834953623505,90.69985349992882,2.0418155481316944,91.33829814437075,106.6834953623505,90.69985349992882,2.0418155481316944,91.33829814437075
612,2023-06-22 19:00:00,2.1282497002850915,58.609042313125265,84.60201727752768,189.86566945059656,81.25066373256641,56.480792612840176,82.47376757724258,187.73741975031146,79.12241403228131
613,2023-06-22 20:00:00,80.88504703143214,70.50161360702326,110.24710893083,-670.2897216260413,43.59973019036696,10.383433424408878,29.362061899397858,751.1747686574735,37.285316841065175
614,2023-06-22 21:00:00,0.0,49.57376529094773,85.59892254956256,371.5851367131047,92.82679484328878,49.57376529094773,85.59892254956256,371.5851367131047,92.82679484328878
615,2023-06-22 22:00:00,47.307806552691225,47.66359601122356,85.81407962230284,148.2606693434135,77.10068155608806,0.35578945853233535,38.506273069611616,100.95286279072226,29.792875003396837
616,2023-06-22 23:00:00,0.0,44.798716749418354,80.58978941827368,-52.36023892728997,59.37522343467185,44.798716749418354,80.58978941827368,52.36023892728997,59.37522343467185
617,2023-06-23 00:00:00,47.93689369170928,60.32236076191443,88.20795388757489,656.1738311071316,117.3996577668548,12.385467070205152,40.27106019586561,608.2369374154223,69.46276407514551
618,2023-06-23 01:00:00,14.421023512120925,80.86073295005315,186.39757158294788,-155.2343775608732,127.27346143613646,66.43970943793222,171.97654807082694,169.65540107299415,112.85243792401553
619,2023-06-23 02:00:00,0.0,81.49895817742508,189.98459483693568,-537.2611599851601,103.605046278489,81.49895817742508,189.98459483693568,537.2611599851601,103.605046278489
620,2023-06-23 03:00:00,20.647358128106905,75.27994553387812,188.47508532237248,-381.46233918159123,111.20493611742673,54.63258740577122,167.82772719426558,402.10969730969816,90.55757798931982
621,2023-06-23 04:00:00,0.0,40.127020521758304,114.58147603459155,166.20722495866585,92.79400166026241,40.127020521758304,114.58147603459155,166.20722495866585,92.79400166026241
622,2023-06-23 05:00:00,0.0,82.98688014996053,192.78999301970083,-376.44951778113034,116.72008974257317,82.98688014996053,192.78999301970083,376.44951778113034,116.72008974257317
623,2023-06-23 06:00:00,0.0,44.65892599346408,83.73024373601962,271.3556413203257,83.22632869192151,44.65892599346408,83.73024373601962,271.3556413203257,83.22632869192151
624,2023-06-23 07:00:00,492.81330228336003,470.426083416572,515.4789409846412,415.1071512167982,493.33488259939264,22.387218866788032,22.665638701281182,77.70615106656186,0.5215803160326118
625,2023-06-23 08:00:00,1130.2749283063579,1310.1170469791543,1570.4821356923408,1465.7074673120474,1467.393463329276,179.84211867279646,440.2072073859829,335.4325390056895,337.1185350229182
626,2023-06-23 09:00:00,1492.2539845596496,1491.8546645076992,1537.3733502054536,1660.1391714481942,1531.2195324901995,0.39932005195032616,45.11936564580401,167.8851868885447,38.965547930549974
627,2023-06-23 10:00:00,2008.6758880802236,1950.6061183631325,1940.5011403893213,1968.260544356368,1946.4952991892815,58.06976971709105,68.17474769090222,40.415343723855585,62.18058889094209
628,2023-06-23 11:00:00,2168.744399477956,2058.8366699075564,2114.7857867608477,1714.2788712350766,2060.8342854061025,109.90772957039962,53.95861271710828,454.4655282428794,107.91011407185351
629,2023-06-23 12:00:00,2401.8664812133907,2105.049102470183,2146.6361186354907,2789.675454258619,2185.674565142898,296.8173787432079,255.2303625779,387.8089730452284,216.19191607049288
630,2023-06-23 13:00:00,1811.671173145189,2006.125091449892,1811.9363102555455,2274.8996471795363,1921.1965871443715,194.45391830470294,0.2651371103565907,463.2284740343473,109.52541399918255
631,2023-06-23 14:00:00,1861.5207501085451,1899.6695857406248,1897.0508600797696,1850.293282529322,1894.0655220641438,38.14883563207968,35.53010997122442,11.22746757922323,32.54477195559866
632,2023-06-23 15:00:00,1447.4636579509993,1573.0990107980772,1574.1092708816266,1225.2301560544138,1544.3935757443471,125.63535284707791,126.6456129306273,222.2335018965855,96.92991779334784
633,2023-06-23 16:00:00,1118.497058457773,1429.1726459899126,1251.4284126859673,1284.8514502533333,1318.5987419848095,310.6755875321396,132.93135422819432,166.35439179556033,200.10168352703658
634,2023-06-23 17:00:00,554.3112992119794,504.31522756685007,524.8844768675866,704.0771162577003,532.5114604588548,49.99607164512935,29.426822344392804,149.76581704572084,21.799838753124618
635,2023-06-23 18:00:00,106.16638011147263,61.76976005895258,3.678686950883831,552.1458169377499,70.8530985197402,44.396620052520056,102.4876931605888,445.9794368262773,35.313281591732434
636,2023-06-23 19:00:00,0.0,17.21181563956315,0.8764567044096848,-304.7797295363787,-18.92246146338671,17.21181563956315,0.8764567044096848,304.7797295363787,18.92246146338671
637,2023-06-23 20:00:00,123.84595188352863,72.55620642246642,60.95031738335251,-574.626436724124,21.306798319431792,51.28974546106221,62.895634500176115,698.4723886076526,102.53915356409684
638,2023-06-23 21:00:00,0.0,31.396149082550508,37.709036215609835,-167.28821530512369,20.94407862855381,31.396149082550508,37.709036215609835,167.28821530512369,20.94407862855381
639,2023-06-23 22:00:00,27.187791117226485,16.42137906615073,40.82150335170831,-122.85095873320199,19.777007347798296,10.766412051075754,13.633712234481823,150.03874985042847,7.410783769428189
640,2023-06-23 23:00:00,0.0,18.956026831329556,22.51218260654165,-20.924188724367696,18.08220022254284,18.956026831329556,22.51218260654165,20.924188724367696,18.08220022254284
641,2023-06-24 00:00:00,42.18319350698616,9.130007199739934,3.201872598591755,356.8406200751418,30.159804890595105,33.05318630724622,38.9813209083944,314.65742656815564,12.023388616391053
642,2023-06-24 01:00:00,0.0,9.681778613795986,3.641399245450649,116.03074545675645,13.853197621528302,9.681778613795986,3.641399245450649,116.03074545675645,13.853197621528302
643,2023-06-24 02:00:00,0.0,1.3691079904429215,0.06793540809014548,54.11095885808015,4.344006023089647,1.3691079904429215,0.06793540809014548,54.11095885808015,4.344006023089647
644,2023-06-24 03:00:00,0.0,37.32509082032187,36.33959201851461,-308.49857566976766,12.72933623386993,37.32509082032187,36.33959201851461,308.49857566976766,12.72933623386993
645,2023-06-24 04:00:00,0.0,36.66580486707711,36.34525776993651,-416.8672107655684,4.929270313768249,36.66580486707711,36.34525776993651,416.8672107655684,4.929270313768249
646,2023-06-24 05:00:00,30.419167663746375,12.209370491784762,3.553834383802572,354.91206303695026,31.432061008083025,18.20979717196161,26.865333279943805,324.4928953732039,1.01289334433665
647,2023-06-24 06:00:00,0.0,17.02605471120038,0.08581222699762506,365.6925187032832,32.23330346161136,17.02605471120038,0.08581222699762506,365.6925187032832,32.23330346161136
648,2023-06-24 07:00:00,502.35414467242106,502.56277028378025,527.8292723774877,856.1241968320539,540.6820974245578,0.20862561135919577,25.475127705066598,353.7700521596329,38.32795275213675
649,2023-06-24 08:00:00,1181.1909602801584,1209.8921325138247,1132.3754407246356,1208.510857875638,1167.511925394809,28.701172233666284,48.81551955552277,27.319897595479688,13.679034885349438
650,2023-06-24 09:00:00,1370.5455090414125,1510.0764397695834,1496.9972834645991,1405.0385055830193,1496.4459281059217,139.53093072817092,126.45177442318663,34.49299654160677,125.90041906450915
651,2023-06-24 10:00:00,2050.6687999778746,2007.9432214063263,2032.8749626462459,1593.2555289066454,1995.907405297823,42.72557857154834,17.793837331628765,457.41327107122925,54.76139468005158
652,2023-06-24 11:00:00,2348.677633303364,2055.954374461958,2161.4967326103947,2164.5101100323113,2120.2523329733153,292.7232588414058,187.18090069296932,184.1675232710527,228.42530033004869
653,2023-06-24 12:00:00,2089.2055694223263,2105.2685093632376,2347.2820714425943,2554.0298764695003,2265.0622262822017,16.062939940911292,258.076502020268,464.824307047174,175.85665685987533
654,2023-06-24 13:00:00,2417.3623730871473,2080.188714374613,2303.663347318978,2171.0062088515815,2207.736395394739,337.17365871253423,113.69902576816912,246.35616423556576,209.62597769240847
655,2023-06-24 14:00:00,2065.314583212594,2017.8692627997764,1859.7147675788592,1785.063999785069,1917.182926119159,47.44532041281741,205.59981563373458,280.2505834275248,148.1316570934348
656,2023-06-24 15:00:00,1642.8348361811222,1480.8776269211417,1567.8456047612065,1312.4027430482504,1517.9128741441853,161.95720925998057,74.98923141991577,330.43209313287184,124.92196203693697
657,2023-06-24 16:00:00,1106.8829548843905,1267.9510150046708,1221.429222592058,1291.2478667953164,1244.0080923273154,161.06806012028028,114.54626770766754,184.3649119109259,137.12513744292482
658,2023-06-24 17:00:00,604.7653063929826,503.5758109789615,526.5499753609135,1003.5691261458621,547.0243763082192,101.18949541402105,78.215331032069,398.8038197528796,57.74093008476336
659,2023-06-24 18:00:00,0.0,86.22013681754328,51.934664194440565,221.30671834418422,75.86530264688899,86.22013681754328,51.934664194440565,221.30671834418422,75.86530264688899
660,2023-06-24 19:00:00,0.0,27.78704898472171,4.879000317656795,-471.61542249129775,-15.58891174812724,27.78704898472171,4.879000317656795,471.61542249129775,15.58891174812724
661,2023-06-24 20:00:00,165.84115224028184,53.96202220421218,28.326622923284734,-72.06304354374299,32.45934347808409,111.87913003606965,137.5145293169971,237.90419578402484,133.38180876219775
662,2023-06-24 21:00:00,34.65393487878434,16.95238689989604,39.336131639752665,-554.3541585349403,0.39534611609899173,17.7015479788883,4.682196760968324,589.0080934137246,34.25858876268535
663,2023-06-24 22:00:00,0.0,9.919271914928338,20.94914201603339,380.7512129865976,35.58922416807407,9.919271914928338,20.94914201603339,380.7512129865976,35.58922416807407
664,2023-06-24 23:00:00,0.0,29.899489559975606,26.195351319131568,1.2274456265095068,26.249962538932216,29.899489559975606,26.195351319131568,1.2274456265095068,26.249962538932216
665,2023-06-25 00:00:00,0.0,21.804899323970208,9.224596752378133,-224.69568763098528,1.6771086591153033,21.804899323970208,9.224596752378133,224.69568763098528,1.6771086591153033
666,2023-06-25 01:00:00,101.53498070809528,15.169798690702553,28.10375481613037,479.66655012796645,46.80860235800152,86.36518201739273,73.43122589196491,378.1315694198712,54.72637835009375
667,2023-06-25 02:00:00,20.92947476369611,7.494720889972092,27.043487484045237,-281.40321785773153,3.927189538504871,13.434753873724018,6.114012720349127,302.33269262142767,17.002285225191237
668,2023-06-25 03:00:00,30.0299699558404,13.987329827025054,30.13304334045066,16.677087393029296,23.553628289416487,16.042640128815346,0.1030733846102585,13.352882562811104,6.476341666423913
669,2023-06-25 04:00:00,0.0,13.014922498400331,2.151897276401659,-97.36724121274176,0.9484113085863912,13.014922498400331,2.151897276401659,97.36724121274176,0.9484113085863912
670,2023-06-25 05:00:00,0.0,16.083754606334892,11.701531228325608,-312.83092584793053,-3.5312260395418207,16.083754606334892,11.701531228325608,312.83092584793053,3.5312260395418207
671,2023-06-25 06:00:00,4.084120539467842,10.814073957302682,1.459055753211618,474.9088508485612,29.41841881346685,6.72995341783484,2.6250647862562246,470.82473030909335,25.334298273999007
672,2023-06-25 07:00:00,600.629133602531,488.3440956710432,503.4496747486312,758.7957877089161,511.18831295230206,112.28503793148786,97.17945885389986,158.16665410638507,89.440820650229
673,2023-06-25 08:00:00,1130.8127298291965,1209.9960110314712,1174.1917198008268,830.0134407629234,1169.413888261377,79.18328120227466,43.37898997163029,300.7992890662731,38.601158432180455
674,2023-06-25 09:00:00,1652.9475295828897,1381.7475400954672,1345.329069852219,1617.4419529216357,1372.4527756624445,271.1999894874225,307.6184597306708,35.505576661254054,280.4947539204452
675,2023-06-25 10:00:00,1811.4737198945766,1997.6103583602485,2031.0911093020557,1462.5509191377168,1989.7893886210468,186.13663846567192,219.6173894074791,348.9228007568597,178.31566872647022
676,2023-06-25 11:00:00,2117.718422012216,2113.909801425251,2064.233979920815,2489.287587440567,2104.001346428873,3.8086205869649348,53.48444209140098,371.5691654283514,13.717075583342648
677,2023-06-25 12:00:00,2292.000898571187,2247.8333890716035,2303.5191430517834,2343.700424795844,2285.499094411916,44.1675094995835,11.518244480596422,51.69952622465689,6.50180415927116
678,2023-06-25 13:00:00,2060.2292841601397,2147.715409055495,2258.9570962509792,1879.0162480677081,2199.3022569144487,87.48612489535526,198.7278120908395,181.2130360924316,139.07297275430892
679,2023-06-25 14:00:00,2135.0904712671277,2104.9696289095505,2101.3966433579235,1433.13132823722,2068.333698583748,30.120842357577203,33.693827909204174,701.9591430299076,66.7567726833795
680,2023-06-25 15:00:00,1650.9122859193096,1563.9493330502219,1578.2113701752894,1358.7074804995384,1561.7836930255442,86.96295286908776,72.70091574402022,292.2048054197712,89.12859289376547
681,2023-06-25 16:00:00,1189.2177906838003,1215.0542104695842,1111.8905959113006,1364.8375084024603,1162.1036873787864,25.836419785783846,77.32719477249975,175.61971771866,27.11410330501394
682,2023-06-25 17:00:00,521.4390537559328,568.747144296648,576.0665885046235,973.761400451041,593.8697234748788,47.30809054071517,54.627534748690664,452.3223466951082,72.43066971894598
683,2023-06-25 18:00:00,28.069642767417456,86.04350091184449,34.43764377785552,541.144695415588,79.09850019512098,57.973858144427034,6.368001010438064,513.0750526481705,51.02885742770352
684,2023-06-25 19:00:00,0.0,28.258707361794173,9.994584730574072,-36.36862152294384,14.199083720303403,28.258707361794173,9.994584730574072,36.36862152294384,14.199083720303403
685,2023-06-25 20:00:00,18.9255114730579,130.88931171308525,127.14199347038002,-68.15142720434528,118.66432535577472,111.96380024002735,108.21648199732212,87.07693867740318,99.73881388271683
686,2023-06-25 21:00:00,0.0,42.324394981920314,36.855783932386196,227.07630837193858,48.28248540474029,42.324394981920314,36.855783932386196,227.07630837193858,48.28248540474029
687,2023-06-25 22:00:00,0.0,9.392513084198354,18.527801157421333,-283.1292309733775,0.24609430336759885,9.392513084198354,18.527801157421333,283.1292309733775,0.24609430336759885
688,2023-06-25 23:00:00,226.71137855499538,82.70669374596497,83.31709929832435,402.2842099654177,99.07847324704585,144.0046848090304,143.39427925667104,175.5728314104223,127.63290530794953
689,2023-06-26 00:00:00,0.0,59.70215324517568,82.42630052508412,170.33810420664605,78.93084779029988,59.70215324517568,82.42630052508412,170.33810420664605,78.93084779029988
690,2023-06-26 01:00:00,0.0,59.92372977921681,28.00957074930135,-69.02091470271841,34.242440431160446,59.92372977921681,28.00957074930135,69.02091470271841,34.242440431160446
691,2023-06-26 02:00:00,72.159476220011,14.573769064931948,20.1058613803521,-64.75609457546818,13.933338900570359,57.58570715507905,52.053614839658906,136.9155707954792,58.22613731944064
692,2023-06-26 03:00:00,0.0,60.12742582027207,88.59320511171491,493.31163878237965,98.96752824977928,60.12742582027207,88.59320511171491,493.31163878237965,98.96752824977928
693,2023-06-26 04:00:00,32.26178219286957,8.40922803327554,8.666484153680235,-491.48050221577967,-16.4697443940969,23.85255415959403,23.59529803918933,523.7422844086492,48.73152658696647
694,2023-06-26 05:00:00,40.825632995534434,10.810455230375714,17.642081345737182,92.66358042768991,19.024683760255137,30.015177765158718,23.183551649797252,51.837947432155474,21.800949235279298
695,2023-06-26 06:00:00,19.57603411693657,66.19144183342968,83.06183446206157,877.4999687055818,116.98297629444522,46.61540771649311,63.485800345125,857.9239345886451,97.40694217750865
696,2023-06-26 07:00:00,809.7290011136366,514.0818750203986,548.1197424088965,658.8401216762063,541.8343339188481,295.64712609323806,261.6092587047401,150.88887943743032,267.89466719478855
697,2023-06-26 08:00:00,1046.6314299976991,1239.131643953723,1128.6627821158745,826.8346669843693,1146.3704633274526,192.5002139560238,82.03135211817539,219.79676301332984,99.73903332975351
698,2023-06-26 09:00:00,1738.3810957707785,1650.3086247993986,1544.1391520421064,1487.9667722702643,1573.2904589633463,88.07247097137997,194.24194372867214,250.41432350051423,165.09063680743225
699,2023-06-26 10:00:00,1916.3376264490996,1978.5937129987078,2088.2179862776156,1851.0083875601313,2042.8056081238924,62.2560865496082,171.88035982851602,65.32923888896835,126.46798167479278
700,2023-06-26 11:00:00,2483.1872740406893,2032.2072298521127,1966.3788417266476,1783.61169741255,1976.7800214880579,450.9800441885766,516.8084323140417,699.5755766281393,506.40725255263146
701,2023-06-26 12:00:00,2509.343405570895,2157.416552235942,2185.8523559335836,2648.1874541032066,2201.2454952282606,351.92685333495274,323.49104963731133,138.84404853231172,308.09791034263435
702,2023-06-26 13:00:00,2327.9397758562986,2068.5316978673122,2076.668413436176,2344.685616957212,2088.112987167658,259.4080779889864,251.27136242012284,16.745841100913367,239.8267886886406
703,2023-06-26 14:00:00,2075.4574288376602,2081.004381786207,2030.7920003411991,1777.2567718081818,2032.8061586826677,5.546952948546732,44.66542849646112,298.2006570294784,42.65127015499252
704,2023-06-26 15:00:00,1825.3228816135222,1645.131310363869,1542.0335946696448,1299.5829027108343,1560.5949613244047,180.19157124965318,283.2892869438774,525.7399789026879,264.7279202891175
705,2023-06-26 16:00:00,1182.3855476906201,1247.146937163481,1115.2765769783553,1255.9462461874223,1162.4001389777036,64.76138947286086,67.10897071226486,73.56069849680216,19.985408712916524
706,2023-06-26 17:00:00,600.7823240823134,651.7142885160595,729.5503430707968,1531.327578601988,747.6305749730476,50.93196443374609,128.7680189884834,930.5452545196747,146.84825089073422
707,2023-06-26 18:00:00,80.03493418373564,92.50462393787224,31.8928496852804,160.33931179518993,56.86111139169365,12.469689754136596,48.14208449845525,80.30437761145429,23.173822792041996
708,2023-06-26 19:00:00,0.0,46.15996515003391,54.655204988568336,79.01006943901598,53.35278231830997,46.15996515003391,54.655204988568336,79.01006943901598,53.35278231830997
709,2023-06-26 20:00:00,0.0,24.952977291556426,26.185463826218484,-183.6964514359197,13.791797997514276,24.952977291556426,26.185463826218484,183.6964514359197,13.791797997514276
710,2023-06-26 21:00:00,0.0,40.02904929470311,7.507087048054505,-282.9905865267244,0.7520516433013107,40.02904929470311,7.507087048054505,282.9905865267244,0.7520516433013107
711,2023-06-26 22:00:00,0.0,36.38249998948482,9.899816021465167,-474.5113580534585,-9.794820118210286,36.38249998948482,9.899816021465167,474.5113580534585,9.794820118210286
712,2023-06-26 23:00:00,79.27080972834781,133.36077682575933,118.34699139303002,293.8615469877923,132.95956689113478,54.08996709741152,39.07618166468221,214.59073725944447,53.68875716278697
713,2023-06-27 00:00:00,0.0,67.89193966065915,85.63258487877091,557.2436225633709,107.25019210905448,67.89193966065915,85.63258487877091,557.2436225633709,107.25019210905448
714,2023-06-27 01:00:00,16.036003130307716,53.13244671072527,22.065910715200477,-683.3310206019012,-8.891160296250767,37.09644358041756,6.0299075848927615,699.3670237322088,24.927163426558483
715,2023-06-27 02:00:00,71.39017079079264,49.9143401362882,36.63920770612839,-275.1894334172813,22.815083433217875,21.475830654504435,34.75096308466425,346.57960420807393,48.57508735757476
716,2023-06-27 03:00:00,0.0,57.962598832951834,36.110439555800454,40.166744447740484,42.98181462887899,57.962598832951834,36.110439555800454,40.166744447740484,42.98181462887899
717,2023-06-27 04:00:00,0.0,80.97588578546099,89.38058416072307,291.95674681876034,98.42792220278977,80.97588578546099,89.38058416072307,291.95674681876034,98.42792220278977
718,2023-06-27 05:00:00,45.78935532621199,42.71425332447459,0.20629482108688457,-807.4037518686096,-33.12805624079266,3.075102001737399,45.583060505125104,853.1931071948216,78.91741156700465
719,2023-06-27 06:00:00,67.88303578735902,50.7882462975728,19.307469372493763,450.26287566744975,53.551234330060694,17.094789489786223,48.57556641486526,382.37983988009074,14.331801457298326
720,2023-06-27 07:00:00,748.7511727827884,658.2503216380322,799.714569248858,1276.8765487236874,784.0605732259617,90.50085114475621,50.963396466069526,528.125375940899,35.30940044317322
721,2023-06-27 08:00:00,1199.2623808405076,1160.3927614087415,1316.8394972184453,1025.2813377816096,1251.6227997260314,38.86961943176607,117.57711637793773,173.98104305889797,52.36041888552381
722,2023-06-27 09:00:00,1502.8396913662564,1787.122092489026,1836.7872840581626,1629.2135611004119,1808.7424323141868,284.28240112276967,333.94759269190627,126.3738697341555,305.9027409479304
723,2023-06-27 10:00:00,2469.571287391616,2011.2131562865895,2413.8777755190786,1384.8450379904293,2228.2385284463544,458.35813110502636,55.69351187253733,1084.7262494011866,241.3327589452615
724,2023-06-27 11:00:00,2211.279494839921,2330.7719152223012,2281.513084646929,2526.439033576336,2311.821013204768,119.49242038238026,70.23358980700823,315.159538736415,100.54151836484698
725,2023-06-27 12:00:00,2495.7065321423584,2347.620031579634,2506.7346270044795,2528.683788154872,2460.7338429758033,148.08650056272427,11.02809486212118,32.97725601251386,34.97268916655503
726,2023-06-27 13:00:00,2436.449761183469,2209.439253240976,2258.3765202592767,2412.465370104358,2253.632895038114,227.01050794249295,178.0732409241923,23.984391079110992,182.8168661453551
727,2023-06-27 14:00:00,1999.599975666556,2164.8480542293064,2293.026401553101,2170.7458121675813,2247.0358576767585,165.24807856275038,293.4264258865451,171.14583650102531,247.43588201020248
728,2023-06-27 15:00:00,1816.7338415005106,1917.590868925469,2495.6740599052955,1584.465952366154,2265.2965027854807,100.85702742495846,678.9402184047849,232.26788913435666,448.5626612849701
729,2023-06-27 16:00:00,1355.7121449880265,1293.557466903367,1350.5639669938073,1455.3636764879332,1340.2703890661835,62.15467808465951,5.148177994219168,99.6515314999067,15.441755921842969
730,2023-06-27 17:00:00,625.6740881620037,585.0194047296822,560.6554780762706,1122.5962715866908,603.7815501222394,40.654683432321576,65.01861008573314,496.9221834246871,21.892538039764304
731,2023-06-27 18:00:00,63.04563212823713,58.761484408833766,68.0722784998062,188.1617113725781,72.96362902480536,4.284147719403364,5.026646371569072,125.11607924434098,9.917996896568226
732,2023-06-27 19:00:00,0.0,30.478469999664004,5.1874609148753095,-93.90634963728576,6.396888425337139,30.478469999664004,5.1874609148753095,93.90634963728576,6.396888425337139
733,2023-06-27 20:00:00,92.79699734731282,28.578360691848488,3.7814825662948786,-369.08851376059965,-8.33557061252846,64.21863665546434,89.01551478101794,461.88551110791246,101.13256795984128
734,2023-06-27 21:00:00,33.07852927036496,17.47466058834223,7.688227342008037,72.40851019631077,13.22348511688285,15.603868682022732,25.390301928356923,39.32998092594581,19.855044153482112
735,2023-06-27 22:00:00,0.0,17.632021309216945,21.16554183854503,-42.71024891872355,17.19444414307775,17.632021309216945,21.16554183854503,42.71024891872355,17.19444414307775
736,2023-06-27 23:00:00,19.435512988065263,41.15246052385782,83.52593238051362,-211.65646130993014,58.83102423510449,21.716947535792556,64.09041939244835,231.0919742979954,39.39551124703923
737,2023-06-28 00:00:00,0.0,20.392997594681724,35.42066181348764,-52.970467679580565,27.456133316105664,20.392997594681724,35.42066181348764,52.970467679580565,27.456133316105664
738,2023-06-28 01:00:00,57.11303725270896,31.643067628143644,58.15316855175619,-125.14516622614815,42.77033140689328,25.46996962456532,1.040131299047225,182.25820347885713,14.342705845815686
739,2023-06-28 02:00:00,0.0,36.56407999254213,4.424614760771871,153.78164833709178,19.525839820177417,36.56407999254213,4.424614760771871,153.78164833709178,19.525839820177417
740,2023-06-28 03:00:00,152.4442133714986,30.50189845286207,5.483005922400529,-225.6704238197966,0.32091232903488276,121.94231491863653,146.96120744909805,378.1146371912952,152.1233010424637
741,2023-06-28 04:00:00,39.17050117521217,32.740973596844924,29.492859454167952,-602.2504100433378,-0.4787044766211359,6.429527578367249,9.677641721044221,641.4209112185499,39.64920565183331
742,2023-06-28 05:00:00,73.93452728191475,49.12177302521745,52.966935371492596,181.52175167354898,58.29033161287869,24.812754256697303,20.967591910422158,107.58722439163422,15.644195669036066
743,2023-06-28 06:00:00,0.0,43.14673466615702,22.32739579883152,1069.5863472854098,78.39465017800656,43.14673466615702,22.32739579883152,1069.5863472854098,78.39465017800656
744,2023-06-28 07:00:00,672.3798445881617,735.3356502162192,755.6917491681745,673.3582394774799,746.7243360872532,62.95580562805742,83.31190458001277,0.9783948893181105,74.34449149909142
745,2023-06-28 08:00:00,1280.7783520377943,1286.224384889456,1302.8176184526365,779.4340039787754,1272.3202480209643,5.446032851661585,22.039266414842132,501.3443480590189,8.45810401683002
746,2023-06-28 09:00:00,1892.6187243513118,1714.3439561429486,1657.5666490659003,1354.4522280408112,1656.44109363629,178.27476820836318,235.05207528541155,538.1664963105006,236.1776307150219
747,2023-06-28 10:00:00,2223.9426315906817,2321.3457340736195,2474.17227164883,1901.8365449960925,2407.273836306457,97.40310248293781,250.2296400581481,322.1060865945892,183.33120471577513
748,2023-06-28 11:00:00,2224.2858631213026,2320.476607149327,2226.7637725709837,3391.0974942880966,2308.757515607435,96.19074402802426,2.477909449681192,1166.811631166794,84.47165248613237
749,2023-06-28 12:00:00,2535.6921442391777,2412.208966114009,2220.7732258780393,1905.208193480637,2252.5634420494493,123.4831781251687,314.91891836113837,630.4839507585407,283.1287021897283
750,2023-06-28 13:00:00,2614.424244431629,2289.7919020519334,2200.7330506802655,2352.7364222072997,2230.5740593693995,324.63234237969573,413.6911937513637,261.68782222432947,383.8501850622297
751,2023-06-28 14:00:00,2169.092834283892,2061.0987838682386,2238.224077429058,2043.2213414713517,2184.2800520311293,107.99405041565342,69.13124314516608,125.87149281254028,15.187217747237355
752,2023-06-28 15:00:00,1903.489793285302,1861.9300540787608,1686.0503239868783,1878.3796457094872,1739.549417825868,41.55973920654128,217.43946929842377,25.110147575814835,163.9403754594341
753,2023-06-28 16:00:00,1165.763988335777,1305.9467190615887,1219.852164635848,1319.5688404706812,1246.320974515059,140.18273072581178,54.088176300071154,153.8048521349042,80.55698617928215
754,2023-06-28 17:00:00,432.78859602207706,667.7198549809274,682.2384763237536,595.3439880553162,674.244860973018,234.93125895885032,249.44988030167656,162.55539203323917,241.45626495094098
755,2023-06-28 18:00:00,0.0,89.56692996135833,22.36730790520769,933.3358935705321,84.99411022551817,89.56692996135833,22.36730790520769,933.3358935705321,84.99411022551817
756,2023-06-28 19:00:00,37.97229166058762,62.78818969988063,67.52603850920052,-384.92965598513433,43.55460731396998,24.81589803929301,29.553746848612896,422.901947645722,5.582315653382359
757,2023-06-28 20:00:00,0.0,39.3915015870439,48.19348039504725,-487.1316308066313,28.42610313047341,39.3915015870439,48.19348039504725,487.1316308066313,28.42610313047341
758,2023-06-28 21:00:00,114.17201983707521,54.92891981429762,57.013914715645114,-176.41021612029567,48.73836802289282,59.24310002277759,57.1581051214301,290.58223595737087,65.43365181418238
759,2023-06-28 22:00:00,5.723052996048269,17.92268918484517,0.4034107396758923,197.54129109035387,10.483501945077514,12.1996361887969,5.319642256372377,191.8182380943056,4.760448949029245
760,2023-06-28 23:00:00,86.28760928894988,58.33020902900304,47.866158500450325,526.4171095232394,66.0462156253596,27.957400259946837,38.421450788499556,440.1295002342896,20.241393663590287
761,2023-06-29 00:00:00,16.392068638169956,41.13886940092197,40.91490691603754,-135.90823702822752,34.999757787535614,24.746800762752013,24.52283827786758,152.30030566639746,18.607689149365658
762,2023-06-29 01:00:00,0.0,43.90453344101751,47.34014826471589,-503.0190672084058,28.11871693191006,43.90453344101751,47.34014826471589,503.0190672084058,28.11871693191006
763,2023-06-29 02:00:00,0.0,42.70464783895618,62.808039230473334,-213.1787088354281,49.563807867005885,42.70464783895618,62.808039230473334,213.1787088354281,49.563807867005885
764,2023-06-29 03:00:00,0.0,35.7244546045127,23.486567706581774,-82.59064935324318,22.312131607585897,35.7244546045127,23.486567706581774,82.59064935324318,22.312131607585897
765,2023-06-29 04:00:00,87.7290546769642,29.92014968569765,16.307981212957642,-32.90774454788311,17.319386129619502,57.808904991266544,71.42107346400655,120.63679922484731,70.4096685473447
766,2023-06-29 05:00:00,0.0,51.12486202968576,63.453165522394485,-45.552579637823214,57.36140134652921,51.12486202968576,63.453165522394485,45.552579637823214,57.36140134652921
767,2023-06-29 06:00:00,41.783747329327326,85.54760680949101,76.21409403262611,40.15115482126737,76.8295040531129,43.76385948016369,34.43034670329878,1.6325925080599575,35.04575672378557
768,2023-06-29 07:00:00,632.5050043335309,634.7109787632337,677.5657703431633,728.8856544837796,670.889365112604,2.205974429702792,45.0607660096324,96.3806501502487,38.38436077907306
769,2023-06-29 08:00:00,1134.6662285732998,1320.875268386001,1223.9561504425135,1157.7461040132166,1239.727880808649,186.20903981270112,89.28992186921369,23.079875439916805,105.06165223534913
770,2023-06-29 09:00:00,1970.0236627539277,1891.4074881726638,1970.112157988361,1302.3515256499768,1932.7930180333778,78.61617458126398,0.08849523443336693,667.672137103951,37.23064472054989
771,2023-06-29 10:00:00,2225.211721045869,2386.8387742539885,2532.5910644414253,2079.191241071903,2490.087376974916,161.62705320811938,307.37934339555613,146.0204799739663,264.87565592904684
772,2023-06-29 11:00:00,2633.680906363161,2426.9236981198987,2425.1496398826876,2599.708749689323,2431.4095621117935,206.75720824326208,208.53126648047328,33.97215667383762,202.27134425136728
773,2023-06-29 12:00:00,2535.0494908061573,2455.2743623872584,2553.091083421289,2405.94667363838,2529.9044566186053,79.77512841889893,18.041592615131776,129.10281716777718,5.145034187552028
774,2023-06-29 13:00:00,2471.07411257401,2440.14584598143,2592.728900604053,2375.6830875935248,2556.9844409033626,30.928266592580258,121.65478803004271,95.39102498048533,85.91032832935252
775,2023-06-29 14:00:00,2368.8813101398737,2403.7609619245463,2577.0980322514542,2052.880314335116,2527.0594738451937,34.87965178467266,208.21672211158057,316.0009958047576,158.17816370532
776,2023-06-29 15:00:00,1762.907195858498,1975.0651461905975,2032.5787731203882,2095.149595976164,2024.0104094111823,212.15795033209952,269.6715772618902,332.2424001176662,261.10321355268434
777,2023-06-29 16:00:00,1331.6497026762556,1462.6586181436153,1320.7303893974272,1372.5120505296834,1348.879415278527,131.00891546735966,10.91931327882844,40.862347853427764,17.22971260227132
778,2023-06-29 17:00:00,707.5845736095757,549.4468931800657,505.7041094331704,902.6402847916481,527.3221427568931,158.13768042951006,201.88046417640533,195.0557111820724,180.26243085268266
779,2023-06-29 18:00:00,246.9851048889878,89.87469641146765,54.061626685592344,183.34310595441207,65.11255621193547,157.11040847752014,192.92347820339546,63.641998934575724,181.87254867705232
780,2023-06-29 19:00:00,33.94004701350825,59.1833044549607,61.82632789130787,-492.2497866095558,42.51202239854148,25.24325744145245,27.88628087779962,526.189833623064,8.571975385033234
781,2023-06-29 20:00:00,0.0,48.80539346893408,50.20590036252883,38.05773089953357,49.43630096024989,48.80539346893408,50.20590036252883,38.05773089953357,49.43630096024989
782,2023-06-29 21:00:00,0.0,12.098857087051265,1.2074670689013336,-55.8490853177276,1.412700562696278,12.098857087051265,1.2074670689013336,55.8490853177276,1.412700562696278
783,2023-06-29 22:00:00,0.0,36.21181026655646,36.85715293950739,160.40185276152226,41.42836314317722,36.21181026655646,36.85715293950739,160.40185276152226,41.42836314317722
784,2023-06-29 23:00:00,0.0,18.060218343415958,9.42917353895421,47.236823645144,12.758529336542974,18.060218343415958,9.42917353895421,47.236823645144,12.758529336542974
785,2023-06-30 00:00:00,5.808866738897515,17.558913740080854,5.628858805185808,154.00745421220938,13.897047276891815,11.75004700118334,0.18000793371170687,148.19858747331187,8.088180537994301
786,2023-06-30 01:00:00,0.0,22.34240028432223,13.238329944788322,366.2526359651638,28.69393297964205,22.34240028432223,13.238329944788322,366.2526359651638,28.69393297964205
787,2023-06-30 02:00:00,26.62558391545562,35.24725480544327,24.03663475432136,463.35367754086354,43.24467236469434,8.621670889987648,2.5889491611342628,436.72809362540795,16.619088449238717
788,2023-06-30 03:00:00,0.0,37.186596666632006,27.072872714207254,185.58676895510825,35.33048777039926,37.186596666632006,27.072872714207254,185.58676895510825,35.33048777039926
789,2023-06-30 04:00:00,91.53267774335319,35.57670794556118,50.43159657410178,261.10373613799175,55.219005427469554,55.95596979779201,41.10108116925141,169.57105839463856,36.313672315883636
790,2023-06-30 05:00:00,0.0,45.15973752130559,54.59159475495818,147.3504306243654,56.067283487767696,45.15973752130559,54.59159475495818,147.3504306243654,56.067283487767696
791,2023-06-30 06:00:00,0.0,48.95543561873725,43.70778921503475,477.2375460389461,61.391215215063156,48.95543561873725,43.70778921503475,477.2375460389461,61.391215215063156
792,2023-06-30 07:00:00,630.4680786340525,608.3871126319602,602.8874218000872,726.7201598621429,608.8132971433065,22.080966002092282,27.58065683396535,96.25208122809033,21.654781490746018
793,2023-06-30 08:00:00,1194.859433429871,1240.1081497416753,1219.136404891373,1146.9612386476626,1220.426633444473,45.2487163118044,24.27697146150217,47.89819478220829,25.567200014602122
794,2023-06-30 09:00:00,1703.4599313621723,1893.427875996567,1977.213779260721,1710.6026462249497,1948.5291630807412,189.96794463439483,273.75384789854866,7.142714862777439,245.06923171856897
795,2023-06-30 10:00:00,2112.9968988482838,2220.061519604187,2220.516506456149,1962.7779625868393,2209.4942653514236,107.06462075590343,107.51960760786505,150.21893626144447,96.4973665031398
796,2023-06-30 11:00:00,2684.521595313208,2403.5936622069485,2544.7495153007444,2318.6837065599984,2505.8831439285505,280.9279331062594,139.77208001246345,365.8378887532094,178.6384513846574
797,2023-06-30 12:00:00,2658.7252807674595,2461.6375927032345,2225.46716806998,2326.6783685046157,2278.749674371235,197.08768806422495,433.25811269747965,332.04691226284376,379.9756063962245
798,2023-06-30 13:00:00,2284.4199250117777,2440.7720478777205,2203.554359656328,2339.2400236012822,2258.5157936231826,156.35212286594287,80.86556535544969,54.820098589504596,25.904131388595033
799,2023-06-30 14:00:00,2229.182175002338,2317.847761741396,2197.506478163891,2321.47174476129,2227.7261083632247,88.66558673905774,31.67569683844704,92.28956975895198,1.4560666391134873
800,2023-06-30 15:00:00,1927.1525424103177,1863.2307436111194,1875.819089634309,1955.4053817233296,1876.5821398083904,63.921798799198314,51.3334527760087,28.25283931301192,50.5704026019273
801,2023-06-30 16:00:00,1246.7544696307596,1343.0959686976867,1238.339004578644,1881.2170811545575,1287.3272079110168,96.3414990669271,8.41546505211545,634.4626115237979,40.57273828025723
802,2023-06-30 17:00:00,634.6489044601087,588.8157188454028,630.5440526745335,799.6480147866805,629.0577568902729,45.83318561470594,4.1048517855751925,164.99911032657178,5.591147569835812
803,2023-06-30 18:00:00,102.22914699121067,117.83473833518755,197.33280980912627,535.4562089288125,195.17780664050989,15.605591343976883,95.1036628179156,433.2270619376019,92.94865964929922
804,2023-06-30 19:00:00,31.304825665555462,33.76439578477208,12.574654076759067,398.81590814140924,33.34650530911762,2.4595701192166146,18.730171588796395,367.51108247585375,2.041679643562155
805,2023-06-30 20:00:00,0.0,26.129814423589366,18.10488406147608,538.3194940969784,44.515152038239854,26.129814423589366,18.10488406147608,538.3194940969784,44.515152038239854
806,2023-06-30 21:00:00,0.0,26.753498330791704,34.99904181331605,-464.6531958209912,9.507694511615245,26.753498330791704,34.99904181331605,464.6531958209912,9.507694511615245
807,2023-06-30 22:00:00,0.0,16.781441943868465,21.723342685616498,-211.48132654518702,9.571547360919054,16.781441943868465,21.723342685616498,211.48132654518702,9.571547360919054
808,2023-06-30 23:00:00,0.0,37.672733266671,43.744667985687826,-393.93734360291535,21.682413442141726,37.672733266671,43.744667985687826,393.93734360291535,21.682413442141726
809,2023-07-01 00:00:00,0.0,21.12837586057183,17.162203108076287,289.87256448639505,30.951227211457798,21.12837586057183,17.162203108076287,289.87256448639505,30.951227211457798
810,2023-07-01 01:00:00,9.806485494437835,14.376532873914062,8.198313199473722,-284.9043631587858,-4.195270041141182,4.570047379476227,1.6081722949641133,294.71084865322365,14.001755535579017
811,2023-07-01 02:00:00,10.040709958574999,25.989996052752332,18.50637678103222,216.67153970212183,29.595615231877964,15.949286094177333,8.465666822457221,206.63082974354683,19.554905273302964
812,2023-07-01 03:00:00,0.0,27.59991804625561,24.861312651376583,174.61662616638932,32.56366833047787,27.59991804625561,24.861312651376583,174.61662616638932,32.56366833047787
813,2023-07-01 04:00:00,0.0,40.46141864624141,31.83096246959727,13.646248677035032,32.97871772290327,40.46141864624141,31.83096246959727,13.646248677035032,32.97871772290327
814,2023-07-01 05:00:00,117.66099794565739,49.757785594495864,98.49463916110781,-249.83863614725658,70.73256864473032,67.90321235116153,19.166358784549573,367.499634092914,46.928429300927064
815,2023-07-01 06:00:00,7.623449532818736,57.14557251968544,24.514870648057,194.95596142906106,40.1403193560666,49.522122986866705,16.891421115238263,187.33251189624232,32.51686982324786
816,2023-07-01 07:00:00,732.5752973955854,547.1479842627283,542.2899594966973,617.743221642017,546.979093153545,185.42731313285708,190.2853378988881,114.83207575356835,185.59620424204036
817,2023-07-01 08:00:00,1383.4914632990444,1270.4436013611507,1214.4109892783051,1049.7592350205264,1218.8775885061655,113.04786193789369,169.0804740207393,333.73222827851805,164.61387479287896
818,2023-07-01 09:00:00,1927.1222733323536,1848.348968466699,1864.392847065528,1107.7478341098438,1824.0102889921025,78.77330486565461,62.72942626682561,819.3744392225099,103.11198434025118
819,2023-07-01 10:00:00,2096.988482320286,2172.5259791393332,2148.2237350300193,2133.882235534028,2152.9374030177487,75.53749681904719,51.23525270973323,36.893753213742,55.948920697462654
820,2023-07-01 11:00:00,2388.7749176081693,2421.978371317827,2495.9525245357017,2544.3027265412074,2481.8329290138163,33.20345370965788,107.17760692753245,155.52780893303816,93.058011405647
821,2023-07-01 12:00:00,2729.175963209285,2453.8443977068664,2519.9003948991963,2052.0975105020584,2482.4335640011645,275.33156550241847,209.2755683100886,677.0784527072265,246.74239920812033
822,2023-07-01 13:00:00,2200.174975853912,2281.4603809372243,2308.7887255886367,2601.6962642588887,2316.9532158256934,81.28540508331207,108.61374973472448,401.52128840497653,116.7782399717812
823,2023-07-01 14:00:00,2124.244365946045,2288.4913111799715,2634.69469159459,2678.355454255251,2559.72981280535,164.24694523392645,510.450325648545,554.111088309206,435.48544685930483
824,2023-07-01 15:00:00,1455.8972839800292,1798.1116329268716,1731.8622815823041,1784.3754345701054,1749.1687076590783,342.2143489468424,275.96499760227493,328.4781505900762,293.2714236790491
825,2023-07-01 16:00:00,1198.3657933342208,1291.7176157497943,1276.7536423387685,1100.2725233668234,1271.5000206691204,93.35182241557345,78.38784900454766,98.09326996739742,73.1342273348996
826,2023-07-01 17:00:00,683.5344889595423,651.0409058232635,681.4101728313467,1357.959410775007,707.5613539897179,32.493583136278744,2.1243161281955736,674.4249218154647,24.0268650301756
827,2023-07-01 18:00:00,100.74532639160441,126.42518393371326,99.0890177191742,-175.3195582359332,91.82622642350285,25.67985754210885,1.6563086724302138,276.0648846275376,8.919099968101563
828,2023-07-01 19:00:00,4.262296845189587,17.400702476613386,23.40506908762113,-237.24177141800624,9.387853576993736,13.1384056314238,19.14277224243154,241.50406826319582,5.125556731804149
829,2023-07-01 20:00:00,0.0,18.38322422270377,-0.3560898437876457,517.8869810677356,28.40100136499072,18.38322422270377,0.3560898437876457,517.8869810677356,28.40100136499072
830,2023-07-01 21:00:00,72.21950844150402,3.7137413163163746,2.1707121427615492,-563.3644926789892,-23.946458661885558,68.50576712518765,70.04879629874247,635.5840011204932,96.16596710338958
831,2023-07-01 22:00:00,0.0,4.925279435364763,3.266640321417451,-215.29656492503136,-6.572625586442226,4.925279435364763,3.266640321417451,215.29656492503136,6.572625586442226
832,2023-07-01 23:00:00,0.0,4.204771997866588,1.4125382762777021,-451.65872358071397,-19.138437048203077,4.204771997866588,1.4125382762777021,451.65872358071397,19.138437048203077
833,2023-07-02 00:00:00,0.0,6.31107713384288,0.9071683552439956,508.2318086208204,25.96091335666248,6.31107713384288,0.9071683552439956,508.2318086208204,25.96091335666248
834,2023-07-02 01:00:00,168.3009181556635,77.3751501515101,100.97659740924314,-200.1185953490491,81.22569168108693,90.92576800415341,67.32432074642037,368.4195135047126,87.07522647457658
835,2023-07-02 02:00:00,59.071875924842985,76.9326740262968,92.2665626329049,55.93943663229402,86.89485417233323,17.86079810145381,33.19468670806191,3.132439292548966,27.82297824749024
836,2023-07-02 03:00:00,67.69988068580001,76.67527100903227,101.31938674715624,109.11106291043177,95.78544320457813,8.975390323232261,33.61950606135623,41.41118222463176,28.08556251877812
837,2023-07-02 04:00:00,0.0,10.748673903494407,8.39805784830657,-50.80583603721209,6.187925735827271,10.748673903494407,8.39805784830657,50.80583603721209,6.187925735827271
838,2023-07-02 05:00:00,6.379973399079843,9.838119093619813,1.1216268428586227,-112.50825655731683,-2.1137667381812157,3.4581456945399704,5.25834655622122,118.88822995639667,8.493740137261058
839,2023-07-02 06:00:00,0.0,11.159476071483391,0.1341272169475495,473.967372861228,24.96488071690338,11.159476071483391,0.1341272169475495,473.967372861228,24.96488071690338
840,2023-07-02 07:00:00,681.4437057834514,613.7121916544943,686.6201578805578,508.1475782564276,660.8101094129686,67.73151412895709,5.1764520971064485,173.29612752702377,20.633596370482792
841,2023-07-02 08:00:00,1406.902965402316,1513.2609307838054,1347.6466563421754,934.9232425273942,1374.9076436278528,106.3579653814893,59.256309060140666,471.9797228749219,31.995321774463264
842,2023-07-02 09:00:00,1735.4710556058694,1648.4351222356129,1608.3559869170049,1558.666402162543,1617.1818888831467,87.03593337025654,127.11506868886454,176.80465344332652,118.28916672272271
843,2023-07-02 10:00:00,1967.7733030583145,2114.4643249758888,2112.697274700792,2347.5149000184383,2123.6105063004175,146.6910219175743,144.92397164247768,379.74159696012384,155.837203242103
844,2023-07-02 11:00:00,2579.35847836585,2341.6773083733065,2707.3268849203637,2259.3136782504716,2586.7834228815345,237.68116999254335,127.96840655451388,320.04480011537817,7.424944515684729
845,2023-07-02 12:00:00,2380.867970418581,2436.9653878575364,2350.575894175873,2502.2872952591642,2381.092335527543,56.09741743895529,30.292076242707935,121.41932484058316,0.2243651089620471
846,2023-07-02 13:00:00,2531.8107551196717,2238.4336644929335,2153.8610509634336,2353.7769312438904,2186.0178406311165,293.3770906267382,377.9497041562381,178.0338238757813,345.7929144885552
847,2023-07-02 14:00:00,2019.8300668577926,2093.629821191378,2179.5158476261363,2103.399268797703,2152.4947002057247,73.7997543335855,159.68578076834365,83.56920193991027,132.66463334793207
848,2023-07-02 15:00:00,1542.6488786781297,1502.1220255756512,1493.8078926416179,2046.122307403521,1520.621403910326,40.526853102478526,48.84098603651182,503.4734287253914,22.027474767803596
849,2023-07-02 16:00:00,1009.4737332888723,1458.3597759596205,1232.8572076274827,1115.1541632286735,1289.7033111023322,448.8860426707482,223.38347433861043,105.68042993980123,280.22957781345997
850,2023-07-02 17:00:00,636.9364684193145,654.7117964467831,669.6210224131336,920.5381550763598,676.6587686387621,17.775328027468618,32.68455399381912,283.6016866570453,39.722300219447675
851,2023-07-02 18:00:00,40.69204348379381,106.65372861595257,83.83848033956865,91.83310393510033,90.47367376550007,65.96168513215876,43.14643685577484,51.141060451306515,49.781630281706256
852,2023-07-02 19:00:00,77.61725938169741,21.182703429327145,5.025015485897494,303.3244138642256,22.71830234882415,56.43455595237026,72.59224389579991,225.7071544825282,54.898957032873255
853,2023-07-02 20:00:00,26.22988850483667,18.377413889799115,48.18919291471766,-18.961785022397862,36.42552894460888,7.852474615037554,21.95930440988099,45.19167352723453,10.195640439772209
854,2023-07-02 21:00:00,0.0,16.15669371761097,3.0117719039818054,-132.13909219103675,0.647686887712422,16.15669371761097,3.0117719039818054,132.13909219103675,0.647686887712422
855,2023-07-02 22:00:00,40.27472862775287,12.238729049921151,0.023114630285777704,-93.70257128788501,-0.7131958791125617,28.03599957783172,40.251613997467096,133.97729991563787,40.98792450686543
856,2023-07-02 23:00:00,0.0,18.137347374548153,0.9906775785025383,39.92931043422891,7.771189519833655,18.137347374548153,0.9906775785025383,39.92931043422891,7.771189519833655
857,2023-07-03 00:00:00,0.0,5.1646656168192075,0.24305925055734398,225.76477368469511,12.012840734403419,5.1646656168192075,0.24305925055734398,225.76477368469511,12.012840734403419
858,2023-07-03 01:00:00,0.0,5.638754726671255,2.0604993462817944,189.9985054811529,11.71639139064665,5.638754726671255,2.0604993462817944,189.9985054811529,11.71639139064665
859,2023-07-03 02:00:00,0.0,22.18400706638873,1.56641763947063,-323.60215178570604,-7.329027105575342,22.18400706638873,1.56641763947063,323.60215178570604,7.329027105575342
860,2023-07-03 03:00:00,22.318248153251904,15.891032505783796,3.212054694977037,-132.50527201235423,0.6862488219699872,6.427215647468108,19.106193458274866,154.82352016560614,21.631999331281918
861,2023-07-03 04:00:00,0.0,11.01685297440441,2.207892414460953,-60.71481380274156,1.8907237380617232,11.01685297440441,2.207892414460953,60.71481380274156,1.8907237380617232
862,2023-07-03 05:00:00,0.0,12.700554755919802,5.914673769872888,-43.98543722910756,5.60488523408512,12.700554755919802,5.914673769872888,43.98543722910756,5.60488523408512
863,2023-07-03 06:00:00,1.8466044561923933,5.292243237937736,0.05269933555816536,592.0274085391584,28.70988495942819,3.445638781745343,1.793905120634228,590.180804082966,26.8632805032358
864,2023-07-03 07:00:00,548.5969668073644,637.4474445901158,682.7449625983257,1053.1288164064774,686.5217978313128,88.85047778275134,134.14799579096132,504.531849599113,137.9248310239484
865,2023-07-03 08:00:00,1250.9467882306353,1417.8716010304684,1381.2646829260257,1180.1758739064348,1382.586776646355,166.92481279983303,130.31789469539035,70.77091432420048,131.6399884157197
866,2023-07-03 09:00:00,1774.1493413732455,1589.0436706738149,1599.4918374215495,1196.9410620406743,1577.7425392495497,185.10567069943068,174.65750395169607,577.2082793325712,196.4068021236958
867,2023-07-03 10:00:00,2134.526057838888,1992.9415229701547,2489.564690782869,2149.5862696000077,2329.068716032938,141.58453486873327,355.03863294398116,15.060211761119717,194.5426581940501
868,2023-07-03 11:00:00,2204.21896126733,2299.839014569081,2187.54069825462,2973.9561081670904,2256.8023200262573,95.62005330175089,16.678263012709976,769.7371468997603,52.58335875892726
869,2023-07-03 12:00:00,2686.4817650864925,2462.943924567358,2610.103184028966,1984.2904233159024,2538.1469390638226,223.53784051913453,76.37858105752639,702.19134177059,148.33482602266986
870,2023-07-03 13:00:00,2108.7363886175995,2320.6570372810515,2325.437572435962,2164.297332394893,2316.5570921154754,211.92064866345208,216.70118381836255,55.56094377729369,207.8207034978759
871,2023-07-03 14:00:00,2236.9890649583836,2070.3378468226333,2030.8638358347812,1509.4030983524635,2018.1347792198467,166.65121813575024,206.12522912360237,727.58596660592,218.85428573853687
872,2023-07-03 15:00:00,1621.5208914186128,1502.2216274472853,1410.537668083762,1684.137292502919,1449.9643092364424,119.29926397132749,210.9832233348509,62.61640108430629,171.55658218217036
873,2023-07-03 16:00:00,986.7575568299296,1215.236287181022,1035.7023148140077,1155.184648009008,1093.5640695319555,228.47873035109228,48.944757984078024,168.4270911790784,106.80651270202588
874,2023-07-03 17:00:00,483.7762298252324,599.4710062263734,584.7223148534079,459.11858888755427,583.1832126006411,115.69477640114104,100.94608502817545,24.65764093767814,99.40698277540872
875,2023-07-03 18:00:00,0.0,75.69125027145708,43.966816560569086,258.04701303040486,63.157722672321164,75.69125027145708,43.966816560569086,258.04701303040486,63.157722672321164
876,2023-07-03 19:00:00,42.74416397841328,69.89764045584631,56.86813669138502,-481.24296635343364,35.660404703219044,27.15347647743303,14.123972712971735,523.987130331847,7.0837592751942395
877,2023-07-03 20:00:00,0.0,43.15355479965902,0.022873153177609715,534.0304667109273,35.58123835839036,43.15355479965902,0.022873153177609715,534.0304667109273,35.58123835839036
878,2023-07-03 21:00:00,0.0,6.436409968293255,0.021027738267582446,169.92178760763443,9.106887557875304,6.436409968293255,0.021027738267582446,169.92178760763443,9.106887557875304
879,2023-07-03 22:00:00,0.0,6.541490784955178,0.021027738267582446,-74.48427222832083,-1.1181031490386686,6.541490784955178,0.021027738267582446,74.48427222832083,1.1181031490386686
880,2023-07-03 23:00:00,0.0,1.1046194023771356,5.277254718678218,-153.6148905260718,-2.662944902202894,1.1046194023771356,5.277254718678218,153.6148905260718,2.662944902202894
881,2023-07-04 00:00:00,107.41675511552755,11.109463256078435,0.021027738267582446,184.166248042277,11.129181152247522,96.30729185944912,107.39572737725997,76.74949292674945,96.28757396328002
882,2023-07-04 01:00:00,28.606071266344113,35.58245241815716,26.25017339440157,-202.77305103266792,19.48349795902324,6.976381151813047,2.355897871942542,231.37912229901204,9.122573307320874
883,2023-07-04 02:00:00,0.0,13.293647360030603,5.465967799886745,2.485910678910386,7.7270275144473395,13.293647360030603,5.465967799886745,2.485910678910386,7.7270275144473395
884,2023-07-04 03:00:00,97.63768985493782,24.901442198159575,0.022873153177609715,487.88727174991084,28.080919649556584,72.73624765677825,97.6148167017602,390.249581894973,69.55677020538124
885,2023-07-04 04:00:00,2.0532190398063213,7.763645900263897,20.805233332782475,-125.56988689040202,10.68680044622004,5.710426860457575,18.752014292976153,127.62310593020834,8.633581406413718
886,2023-07-04 05:00:00,10.692440084499761,7.405212915108067,0.021027738267582446,221.91640771786558,11.58427468138348,3.287227169391694,10.671412346232179,211.22396763336582,0.8918345968837187
887,2023-07-04 06:00:00,91.42202133340417,7.668604828136763,0.021027738267582446,209.7206718439037,11.15274474141897,83.75341650526741,91.4009935951366,118.29865051049951,80.2692765919852
888,2023-07-04 07:00:00,551.5033879621458,590.4020535014179,584.7223148534079,654.8629756614705,589.3972814829034,38.89866553927209,33.21892689126207,103.35958769932472,37.893893520757615
889,2023-07-04 08:00:00,1255.3422313689964,1152.6758021581609,828.108790998775,990.6110360359849,934.9038241884709,102.66642921083553,427.2334403702214,264.73119533301156,320.4384071805255
890,2023-07-04 09:00:00,1685.9271878025581,1658.670915009992,1747.756767139214,1683.0319171845676,1717.6282718970285,27.25627279256605,61.8295793366558,2.895270617990491,31.70108409447039
891,2023-07-04 10:00:00,2019.2221021318703,2129.4940518765115,2235.307372413282,1835.1995364702111,2186.4166699419916,110.27194974464123,216.08527028141157,184.0225656616592,167.19456781012127
892,2023-07-04 11:00:00,2086.183752455422,2212.828434373838,2145.0947131072644,2133.396017541397,2165.5324504120135,126.6446819184157,58.91096065184229,47.212265085975105,79.34869795659142
893,2023-07-04 12:00:00,2449.6601537898605,2375.3979921837804,2208.0934193731537,2485.4433243658036,2270.9917739680045,74.2621616060801,241.56673441670682,35.78317057594313,178.66837982185598
894,2023-07-04 13:00:00,2066.353489873871,2190.074979245597,2082.280307308745,2102.532820395969,2116.3818587045853,123.72148937172642,15.92681743487401,36.1793305220981,50.0283688307145
895,2023-07-04 14:00:00,2052.6684773228217,2213.9248428241945,2125.326260098068,2340.5592085731732,2161.406523516131,161.25636550137278,72.65778277524623,287.89073125035156,108.7380461933094
896,2023-07-04 15:00:00,1765.703059598719,1624.2370959911614,1634.5631037078585,1636.537716573438,1631.455119927897,141.46596360755757,131.1399558908604,129.1653430252809,134.247939670822
897,2023-07-04 16:00:00,1066.5644600182736,998.9210766849552,970.7654704127369,1370.426744888961,995.6620928134224,67.64338333331841,95.79898960553669,303.8622848706873,70.9023672048512
898,2023-07-04 17:00:00,601.5215900253559,614.4967532525669,576.9477698328562,1086.190121438049,609.1873555211015,12.975163227211056,24.573820192499625,484.668531412693,7.665765495745632
899,2023-07-04 18:00:00,0.0,82.14185466574153,16.351801469734905,343.25622000153413,49.91779270907337,82.14185466574153,16.351801469734905,343.25622000153413,49.91779270907337
900,2023-07-04 19:00:00,16.126716851229013,43.41386978385706,47.287331722660646,-95.76014492916056,40.291718970910225,27.287152932628047,31.160614871431633,111.88686178038958,24.165002119681212
901,2023-07-04 20:00:00,88.4329924171986,15.94905967550011,3.4187731380619586,-375.8730642510451,-9.771872242368648,72.4839327416985,85.01421927913664,464.3060566682437,98.20486465956725
902,2023-07-04 21:00:00,72.5139669920834,21.051857290733288,16.243914588649286,-392.98889835388763,-0.6695231814455909,51.46210970135011,56.27005240343411,465.50286534597103,73.18349017352898
903,2023-07-04 22:00:00,8.245843353927011,21.775428006892092,59.71893041351824,-177.01354362182292,37.39910925465628,13.529584652965081,51.47308705959122,185.25938697574992,29.15326590072927
904,2023-07-04 23:00:00,0.0,9.155371391056631,3.7545097284194076,-17.31272923376423,4.470093886064891,9.155371391056631,3.7545097284194076,17.31272923376423,4.470093886064891
905,2023-07-05 00:00:00,0.0,5.66097340306559,0.2795940417815873,46.13027224112648,3.996877708145132,5.66097340306559,0.2795940417815873,46.13027224112648,3.996877708145132
906,2023-07-05 01:00:00,0.0,4.596113753197204,9.350727806402215,-106.4788875938608,2.6810954842773302,4.596113753197204,9.350727806402215,106.4788875938608,2.6810954842773302
907,2023-07-05 02:00:00,0.0,3.7601616121625545,0.6612381082603336,422.6198330435336,20.58051220790216,3.7601616121625545,0.6612381082603336,422.6198330435336,20.58051220790216
908,2023-07-05 03:00:00,0.0,11.276662701570217,0.8698788691497548,130.00830574863176,9.877519995714156,11.276662701570217,0.8698788691497548,130.00830574863176,9.877519995714156
909,2023-07-05 04:00:00,0.0,4.080786032115413,0.4976740900216504,-168.16428518733687,-5.980075442583862,4.080786032115413,0.4976740900216504,168.16428518733687,5.980075442583862
910,2023-07-05 05:00:00,0.0,8.287912714311364,1.3248212334043796,831.6296681658185,40.7871030518635,8.287912714311364,1.3248212334043796,831.6296681658185,40.7871030518635
911,2023-07-05 06:00:00,68.22447204454198,71.60791521183548,93.75049869790978,506.30425254192505,105.47731398840146,3.3834431672934926,25.526026653367794,438.07978049738307,37.25284194385948
912,2023-07-05 07:00:00,621.3442742894011,602.0045142436834,555.2751157726353,408.24657904614276,563.0508352626324,19.339760045717753,66.06915851676581,213.09769524325839,58.29343902676874
913,2023-07-05 08:00:00,1103.1695213495484,1293.5929257476537,1206.1144783079608,1359.7669048405721,1240.2997518042316,190.42340439810528,102.94495695841238,256.5973834910237,137.13023045468321
914,2023-07-05 09:00:00,1639.9055698915683,1729.8931135082912,1770.7812633947883,1176.4515170558514,1732.357561954698,89.98754361672286,130.87569350321996,463.454052835717,92.45199206312964
915,2023-07-05 10:00:00,2083.718505580016,2073.7047419536248,2058.3950317635595,1481.902931186757,2038.4586582418922,10.01376362639121,25.3234738164565,601.8155743932589,45.25984733812379
916,2023-07-05 11:00:00,1920.166518664963,2084.187070178434,2070.1134908068425,2208.0321398765623,2080.4758593657903,164.02055151347122,149.94697214187954,287.8656212115993,160.3093407008273
917,2023-07-05 12:00:00,2060.539348967802,2330.692977560987,2536.454000519687,2356.788177128162,2463.8527870611383,270.15362859318475,475.9146515518846,296.2488281603596,403.3134380933361
918,2023-07-05 13:00:00,1848.0813885689406,2087.009359909635,2079.6790345459526,2056.5128619195843,2080.9953980088703,238.92797134069428,231.597645977012,208.43147335064373,232.9140094399297
919,2023-07-05 14:00:00,1543.1274888744051,2069.445633578334,2050.916793987946,2236.2725784531426,2064.7217868295875,526.3181447039287,507.7893051135411,693.1450895787375,521.5942979551824
920,2023-07-05 15:00:00,1474.4319575301647,1718.5901524466087,1748.8308155652123,1274.2788404697471,1718.9098524262208,244.15819491644402,274.3988580350476,200.15311706041757,244.4778948960561
921,2023-07-05 16:00:00,1136.92897753616,1154.0329516883246,1078.6449260503832,746.5269708894798,1088.150718767503,17.10397415216471,58.28405148577667,390.4020066466801,48.778258768657
922,2023-07-05 17:00:00,662.652258038419,590.6579641864075,591.0600772080645,602.3244880497879,591.4171562548391,71.99429385201142,71.59218083035444,60.327769988631076,71.23510178357981
923,2023-07-05 18:00:00,18.748775258318865,89.4803790200105,71.22694135638602,-29.523548422207682,72.65498627808691,70.73160376169164,52.478166098067156,48.27232368052655,53.906211019768044
924,2023-07-05 19:00:00,42.750125027203794,35.6660460531379,7.228705526549537,-68.8929400336217,12.926046760994353,7.084078974065896,35.521419500654254,111.64306506082549,29.82407826620944
925,2023-07-05 20:00:00,0.0,23.429422094723172,73.17150315560767,-275.20179051993125,39.46124537685161,23.429422094723172,73.17150315560767,275.20179051993125,39.46124537685161
926,2023-07-05 21:00:00,0.0,9.832312117666072,12.724516968539453,20.10976461054679,12.126672372262037,9.832312117666072,12.724516968539453,20.10976461054679,12.126672372262037
927,2023-07-05 22:00:00,5.238788756576932,13.156722124572324,0.03889299916653086,77.3439885932753,8.210976746468546,7.917933367995392,5.199895757410402,72.10519983669836,2.972187989891614
928,2023-07-05 23:00:00,0.0,7.479075744101817,0.01270664342574575,-15.765257004950058,1.7180821130582336,7.479075744101817,0.01270664342574575,15.765257004950058,1.7180821130582336
929,2023-07-06 00:00:00,0.0,12.154614953846869,0.9160429444711594,222.18613749883383,15.558052299314955,12.154614953846869,0.9160429444711594,222.18613749883383,15.558052299314955
930,2023-07-06 01:00:00,0.0,18.243428923501337,6.937340832661425,-148.1069881962046,3.0563008089911383,18.243428923501337,6.937340832661425,148.1069881962046,3.0563008089911383
931,2023-07-06 02:00:00,52.89890784918868,51.56006276725277,84.97924188492188,206.55581022762607,79.85720881461302,1.338845081935915,32.080334035733195,153.6569023784374,26.958300965424336
932,2023-07-06 03:00:00,0.0,22.898871945623103,1.457286661032447,-393.2932253220539,-10.8663735911607,22.898871945623103,1.457286661032447,393.2932253220539,10.8663735911607
933,2023-07-06 04:00:00,0.0,32.684130801551305,7.707670934145689,-469.98180060756613,-7.52785754970221,32.684130801551305,7.707670934145689,469.98180060756613,7.52785754970221
934,2023-07-06 05:00:00,108.3991707473286,70.59149965772588,62.766120805885045,-103.25249800666711,57.186735341324315,37.80767108960272,45.63304994144355,211.6516687539957,51.21243540600428
935,2023-07-06 06:00:00,0.0,50.62141577235217,3.562950578789908,773.0821824525185,57.13565637560943,50.62141577235217,3.562950578789908,773.0821824525185,57.13565637560943
936,2023-07-06 07:00:00,546.2861439191767,577.6305554007783,589.606496305606,1324.9994459904806,621.8654778386517,31.344411481601696,43.32035238642936,778.7133020713039,75.57933391947506
937,2023-07-06 08:00:00,1036.7310587180957,1218.3641665076739,1206.4745004095973,773.679848912243,1193.4397051678682,181.63310778957816,169.74344169150163,263.05120980585275,156.70864644977246
938,2023-07-06 09:00:00,1493.5078059270497,1578.1811475907211,1553.6149131147645,1566.3835360727817,1562.573626707868,84.67334166367141,60.107107187714746,72.87573014573195,69.06582078081829
939,2023-07-06 10:00:00,2091.9815210830943,1867.922578370636,2049.5276245170526,1937.5524469912311,1982.6048415058694,224.05894271245825,42.45389656604175,154.42907409186319,109.37667957722488
940,2023-07-06 11:00:00,2206.499372843522,1825.6946521782309,1874.845627325668,1854.842713151941,1857.1408311893072,380.80472066529114,331.6537455178541,351.6566596915809,349.35854165421483
941,2023-07-06 12:00:00,1953.187731340275,1917.9004266891736,1631.461116675298,2397.549369233864,1760.3421694234416,35.287304651101294,321.726614664977,444.3616378935892,192.84556191683328
942,2023-07-06 13:00:00,2156.2335961183458,1800.514271292658,1756.3474161102574,1765.0267831188708,1771.8890506355895,355.71932482568786,399.88618000808833,391.206812999475,384.3445454827563
943,2023-07-06 14:00:00,1970.7598374915156,1870.3645427057354,1674.0295251551927,1727.2662444789903,1743.6966730588697,100.39529478578015,296.73031233632287,243.49359301252525,227.06316443264586
944,2023-07-06 15:00:00,1606.8455538129197,1754.5168795800141,1717.5128833509903,1116.1039040026938,1706.4478964999123,147.67132576709446,110.66732953807059,490.7416498102259,99.60234268699264
945,2023-07-06 16:00:00,1240.2565989564416,1352.8814072299176,1191.7870804635638,905.4854789565877,1235.8917331165285,112.62480827347599,48.469518492877796,334.7711199998539,4.364865839913136
946,2023-07-06 17:00:00,483.8234583568795,602.2976354322657,589.1120170095598,1331.4439200837367,623.0241333670727,118.4741770753862,105.28855865268036,847.6204617268572,139.20067501019327
947,2023-07-06 18:00:00,137.2560074304486,64.49104239071849,34.57583197298181,178.27753789785078,50.55632922731708,72.7649650397301,102.68017545746679,41.02153046740219,86.69967820313151
948,2023-07-06 19:00:00,7.464211405404846,25.77324514240909,10.409868456516193,170.09181064108753,22.015312758557826,18.309033737004242,2.945657051111347,162.62759923568268,14.55110135315298
949,2023-07-06 20:00:00,80.44470776049425,31.979892042385615,6.850839662764599,-99.04349696597194,10.495826859359124,48.46481571810864,73.59386809772965,179.4882047264662,69.94888090113513
950,2023-07-06 21:00:00,245.40016892693203,28.109475288575222,21.565985482975805,264.1367546128671,33.435348228067724,217.2906936383568,223.83418344395622,18.73658568593507,211.9648206988643
951,2023-07-06 22:00:00,14.407323104886853,34.522926416463385,22.781673271029124,-29.319040268568187,24.378726254759645,20.115603311576532,8.374350166142271,43.726363373455044,9.971403149872792
952,2023-07-06 23:00:00,0.0,21.436440386185424,6.455688641273078,37.92820267642105,12.452793629954874,21.436440386185424,6.455688641273078,37.92820267642105,12.452793629954874
953,2023-07-07 00:00:00,0.0,8.873287826816549,-0.1192584664510374,190.1294630742587,10.407485220202286,8.873287826816549,0.1192584664510374,190.1294630742587,10.407485220202286
954,2023-07-07 01:00:00,0.0,9.099824764543861,-0.45385066162436566,130.13367722150485,7.838154277522959,9.099824764543861,0.45385066162436566,130.13367722150485,7.838154277522959
955,2023-07-07 02:00:00,0.0,11.152923694206937,4.176539411448324,-125.86425411528,1.1201559564364274,11.152923694206937,4.176539411448324,125.86425411528,1.1201559564364274
956,2023-07-07 03:00:00,0.0,2.1419866088959574,0.012724051193138722,-333.54133932886646,-12.799151340292982,2.1419866088959574,0.012724051193138722,333.54133932886646,12.799151340292982
957,2023-07-07 04:00:00,231.5747304378667,73.79341276547221,99.32857661896094,-275.4306179775879,76.12578463899739,157.7813176723945,132.24615381890575,507.0053484154546,155.44894579886932
958,2023-07-07 05:00:00,9.567836365988708,72.19563309605712,96.70416303937881,119.05424997260457,89.87773178293406,62.62779673006841,87.1363266733901,109.48641360661586,80.30989541694535
959,2023-07-07 06:00:00,0.0,71.16677500424937,91.58157208141925,100.71162247409836,85.51188852438617,71.16677500424937,91.58157208141925,100.71162247409836,85.51188852438617
960,2023-07-07 07:00:00,468.0992011850132,593.9325103839265,575.1245481503892,1305.7341628856427,610.5903400480605,125.83330919891324,107.02534696537595,837.6349617006294,142.4911388630473
961,2023-07-07 08:00:00,883.8323745466201,1196.1778394699818,1045.2636623915369,964.9908174636206,1097.5271073668212,312.34546492336165,161.4312878449167,81.15844291700046,213.694732820201
962,2023-07-07 09:00:00,1509.177847149858,1505.1685047547123,1522.963802754296,1696.4884363498477,1521.9953775820043,4.0093423951457225,13.785955604437959,187.31058919998964,12.817530432146214
963,2023-07-07 10:00:00,1991.4189572394755,1999.569744840839,2068.7051198567615,1657.1164438066053,2030.5669960885498,8.15078760136339,77.28616261728598,334.3025134328702,39.14803884907428
964,2023-07-07 11:00:00,2148.438564669204,2032.8746257549346,1965.0565410413853,2428.848738169411,2004.3691118965528,115.56393891426933,183.38202362781863,280.41017350020684,144.06945277265118
965,2023-07-07 12:00:00,2194.3766420078987,1988.9610242776441,2011.266808894998,1934.2591197171384,2000.728235287236,205.41561773025455,183.1098331129008,260.11752229076023,193.6484067206627
966,2023-07-07 13:00:00,1903.7715283995585,1920.1839158188945,1926.6729196410245,2102.255321664671,1929.875563674757,16.412387419336028,22.901391241465944,198.48379326511258,26.104035275198385
967,2023-07-07 14:00:00,1857.1125218543038,1948.0047290770556,2067.4318434750508,1664.6836678684526,2011.310010310542,90.89220722275172,210.3193216207469,192.42885398585122,154.19748845623826
968,2023-07-07 15:00:00,1341.0682230168215,1514.5162420193697,1517.790681694713,1559.4140402619996,1517.9194030757933,173.4480190025481,176.72245867789138,218.34581724517807,176.85118005897175
969,2023-07-07 16:00:00,932.1581131663677,1192.3205528158649,1125.8944683207344,1171.7026016197328,1151.4676586163832,260.1624396494972,193.73635515436672,239.54448845336515,219.30954545001555
970,2023-07-07 17:00:00,380.74777154429614,530.8084914892389,583.1138867669308,299.6108253245167,555.1429677911625,150.06071994494278,202.36611522263468,81.13694621977942,174.39519624686636
971,2023-07-07 18:00:00,49.97386829591597,40.24006038828024,23.88723778916066,6.902770703194619,29.28807058812134,9.733807907635729,26.08663050675531,43.07109759272135,20.68579770779463
972,2023-07-07 19:00:00,0.0,44.80051278590076,12.949043315505696,-536.2161468722788,7.128787801158875,44.80051278590076,12.949043315505696,536.2161468722788,7.128787801158875
973,2023-07-07 20:00:00,32.47723993464161,47.573635869865576,9.498183012249214,19.56395580312676,22.47244677301047,15.096395935223967,22.979056922392395,12.91328413151485,10.004793161631138
974,2023-07-07 21:00:00,0.0,58.91475296250918,102.24172892739763,-267.324043126653,76.7040547499835,58.91475296250918,102.24172892739763,267.324043126653,76.7040547499835
975,2023-07-07 22:00:00,75.16231777307347,9.679699665647982,1.2646031410627765,93.21777160580064,6.831580812622256,65.48261810742548,73.89771463201069,18.055453832727167,68.33073696045122
976,2023-07-07 23:00:00,0.0,8.779920580141908,22.172767549765965,-110.9909066132318,13.709368932219817,8.779920580141908,22.172767549765965,110.9909066132318,13.709368932219817
977,2023-07-08 00:00:00,47.860065094509274,185.0150483102159,237.64686304525728,595.3432039362738,230.89255658337842,137.1549832157066,189.786797950748,547.4831388417645,183.03249148886914
978,2023-07-08 01:00:00,26.52799634232489,50.61638589588744,88.59957847369198,-213.57830634625418,66.86769819801053,24.08838955356255,62.07158213136709,240.10630268857906,40.33970185568564
979,2023-07-08 02:00:00,29.001298022541356,13.632551417442713,0.14532924983368692,268.90265774010203,12.71953007884284,15.368746605098643,28.85596877270767,239.90135971756067,16.281767943698515
980,2023-07-08 03:00:00,89.91190935130712,7.662730522064286,1.1771379210130792,17.79913261028844,3.8356094647625514,82.24917882924284,88.73477143029403,72.11277674101868,86.07629988654456
981,2023-07-08 04:00:00,5.622965367130726,11.451550537299525,-5.18634336530536,-150.81627462342237,-4.030627407592011,5.828585170168799,10.809308732436087,156.4392399905531,9.653592774722735
982,2023-07-08 05:00:00,0.0,36.30057759147946,26.129021656801516,23.64068371586461,29.439231333197135,36.30057759147946,26.129021656801516,23.64068371586461,29.439231333197135
983,2023-07-08 06:00:00,35.928647255230956,40.889537252347466,0.32038810440087884,575.7377469371086,31.13339826484524,4.96088999711651,35.60825915083008,539.8090996818776,4.795248990385716
984,2023-07-08 07:00:00,549.5912818080012,453.6030964253351,514.4022531859482,575.619869004516,496.0101804812576,95.98818538266613,35.189028622053,26.028587196514763,53.581101326743635
985,2023-07-08 08:00:00,969.0667172858693,933.1777972515979,661.6579326401994,788.9027797347238,758.8588503691785,35.88892003427145,307.4087846456699,180.16393755114552,210.20786691669082
986,2023-07-08 09:00:00,1201.3467122095062,1417.2199474962533,1419.808857189676,1715.4599989912463,1427.9740603732307,215.8732352867471,218.4621449801698,514.11328678174,226.6273481637245
987,2023-07-08 10:00:00,1514.2802454274943,2009.6934132513675,2165.7028798358515,1602.6136236396646,2094.8469022723493,495.4131678238732,651.4226344083572,88.33337821217037,580.5666568448551
988,2023-07-08 11:00:00,2275.802188339555,2015.5880192682564,1944.4265368324682,1559.5719425387733,1957.0932770455584,260.21416907129856,331.3756515070868,716.2302458007816,318.7089112939966
989,2023-07-08 12:00:00,1819.35033294488,2004.968534548955,1973.4222368540206,2524.381281497741,2001.1367634452208,185.618201604075,154.0719039091407,705.030948552861,181.78643050034088
990,2023-07-08 13:00:00,1987.0834822929125,2101.068535994184,2173.258236083461,2014.1875425155295,2143.579481014364,113.98505370127145,186.17475379054827,27.10406022261691,156.49599872145131
991,2023-07-08 14:00:00,1681.4806363937612,1978.3521240687298,1892.1440748968462,1707.5900778510627,1916.1159103363595,296.87148767496865,210.663438503085,26.1094414573015,234.63527394259836
992,2023-07-08 15:00:00,1550.564966158843,1455.6389259418686,1430.8203319845309,1347.649332322591,1436.801617264222,94.92604021697434,119.74463417431207,202.91563383625203,113.763348894621
993,2023-07-08 16:00:00,1195.9830526294957,895.8556148523792,567.8508540681557,749.5931706687765,686.131059786729,300.1274377771165,628.1321985613399,446.3898819607192,509.85199284276666
994,2023-07-08 17:00:00,759.0238183521044,424.47181964326563,489.2319868380868,605.1583159019514,470.5285564640441,334.55199870883877,269.7918315140176,153.86550245015303,288.4952618880603
995,2023-07-08 18:00:00,52.018520755963905,96.57661583527319,125.51225822039878,414.31905011866,124.41417289801372,44.55809507930928,73.49373746443487,362.3005293626961,72.39565214204981
996,2023-07-08 19:00:00,0.0,61.63774476396022,23.254874872276943,-132.71056628396002,31.66786480936172,61.63774476396022,23.254874872276943,132.71056628396002,31.66786480936172
997,2023-07-08 20:00:00,0.0,32.498872925606136,35.691051608861336,227.3091374134745,39.63339153160959,32.498872925606136,35.691051608861336,227.3091374134745,39.63339153160959
998,2023-07-08 21:00:00,70.06698630125629,24.64900344979055,9.484459993498533,-280.5188793910247,6.306254222564271,45.417982851465744,60.58252630775776,350.585865692281,63.76073207869202
999,2023-07-08 22:00:00,106.53083439742713,42.05236643576105,40.44797464703067,-496.6682772408582,27.41584712460876,64.47846796166607,66.08285975039647,603.1991116382853,79.11498727281837
1000,2023-07-08 23:00:00,0.0,39.30763995512866,15.638132908813834,161.99320853122708,25.69400407604905,39.30763995512866,15.638132908813834,161.99320853122708,25.69400407604905
1001,2023-07-09 00:00:00,113.95603959258185,32.23448820158724,15.985742855424004,-20.43352102068002,19.457231188009985,81.7215513909946,97.97029673715784,134.38956061326186,94.49880840457186
1002,2023-07-09 01:00:00,0.0,23.39355191095715,14.46076585127034,17.474406708025413,16.946698121582635,23.39355191095715,14.46076585127034,17.474406708025413,16.946698121582635
1003,2023-07-09 02:00:00,57.14271808810999,90.76787915714773,35.17399383827426,350.98354180831734,58.092275833964564,33.625161069037745,21.96872424983573,293.84082372020737,0.9495577458545768
1004,2023-07-09 03:00:00,91.63735892474722,37.18265690539202,75.5510673501431,-43.98949316431094,62.201127322116804,54.454702019355196,16.086291574604118,135.62685208905816,29.436231602630414
1005,2023-07-09 04:00:00,0.0,28.88381826273303,52.20733576922848,58.28908378084304,46.06628688938049,28.88381826273303,52.20733576922848,58.28908378084304,46.06628688938049
1006,2023-07-09 05:00:00,36.11510132267805,139.41323064518164,253.70542030239275,892.0514858571155,238.86812452449234,103.2981293225036,217.5903189797147,855.9363845344375,202.7530232018143
1007,2023-07-09 06:00:00,114.29140352116441,69.61361766262615,73.36368929950937,254.42934397054154,76.89094938622021,44.67778585853826,40.92771422165504,140.13794044937714,37.4004541349442
1008,2023-07-09 07:00:00,488.6960821253304,518.6030677638972,609.9072918468039,248.06877872301197,576.199185357313,29.906985638566823,121.2112097214735,240.62730340231843,87.5031032319826
1009,2023-07-09 08:00:00,832.5847316121902,994.6645031033951,1011.9824208149139,1097.1297873402557,1009.4776779071609,162.07977149120484,179.39768920272365,264.54505572806545,176.89294629497067
1010,2023-07-09 09:00:00,1467.938694930393,1248.752797418124,1178.4455462107962,1354.0977306024602,1202.5092900378102,219.1858975122691,289.4931487195968,113.84096432793285,265.42940489258285
1011,2023-07-09 10:00:00,1772.66128228572,1639.518597627147,1786.0413481811206,1375.6572929825154,1734.710450832054,133.142684658573,13.380065895400548,397.00398930320466,37.95083145366607
1012,2023-07-09 11:00:00,2119.018909632498,1995.0388814985458,2183.905429851709,2329.251118054892,2135.713058271932,123.98002813395215,64.88652021921098,210.2322084223938,16.694148639433934
1013,2023-07-09 12:00:00,1897.6536026760266,1814.7745069674772,1769.9241561961571,2151.5075408059292,1792.4586509270944,82.87909570854936,127.72944647986947,253.85393812990264,105.19495174893223
1014,2023-07-09 13:00:00,1572.9779519362396,1775.0041059791274,1878.3736247954564,2128.180143489822,1856.5350268227185,202.0261540428878,305.3956728592168,555.2021915535825,283.55707488647886
1015,2023-07-09 14:00:00,1765.8139009545428,1606.9472272853452,1614.5384799283408,1716.9444660933152,1615.1751494348562,158.86667366919755,151.2754210262019,48.869434861227546,150.6387515196866
1016,2023-07-09 15:00:00,1401.2984739609383,1432.166781902044,1338.4784959407773,1564.893281992282,1370.340828455194,30.86830794110574,62.81997802016099,163.59480803134375,30.957645505744267
1017,2023-07-09 16:00:00,979.8737393343787,1108.764716790825,938.9705353606626,744.7629339253967,980.6027793217725,128.89097745644642,40.90320397371613,235.11080540898195,0.7290399873937758
1018,2023-07-09 17:00:00,444.5226870108615,769.9960806675716,661.828326552005,813.5334204157268,695.6910988045166,325.47339365671013,217.30563954114353,369.01073340486533,251.16841179365514
1019,2023-07-09 18:00:00,13.80493951927098,89.86388162691232,11.54480081617654,-55.7171651409343,31.34288253779088,76.05894210764134,2.260138703094439,69.52210466020527,17.537943018519904
1020,2023-07-09 19:00:00,227.67019602312024,43.97544725107357,2.0941681216450947,141.7727605988971,17.362716531457416,183.69474877204667,225.57602790147516,85.89743542422315,210.30747949166283
1021,2023-07-09 20:00:00,87.99066188427753,33.60569311980908,-0.37633179037305897,-460.51399597381373,-17.077585788888463,54.38496876446845,88.36699367465059,548.5046578580913,105.06824767316598
1022,2023-07-09 21:00:00,0.0,30.21451291351834,25.339779592886725,143.8323979758818,34.97340244220673,30.21451291351834,25.339779592886725,143.8323979758818,34.97340244220673
1023,2023-07-09 22:00:00,3.167905444171013,35.38948755065735,39.6575518862124,-37.033503045930274,32.98684091917057,32.22158210648634,36.48964644204139,40.20140849010129,29.818935474999556
1024,2023-07-09 23:00:00,95.90775004933988,49.59742645263999,9.900028150906957,-38.46942915723923,22.28306089932525,46.31032359669989,86.00772189843292,134.37717920657911,73.62468915001463
1025,2023-07-10 00:00:00,0.0,25.03427777704758,6.804670361553612,63.05462583301744,17.60687305021767,25.03427777704758,6.804670361553612,63.05462583301744,17.60687305021767
1026,2023-07-10 01:00:00,48.93940853315233,45.498970851319775,4.1289014372138615,-184.70756378910744,8.008092507521104,3.440437681832556,44.81050709593847,233.64697232225978,40.931316025631226
1027,2023-07-10 02:00:00,0.0,28.368668285057414,6.889385729300902,-40.30212866157774,12.219029301783179,28.368668285057414,6.889385729300902,40.30212866157774,12.219029301783179
1028,2023-07-10 03:00:00,73.99317353748349,41.123502309754414,52.90152997383818,-143.08913856869083,35.513205642143646,32.86967122772907,21.091643563645306,217.0823121061743,38.47996789533984
1029,2023-07-10 04:00:00,0.0,32.466092951401905,18.632518560298944,-40.75048284223692,20.174902508099233,32.466092951401905,18.632518560298944,40.75048284223692,20.174902508099233
1030,2023-07-10 05:00:00,16.055530019433984,45.621012196861,39.92701512990742,45.835230949046036,42.54074450926998,29.56548217742702,23.871485110473433,29.77970092961205,26.485214489835993
1031,2023-07-10 06:00:00,0.0,51.94021004046025,10.767022110548622,16.250751337887095,27.238891854949443,51.94021004046025,10.767022110548622,16.250751337887095,27.238891854949443
1032,2023-07-10 07:00:00,536.1111297107996,532.3600078876314,535.1501914637035,613.6928626290413,539.1791769979756,3.751121823168205,0.96093824709601,77.58173291824176,3.0680472871760003
1033,2023-07-10 08:00:00,1017.5564487032162,965.6701726482034,1103.2670734346464,1073.737315951965,1047.2569975815138,51.886276055012786,85.71062473143013,56.18086724874877,29.70054887829758
1034,2023-07-10 09:00:00,1684.1206587339009,1420.3097081778988,1427.1810788287341,1571.883769200373,1433.9826778291076,263.8109505560021,256.93957990516674,112.2368895335278,250.13798090479327
1035,2023-07-10 10:00:00,1724.2751163328626,1684.3590946567397,1752.6332074847166,1916.229460731598,1736.546199178075,39.91602167612291,28.35809115185407,191.95434439873543,12.271082845212504
1036,2023-07-10 11:00:00,1687.7121678714584,1840.7456206178927,1801.3617576972483,2193.587803274493,1842.5936106862268,153.03345274643425,113.64958982578992,505.8756354030347,154.88144281476843
1037,2023-07-10 12:00:00,1804.496014526661,1677.7361190297247,1532.415016687874,1731.3530459396484,1602.5845455800256,126.75989549693622,272.08099783878697,73.14296858701255,201.9114689466353
1038,2023-07-10 13:00:00,1999.033896546549,1743.3330830524944,1761.17024778028,1691.4209017087394,1749.5807821282679,255.7008134940545,237.86364876626885,307.61299483780954,249.45311441828107
1039,2023-07-10 14:00:00,1483.1839551995204,1666.4753114289942,1591.8483380166576,1657.5667517374397,1625.489627201228,183.29135622947388,108.66438281713727,174.38279653791938,142.30567200170753
1040,2023-07-10 15:00:00,1464.2535408252575,1539.691704272363,1438.1874204423698,1550.4513804912117,1485.446988564161,75.43816344710558,26.066120382887675,86.19783966595423,21.193447738903615
1041,2023-07-10 16:00:00,981.9030982226203,1049.6049585675644,1023.5061848467687,1144.2469999287312,1041.6905148121448,67.70186034494407,41.60308662414843,162.34390170611084,59.78741658952447
1042,2023-07-10 17:00:00,459.56551503824653,540.1899734920323,504.772592403616,1099.5051252773542,557.7432228756187,80.62445845378579,45.20707736536946,639.9396102391077,98.17770783737217
1043,2023-07-10 18:00:00,78.49727072587088,74.44198029768143,31.997048142068213,169.5306138005243,57.70756297007192,4.055290428189451,46.50022258380267,91.03334307465342,20.789707755798958
1044,2023-07-10 19:00:00,0.0,50.50327295172749,5.054858559518632,-82.01993891501525,17.196861871466478,50.50327295172749,5.054858559518632,82.01993891501525,17.196861871466478
1045,2023-07-10 20:00:00,108.60705674214739,36.395085957205715,18.0249221229853,-90.95256882825663,17.67183434995326,72.21197078494168,90.58213461916209,199.55962557040402,90.93522239219413
1046,2023-07-10 21:00:00,70.920704166042,53.19995000256668,93.12611255826879,-77.3386220778217,67.596546999232,17.72075416347532,22.205408392226786,148.2593262438637,3.3241571668099965
1047,2023-07-10 22:00:00,0.0,35.46809855440831,5.179790477257282,144.97566067393672,25.223321649183415,35.46809855440831,5.179790477257282,144.97566067393672,25.223321649183415
1048,2023-07-10 23:00:00,20.150428807428433,31.915683377096624,32.0371082827072,344.9283310277431,52.19354425961505,11.76525456966819,11.886679475278768,324.7779022203147,32.04311545218662
1049,2023-07-11 00:00:00,0.0,20.082426450471097,4.20536868688958,-269.79950812372886,-7.709003403491273,20.082426450471097,4.20536868688958,269.79950812372886,7.709003403491273
1050,2023-07-11 01:00:00,0.0,23.066238193252907,10.538120012920874,-32.98535910057194,12.28562166907283,23.066238193252907,10.538120012920874,32.98535910057194,12.28562166907283
1051,2023-07-11 02:00:00,87.65114704659304,32.0704053372806,25.969710683525385,-19.95094234375358,25.224306999855614,55.58074170931244,61.681436363067654,107.60208939034662,62.426840046737425
1052,2023-07-11 03:00:00,0.0,38.190628578862544,32.49839589187819,-477.6622268708005,1.6325517703217862,38.190628578862544,32.49839589187819,477.6622268708005,1.6325517703217862
1053,2023-07-11 04:00:00,0.0,30.17100006855316,60.63420495015242,48.68854760129375,48.78120334056431,30.17100006855316,60.63420495015242,48.68854760129375,48.78120334056431
1054,2023-07-11 05:00:00,3.6180952517246223,43.4105358024028,65.43193864587676,167.57680628493688,64.01567223607134,39.79244055067817,61.81384339415213,163.95871103321227,60.39757698434671
1055,2023-07-11 06:00:00,0.0,73.36924807164077,58.64638820122676,897.2414055720922,118.14284085365473,73.36924807164077,58.64638820122676,897.2414055720922,118.14284085365473
1056,2023-07-11 07:00:00,562.5289154474376,507.84669144506574,522.4985146269614,385.907270725741,508.3500524542137,54.68222400237187,40.03040082047619,176.6216447216966,54.1788629932239
1057,2023-07-11 08:00:00,972.3911560192714,1077.4880426872155,961.9238673619415,840.970627646073,995.5577910527317,105.09688666794409,10.46728865732996,131.4205283731984,23.16663503346024
1058,2023-07-11 09:00:00,1244.7712933782282,1549.9569973827054,1510.8178450792348,1449.4635805407438,1520.8685279704462,305.1857040044772,266.0465517010066,204.69228716251564,276.097234592218
1059,2023-07-11 10:00:00,1784.9580509484774,1825.6720943518535,1803.91648569208,1442.870996299058,1788.0103148187602,40.71404340337608,18.958434743602538,342.0870546494193,3.0522638702827862
1060,2023-07-11 11:00:00,1934.569419497054,1790.7675036537446,1699.3514468365693,1660.2474067613266,1729.676469608867,143.80191584330942,235.21797266048475,274.3220127357274,204.8929498881871
1061,2023-07-11 12:00:00,1872.5448540949417,1790.567378457903,1750.7307699707223,1976.0649938711408,1779.8790976397445,81.97747563703865,121.81408412421933,103.52013977619913,92.6657564551972
1062,2023-07-11 13:00:00,1811.3258142207808,1702.5038929611826,1565.5859286790644,1912.672666889444,1637.6724926154166,108.82192125959818,245.73988554171638,101.34685266866313,173.65332160536423
1063,2023-07-11 14:00:00,1685.197462713787,1680.6982021270194,1625.299965705065,1403.0001615740712,1630.6209840109204,4.499260586767605,59.897497008721984,282.1973011397158,54.57647870286655
1064,2023-07-11 15:00:00,1288.8239537944874,1473.7390682625048,1431.9765301253328,1621.3648991158022,1459.4548443611675,184.91511446801746,143.15257633084548,332.5409453213149,170.63089056668014
1065,2023-07-11 16:00:00,849.9457986762694,1026.0424108826255,991.3675148276895,1166.2343331820223,1015.3407353996066,176.0966122063561,141.42171615142013,316.28853450575286,165.3949367233372
1066,2023-07-11 17:00:00,494.60990634349866,512.8614243203604,489.541538293235,524.2823382145793,500.2169349154723,18.25151797686169,5.0683680502636435,29.672431871080676,5.607028571973615
1067,2023-07-11 18:00:00,44.37312778950629,97.68413441781131,116.46273394501715,194.09028520115533,114.80850452835152,53.311006628305016,72.08960615551086,149.71715741164903,70.43537673884524
1068,2023-07-11 19:00:00,0.0,73.32886506040379,198.21015162735873,-190.69610070946237,127.7057556192436,73.32886506040379,198.21015162735873,190.69610070946237,127.7057556192436
1069,2023-07-11 20:00:00,0.0,44.02516820306044,19.002851239946832,-33.254131232376835,25.042890463961246,44.02516820306044,19.002851239946832,33.254131232376835,25.042890463961246
1070,2023-07-11 21:00:00,2.401107409329962,33.79394828951236,-1.4356954282407108,-263.7225786803682,-8.991536775497792,31.392840880182394,3.836802837570673,266.12368608969814,11.392644184827754
1071,2023-07-11 22:00:00,0.0,27.57957031409023,1.9594539544961402,-143.45372166471464,0.32228384308071334,27.57957031409023,1.9594539544961402,143.45372166471464,0.32228384308071334
1072,2023-07-11 23:00:00,0.0,10.524103953549357,6.703891667545715,17.717999984144285,9.242315541960004,10.524103953549357,6.703891667545715,17.717999984144285,9.242315541960004
1073,2023-07-12 00:00:00,129.2881392392012,35.74568513547395,75.19784346760716,152.64442680729445,65.25373680895396,93.54245410372725,54.09029577159404,23.35628756809325,64.03440243024724
1074,2023-07-12 01:00:00,0.0,31.348190740963545,38.1368456218103,-361.35372088385304,1.2942786440339518,31.348190740963545,38.1368456218103,361.35372088385304,1.2942786440339518
1075,2023-07-12 02:00:00,0.0,42.41525095550359,71.55315478885682,-222.77626858562417,34.293105280662246,42.41525095550359,71.55315478885682,222.77626858562417,34.293105280662246
1076,2023-07-12 03:00:00,0.0,53.64005950794237,78.92653393505795,142.14824558519183,73.70890033031586,53.64005950794237,78.92653393505795,142.14824558519183,73.70890033031586
1077,2023-07-12 04:00:00,0.0,46.36246831705839,76.43492570848336,374.9540954086473,89.23564646147916,46.36246831705839,76.43492570848336,374.9540954086473,89.23564646147916
1078,2023-07-12 05:00:00,0.0,14.790254929412987,-1.0666255122817274,-316.3925897887101,-21.255579388239003,14.790254929412987,1.0666255122817274,316.3925897887101,21.255579388239003
1079,2023-07-12 06:00:00,21.504895774563355,29.636989538766933,10.557135190827173,408.67871456833575,52.434611113765925,8.132093764203578,10.947760583736182,387.1738187937724,30.92971533920257
1080,2023-07-12 07:00:00,431.7747783923263,526.203786824569,552.5938750395765,587.271675457924,544.4845647042034,94.42900843224265,120.81909664725015,155.49689706559764,112.70978631187711
1081,2023-07-12 08:00:00,829.1886080188847,1216.8104457713357,940.7449526823494,931.3429063150559,1053.0000503565084,387.62183775245103,111.55634466346476,102.15429829617119,223.8114423376237
1082,2023-07-12 09:00:00,1339.0439659693272,1406.3955381542253,1282.059367355604,1062.0383082783283,1310.2265776667107,67.35157218489803,56.984598613723165,277.005657690999,28.817388302616564
1083,2023-07-12 10:00:00,1632.878840885746,1734.4424947266452,1785.5996596186458,1757.0779594954324,1761.657558599869,101.56365384089918,152.72081873289972,124.19911860968637,128.77871771412288
1084,2023-07-12 11:00:00,1900.2147455502018,1572.7221997525912,1773.7869085341736,2495.9678715446566,1766.2551630960472,327.49254579761055,126.4278370160282,595.7531259944549,133.95958245415454
1085,2023-07-12 12:00:00,2137.2646183512015,1813.8489637936457,1798.6492848530415,1620.2380029196872,1786.3708168719304,323.41565455755585,338.61533349816,517.0266154315143,350.89380147927113
1086,2023-07-12 13:00:00,1668.683547425966,1641.0408050018962,1788.7422978830523,2026.1810024283109,1752.798927292601,27.642742424069866,120.05875045708626,357.49745500234485,84.11537986663507
1087,2023-07-12 14:00:00,1628.9715981284457,1716.6782526618858,1589.9269348577513,1535.643531240828,1636.2824173080953,87.70665453344009,39.0446632706944,93.32806688761775,7.31081917964957
1088,2023-07-12 15:00:00,1399.9459731433358,1319.2754876458137,1291.5473554873286,1146.3641218519238,1287.855433536048,80.67048549752212,108.39861765600722,253.58185129141202,112.09053960728784
1089,2023-07-12 16:00:00,1174.0532778512327,1141.680956670286,926.0824355977763,905.6610409588652,1012.3930548672391,32.372321180946756,247.97084225345634,268.39223689236746,161.66022298399355
1090,2023-07-12 17:00:00,542.7441644492162,453.33397813758967,484.30692587857214,1136.353443367618,539.2623529958092,89.41018631162655,58.43723857064407,593.6092789184017,3.4818114534069764
1091,2023-07-12 18:00:00,0.0,35.81904051506208,39.13634509725301,611.0468717920301,97.1197102813787,35.81904051506208,39.13634509725301,611.0468717920301,97.1197102813787
1092,2023-07-12 19:00:00,0.0,13.577466899692006,13.346832365714713,-296.71552459706913,-18.73202384805588,13.577466899692006,13.346832365714713,296.71552459706913,18.73202384805588
1093,2023-07-12 20:00:00,86.17299811526436,2.729675037818368,2.0612260466216408,-343.77883791501415,-32.30281426015232,83.443323077446,84.11177206864272,429.9518360302785,118.47581237541668
1094,2023-07-12 21:00:00,14.239150368264324,1.6298318710159565,0.25443576026385956,-411.6071162735516,-40.42723078938952,12.609318497248367,13.984714608000465,425.84626664181593,54.666381157653845
1095,2023-07-12 22:00:00,138.5406706544281,17.48614553467465,-1.0814522796723793,486.9325250563395,55.577442496960415,121.05452511975346,139.6221229341005,348.39185440191136,82.9632281574677
1096,2023-07-12 23:00:00,0.0,16.231589589395423,1.3367243254742294,-48.89213806851785,2.5406305712679753,16.231589589395423,1.3367243254742294,48.89213806851785,2.5406305712679753
1097,2023-07-13 00:00:00,33.89166308265504,21.981474865604632,5.034986412495865,6.858022102918312,12.311971196437973,11.910188217050411,28.856676670159178,27.03364097973673,21.57969188621707
1098,2023-07-13 01:00:00,0.0,10.701871788493591,0.27304567185614087,-4.887317535237344,4.12197068818831,10.701871788493591,0.27304567185614087,4.887317535237344,4.12197068818831
1099,2023-07-13 02:00:00,33.142017401088125,2.2260114981742505,1.849100216882508,-141.86999462523875,-12.38990108523351,30.916005902913874,31.292917184205617,175.0120120263269,45.531918486321636
1100,2023-07-13 03:00:00,20.06850012771182,6.568809077306045,0.7130294164882631,-59.08413739574257,-2.8256140623590946,13.499691050405772,19.355470711223553,79.15263752345439,22.894114190070912
1101,2023-07-13 04:00:00,40.77329672000185,2.494579080979392,2.0251039276640936,-244.80053706001115,-22.503650614068903,38.27871763902246,38.74819279233776,285.573833780013,63.276947334070755
1102,2023-07-13 05:00:00,78.20657174209515,6.473063566082723,3.275421616384829,217.2717042159839,26.050734775751508,71.73350817601242,74.93115012571032,139.06513247388875,52.15583696634364
1103,2023-07-13 06:00:00,111.1834063809462,66.60731430634604,124.62861233471047,334.98826835734815,121.41134194319758,44.576092074600155,13.445205953764273,223.80486197640195,10.227935562251389
1104,2023-07-13 07:00:00,563.8971305726207,482.5921481406608,511.53703233562464,927.4514909725717,541.083183355414,81.30498243195984,52.36009823699601,363.55436039995107,22.813947217206646
1105,2023-07-13 08:00:00,1023.0907576839762,991.4721940070776,1231.4663538362443,532.3022024598546,1052.687836518749,31.61856367689859,208.37559615226803,490.78855522412164,29.597078834772788
1106,2023-07-13 09:00:00,1362.370013043488,1222.70673927615,936.3479580025914,1319.758779204352,1095.290268329808,139.66327376733784,426.0220550408965,42.61123383913582,267.07974471367993
1107,2023-07-13 10:00:00,1605.9869524875915,1675.4194786354756,1668.7142501025974,1708.7824838655542,1676.1858187478902,69.43252614788412,62.72729761500591,102.79553137796279,70.1988662602987
1108,2023-07-13 11:00:00,1601.986892661938,1799.8617983745896,1790.5821786823706,2108.4747671208247,1832.575623699816,197.87490571265153,188.59528602043247,506.4878744588866,230.588731037878
1109,2023-07-13 12:00:00,1950.8693119748973,1854.1235345876723,1812.1456480409224,1800.5280731605949,1827.2651599826768,96.74577738722496,138.72366393397488,150.34123881430241,123.60415199222052
1110,2023-07-13 13:00:00,1767.029105130343,1800.6409004491259,2136.967051373628,1756.7096486100722,1958.740035151976,33.611795318782924,369.93794624328484,10.319456520270705,191.71093002163298
1111,2023-07-13 14:00:00,1619.5054631555788,1776.747757093634,2136.903064520988,1581.0981155849734,1928.12491511473,157.24229393805513,517.3976013654094,38.40734757060545,308.6194519591511
1112,2023-07-13 15:00:00,1144.48538256206,1303.4781744748843,1257.6057974436778,1503.510548303897,1305.3180706897508,158.99279191282426,113.12041488161776,359.0251657418369,160.83268812769074
1113,2023-07-13 16:00:00,837.9759839194093,1099.2871672111269,854.2605131446916,916.1513393305954,958.1573616860904,261.3111832917176,16.284529225282313,78.17535541118616,120.18137776668118
1114,2023-07-13 17:00:00,454.66375452527757,497.53331129004766,455.10527140696524,322.40259929431795,455.79773620077015,42.869556764770095,0.4415168816876758,132.26115523095962,1.1339816754925778
1115,2023-07-13 18:00:00,0.0,42.67646335732103,1.8487882389038048,280.6905286632667,51.54824719158318,42.67646335732103,1.8487882389038048,280.6905286632667,51.54824719158318
1116,2023-07-13 19:00:00,0.0,31.384952378320314,9.111551505694488,-131.42689609494198,0.9269212633850508,31.384952378320314,9.111551505694488,131.42689609494198,0.9269212633850508
1117,2023-07-13 20:00:00,45.592111715411356,39.087886301550455,20.514914792520642,-252.07769867194736,-10.599976804059349,6.504225413860901,25.077196922890714,297.6698103873587,56.1920885194707
1118,2023-07-13 21:00:00,69.10621829508395,34.0850143597411,63.50997357200608,286.74421280667264,83.47830528746655,35.02120393534285,5.5962447230778665,217.6379945115887,14.372086992382606
1119,2023-07-13 22:00:00,135.93164652185612,18.29054254103415,0.20138600115216507,-264.93435426014594,-30.052939716422827,117.64110398082198,135.73026052070395,400.86600078200206,165.98458623827895
1120,2023-07-13 23:00:00,0.0,35.906362506203685,1.1718841803404083,-117.5501828906888,-2.0464612073667876,35.906362506203685,1.1718841803404083,117.5501828906888,2.0464612073667876
1121,2023-07-14 00:00:00,27.43650139642447,23.634628857764174,8.202467151323818,244.00129178397316,47.33257718809938,3.801872538660298,19.234034245100652,216.5647903875487,19.896075791674907
1122,2023-07-14 01:00:00,0.0,10.527294578817667,0.2302006250445358,-3.3922852708747087,3.7142170901529243,10.527294578817667,0.2302006250445358,3.3922852708747087,3.7142170901529243
1123,2023-07-14 02:00:00,1.609912239656583,24.431118368660268,22.768230231046367,36.72567217337553,25.37505343305758,22.821206129003684,21.158317991389783,35.11575993371895,23.765141193400996
1124,2023-07-14 03:00:00,0.0,11.809569322087654,7.512420989295,-83.31937180098157,-3.5890864530000695,11.809569322087654,7.512420989295,83.31937180098157,3.5890864530000695
1125,2023-07-14 04:00:00,0.0,9.963017830233358,14.644217345115198,80.64254253531738,22.10602595608469,9.963017830233358,14.644217345115198,80.64254253531738,22.10602595608469
1126,2023-07-14 05:00:00,64.24483909270224,10.034324242506527,8.070644065199657,233.90826611705012,40.57745497996684,54.21051485019571,56.17419502750258,169.66342702434787,23.667384112735398
1127,2023-07-14 06:00:00,0.0,9.500513793420543,2.211202528210855,270.6331336391364,42.7692401676661,9.500513793420543,2.211202528210855,270.6331336391364,42.7692401676661
1128,2023-07-14 07:00:00,520.2447250348173,442.54620833064496,455.53342158930036,480.053834713241,453.94373241767005,77.69851670417233,64.71130344551693,40.19089032157632,66.30099261714724
1129,2023-07-14 08:00:00,949.23469284489,1019.3085027087625,936.5446699201922,699.3699895707995,933.3170325860447,70.0738098638725,12.690022924697814,249.86470327409052,15.91766025884533
1130,2023-07-14 09:00:00,1176.4788110470095,1216.1903078089078,1310.9469647515832,1149.752504807505,1252.555052073773,39.71149676189839,134.46815370457375,26.726306239504538,76.07624102676346
1131,2023-07-14 10:00:00,1240.145676198841,1720.1328070870481,1862.5989962824415,1772.385859057989,1796.635720749608,479.98713088820705,622.4533200836004,532.2401828591478,556.4900445507669
1132,2023-07-14 11:00:00,1844.6498219073587,1716.5526724984595,1859.2546399391506,1876.9296355448553,1808.6829534660055,128.0971494088992,14.604818031791865,32.279813637496545,35.9668684413532
1133,2023-07-14 12:00:00,1542.4021580484855,1902.0832098319236,2026.8189375174259,1759.4285127059284,1942.0335354918782,359.6810517834381,484.4167794689404,217.02635465744288,399.6313774433927
1134,2023-07-14 13:00:00,1793.1222894783557,1688.5402431358903,1617.84701515566,1504.3786748840726,1627.8760762034344,104.58204634246545,175.27527432269562,288.74361459428314,165.24621327492127
1135,2023-07-14 14:00:00,1472.1517255865708,1746.0151482488345,1831.4551656030615,1791.8934263692072,1793.9818624860543,273.8634226622637,359.30344001649064,319.74170078263637,321.8301368994835
1136,2023-07-14 15:00:00,1231.012135091248,1225.5497481098275,1202.4228483914776,1210.5170399777103,1212.1910202741735,5.462386981420423,28.589286699770355,20.495095113537673,18.82111481707443
1137,2023-07-14 16:00:00,781.7688744701215,1009.047354810634,919.3852035796546,964.390407822371,959.2108113465878,227.2784803405125,137.616329109533,182.62153335224946,177.44193687646623
1138,2023-07-14 17:00:00,485.6013758700474,459.5001836092057,501.31328474688996,811.3772219373058,530.2388918871874,26.101192260841685,15.711908876842585,325.7758460672584,44.63751601714
1139,2023-07-14 18:00:00,23.465294785638132,32.570664541556006,10.564972156332807,31.707952381117366,21.788063553290943,9.105369755917874,12.900322629305325,8.242657595479233,1.6772312323471894
1140,2023-07-14 19:00:00,0.0,41.159135136571365,26.104092623551555,-530.0485140044932,-48.08749687750914,41.159135136571365,26.104092623551555,530.0485140044932,48.08749687750914
1141,2023-07-14 20:00:00,18.95237037402575,46.567373689295835,78.64718496191652,-205.17868711525205,31.493998228421066,27.615003315270084,59.694814587890775,224.1310574892778,12.541627854395315
1142,2023-07-14 21:00:00,0.0,29.947396126580774,7.956069980130493,-67.80303073800894,7.287640468455081,29.947396126580774,7.956069980130493,67.80303073800894,7.287640468455081
1143,2023-07-14 22:00:00,0.0,66.9372754506874,92.70574773138516,-157.3808428444721,52.132129549083615,66.9372754506874,92.70574773138516,157.3808428444721,52.132129549083615
1144,2023-07-14 23:00:00,96.03923654189849,41.71427434228846,56.98344170589749,218.18681500769617,70.7021631973411,54.32496219961003,39.055794836001,122.14757846579768,25.337073344557396
1145,2023-07-15 00:00:00,16.593646796914648,42.58433265454855,54.359248227071824,-151.336060352407,24.661731453217246,25.9906858576339,37.765601430157176,167.92970714932164,8.068084656302599
1146,2023-07-15 01:00:00,0.0,28.315918994692847,12.706293744248033,75.57269462285069,26.467597097461585,28.315918994692847,12.706293744248033,75.57269462285069,26.467597097461585
1147,2023-07-15 02:00:00,41.733971933739724,15.605889345925195,51.77513383038912,89.56900741669335,42.27983695072426,26.12808258781453,10.041161896649399,47.83503548295363,0.5458650169845356
1148,2023-07-15 03:00:00,0.0,45.45319428752364,51.43990371550528,97.95944740068717,54.782373014270924,45.45319428752364,51.43990371550528,97.95944740068717,54.782373014270924
1149,2023-07-15 04:00:00,0.0,27.03437743603076,27.496085997839618,-17.522450882938983,21.82158037470623,27.03437743603076,27.496085997839618,17.522450882938983,21.82158037470623
1150,2023-07-15 05:00:00,0.6555867357391997,15.661993454314384,-0.5916216031109738,-83.36426743526351,-4.3540559185749155,15.006406718575185,1.2472083388501733,84.01985417100272,5.009642654314115
1151,2023-07-15 06:00:00,0.0,21.167746508038416,0.8716224144007566,364.7964061949399,53.20443308069798,21.167746508038416,0.8716224144007566,364.7964061949399,53.20443308069798
1152,2023-07-15 07:00:00,577.3561439400987,452.98398674681755,530.63719663222,621.9735576710118,511.4956589845284,124.37215719328117,46.71894730787869,44.617413730913086,65.86048495557031
1153,2023-07-15 08:00:00,807.9576206351043,967.0825950541002,877.3697038804065,726.5379598887597,889.4905185865579,159.12497441899598,69.41208324530226,81.41966074634456,81.5328979514536
1154,2023-07-15 09:00:00,1186.4940341085855,1137.1907341291076,1213.6485830391262,1126.1348598313257,1173.8016260014408,49.30329997947797,27.154548930540614,60.359174277259854,12.692408107144729
1155,2023-07-15 10:00:00,1467.9206701199466,1351.669094777047,1337.2623004251034,1615.4779647880418,1380.5261448756535,116.25157534289974,130.65836969484326,147.5572946680952,87.39452524429316
1156,2023-07-15 11:00:00,1678.3120857663678,1620.8898860244321,1563.5707534553899,1726.4363467020905,1606.7302102842918,57.42219974193563,114.7413323109779,48.12426093572276,71.58187548207593
1157,2023-07-15 12:00:00,1609.5508401164975,1511.9466055047953,1361.0584237171613,1826.906052776597,1479.7430211209946,97.60423461170217,248.4924163993362,217.3552126600996,129.80781899550288
1158,2023-07-15 13:00:00,1795.4123855292264,1732.5612022036519,1808.0328225874218,1688.575601469924,1764.1816840735903,62.85118332557454,12.62043705819542,106.83678405930232,31.230701455636108
1159,2023-07-15 14:00:00,1362.5097343423897,1389.9089056654213,1366.8346968784367,1710.1926769541988,1422.1597513526765,27.399171323031624,4.324962536046996,347.68294261180904,59.650017010286774
1160,2023-07-15 15:00:00,1310.6421167992198,1140.231561594958,1311.238694812541,1070.9664761031104,1216.0317556080693,170.41055520426175,0.5965780133212775,239.67564069610944,94.61036119115056
1161,2023-07-15 16:00:00,919.1270379809674,915.2163578306428,798.5835988392389,1086.1518190112727,880.4164685685788,3.9106801503246515,120.54343914172853,167.02478103030523,38.71056941238862
1162,2023-07-15 17:00:00,389.89259870639256,481.9331466341812,497.54047798361916,656.2974027607956,513.5355578947323,92.04054792778862,107.6478792772266,266.4048040544031,123.64295918833972
1163,2023-07-15 18:00:00,170.5748533445105,18.24654310031882,7.496667598494618,285.5998921120694,49.41113226908107,152.32831024419167,163.0781857460159,115.02503876755893,121.16372107542944
1164,2023-07-15 19:00:00,53.51522550366145,14.739116142095952,4.342316397010146,-153.40520841644093,-13.415630750507846,38.776109361565496,49.1729091066513,206.92043392010237,66.9308562541693
1165,2023-07-15 20:00:00,0.0,9.92041195452681,10.752447468985087,-67.19104103696623,3.1997667316459815,9.92041195452681,10.752447468985087,67.19104103696623,3.1997667316459815
1166,2023-07-15 21:00:00,70.66072129820526,22.366499156346393,19.442019381025673,-217.9934773974902,-1.7227681505533745,48.29422214185887,51.21870191717959,288.65419869569547,72.38348944875864
1167,2023-07-15 22:00:00,0.0,56.813174541295346,81.44319732715417,-56.48843742253814,60.261389060151416,56.813174541295346,81.44319732715417,56.48843742253814,60.261389060151416
1168,2023-07-15 23:00:00,0.0,22.225332404952827,12.15777922838374,-222.16251552482436,-6.305395155383149,22.225332404952827,12.15777922838374,222.16251552482436,6.305395155383149
1169,2023-07-16 00:00:00,104.340415986077,39.29873472210039,29.123687606694393,-174.13299641980018,13.594918273563696,65.04168126397661,75.21672837938262,278.4734124058772,90.74549771251331
1170,2023-07-16 01:00:00,0.0,19.935661323459048,12.376002858070784,-179.63846137808514,-2.9866706344203955,19.935661323459048,12.376002858070784,179.63846137808514,2.9866706344203955
1171,2023-07-16 02:00:00,0.0,8.646391090912854,8.691201189326684,60.621892803309606,13.521023097440398,8.646391090912854,8.691201189326684,60.621892803309606,13.521023097440398
1172,2023-07-16 03:00:00,30.015201355383457,16.05004720188512,5.0567562009144185,-124.2375778592102,-3.2954133218146158,13.965154153498336,24.95844515446904,154.25277921459366,33.310614677198075
1173,2023-07-16 04:00:00,91.42642716449876,39.6998928257227,71.27131257923071,-110.25593899076296,43.679285378688355,51.72653433877606,20.155114585268052,201.68236615526172,47.747141785810406
1174,2023-07-16 05:00:00,9.073215855852649,5.256860032862969,5.95441766388528,218.0393779820526,25.50573650995817,3.8163558229896797,3.118798191967368,208.96616212619995,16.43252065410552
1175,2023-07-16 06:00:00,3.3455478316271097,12.135231186610861,10.385818255053154,253.17049009465478,33.6272268442433,8.789683354983751,7.040270423426044,249.82494226302768,30.281679012616195
1176,2023-07-16 07:00:00,394.9537713554645,503.7894744548071,544.7020399773518,608.6943877664698,536.8632236405587,108.8357030993426,149.7482686218873,213.74061641100536,141.90945228509418
1177,2023-07-16 08:00:00,890.2788854217952,890.5070261144651,914.0789803585086,1270.4863255646956,938.3752536085037,0.2281406926699674,23.800094936713435,380.2074401429004,48.09636818670856
1178,2023-07-16 09:00:00,1089.354059132638,1243.613996804727,1153.7388314313107,1213.8806561785382,1188.6755150549488,154.2599376720891,64.38477229867271,124.52659704590019,99.32145592231086
1179,2023-07-16 10:00:00,1435.4070757881625,1354.9884222644403,1508.5427847862788,1347.2518731970827,1443.5899409034503,80.41865352372224,73.13570899811634,88.15520259107984,8.182865115287768
1180,2023-07-16 11:00:00,1883.7753272508412,1710.994242627781,1808.7592032713744,1392.0826346329113,1739.1775397138747,172.78108462306022,75.01612397946678,491.6926926179299,144.5977875369665
1181,2023-07-16 12:00:00,1558.6306167631435,1648.9949375634224,1487.4446377392449,2235.8769602865077,1607.8089984026867,90.36432080027885,71.18597902389865,677.2463435233642,49.178381639543204
1182,2023-07-16 13:00:00,1602.0937055356715,1688.3222430252633,1548.8558953803974,1826.92718841528,1619.6785185215847,86.22853748959187,53.23781015527402,224.83348287960848,17.58481298591323
1183,2023-07-16 14:00:00,1635.3052668923006,1410.6371372177525,1819.2359603530992,1243.9323808881827,1633.264281399432,224.66812967454803,183.9306934607987,391.37288600411785,2.040985492868458
1184,2023-07-16 15:00:00,1218.2268932043967,1339.3563978183902,1297.4198144175182,1405.6129399182569,1320.9253592086477,121.1295046139935,79.19292121312151,187.3860467138602,102.69846600425103
1185,2023-07-16 16:00:00,901.0706991372641,915.3479778954752,921.0479614658597,1168.5948788938063,941.4297418032317,14.277278758211082,19.977262328595543,267.52417975654214,40.359042665967536
1186,2023-07-16 17:00:00,503.12697969122075,456.54884855469953,443.1497555036937,316.647325458863,436.17960277779235,46.57813113652122,59.97722418752704,186.47965423235775,66.9473769134284
1187,2023-07-16 18:00:00,0.0,127.80001447583884,161.68856673917782,104.69882058785561,145.43054045157587,127.80001447583884,161.68856673917782,104.69882058785561,145.43054045157587
1188,2023-07-16 19:00:00,0.0,39.26209586592658,44.78136071097573,-62.60712532422008,33.31363719289735,39.26209586592658,44.78136071097573,62.60712532422008,33.31363719289735
1189,2023-07-16 20:00:00,0.0,18.71595994549491,26.0114341927359,358.4692408030778,55.48589701701654,18.71595994549491,26.0114341927359,358.4692408030778,55.48589701701654
1190,2023-07-16 21:00:00,0.0,14.430943876204278,21.01532658533252,-340.506615074263,-16.21918988004073,14.430943876204278,21.01532658533252,340.506615074263,16.21918988004073
1191,2023-07-16 22:00:00,0.0,4.065080057381488,0.46994847579728355,-137.80203945443873,-11.58847170728121,4.065080057381488,0.46994847579728355,137.80203945443873,11.58847170728121
1192,2023-07-16 23:00:00,159.80000745437394,27.651197241810618,29.48109061472034,-215.81025741864482,5.1593202558175015,132.14881021256332,130.3189168396536,375.61026487301876,154.64068719855644
1193,2023-07-17 00:00:00,0.0,26.252658941227516,25.102553268557166,-217.61802637833534,2.092809289222256,26.252658941227516,25.102553268557166,217.61802637833534,2.092809289222256
1194,2023-07-17 01:00:00,206.86325017743823,28.355426218358808,54.45814954438321,114.58612561501081,50.940323924515724,178.50782395907942,152.405100633055,92.27712456242742,155.9229262529225
1195,2023-07-17 02:00:00,41.14236261347859,38.29922936869935,39.877683807752305,-170.8299968495179,18.98270237862667,2.8431332447792386,1.2646788057262839,211.97235946299648,22.15966023485192
1196,2023-07-17 03:00:00,0.0,51.41627961338089,31.18131518581756,63.3583475430753,41.510744639118364,51.41627961338089,31.18131518581756,63.3583475430753,41.510744639118364
1197,2023-07-17 04:00:00,64.5088080496661,10.283967403190196,1.7599683503830532,29.818432793974353,7.510743926502917,54.224840646475904,62.748839699283046,34.69037525569175,56.99806412316318
1198,2023-07-17 05:00:00,0.0,8.709985056404925,2.3512111203300723,-190.42258348986513,-13.979425264336356,8.709985056404925,2.3512111203300723,190.42258348986513,13.979425264336356
1199,2023-07-17 06:00:00,0.0,23.932957753215327,23.89349316283747,547.1488159971732,74.39706217977376,23.932957753215327,23.89349316283747,547.1488159971732,74.39706217977376
1200,2023-07-17 07:00:00,477.7962954982791,465.1353317870246,487.7958163842352,548.4788675158181,485.56055739086173,12.66096371125451,9.999520885956088,70.68257201753903,7.764261892582624
1201,2023-07-17 08:00:00,951.6075956887132,909.0221665124806,873.8181713090348,855.0541178343797,884.1303074327202,42.58542917623265,77.7894243796784,96.55347785433355,67.47728825599302
1202,2023-07-17 09:00:00,1352.9350431995615,1118.5003105799183,1179.9851799267135,1072.541908613436,1147.673240932207,234.43473261964323,172.949863272848,280.3931345861256,205.2618022673546
1203,2023-07-17 10:00:00,1523.186423108093,1554.00217555482,1518.5412133430564,1852.8203214358557,1564.9517745718572,30.815752446726947,4.645209765036725,329.6338983277626,41.76535146376409
1204,2023-07-17 11:00:00,1625.5358911961946,1625.464901516364,1611.9798765365701,1793.3687055841722,1635.1641284042812,0.07098967983051807,13.556014659624452,167.83281438797758,9.628237208086603
1205,2023-07-17 12:00:00,2039.5311761880944,1739.8235579262737,1787.3251051182554,1505.1141992965017,1742.0437427348163,299.7076182618207,252.20607106983903,534.4169768915926,297.4874334532781
1206,2023-07-17 13:00:00,1858.2897136403947,1683.600546126383,1626.8092122092678,1801.109945944876,1664.310362270616,174.68916751401161,231.48050143112687,57.17976769551865,193.97935136977867
1207,2023-07-17 14:00:00,1575.6454902228863,1569.2317102321633,1553.2281386829875,1588.2419016975223,1562.3573061388586,6.413779990723015,22.417351539898846,12.596411474635943,13.288184084027762
1208,2023-07-17 15:00:00,1342.5344397542906,1289.4549955770694,1194.222226588888,1399.2240272504364,1248.205115531606,53.07944417722115,148.31221316540268,56.689587496145805,94.32932422268459
1209,2023-07-17 16:00:00,967.5275203716199,945.0021898715138,884.0215094037964,1375.755308986602,955.3546549409457,22.525330500106065,83.5060109678235,408.22778861498205,12.172865430674165
1210,2023-07-17 17:00:00,350.1538856321071,428.59784393239124,425.9804748319024,689.882070058495,453.80651275534973,78.44395830028412,75.82658919979531,339.7281844263878,103.65262712324261
1211,2023-07-17 18:00:00,0.0,104.37397080570273,11.183124579724772,145.52333940770785,57.24963595966632,104.37397080570273,11.183124579724772,145.52333940770785,57.24963595966632
1212,2023-07-17 19:00:00,0.0,36.564115316249946,25.918272318201012,-122.260492284203,14.501747798990966,36.564115316249946,25.918272318201012,122.260492284203,14.501747798990966
1213,2023-07-17 20:00:00,0.0,7.548127898002207,5.217315023325357,-28.10965726118343,3.5605550546275033,7.548127898002207,5.217315023325357,28.10965726118343,3.5605550546275033
1214,2023-07-17 21:00:00,47.29718276933535,6.3635200826320215,3.4509628497567593,160.83058773234126,14.533174582054583,40.93366268670333,43.846219919578594,113.5334049630059,32.764008187280766
1215,2023-07-17 22:00:00,0.0,7.150346972987538,3.7039487728795977,0.8304449429253964,4.32085485096021,7.150346972987538,3.7039487728795977,0.8304449429253964,4.32085485096021
1216,2023-07-17 23:00:00,101.2011387257358,32.80108897207274,28.80942169006901,106.14147924681265,34.85433439710371,68.40004975366307,72.3917170356668,4.940340521076848,66.34680432863209
1217,2023-07-18 00:00:00,0.0,29.263083638309276,22.544244072413136,133.59912110608713,31.45614883354662,29.263083638309276,22.544244072413136,133.59912110608713,31.45614883354662
1218,2023-07-18 01:00:00,108.6966239075327,33.30031578939294,12.096252159606195,199.27638532175706,29.42985669700952,75.39630811813976,96.6003717479265,90.57976141422436,79.26676721052317
1219,2023-07-18 02:00:00,0.0,10.791965007880592,5.305435410322146,-89.45595951867688,0.32755316660281864,10.791965007880592,5.305435410322146,89.45595951867688,0.32755316660281864
1220,2023-07-18 03:00:00,0.0,12.326185456313842,7.51806162995332,-229.54673874254718,-7.0227110062922655,12.326185456313842,7.51806162995332,229.54673874254718,7.0227110062922655
1221,2023-07-18 04:00:00,0.0,8.36721486115557,2.3030716712943997,-117.07710632415149,-4.166515963942966,8.36721486115557,2.3030716712943997,117.07710632415149,4.166515963942966
1222,2023-07-18 05:00:00,108.26839380705621,22.682358771091643,26.56738210592775,-145.39079050610246,14.294097636644702,85.58603503596457,81.70101170112846,253.65918431315868,93.9742961704115
1223,2023-07-18 06:00:00,134.32198388030625,30.184168749215736,13.777685220310556,210.99683747639875,30.65160326907989,104.13781513109052,120.54429865999569,76.6748535960925,103.67038061122636
1224,2023-07-18 07:00:00,222.3368577012398,389.21479411342125,428.2078014946184,659.265161679779,434.3489044316063,166.87793641218144,205.87094379337861,436.9283039785392,212.01204673036648
1225,2023-07-18 08:00:00,875.3018389946784,923.6022991225316,951.0066194184027,712.5849629778504,930.3596269863494,48.30046012785317,75.70478042372429,162.716876016828,55.057787991671034
1226,2023-07-18 09:00:00,1394.7509434117094,1413.0150280705725,1615.1666113952676,1081.3644700768436,1537.526188563064,18.264084658863112,220.41566798355825,313.38647333486574,142.7752451513545
1227,2023-07-18 10:00:00,1372.0380544582308,1532.0087907004781,1480.8811269913808,1489.9945742821901,1492.8440332580797,159.9707362422473,108.84307253315,117.9565198239593,120.80597879984884
1228,2023-07-18 11:00:00,1638.4288717675786,1587.8317884758465,1576.1716059275886,1655.9079861946861,1583.633396377385,50.59708329173213,62.25726583998994,17.47911442710756,54.79547539019359
1229,2023-07-18 12:00:00,1765.8949439059627,1626.00344931003,1628.3263466909743,1654.7788735940417,1629.420445955464,139.89149459593273,137.56859721498836,111.11607031192102,136.47449795049874
1230,2023-07-18 13:00:00,1790.4970490236872,1631.519358630554,1571.742912119106,1563.999057323341,1584.6079895137732,158.97769039313312,218.75413690458117,226.49799170034612,205.88905950991398
1231,2023-07-18 14:00:00,1307.436067995513,1559.8456792562492,1572.8585950136933,1629.5874355434928,1573.4130267671562,252.40961126073626,265.4225270181803,322.1513675479798,265.97695877164324
1232,2023-07-18 15:00:00,1199.234356163636,1336.5305499857789,1442.3999663111524,1451.7686645078134,1419.3498412292495,137.29619382214287,243.16561014751642,252.53430834417736,220.11548506561348
1233,2023-07-18 16:00:00,940.5351181596717,1086.1912293026915,942.7898436095466,695.9718462300709,959.7405821986947,145.65611114301976,2.2547254498748543,244.56327192960077,19.205464039023013
1234,2023-07-18 17:00:00,440.556429055551,346.4188974909915,390.62030775529377,704.3121550952139,399.8788875638197,94.13753156455948,49.93612130025724,263.75572603966293,40.67754149173129
1235,2023-07-18 18:00:00,45.32999593928584,30.77160535915509,0.015463073279019742,303.9232939867227,25.40191568107658,14.558390580130748,45.314532866006815,258.59329804743686,19.928080258209256
1236,2023-07-18 19:00:00,0.0,16.182796210821483,-0.0925048040738126,-278.98857785863106,-13.460925844762695,16.182796210821483,0.0925048040738126,278.98857785863106,13.460925844762695
1237,2023-07-18 20:00:00,0.0,5.770454646166904,0.015463073279019742,-4.291199625115496,0.9698209674060166,5.770454646166904,0.015463073279019742,4.291199625115496,0.9698209674060166
1238,2023-07-18 21:00:00,0.0,8.228441393434267,0.015477685729911216,14.35767692842444,2.568238927932317,8.228441393434267,0.015477685729911216,14.35767692842444,2.568238927932317
1239,2023-07-18 22:00:00,123.48311451046386,12.67024399529131,2.2118611158294827,-241.6696711643508,-9.773539076098993,110.81287051517255,121.27125339463439,365.15278567481465,133.25665358656286
1240,2023-07-18 23:00:00,0.0,53.16516613742834,5.576772315615217,44.77215244219951,17.816291853775283,53.16516613742834,5.576772315615217,44.77215244219951,17.816291853775283
1241,2023-07-19 00:00:00,14.012355253317914,31.032693366371817,1.1828200475334691,97.12005089166098,13.007104992652668,17.020338113053903,12.829535205784445,83.10769563834307,1.005250260665246
1242,2023-07-19 01:00:00,0.0,12.280305069600509,0.015477685729911216,-136.09609057653267,-5.328105590323352,12.280305069600509,0.015477685729911216,136.09609057653267,5.328105590323352
1243,2023-07-19 02:00:00,0.0,15.535277846169233,-0.09250480407382682,-172.4209054060973,-6.83709005601041,15.535277846169233,0.09250480407382682,172.4209054060973,6.83709005601041
1244,2023-07-19 03:00:00,40.05986927814735,13.159885077525562,0.015463073279019742,-106.70641016837828,-3.4358446474438478,26.89998420062179,40.04440620486833,146.76627944652563,43.495713925591204
1245,2023-07-19 04:00:00,60.75003995115616,102.59511897513732,161.13973483254622,231.30496694844163,152.96293420074545,41.845079023981164,100.38969488139006,170.55492699728546,92.21289424958928
1246,2023-07-19 05:00:00,0.0,57.07783335988661,5.86734520213951,279.3101694676421,32.47972232548891,57.07783335988661,5.86734520213951,279.3101694676421,32.47972232548891
1247,2023-07-19 06:00:00,110.98002047734262,107.42039481514541,128.41198430745357,253.28014902583237,131.27536004156013,3.559625662197206,17.431963830110945,142.30012854848974,20.295339564217514
1248,2023-07-19 07:00:00,491.24143056756,269.3617002948748,346.2194437503741,290.9134156091626,326.9167468212765,221.87973027268515,145.02198681718585,200.32801495839738,164.32468374628348
1249,2023-07-19 08:00:00,811.8912893625289,962.6707472570157,949.5258143362141,946.1737727588409,951.8580042220526,150.77945789448677,137.6345249736852,134.28248339631193,139.96671485952368
1250,2023-07-19 09:00:00,1128.1014314074225,1300.4200944196673,1415.5600301718623,1344.040180564715,1388.7307978497747,172.31866301224477,287.4585987644398,215.93874915729248,260.6293664423522
1251,2023-07-19 10:00:00,1550.21256130882,1339.4543994002283,1374.7478904204308,1449.826195216333,1372.678773280447,210.75816190859177,175.46467088838926,100.38636609248715,177.533788028373
1252,2023-07-19 11:00:00,1384.3981611228337,1620.4949323807386,1657.9113561514782,1934.7822426458706,1668.235074237663,236.09677125790495,273.51319502864453,550.3840815230369,283.83691311482926
1253,2023-07-19 12:00:00,1497.145079493701,1670.8819314250952,1761.3875380180414,1576.2342116139498,1732.1174486933987,173.7368519313943,264.24245852434046,79.0891321202489,234.97236919969782
1254,2023-07-19 13:00:00,1793.2298388003478,1752.345214174625,1783.822335526977,1391.2279397384978,1752.8180112722553,40.884624625722836,9.407503273370821,402.00189906185005,40.411827528092545
1255,2023-07-19 14:00:00,1446.590267645521,1304.2443403123718,1213.6821148784372,1486.6812446490726,1248.5370249530904,142.34592733314912,232.90815276708372,40.09097700355164,198.05324269243056
1256,2023-07-19 15:00:00,1159.722363787547,1261.1352892532962,1250.8017125122203,1280.1074692245052,1254.6617729600098,101.41292546574914,91.07934872467331,120.38510543695816,94.93940917246277
1257,2023-07-19 16:00:00,877.205365779226,1054.8692856371708,938.3797420092369,879.9640127424266,957.2257842901755,177.66391985794485,61.17437623001092,2.75864696320059,80.02041851094953
1258,2023-07-19 17:00:00,587.7254469880135,381.77128903398625,350.00693096060996,819.8541333948708,385.9685930986422,205.9541579540272,237.7185160274035,232.12868640685735,201.75685388937126
1259,2023-07-19 18:00:00,0.0,99.93836954973527,45.43963762384486,77.40067513948293,58.01861667713656,99.93836954973527,45.43963762384486,77.40067513948293,58.01861667713656
1260,2023-07-19 19:00:00,0.0,57.59565565290957,23.876759351450982,9.842047356227567,29.51427847943929,57.59565565290957,23.876759351450982,9.842047356227567,29.51427847943929
1261,2023-07-19 20:00:00,17.16228555978011,9.320594094051163,0.13963443331949138,-176.40381351620476,-10.75400176623622,7.841691465728946,17.02265112646062,193.56609907598488,27.91628732601633
1262,2023-07-19 21:00:00,0.0,14.30873506637983,-0.002264188841674982,-112.75917475569145,-5.277278278163935,14.30873506637983,0.002264188841674982,112.75917475569145,5.277278278163935
1263,2023-07-19 22:00:00,0.0,32.84073459562515,46.845616008568015,165.99164004054552,52.64203473777897,32.84073459562515,46.845616008568015,165.99164004054552,52.64203473777897
1264,2023-07-19 23:00:00,0.0,9.741658109789418,-0.0059422689794736035,-54.16997716559672,-1.9675270052649028,9.741658109789418,0.0059422689794736035,54.16997716559672,1.9675270052649028
1265,2023-07-20 00:00:00,0.0,76.56053505852597,102.51024044806643,-309.26868274727144,67.66657642564499,76.56053505852597,102.51024044806643,309.26868274727144,67.66657642564499
1266,2023-07-20 01:00:00,91.18433730003885,72.9045094179932,26.971004368403367,184.90187747217624,47.50204223170015,18.27982788204565,64.21333293163548,93.71754017213739,43.682295068338696
1267,2023-07-20 02:00:00,0.0,29.013821281514836,23.83607241192776,100.19312225911324,30.370082372150364,29.013821281514836,23.83607241192776,100.19312225911324,30.370082372150364
1268,2023-07-20 03:00:00,27.9828214060227,37.45162259127849,36.31742245293846,98.06072964502187,40.99283671292611,9.468801185255792,8.334601046915758,70.07790823899916,13.010015306903412
1269,2023-07-20 04:00:00,177.63844972169517,81.17606429383197,114.44979060497431,-113.19091760772119,91.41697265236847,96.4623854278632,63.188659116720856,290.82936732941636,86.2214770693267
1270,2023-07-20 05:00:00,0.0,70.31823199013826,60.00496503371398,80.14624453112413,63.51081501529551,70.31823199013826,60.00496503371398,80.14624453112413,63.51081501529551
1271,2023-07-20 06:00:00,0.0,26.920551293609883,10.864361652096095,173.27515589202278,25.766733953487222,26.920551293609883,10.864361652096095,173.27515589202278,25.766733953487222
1272,2023-07-20 07:00:00,494.18748070432275,310.49346858800504,407.1081165732146,500.412581551407,394.58656611143044,183.6940121163177,87.07936413110815,6.2251008470842635,99.60091459289231
1273,2023-07-20 08:00:00,912.6246944337537,929.8732436082983,832.7520285040382,610.6458555187221,837.600982372531,17.248549174544564,79.87266592971548,301.9788389150316,75.02371206122268
1274,2023-07-20 09:00:00,1379.6357045715852,1225.146306261657,1280.5858040573653,1039.8905339586868,1251.447444478408,154.48939830992822,99.04990051421987,339.7451706128984,128.18826009317718
1275,2023-07-20 10:00:00,1377.6423762042318,1442.237530052,1499.7255089843027,1566.499588511973,1492.2127871358746,64.59515384776819,122.08313278007086,188.85721230774107,114.57041093164275
1276,2023-07-20 11:00:00,1710.2380471169172,1588.0081079850331,1710.7214348904172,1723.3672726035477,1685.3639385920883,122.22993913188407,0.48338777349999873,13.129225486630503,24.8741085248289
1277,2023-07-20 12:00:00,1434.2537840339612,1449.6243605233724,1388.220756685582,2130.112022655143,1454.6016064407777,15.370576489411178,46.033027348379164,695.8582386211817,20.347822406816476
1278,2023-07-20 13:00:00,1556.771679312634,1640.0179220129728,1398.7473271697004,1479.6134587203942,1456.1906903580675,83.24624270033883,158.0243521429336,77.15822059223979,100.58098895456646
1279,2023-07-20 14:00:00,1609.6066299425167,1529.41200250743,1788.3017928976724,1275.5012507787364,1696.0915710475072,80.19462743508666,178.69516295515564,334.1053791637803,86.48494110499041
1280,2023-07-20 15:00:00,1187.8643120781007,1246.0922583466197,1199.3215115016862,1221.197093239572,1210.9018929538756,58.22794626851896,11.457199423585507,33.3327811614713,23.037580875774893
1281,2023-07-20 16:00:00,756.5251860172422,997.7660273998761,865.9949884553812,1033.6850636765912,906.232107965682,241.2408413826339,109.46980243813903,277.15987765934904,149.7069219484398
1282,2023-07-20 17:00:00,408.5209468247774,497.6255612156204,498.8598866058672,551.1606248323624,502.34881287995415,89.10461439084298,90.33893978108978,142.63967800758496,93.82786605517674
1283,2023-07-20 18:00:00,119.69316214135051,49.646253361501834,13.703004456772042,373.86878491030274,47.24171804678319,70.04690877984868,105.99015768457846,254.17562276895222,72.45144409456732
1284,2023-07-20 19:00:00,83.01732925368937,61.18907399660719,95.99268275859545,-217.1927751454939,66.06921302129078,21.828255257082176,12.975353504906082,300.21010439918325,16.94811623239859
1285,2023-07-20 20:00:00,0.0,10.756220591791095,4.526382783446173,-74.32144491710153,-0.11095115275642176,10.756220591791095,4.526382783446173,74.32144491710153,0.11095115275642176
1286,2023-07-20 21:00:00,0.0,14.258350502993427,2.9168355188831887,-141.1041651941622,-5.561338895941997,14.258350502993427,2.9168355188831887,141.1041651941622,5.561338895941997
1287,2023-07-20 22:00:00,77.71119115420342,10.310566307704772,1.8792327600323133,29.904014172041684,5.718993005566123,67.40062484649864,75.83195839417111,47.807176982161735,71.9921981486373
1288,2023-07-20 23:00:00,35.47245500337759,9.06520948746088,0.8456836108159982,151.26210925076998,13.830885723147556,26.40724551591671,34.626771392561594,115.78965424739239,21.641569280230033
1289,2023-07-21 00:00:00,63.99287619926432,6.729446148357919,1.7327047884953748,-151.2663487129431,-8.725677739006578,57.26343005090641,62.26017141076895,215.25922491220743,72.7185539382709
1290,2023-07-21 01:00:00,42.73024950357393,57.33834923018672,81.15350863007801,-9.706203598911998,69.42922559713614,14.608099726612792,38.42325912650408,52.43645310248593,26.69897609356221
1291,2023-07-21 02:00:00,17.232912218409894,4.555779589516131,0.3138526060754681,231.58079964429442,18.550398246985623,12.677132628893762,16.919059612334426,214.34788742588452,1.317486028575729
1292,2023-07-21 03:00:00,0.0,11.98837510609231,7.162834129880293,-126.40936935172795,-1.8722430730627568,11.98837510609231,7.162834129880293,126.40936935172795,1.8722430730627568
1293,2023-07-21 04:00:00,0.0,59.74381310696394,8.720092411495607,-191.68566044568195,4.177644838940282,59.74381310696394,8.720092411495607,191.68566044568195,4.177644838940282
1294,2023-07-21 05:00:00,55.37879083746061,11.752056472288855,11.584001235561018,-34.50859971501734,8.15800995323034,43.62673436517176,43.794789601899595,89.88739055247795,47.22078088423027
1295,2023-07-21 06:00:00,0.0,10.914794368198931,3.7885661213586186,287.56770663925215,26.561442496164695,10.914794368198931,3.7885661213586186,287.56770663925215,26.561442496164695
1296,2023-07-21 07:00:00,300.2897142915223,471.92398423594966,522.4635315276759,475.5073789102492,508.53396189765414,171.6342699444274,222.17381723615358,175.21766461872693,208.24424760613186
1297,2023-07-21 08:00:00,766.4454254865598,880.83472086327,839.8585862809002,694.7732222746207,838.0563387442792,114.38929537671027,73.41316079434046,71.67220321193906,71.6109132577194
1298,2023-07-21 09:00:00,1104.5456240874978,1247.9197069425165,1206.6403389037944,1204.6937899363115,1215.0295999571142,143.37408285501874,102.09471481629657,100.14816584881373,110.48397586961642
1299,2023-07-21 10:00:00,1196.3998067896762,1431.9748929372408,1398.4786260491762,1280.5574061286907,1397.053480476055,235.57508614756466,202.07881925950005,84.1575993390145,200.65367368637885
1300,2023-07-21 11:00:00,1598.4568230114062,1528.7103774110092,1739.5776841149031,1454.1392625077135,1675.8208528339476,69.74644560039701,141.12086110349696,144.31756050369268,77.3640298225414
1301,2023-07-21 12:00:00,1687.2781824051654,1531.407359344611,1707.4359391066694,1459.473052772396,1653.527545317747,155.87082306055436,20.157756701504013,227.80512963276942,33.750637087418454
1302,2023-07-21 13:00:00,1538.624322829005,1456.696337165652,1425.9817737283709,1803.7161053231262,1459.055876667905,81.92798566335296,112.64254910063414,265.09178249412116,79.56844616109993
1303,2023-07-21 14:00:00,1560.06422679877,1531.7748173837251,1653.9511513111838,1348.9020162881445,1607.127348258354,28.28940941504493,93.88692451241377,211.16221051062553,47.063121459583954
1304,2023-07-21 15:00:00,1262.1745778187883,1231.2267459492348,1229.587477515376,1121.5942989157084,1222.2842235090338,30.94783186955351,32.5871003034124,140.58027890307994,39.89035430975446
1305,2023-07-21 16:00:00,866.8409999466744,886.1932399430813,847.7144631741908,836.2374421823454,854.8508105110137,19.352239996406865,19.126536772483632,30.603557764329025,11.990189435660682
1306,2023-07-21 17:00:00,414.24755463677894,438.9858852113729,470.8237118892604,807.2462990943299,488.0531564099492,24.73833057459393,56.57615725248144,392.9987444575509,73.80560177317028
1307,2023-07-21 18:00:00,67.4645339546366,62.04139700637452,26.704422596836565,347.7362191767132,56.72095153103422,5.423136948262076,40.76011135780003,280.2716852220766,10.743582423602376
1308,2023-07-21 19:00:00,0.0,44.89664311762108,55.56394430880892,-357.02895574410684,24.164285972699936,44.89664311762108,55.56394430880892,357.02895574410684,24.164285972699936
1309,2023-07-21 20:00:00,0.0,12.19245883611685,0.292199264795365,-22.73966498809864,1.228638089244163,12.19245883611685,0.292199264795365,22.73966498809864,1.228638089244163
1310,2023-07-21 21:00:00,0.0,18.41272181154665,15.723042262782446,-160.54574514777357,4.178292859023966,18.41272181154665,15.723042262782446,160.54574514777357,4.178292859023966
1311,2023-07-21 22:00:00,87.11076967720486,16.62323856166989,2.5579566664962803,143.8900934240218,15.248735215371543,70.48753111553496,84.55281301070858,56.77932374681696,71.86203446183332
1312,2023-07-21 23:00:00,0.0,14.112127318408278,5.599530648352962,-47.55186502540994,3.7488125826357925,14.112127318408278,5.599530648352962,47.55186502540994,3.7488125826357925
1313,2023-07-22 00:00:00,80.04827268130146,43.20980111263252,109.59520746357073,212.95945827542096,102.64500782836221,36.838471568668936,29.546934782269275,132.9111855941195,22.596735147060755
1314,2023-07-22 01:00:00,11.876022692084305,17.568729847726104,2.055811098658655,-31.005533684936495,3.06777797790238,5.6927071556417985,9.82021159342565,42.8815563770208,8.808244714181924
1315,2023-07-22 02:00:00,88.13917196356753,28.688628372234277,52.402752101647856,-263.24596338628237,25.689294206042423,59.45054359133326,35.73641986191968,351.3851353498499,62.449877757525115
1316,2023-07-22 03:00:00,0.0,27.604488394453856,51.872691622302376,-126.22874500124567,34.494939883165834,27.604488394453856,51.872691622302376,126.22874500124567,34.494939883165834
1317,2023-07-22 04:00:00,0.0,7.203354648698985,0.4598897731376558,126.10333799686282,10.522407928128338,7.203354648698985,0.4598897731376558,126.10333799686282,10.522407928128338
1318,2023-07-22 05:00:00,36.31912515036358,8.771830366055884,-0.9951271619821255,49.96013870464367,4.574489055281326,27.5472947843077,37.31425231234571,13.641013554280086,31.744636095082257
1319,2023-07-22 06:00:00,0.0,18.125490401335217,-0.6297266336886751,279.0655946616351,22.563002885153537,18.125490401335217,0.6297266336886751,279.0655946616351,22.563002885153537
1320,2023-07-22 07:00:00,263.7138841140723,319.53117764668696,305.179451371694,335.43264638596315,310.29691456137147,55.817293532614656,41.46556725762167,71.71876227189085,46.583030447299166
1321,2023-07-22 08:00:00,621.5135699430756,836.6485897530229,887.475289287054,877.9576739762558,875.5944572046016,215.13501980994727,265.9617193439784,256.4441040331802,254.08088726152596
1322,2023-07-22 09:00:00,1083.5907335569746,1208.6476794998034,1305.9720464679351,959.6247102325952,1259.38041819789,125.05694594282886,222.38131291096056,123.96602332437931,175.78968464091554
1323,2023-07-22 10:00:00,1182.3458404021344,1274.7128926499481,1169.7642022770638,1341.8161781199196,1205.3697325975188,92.36705224781372,12.58163812507064,159.47033771778524,23.023892195384406
1324,2023-07-22 11:00:00,1742.2878585952876,1547.9183360745155,1598.4495609159867,1520.1570559776762,1581.6364912081492,194.36952252077208,143.83829767930092,222.13080261761138,160.6513673871384
1325,2023-07-22 12:00:00,1511.366879831569,1528.7485931179267,1475.631087977309,1696.9902447489899,1503.4089497941866,17.381713286357808,35.73579185425979,185.623364917421,7.957930037382312
1326,2023-07-22 13:00:00,1582.2116610743603,1536.2658489072987,1573.3364361810795,1556.9168146589764,1563.982440053223,45.945812167061604,8.875224893280802,25.294846415383972,18.22922102113739
1327,2023-07-22 14:00:00,1660.450994848806,1543.2026782360667,1595.0152975742155,1573.7019507243385,1582.060324431673,117.24831661273925,65.43569727459044,86.74904412446745,78.39067041713292
1328,2023-07-22 15:00:00,1186.7642250114673,1285.301454337801,1189.4941246215722,1329.1263699449064,1220.7315602293456,98.53722932633377,2.7298996101048942,142.36214493343914,33.96733521787837
1329,2023-07-22 16:00:00,927.6808143563663,864.5838285803777,823.9768112221651,760.1440873754754,828.2780825173901,63.09698577598863,103.70400313420123,167.536726980891,99.40273183897625
1330,2023-07-22 17:00:00,254.08519201068708,398.0086134468862,382.8675155411847,758.404943489743,413.487863873629,143.92342143619913,128.7823235304976,504.3197514790559,159.40267186294193
1331,2023-07-22 18:00:00,4.76319489847972,92.54719246280533,66.50926730197685,545.5372935176272,107.04828258552558,87.7839975643256,61.74607240349713,540.7740986191475,102.28508768704586
1332,2023-07-22 19:00:00,23.895732985701308,23.06953992191036,2.7050495307415323,-422.22299417962074,-23.68769914846912,0.8261930637909494,21.190683454959775,446.11872716532207,47.58343213417043
1333,2023-07-22 20:00:00,0.0,8.038377970418887,0.41214770282787044,-154.56913906397563,-6.4603966300254285,8.038377970418887,0.41214770282787044,154.56913906397563,6.4603966300254285
1334,2023-07-22 21:00:00,136.5103824625927,24.744344119091274,29.93176462445547,171.6847826599498,36.59496457589336,111.76603834350144,106.57861783813723,35.1744001973571,99.91541788669934
1335,2023-07-22 22:00:00,4.096312845917161,25.03458413477014,25.08908787726844,-285.6246874922366,8.073017701276502,20.938271288852977,20.99277503135128,289.7210003381538,3.9767048553593405
1336,2023-07-22 23:00:00,0.0,45.121780288827495,64.18554666542516,104.82147912410403,62.38686711154505,45.121780288827495,64.18554666542516,104.82147912410403,62.38686711154505
1337,2023-07-23 00:00:00,0.0,31.597707454938746,64.53865229369632,-37.547967834611654,52.00095684897155,31.597707454938746,64.53865229369632,37.547967834611654,52.00095684897155
1338,2023-07-23 01:00:00,182.58738705812522,62.131087179751596,76.43256073533374,74.9351099852546,73.33290408911253,120.45629987837361,106.15482632279148,107.65227707287062,109.25448296901268
1339,2023-07-23 02:00:00,0.0,30.785580645633743,22.93477134419667,-69.48671573011723,19.53335235477572,30.785580645633743,22.93477134419667,69.48671573011723,19.53335235477572
1340,2023-07-23 03:00:00,0.0,37.68228373494989,45.9893711977949,7.896154813565772,42.15177687875427,37.68228373494989,45.9893711977949,7.896154813565772,42.15177687875427
1341,2023-07-23 04:00:00,0.0,17.7556391028732,-0.7979554765780732,-193.68566969514222,-7.439275793376268,17.7556391028732,0.7979554765780732,193.68566969514222,7.439275793376268
1342,2023-07-23 05:00:00,0.0,19.580552329222893,1.4597257462804574,65.38518919277476,8.781816331232987,19.580552329222893,1.4597257462804574,65.38518919277476,8.781816331232987
1343,2023-07-23 06:00:00,73.384863877664,37.56233948890529,43.82149826845995,336.82583170151406,58.536151696291896,35.822524388758715,29.563365609204055,263.4409678238501,14.848712181372107
1344,2023-07-23 07:00:00,250.94413576395252,270.2312094730271,280.029471260141,517.5311060088977,290.95983005472334,19.287073709074576,29.085335496188492,266.5869702449452,40.015694290770824
1345,2023-07-23 08:00:00,724.3456475323331,667.1092226460339,723.046793419706,652.6549747187628,706.9433216239466,57.23642488629923,1.2988541126271684,71.69067281357036,17.4023259083865
1346,2023-07-23 09:00:00,1163.796102607272,1043.0974608287759,1091.6512204319522,791.9347767604136,1065.6233805232657,120.69864177849604,72.14488217531971,371.86132584685834,98.17272208400618
1347,2023-07-23 10:00:00,1559.7295383882183,1184.54932051683,1216.9755520272686,1249.5046927507942,1211.3439486959583,375.1802178713883,342.75398636094974,310.2248456374241,348.38558969226006
1348,2023-07-23 11:00:00,1611.9288675252876,1584.0141470476553,1651.745782076958,1613.7582097271438,1634.6329007670208,27.914720477632272,39.81691455167038,1.8293422018562069,22.704033241733214
1349,2023-07-23 12:00:00,1681.1933049119864,1602.6599619163767,1652.9591019989177,1716.2955089496277,1644.8737495060398,78.5333429956097,28.234202913068657,35.102204037641286,36.31955540594663
1350,2023-07-23 13:00:00,1416.6792089362616,1567.3377737261048,1543.5727196090504,1745.1555081350034,1559.0838912235195,150.65856478984324,126.8935106727888,328.4762991987418,142.40468228725786
1351,2023-07-23 14:00:00,1336.180407337431,1556.8714165439906,1610.0843847340343,1618.0494848747376,1598.549130204397,220.69100920655956,273.9039773966033,281.86907753730657,262.368722866966
1352,2023-07-23 15:00:00,1243.5582340181525,1177.4459630298284,1205.71027085743,1152.4144989747635,1196.6782027386193,66.1122709883241,37.84796316072243,91.14373504338892,46.880031279533114
1353,2023-07-23 16:00:00,957.0183925236146,893.4657860646485,881.1298956151029,863.2652240805345,882.9950984825716,63.552606458966125,75.88849690851168,93.75316844308009,74.02329404104296
1354,2023-07-23 17:00:00,392.35715046589786,304.73715563742,308.1070566869253,446.498729450086,314.3398013781832,87.61999482847784,84.25009377897254,54.14157898418813,78.01734908771465
1355,2023-07-23 18:00:00,62.38182483225038,71.56341712065941,37.19477864425889,59.19321116106278,46.01575278197591,9.181592288409028,25.18704618799149,3.1886136711876034,16.366072050274468
1356,2023-07-23 19:00:00,21.69804913593248,49.11777209270813,44.583951610570395,-91.8714748523281,38.710093594377796,27.41972295677565,22.885902474637916,113.56952398826058,17.012044458445317
1357,2023-07-23 20:00:00,109.34475733762258,38.27815032872678,32.096329334483414,-80.48887790002289,27.871289582047275,71.0666070088958,77.24842800313917,189.83363523764547,81.47346775557531
1358,2023-07-23 21:00:00,58.974504535886005,34.823668005438286,27.21572076186642,-57.68354459053546,24.690329353677264,24.15083653044772,31.758783774019584,116.65804912642147,34.28417518220874
1359,2023-07-23 22:00:00,43.75965799021085,52.460877107138266,54.734208501028384,229.41960703287305,62.93072757047043,8.701219116927419,10.974550510817537,185.6599490426622,19.171069580259584
1360,2023-07-23 23:00:00,106.23675829367704,81.37511726003508,27.60291784730815,248.94875681730048,50.69235314275791,24.86164103364196,78.6338404463689,142.71199852362344,55.54440515091913
1361,2023-07-24 00:00:00,1.2323745246080688,37.71850424455739,4.7807556221097505,-186.50517305080632,2.632906217888813,36.48612971994932,3.5483810975016814,187.7375475754144,1.4005316932807441
1362,2023-07-24 01:00:00,0.0,34.074672878904586,14.670144254165487,35.228802179941226,20.045957848471716,34.074672878904586,14.670144254165487,35.228802179941226,20.045957848471716
1363,2023-07-24 02:00:00,16.0671790955284,51.47905112147005,27.830397617033622,-71.92059573474455,28.161687639037044,35.41187202594165,11.763218521505223,87.98777483027295,12.094508543508645
1364,2023-07-24 03:00:00,0.0,65.80315562902678,14.039405495992778,-63.62168763451223,21.776040265346428,65.80315562902678,14.039405495992778,63.62168763451223,21.776040265346428
1365,2023-07-24 04:00:00,48.33572393197602,36.240107236383686,27.61533185542878,-6.509154904065099,27.84855206559403,12.095616695592334,20.72039207654724,54.84487883604112,20.48717186638199
1366,2023-07-24 05:00:00,4.955522798255001,27.742727462716434,26.018880804321654,-188.35152072913763,15.721256706562555,22.787204664461434,21.063358006066654,193.30704352739264,10.765733908307553
1367,2023-07-24 06:00:00,32.23494979364246,30.860928254318846,5.395159136786375,307.5583593417843,26.165219921452795,1.3740215393236106,26.83979065685608,275.32340954814185,6.0697298721896615
1368,2023-07-24 07:00:00,313.91312000381333,267.67238170549905,287.7152170977755,414.69927648073025,289.54976744230606,46.240738298314284,26.197902906037825,100.78615647691691,24.36335256150727
1369,2023-07-24 08:00:00,903.2225939154569,677.7738807162251,551.4411766759346,855.5530043929377,598.6730790371571,225.44871319923175,351.7814172395223,47.66958952251912,304.54951487829976
1370,2023-07-24 09:00:00,919.6752934777583,1166.5137600240096,1191.1146552456376,1228.3141487114358,1187.2559400963955,246.8384665462513,271.4393617678793,308.63885523367753,267.5806466186373
1371,2023-07-24 10:00:00,1642.7572186720654,1542.2219592765668,1703.7217417489792,1134.530336260109,1633.3517572986461,100.53525939549854,60.96452307691379,508.22688241195647,9.405461373419257
1372,2023-07-24 11:00:00,1693.6468354613328,1547.2598955957628,1599.9646324788378,1814.865996962666,1599.184159450486,146.38693986556996,93.68220298249503,121.21916150133325,94.46267601084674
1373,2023-07-24 12:00:00,1516.0989326054778,1461.0762575960425,1483.5953070486971,1892.2989178758112,1500.8078301059504,55.02267500943526,32.50362555678066,376.1999852703334,15.29110249952737
1374,2023-07-24 13:00:00,1694.8240142325865,1600.8719514428813,1696.3793491244382,1545.8332046202604,1665.0664012813993,93.95206278970522,1.5553348918517713,148.99080961232607,29.757612951187184
1375,2023-07-24 14:00:00,1373.2144174334765,1379.902547177227,1591.6275867399133,1252.1172073979021,1521.8919993860202,6.688129743750551,218.41316930643688,121.09721003557434,148.67758195254373
1376,2023-07-24 15:00:00,1241.0302651766776,1238.0413889174538,1154.1683310994092,1015.5118075186468,1166.6689830665925,2.9888762592238436,86.86193407726842,225.5184576580308,74.36128211008509
1377,2023-07-24 16:00:00,879.4389952521398,1031.7804126347482,942.0569095024863,992.6234848625222,966.4424466198556,152.34141738260848,62.61791425034653,113.18448961038246,87.0034513677158
1378,2023-07-24 17:00:00,573.1031131663872,366.40605418817853,432.1072125469248,697.52707606327,430.99730387487887,206.69705897820864,140.99590061946236,124.42396289688281,142.1058092915083
1379,2023-07-24 18:00:00,18.345513343041997,65.74386210487721,40.37129824449788,126.84856737703944,51.26371191328463,47.39834876183521,22.025784901455882,108.50305403399744,32.91819857024264
1380,2023-07-24 19:00:00,0.0,51.989538867355876,37.17632068082592,-111.9287428590751,32.48404773592259,51.989538867355876,37.17632068082592,111.9287428590751,32.48404773592259
1381,2023-07-24 20:00:00,0.0,38.262036583716096,52.61975320398414,-134.6377486227176,35.34772603227043,38.262036583716096,52.61975320398414,134.6377486227176,35.34772603227043
1382,2023-07-24 21:00:00,0.0,72.01513694516554,111.95902889045769,144.52078100829567,103.73415774812625,72.01513694516554,111.95902889045769,144.52078100829567,103.73415774812625
1383,2023-07-24 22:00:00,0.0,46.4011167229243,32.89314292446577,-162.70430132662023,22.393320293292348,46.4011167229243,32.89314292446577,162.70430132662023,22.393320293292348
1384,2023-07-24 23:00:00,101.26392674930759,67.92629578626251,58.89779695222509,66.66106683773376,61.84499863758112,33.33763096304507,42.36612979708249,34.60285991157383,39.418928111726466
1385,2023-07-25 00:00:00,0.0,43.772758525297576,45.548385450389105,296.9698358493903,63.16880078320015,43.772758525297576,45.548385450389105,296.9698358493903,63.16880078320015
1386,2023-07-25 01:00:00,113.73971876763939,69.0530573074174,60.01404778476121,-148.24730335969537,47.42070636664685,44.686661460221984,53.72567098287818,261.98702212733474,66.31901240099253
1387,2023-07-25 02:00:00,14.355871338925974,53.6533747249383,47.00847579405514,43.33176000292099,48.501935543475604,39.29750338601233,32.652604455129165,28.975888663995015,34.14606420454963
1388,2023-07-25 03:00:00,38.67549346226546,59.055387948472344,30.169532627224324,-36.62970951494219,33.00539477875684,20.379894486206886,8.505960835041133,75.30520297720764,5.67009868350862
1389,2023-07-25 04:00:00,36.48316707069557,21.509891269645788,6.1690468792742985,-172.4777258319607,-2.626234493904448,14.973275801049784,30.314120191421274,208.96089290265627,39.10940156460002
1390,2023-07-25 05:00:00,47.25322373635024,24.049390775068517,6.836867471768646,-101.06391455708683,3.627055629646576,23.203832961281726,40.416356264581594,148.31713829343707,43.626168106703666
1391,2023-07-25 06:00:00,0.0,40.344956690272305,16.066442755858922,256.7933961962,39.81037659063819,40.344956690272305,16.066442755858922,256.7933961962,39.81037659063819
1392,2023-07-25 07:00:00,292.1229194299567,313.17414012442083,343.41229834194564,535.067011023541,349.2022193983231,21.05122069446412,51.28937891198893,242.9440915935843,57.0792999683664
1393,2023-07-25 08:00:00,819.4132901704771,955.4265352286593,875.0956647378895,642.1243604972265,883.1164960778816,136.01324505818218,55.68237456741235,177.28892967325066,63.70320590740448
1394,2023-07-25 09:00:00,999.6402217374786,1121.547018308089,977.6762245210148,969.9357995379295,1019.7397011076677,121.90679657061048,21.96399721646378,29.70442219954907,20.0994793701891
1395,2023-07-25 10:00:00,1443.453756467566,1610.1913359400087,1642.0980341717457,1401.3352937106142,1616.3685522820247,166.73757947244258,198.64427770417956,42.118462756951885,172.91479581445856
1396,2023-07-25 11:00:00,1765.7424470472372,1624.7791268250978,1645.512305584085,1741.1212967459558,1645.8419447672266,140.96332022213937,120.23014146315222,24.621150301281432,119.90050228001064
1397,2023-07-25 12:00:00,1579.7831282992997,1568.7824687871282,1566.1445583869483,1529.7830060544702,1564.4659643659975,11.000659512171524,13.638569912351386,50.00012224482953,15.317163933302254
1398,2023-07-25 13:00:00,1605.8948703302087,1543.735469710193,1482.7644097554808,1708.691606370271,1516.093746564883,62.15940062001573,123.13046057472798,102.79673604006234,89.80112376532566
1399,2023-07-25 14:00:00,1438.0707361294756,1425.620340817537,1552.7907223416557,1465.1090338590257,1509.2165121528942,12.450395311938564,114.71998621218017,27.038297729550095,71.14577602341865
1400,2023-07-25 15:00:00,1117.8579735541673,1196.4831166115646,1212.554349908013,1315.3217997938195,1214.7481531726078,78.62514305739728,94.69637635384561,197.46382623965224,96.89017961844047
1401,2023-07-25 16:00:00,863.0894719980679,932.9239615029073,879.6081835212207,1073.0400282023488,908.4735541466489,69.83448950483944,16.518711523152774,209.95055620428093,45.384082148581
1402,2023-07-25 17:00:00,491.2276667032388,466.2595358113958,572.1435006347355,483.86035323802435,534.8295762324583,24.968130891843032,80.91583393149665,7.367313465214465,43.60190952921948
1403,2023-07-25 18:00:00,22.972870208222194,50.97321415308991,15.388006118799847,25.600857305928912,26.612323660184234,28.00034394486772,7.5848640894223465,2.6279870977067183,3.6394534519620407
1404,2023-07-25 19:00:00,0.0,37.092784420186035,4.7067042972034425,-237.67091277186637,-2.100774543420979,37.092784420186035,4.7067042972034425,237.67091277186637,2.100774543420979
1405,2023-07-25 20:00:00,19.235800411200902,19.984871903086937,2.3050227287741314,-154.18992816422178,-1.5947065180168956,0.7490714918860348,16.930777682426772,173.42572857542268,20.830506929217798
1406,2023-07-25 21:00:00,147.11252514476035,28.925682083873,6.6362636861990625,-161.3459080066085,3.4009788739010993,118.18684306088736,140.47626145856128,308.45843315136887,143.71154627085926
1407,2023-07-25 22:00:00,0.0,38.161189698351734,3.2476755891387477,161.02926025760922,22.318768196909858,38.161189698351734,3.2476755891387477,161.02926025760922,22.318768196909858
1408,2023-07-25 23:00:00,2.469854736340232,46.9463458853026,23.70191840725237,148.86720846731833,37.552718606722614,44.47649114896237,21.23206367091214,146.3973537309781,35.08286387038238
1409,2023-07-26 00:00:00,53.5954220928497,19.59150401675272,36.26901806506028,-64.61616232590734,25.6957901292641,34.00391807609698,17.326404027789422,118.21158441875704,27.899631963585602
1410,2023-07-26 01:00:00,20.310975253247776,15.33708796746297,3.928020921499124,-88.57048450747516,1.8983671958358181,4.973887285784805,16.38295433174865,108.88145976072293,18.41260805741196
1411,2023-07-26 02:00:00,0.0,14.419494449324556,3.3792135649573654,-37.75091356755968,4.1896596013835525,14.419494449324556,3.3792135649573654,37.75091356755968,4.1896596013835525
1412,2023-07-26 03:00:00,0.0,13.810884017762639,28.488572694073525,-42.76592999370348,20.188731741379836,13.810884017762639,28.488572694073525,42.76592999370348,20.188731741379836
1413,2023-07-26 04:00:00,0.0,26.268909902222514,30.22177970483117,-48.201691203757605,24.589491978046745,26.268909902222514,30.22177970483117,48.201691203757605,24.589491978046745
1414,2023-07-26 05:00:00,42.562586033813304,23.68592118854226,29.079900380100852,93.6886004235846,31.236785681242928,18.876664845271044,13.482685653712451,51.1260143897713,11.325800352570376
1415,2023-07-26 06:00:00,37.90178894870785,32.48670282735415,28.724753731415753,337.49370197916136,47.51249414989989,5.415086121353703,9.1770352172921,299.5919130304535,9.610705201192033
1416,2023-07-26 07:00:00,634.3198316454818,371.9929402384106,363.84637523227786,292.4273616298714,362.08908384569116,262.32689140707123,270.47345641320396,341.8924700156104,272.23074779979066
1417,2023-07-26 08:00:00,666.29598362082,867.1558374379833,840.8783272916212,1223.6960222064797,868.5565369429296,200.8598538171633,174.58234367080115,557.4000385856597,202.26055332210956
1418,2023-07-26 09:00:00,1453.8892136290879,1022.6222156478825,1059.143467039503,1113.0874618985167,1053.4659115157012,431.26699798120535,394.74574658958477,340.80175173057114,400.4233021133866
1419,2023-07-26 10:00:00,1504.025050165498,1540.2091810054103,1437.9863557286324,1356.6547505905696,1457.775616033955,36.184130839912314,66.03869443686563,147.37029957492837,46.24943413154301
1420,2023-07-26 11:00:00,1755.3450831203004,1636.546220999714,1459.1587217755225,1738.648068104609,1517.0358662844583,118.79886212058636,296.1863613447779,16.697015015691477,238.3092168358421
1421,2023-07-26 12:00:00,1848.2989420199835,1625.2204298739055,1731.1284124484523,1682.2099543549339,1703.1732984288055,223.07851214607808,117.17052957153123,166.08898766504967,145.125643591178
1422,2023-07-26 13:00:00,1818.384331545592,1609.363336941238,1738.4561684446703,1795.9184501299446,1710.9332286212696,209.02099460435397,79.92816310092167,22.465881415647345,107.45110292432241
1423,2023-07-26 14:00:00,1665.2765436829413,1502.2488007093964,1731.5297121417152,1513.1553616659196,1664.7160070851141,163.02774297354495,66.25316845877387,152.12118201702174,0.5605365978271948
1424,2023-07-26 15:00:00,1376.3676234430204,1094.8055532293947,1159.0766052565873,1660.9152872429618,1171.8542961018684,281.5620702136257,217.29101818643312,284.54766379994135,204.51332734115203
1425,2023-07-26 16:00:00,770.8066101360328,988.6186589461201,950.9485805428329,1229.802267432549,975.5219838947498,217.8120488100874,180.14197040680017,458.99565729651613,204.71537375871708
1426,2023-07-26 17:00:00,564.3441605707349,466.3939106088277,518.2820469752963,822.1895236602631,522.9326379454952,97.95024996190716,46.06211359543852,257.8453630895283,41.41152262523963
1427,2023-07-26 18:00:00,0.0,21.087828388803835,13.431928645000298,253.55442972996877,28.691369742120145,21.087828388803835,13.431928645000298,253.55442972996877,28.691369742120145
1428,2023-07-26 19:00:00,0.0,7.782979851099815,2.859778222179587,-123.69830176305811,-3.0497440165245258,7.782979851099815,2.859778222179587,123.69830176305811,3.0497440165245258
1429,2023-07-26 20:00:00,0.0,20.763940021531354,31.601665354287004,-46.032826202921115,24.688527764949775,20.763940021531354,31.601665354287004,46.032826202921115,24.688527764949775
1430,2023-07-26 21:00:00,0.0,19.047956963198384,23.371033837681004,-40.6529103909038,18.738018742925597,19.047956963198384,23.371033837681004,40.6529103909038,18.738018742925597
1431,2023-07-26 22:00:00,4.788505947670021,22.20159121765555,21.776777902587057,135.68288427315412,28.33750071579423,17.41308526998553,16.988271954917035,130.8943783254841,23.54899476812421
1432,2023-07-26 23:00:00,71.713977752593,61.172699481465806,99.43009156942709,21.67752568412277,86.16346311822407,10.54127827112719,27.716113816834095,50.036452068470226,14.449485365631077
1433,2023-07-27 00:00:00,52.10767819613185,66.9434544752748,99.40828914472199,100.66735652918214,91.96513158406218,14.835776279142955,47.30061094859014,48.55967833305029,39.85745338793033
1434,2023-07-27 01:00:00,0.0,27.6756225388149,22.24321790766469,-115.02321576831457,15.712923563380281,27.6756225388149,22.24321790766469,115.02321576831457,15.712923563380281
1435,2023-07-27 02:00:00,0.0,27.506345093996412,32.76638737614982,-122.85327658970402,22.719868202314046,27.506345093996412,32.76638737614982,122.85327658970402,22.719868202314046
1436,2023-07-27 03:00:00,0.0,19.541414030870627,29.52455162005738,-54.673246196079845,22.436859177665184,19.541414030870627,29.52455162005738,54.673246196079845,22.436859177665184
1437,2023-07-27 04:00:00,7.103345785424203,11.809543892436913,4.90785353863531,-52.075308399579285,3.27247403532219,4.70619810701271,2.195492246788893,59.17865418500349,3.830871750102013
1438,2023-07-27 05:00:00,0.0,17.100632356190474,12.287649828635276,101.62146920968826,18.470002674601275,17.100632356190474,12.287649828635276,101.62146920968826,18.470002674601275
1439,2023-07-27 06:00:00,0.0,25.523331717711336,31.604993891721833,68.85877236395663,32.310849913209964,25.523331717711336,31.604993891721833,68.85877236395663,32.310849913209964
1440,2023-07-27 07:00:00,401.0368046358617,471.62238138841053,378.9297704577274,569.5513979537807,411.19999880881426,70.58557675254883,22.107034178134313,168.51459331791898,10.163194172952558
1441,2023-07-27 08:00:00,991.9947107342093,687.6924898382807,555.6385815721674,547.7159210209481,584.2299082785532,304.3022208959286,436.35612916204195,444.2787897132612,407.7648024556561
1442,2023-07-27 09:00:00,1122.9447155151945,1324.6510976871205,1365.6653672575376,1325.7818729589267,1354.306119529021,201.70638217192595,242.72065174234308,202.83715744373217,231.3614040138266
1443,2023-07-27 10:00:00,1405.481015211377,1439.7778275572537,1378.7990869818618,1529.0889123657944,1401.0150314539956,34.29681234587656,26.68192822951528,123.60789715441729,4.465983757381537
1444,2023-07-27 11:00:00,1751.8069104858557,1621.1513970093977,1714.8504738698557,1441.4215147490354,1678.2257483411263,130.65551347645805,36.95643661600002,310.3853957368203,73.58116214472943
1445,2023-07-27 12:00:00,1737.4529259538335,1717.57528853008,1798.6517129697331,1630.2061855887057,1770.9508025514326,19.87763742375364,61.1987870158996,107.24674036512783,33.49787659759909
1446,2023-07-27 13:00:00,1651.5098622110834,1667.7381210100366,1691.874414970487,1760.6957242747928,1690.5931373026735,16.22825879895322,40.36455275940352,109.18586206370946,39.08327509159017
1447,2023-07-27 14:00:00,1317.974782523574,1500.3950645643852,1399.9316259491416,1468.1678426101578,1426.0311650461053,182.42028204081112,81.95684342556751,150.19306008658373,108.0563825225313
1448,2023-07-27 15:00:00,1414.8024925893453,1351.7085379675812,1314.216226815894,1253.8182660698067,1318.9293296635506,63.09395462176417,100.58626577345126,160.98422651953865,95.87316292579476
1449,2023-07-27 16:00:00,827.4229929301247,762.7019247461209,566.3584094548742,1220.6103089301423,647.863710797451,64.7210681840038,261.0645834752505,393.18731600001763,179.55928213267373
1450,2023-07-27 17:00:00,516.3824440468308,519.3401202836035,481.2300535482194,432.0113473958279,486.73359522620245,2.957676236772727,35.15239049861134,84.37109665100286,29.648848820628302
1451,2023-07-27 18:00:00,0.0,18.34595657441203,3.7661095255884467,354.46518167931043,27.506585819537236,18.34595657441203,3.7661095255884467,354.46518167931043,27.506585819537236
1452,2023-07-27 19:00:00,0.0,10.023781793845925,19.08872825767663,271.4554522375565,31.869645523729027,10.023781793845925,19.08872825767663,271.4554522375565,31.869645523729027
1453,2023-07-27 20:00:00,0.0,3.142404461804677,-0.48450137203289834,309.70915671223287,15.226194310783663,3.142404461804677,0.48450137203289834,309.70915671223287,15.226194310783663
1454,2023-07-27 21:00:00,10.205458644312976,6.553830914292112,1.0087333549132698,-393.5973683907579,-17.068267361722395,3.6516277300208646,9.196725289399707,403.80282703507083,27.27372600603537
1455,2023-07-27 22:00:00,0.0,10.52052007961007,17.604339829372393,-234.93968844713697,4.037214691155871,10.52052007961007,17.604339829372393,234.93968844713697,4.037214691155871
1456,2023-07-27 23:00:00,0.0,15.075686830001171,3.4168150274990645,-94.34064989946603,0.8712503005019476,15.075686830001171,3.4168150274990645,94.34064989946603,0.8712503005019476
1457,2023-07-28 00:00:00,0.0,11.815980307465068,3.2608427550085035,-258.45079760549504,-7.8116780826577985,11.815980307465068,3.2608427550085035,258.45079760549504,7.8116780826577985
1458,2023-07-28 01:00:00,0.0,12.191014926141644,2.367453631590155,-257.91946650048317,-8.397683392654287,12.191014926141644,2.367453631590155,257.91946650048317,8.397683392654287
1459,2023-07-28 02:00:00,5.713998434944408,13.364846835075864,4.270747766641355,-11.2419702230344,5.22805411520841,7.650848400131457,1.4432506683030528,16.955968657978808,0.4859443197359976
1460,2023-07-28 03:00:00,0.0,6.353982266794861,4.94200238595541,73.04962101322417,8.507205979139464,6.353982266794861,4.94200238595541,73.04962101322417,8.507205979139464
1461,2023-07-28 04:00:00,122.63251723293008,41.00933559149117,34.08427573003179,-6.883844021132859,33.40065268369872,81.62318164143892,88.54824150289829,129.51636125406293,89.23186454923136
1462,2023-07-28 05:00:00,64.88855235625104,38.206101887533734,34.87448358934549,-143.74834730623934,26.846113017031684,26.682450468717306,30.014068766905552,208.63689966249038,38.04243933921936
1463,2023-07-28 06:00:00,0.0,48.635453551517365,42.972674877791015,146.76297026265144,49.06552039278591,48.635453551517365,42.972674877791015,146.76297026265144,49.06552039278591
1464,2023-07-28 07:00:00,481.57812173528157,517.9045037314163,451.0701443358872,478.7006647165024,464.96799533843625,36.32638199613473,30.50797739939435,2.8774570187791824,16.610126396845317
1465,2023-07-28 08:00:00,870.8365335010941,968.3221301153033,982.3581565329732,621.6025686111442,961.7472469767521,97.48559661420916,111.52162303187913,249.2339648899499,90.91071347565799
1466,2023-07-28 09:00:00,1079.9697648772728,1286.0699659146603,1268.37110615132,1189.3702738927263,1267.7025500553075,206.10020103738748,188.40134127404713,109.40050901545351,187.73278517803465
1467,2023-07-28 10:00:00,1500.294543313171,1420.0523320025584,1496.91414663665,1419.772159825135,1478.8353811037075,80.24221131061267,3.380396676521059,80.52238348803598,21.459162209463557
1468,2023-07-28 11:00:00,1799.5910252483704,1675.0040214526964,1751.6637431553822,1601.1450692372555,1729.958617964211,124.58700379567404,47.92728209298821,198.44595601111496,69.6324072841594
1469,2023-07-28 12:00:00,1606.036078880397,1693.3718731080255,1808.1313208546992,1830.6134873802896,1788.0120938542098,87.33579422762841,202.0952419743021,224.5774084998925,181.97601497381265
1470,2023-07-28 13:00:00,1718.8247908798712,1675.975848465011,1726.773587513913,1656.4425001196698,1713.8593135477024,42.848942414860176,7.948796634041855,62.382290760201386,4.965477332168803
1471,2023-07-28 14:00:00,1357.5574863493384,1418.7387250967604,1341.5348187823379,1604.9432764847902,1368.977364293196,61.18123874742196,16.022667567000553,247.38579013545177,11.4198779438575
1472,2023-07-28 15:00:00,1122.8403838538613,1341.060513172324,1373.432714854563,1296.713255347836,1363.609999761562,218.22012931846257,250.59233100070173,173.87287149397457,240.76961590770065
1473,2023-07-28 16:00:00,788.6730050749238,924.262929929032,862.4284725522178,756.6427383801218,868.591946819088,135.58992485410818,73.75546747729402,32.03026669480198,79.91894174416416
1474,2023-07-28 17:00:00,535.4790787684003,536.8362948532488,505.3767432759881,540.4549698796794,512.9513425881703,1.35721608484846,30.102335492412237,4.975891111279111,22.527736180230022
1475,2023-07-28 18:00:00,51.143440261235476,86.1627545709771,-0.13220424930205718,86.59516453494552,20.171227661781494,35.019314309741624,51.27564451053753,35.45172427371005,30.972212599453982
1476,2023-07-28 19:00:00,0.0,17.643492525950116,0.024250270719360603,74.8532445359815,7.0218244457945165,17.643492525950116,0.024250270719360603,74.8532445359815,7.0218244457945165
1477,2023-07-28 20:00:00,90.4129748687331,3.2110622340422963,0.6676917721955504,34.75625185940055,2.779585595444499,87.2019126346908,89.74528309653755,55.65672300933255,87.6333892732886
1478,2023-07-28 21:00:00,92.85818274539943,4.4729208308327735,0.4156521331438681,126.38181855199542,7.41930879691666,88.38526191456666,92.44253061225557,33.52363580659599,85.43887394848278
1479,2023-07-28 22:00:00,165.41344844988998,9.271134077822857,0.98881516883913,-60.963094127992235,-0.9156129009641956,156.14231437206712,164.42463328105086,226.37654257788222,166.32906135085418
1480,2023-07-28 23:00:00,136.94077743870199,76.89038958368933,62.43947136397365,-24.782910784403157,60.17631601442304,60.05038785501266,74.50130607472833,161.72368822310514,76.76446142427895
1481,2023-07-29 00:00:00,0.0,16.799329237612437,0.776710404152902,111.03463598155258,8.775758027464411,16.799329237612437,0.776710404152902,111.03463598155258,8.775758027464411
1482,2023-07-29 01:00:00,73.99860166926408,18.92869613516089,0.5147635088667549,-219.71382953373916,-7.907694560258914,55.069905534103185,73.48383816039733,293.71243120300323,81.906296229523
1483,2023-07-29 02:00:00,70.37034372714508,4.005098724752988,0.4746310209577224,-158.69768028464387,-7.078021223266796,66.3652450023921,69.89571270618737,229.06802401178896,77.44836495041189
1484,2023-07-29 03:00:00,0.0,3.9964220188561534,1.5363485541890674,89.57200269636553,6.374823077431598,3.9964220188561534,1.5363485541890674,89.57200269636553,6.374823077431598
1485,2023-07-29 04:00:00,36.39397824528259,12.10555738250227,0.006428793100521987,196.84886122973234,11.813726835658887,24.28842086278032,36.387549452182064,160.45488298444974,24.580251409623703
1486,2023-07-29 05:00:00,0.0,1.5572747415680908,-0.0737291495114489,53.965918110862845,2.914430107915077,1.5572747415680908,0.0737291495114489,53.965918110862845,2.914430107915077
1487,2023-07-29 06:00:00,0.0,11.205376310555705,1.8123059812055602,213.08757089036112,13.946914790752352,11.205376310555705,1.8123059812055602,213.08757089036112,13.946914790752352
1488,2023-07-29 07:00:00,320.3571759297158,460.3099179547119,447.8872383729154,444.94959578519786,449.5995609740682,139.9527420249961,127.5300624431996,124.59241985548204,129.24238504435237
1489,2023-07-29 08:00:00,830.2137024825231,912.7395956451012,889.745435974679,910.1696915096604,894.1909448458332,82.52589316257809,59.53173349215592,79.95598902713732,63.9772423633101
1490,2023-07-29 09:00:00,1277.021548236406,1111.355347664984,1223.0715416490966,1084.4904985723856,1199.314788868507,165.666200571422,53.95000658730942,192.53104966402043,77.70675936789894
1491,2023-07-29 10:00:00,1517.4775926097311,1431.2396806325917,1436.4446724309923,1420.6021973335842,1434.8229936514822,86.23791197713945,81.03292017873878,96.87539527614695,82.65459895824893
1492,2023-07-29 11:00:00,1714.0209485773328,1660.299142499992,1642.1233993221945,1734.5211215559748,1649.819939922214,53.721806077340716,71.8975492551383,20.500172978642013,64.20100865511881
1493,2023-07-29 12:00:00,1795.7816313166304,1655.8627324407678,1617.4186941085804,1790.9452377499015,1632.496269474098,139.91889887586262,178.36293720804997,4.83639356672893,163.28536184253244
1494,2023-07-29 13:00:00,1362.6989799933976,1599.6948998979988,1620.8097621537916,1659.5586293329466,1619.8817360149185,236.99591990460112,258.1107821603939,296.8596493395489,257.18275602152085
1495,2023-07-29 14:00:00,1415.8157437618981,1391.369977755716,1395.7090434977406,1294.3207638462231,1389.5202997050787,24.44576600618211,20.106700264157553,121.494979915675,26.295444056819406
1496,2023-07-29 15:00:00,1165.524044202696,1129.9745501754012,1199.9346531991662,901.771179681622,1173.4630181317857,35.54949402729471,34.41060899647027,263.7528645210739,7.938973929089798
1497,2023-07-29 16:00:00,969.6470059043248,983.4996618184249,821.3383303775815,944.0104772049035,851.5173966696088,13.852655914100069,148.3086755267433,25.63652869942132,118.12960923471599
1498,2023-07-29 17:00:00,450.86767703436567,457.00336918513057,439.9394969083972,631.6084991165629,452.9203945453452,6.135692150764896,10.928180125968481,180.74082208219727,2.0527175109795053
1499,2023-07-29 18:00:00,0.0,63.09073143689875,0.5604073713429785,565.638790432926,40.59820843195861,63.09073143689875,0.5604073713429785,565.638790432926,40.59820843195861
1500,2023-07-29 19:00:00,135.55780244223484,17.2991399906893,2.4215400603363424,-149.22290543674023,-3.7448670251352496,118.25866245154555,133.1362623818985,284.7807078789751,139.3026694673701
1501,2023-07-29 20:00:00,4.591752636699519,45.276343596829605,67.28506037939002,-110.4276087769166,45.21190797450163,40.68459096013009,62.6933077426905,115.01936141361612,40.62015533780211
1502,2023-07-29 21:00:00,0.0,27.25402608216453,31.024359728282228,94.662675480487,36.22570545677947,27.25402608216453,31.024359728282228,94.662675480487,36.22570545677947
1503,2023-07-29 22:00:00,0.0,25.38102169793218,6.325238126877245,311.6399134917343,39.896427208023134,25.38102169793218,6.325238126877245,311.6399134917343,39.896427208023134
1504,2023-07-29 23:00:00,129.49344369669012,26.487443221122042,35.95418804315345,-174.14324573079716,13.698565047719832,103.00600047556807,93.53925565353667,303.6366894274873,115.7948786489703
1505,2023-07-30 00:00:00,72.90197118672445,16.32340870706277,20.820251011705295,150.42776602554733,32.15160614704771,56.578562479661684,52.08172017501916,77.52579483882288,40.750365039676744
1506,2023-07-30 01:00:00,0.0,29.938077962040243,34.630563336198314,-71.25635907640401,23.432207534142623,29.938077962040243,34.630563336198314,71.25635907640401,23.432207534142623
1507,2023-07-30 02:00:00,0.0,16.288395185237285,20.756575547802637,-184.006475350934,0.1698492630384152,16.288395185237285,20.756575547802637,184.006475350934,0.1698492630384152
1508,2023-07-30 03:00:00,0.0,75.07736952817316,34.9836642092692,-252.97486449068037,16.791305095832932,75.07736952817316,34.9836642092692,252.97486449068037,16.791305095832932
1509,2023-07-30 04:00:00,0.0,32.24950869388454,26.579636474635336,99.97314228070911,34.90235301656997,32.24950869388454,26.579636474635336,99.97314228070911,34.90235301656997
1510,2023-07-30 05:00:00,40.573260737244325,69.68446176359494,40.07294215947926,-192.59886473873394,24.72750276650108,29.111201026350614,0.5003185777650643,233.17212547597825,15.845757970743247
1511,2023-07-30 06:00:00,60.52255207893686,15.405755026122717,10.59496945465508,400.14301422823837,48.90390909808505,45.11679705281414,49.92758262428178,339.6204621493015,11.61864298085181
1512,2023-07-30 07:00:00,334.23698022461974,421.67596733724645,442.2396234643331,687.8927521303108,460.9234383301417,87.4389871126267,108.00264323971334,353.65577190569104,126.68645810552198
1513,2023-07-30 08:00:00,844.3752136177842,876.5263438406389,852.001155717706,754.4864237599779,849.5004891285106,32.151130222854704,7.625942099921758,89.88878985780627,5.1252755107263965
1514,2023-07-30 09:00:00,1246.125480341469,1194.7755385941016,1178.777715372638,876.3229742682155,1156.7900125560088,51.34994174736744,67.34776496883092,369.80250607325354,89.3354677854602
1515,2023-07-30 10:00:00,1490.9319073826573,1488.3207111948877,1460.4739762716024,1345.6050788866323,1457.281161222301,2.611196187769565,30.457931111054904,145.32682849602497,33.65074616035622
1516,2023-07-30 11:00:00,1600.3453028551667,1593.1269395095942,1665.6181609130908,1510.983305540377,1635.2645608780424,7.21836334557247,65.27285805792417,89.36199731478973,34.91925802287574
1517,2023-07-30 12:00:00,1595.4095108761449,1643.0006140294963,1728.2016007960628,1729.5158677463373,1708.1282083283652,47.59110315335147,132.792089919918,134.10635687019249,112.71869745222034
1518,2023-07-30 13:00:00,1437.643105658693,1561.0905280452787,1486.1755039830898,1691.916823691719,1521.4590780411495,123.44742238658569,48.53239832439681,254.27371803302594,83.8159723824565
1519,2023-07-30 14:00:00,1540.4263522216731,1459.092375864432,1476.552581370301,1228.6013076236643,1451.283424819887,81.33397635724123,63.87377085137223,311.82504459800884,89.14292740178621
1520,2023-07-30 15:00:00,1144.494268003822,1188.850458820963,1167.2510754211826,1581.3253749069368,1207.6593184358187,44.35619081714094,22.756807417360505,436.8311069031147,63.16505043199663
1521,2023-07-30 16:00:00,948.5576273116321,928.7814764342692,837.9283422940283,817.1724388825127,857.6838284393721,19.776150877362966,110.62928501760382,131.38518842911947,90.87379887226007
1522,2023-07-30 17:00:00,357.6946084196013,430.4224877850613,467.1343392258759,528.8712715112438,463.6985044901204,72.72787936546001,109.43973080627461,171.17666309164247,106.00389607051909
1523,2023-07-30 18:00:00,14.715712200113783,59.16464016364896,49.4519004862444,279.0292758777236,71.31958110426746,44.448927963535176,34.73618828613061,264.3135636776098,56.60386890415367
1524,2023-07-30 19:00:00,105.61943738021338,66.84686251668357,38.68474226215125,-316.235326403135,15.107393283618528,38.77257486352981,66.93469511806214,421.8547637833484,90.51204409659485
1525,2023-07-30 20:00:00,7.40100834190036,42.37686690354472,8.742291149491857,-99.8133639526983,8.77730808052266,34.975858561644365,1.3412828075914973,107.21437229459866,1.3762997386223006
1526,2023-07-30 21:00:00,0.0,42.800216839397415,10.877469438981382,87.68195899208877,25.766622085728592,42.800216839397415,10.877469438981382,87.68195899208877,25.766622085728592
1527,2023-07-30 22:00:00,11.76068692428444,75.44393839291959,70.50011767964584,31.732920611976624,68.6208815835609,63.68325146863515,58.7394307553614,19.97223368769218,56.86019465927646
1528,2023-07-30 23:00:00,0.0,80.47592784168042,65.42465869362175,3.795442897730595,64.36218706751623,80.47592784168042,65.42465869362175,3.795442897730595,64.36218706751623
